{
  "revision" : {
    "creationDate" : null,
    "elementCounts" : {
      "total" : 70,
      "Place" : 12,
      "Arc" : 38,
      "Transition" : 19,
      "Diagram" : 1
    },
    "connectedness" : 100,
    "isLastRevision" : "true",
    "revisionNumber" : 1
  },
  "model" : {
    "modelingLanguage" : "petrinet",
    "numberOfRevisions" : 1,
    "naturalLanguage" : "de",
    "timestampModelCollection" : null,
    "directoryId" : "1143556786",
    "groupName" : "PetriNet",
    "modelDate" : "2012-08-30",
    "modelName" : "1603273957",
    "modelId" : "1603273957"
  }
}