{
  "bounds" : {
    "lowerRight" : {
      "y" : 1050,
      "x" : 1485
    },
    "upperLeft" : {
      "y" : 0,
      "x" : 0
    }
  },
  "resourceId" : "canvas",
  "childShapes" : [ {
    "bounds" : {
      "lowerRight" : {
        "y" : 255,
        "x" : 50
      },
      "upperLeft" : {
        "y" : 225,
        "x" : 20
      }
    },
    "dockers" : [ ],
    "resourceId" : "sid-58F66804-653F-4240-8FD8-D05D18ACE585",
    "labels" : [ ],
    "layers" : [ ],
    "childShapes" : [ ],
    "properties" : {
      "exttype" : "Push",
      "id" : "",
      "title" : "A",
      "external" : "false",
      "locatortypes" : "",
      "locatornames" : "",
      "numberoftokens_drawing" : "0",
      "numberoftokens_text" : "",
      "numberOfTokens" : "0",
      "locatorexpr" : "",
      "href" : ""
    },
    "stencil" : {
      "id" : "Place"
    },
    "outgoing" : [ {
      "resourceId" : "sid-E9B0275E-8BCA-48F6-87DB-B020E107B99F"
    } ],
    "formats" : {
    },
    "glossaryLinks" : {
    }
  }, {
    "bounds" : {
      "lowerRight" : {
        "y" : 260,
        "x" : 135
      },
      "upperLeft" : {
        "y" : 220,
        "x" : 95
      }
    },
    "dockers" : [ ],
    "resourceId" : "sid-24F8A1B7-6D9E-41B8-9B42-1A99EE411332",
    "labels" : [ ],
    "layers" : [ ],
    "childShapes" : [ ],
    "properties" : {
      "id" : "",
      "title" : "B",
      "communicationtype" : "Default",
      "communicationchannel" : "",
      "guard" : "",
      "oform" : "",
      "omodel" : "",
      "firetype" : "Automatic",
      "href" : ""
    },
    "stencil" : {
      "id" : "Transition"
    },
    "outgoing" : [ {
      "resourceId" : "sid-9F5EFF33-0D96-4DA2-BEC7-592D1F4B59E7"
    } ],
    "formats" : {
    },
    "glossaryLinks" : {
    }
  }, {
    "bounds" : {
      "lowerRight" : {
        "y" : 240,
        "x" : 94.625
      },
      "upperLeft" : {
        "y" : 240,
        "x" : 50.375
      }
    },
    "dockers" : [ {
      "y" : 15,
      "x" : 15
    }, {
      "y" : 20,
      "x" : 20
    } ],
    "resourceId" : "sid-E9B0275E-8BCA-48F6-87DB-B020E107B99F",
    "labels" : [ ],
    "layers" : [ ],
    "target" : {
      "resourceId" : "sid-24F8A1B7-6D9E-41B8-9B42-1A99EE411332"
    },
    "childShapes" : [ ],
    "properties" : {
      "id" : "",
      "label" : "",
      "transformation" : ""
    },
    "stencil" : {
      "id" : "Arc"
    },
    "outgoing" : [ {
      "resourceId" : "sid-24F8A1B7-6D9E-41B8-9B42-1A99EE411332"
    } ],
    "formats" : {
    },
    "glossaryLinks" : {
    }
  }, {
    "bounds" : {
      "lowerRight" : {
        "y" : 345,
        "x" : 450
      },
      "upperLeft" : {
        "y" : 315,
        "x" : 420
      }
    },
    "dockers" : [ ],
    "resourceId" : "sid-551A0142-F4E4-4E73-8F1F-352B88E8E3B4",
    "labels" : [ ],
    "layers" : [ ],
    "childShapes" : [ ],
    "properties" : {
      "exttype" : "Push",
      "id" : "",
      "title" : "C",
      "external" : "false",
      "locatortypes" : "",
      "locatornames" : "",
      "numberoftokens_drawing" : "0",
      "numberoftokens_text" : "",
      "numberOfTokens" : "0",
      "locatorexpr" : "",
      "href" : ""
    },
    "stencil" : {
      "id" : "Place"
    },
    "outgoing" : [ {
      "resourceId" : "sid-3682E1CA-FA23-49BD-8730-8558EB9CAC7C"
    } ],
    "formats" : {
    },
    "glossaryLinks" : {
    }
  }, {
    "bounds" : {
      "lowerRight" : {
        "y" : 180,
        "x" : 410
      },
      "upperLeft" : {
        "y" : 150,
        "x" : 380
      }
    },
    "dockers" : [ ],
    "resourceId" : "sid-6B043A4B-4B50-4F56-8650-0E83DDDF46E0",
    "labels" : [ ],
    "layers" : [ ],
    "childShapes" : [ ],
    "properties" : {
      "exttype" : "Push",
      "id" : "",
      "title" : "D",
      "external" : "false",
      "locatortypes" : "",
      "locatornames" : "",
      "numberoftokens_drawing" : "0",
      "numberoftokens_text" : "",
      "numberOfTokens" : "0",
      "locatorexpr" : "",
      "href" : ""
    },
    "stencil" : {
      "id" : "Place"
    },
    "outgoing" : [ {
      "resourceId" : "sid-993FD69E-CCAB-4033-9490-AE07E2B72297"
    } ],
    "formats" : {
    },
    "glossaryLinks" : {
    }
  }, {
    "bounds" : {
      "lowerRight" : {
        "y" : 185,
        "x" : 495
      },
      "upperLeft" : {
        "y" : 145,
        "x" : 455
      }
    },
    "dockers" : [ ],
    "resourceId" : "sid-E9A40C48-473D-4EF6-AC73-0656BB5503FF",
    "labels" : [ ],
    "layers" : [ ],
    "childShapes" : [ ],
    "properties" : {
      "id" : "",
      "title" : "E",
      "communicationtype" : "Default",
      "communicationchannel" : "",
      "guard" : "",
      "oform" : "",
      "omodel" : "",
      "firetype" : "Automatic",
      "href" : ""
    },
    "stencil" : {
      "id" : "Transition"
    },
    "outgoing" : [ {
      "resourceId" : "sid-C508D64B-35D0-416B-A5AA-68EF138E8979"
    } ],
    "formats" : {
    },
    "glossaryLinks" : {
    }
  }, {
    "bounds" : {
      "lowerRight" : {
        "y" : 165,
        "x" : 454.625
      },
      "upperLeft" : {
        "y" : 165,
        "x" : 410.375
      }
    },
    "dockers" : [ {
      "y" : 15,
      "x" : 15
    }, {
      "y" : 20,
      "x" : 20
    } ],
    "resourceId" : "sid-993FD69E-CCAB-4033-9490-AE07E2B72297",
    "labels" : [ ],
    "layers" : [ ],
    "target" : {
      "resourceId" : "sid-E9A40C48-473D-4EF6-AC73-0656BB5503FF"
    },
    "childShapes" : [ ],
    "properties" : {
      "id" : "",
      "label" : "",
      "transformation" : ""
    },
    "stencil" : {
      "id" : "Arc"
    },
    "outgoing" : [ {
      "resourceId" : "sid-E9A40C48-473D-4EF6-AC73-0656BB5503FF"
    } ],
    "formats" : {
    },
    "glossaryLinks" : {
    }
  }, {
    "bounds" : {
      "lowerRight" : {
        "y" : 180,
        "x" : 570
      },
      "upperLeft" : {
        "y" : 150,
        "x" : 540
      }
    },
    "dockers" : [ ],
    "resourceId" : "sid-B0D8A796-B80D-4D23-8CE1-01DF12DBA2A8",
    "labels" : [ ],
    "layers" : [ ],
    "childShapes" : [ ],
    "properties" : {
      "exttype" : "Push",
      "id" : "",
      "title" : "F",
      "external" : "false",
      "locatortypes" : "",
      "locatornames" : "",
      "numberoftokens_drawing" : "0",
      "numberoftokens_text" : "",
      "numberOfTokens" : "0",
      "locatorexpr" : "",
      "href" : ""
    },
    "stencil" : {
      "id" : "Place"
    },
    "outgoing" : [ {
      "resourceId" : "sid-42235D7C-D0D9-4984-A4BA-53C476C6760E"
    }, {
      "resourceId" : "sid-7D46495B-B74B-435F-BA04-8EA7719E969C"
    } ],
    "formats" : {
    },
    "glossaryLinks" : {
    }
  }, {
    "bounds" : {
      "lowerRight" : {
        "y" : 165,
        "x" : 539.625
      },
      "upperLeft" : {
        "y" : 165,
        "x" : 495
      }
    },
    "dockers" : [ {
      "y" : 20,
      "x" : 20
    }, {
      "y" : 15,
      "x" : 15
    } ],
    "resourceId" : "sid-C508D64B-35D0-416B-A5AA-68EF138E8979",
    "labels" : [ ],
    "layers" : [ ],
    "target" : {
      "resourceId" : "sid-B0D8A796-B80D-4D23-8CE1-01DF12DBA2A8"
    },
    "childShapes" : [ ],
    "properties" : {
      "id" : "",
      "label" : "",
      "transformation" : ""
    },
    "stencil" : {
      "id" : "Arc"
    },
    "outgoing" : [ {
      "resourceId" : "sid-B0D8A796-B80D-4D23-8CE1-01DF12DBA2A8"
    } ],
    "formats" : {
    },
    "glossaryLinks" : {
    }
  }, {
    "bounds" : {
      "lowerRight" : {
        "y" : 85,
        "x" : 495
      },
      "upperLeft" : {
        "y" : 45,
        "x" : 455
      }
    },
    "dockers" : [ ],
    "resourceId" : "sid-9D276562-14D5-42ED-8F24-1B69B8D6D8DD",
    "labels" : [ ],
    "layers" : [ ],
    "childShapes" : [ ],
    "properties" : {
      "id" : "",
      "title" : "",
      "communicationtype" : "Default",
      "communicationchannel" : "",
      "guard" : "",
      "oform" : "",
      "omodel" : "",
      "firetype" : "Automatic",
      "href" : ""
    },
    "stencil" : {
      "id" : "Transition"
    },
    "outgoing" : [ {
      "resourceId" : "sid-78CE4D92-C1A1-4C70-9D1C-2221F65EB968"
    } ],
    "formats" : {
    },
    "glossaryLinks" : {
    }
  }, {
    "bounds" : {
      "lowerRight" : {
        "y" : 153.28163119055696,
        "x" : 545.6253049524456
      },
      "upperLeft" : {
        "y" : 85,
        "x" : 491
      }
    },
    "dockers" : [ {
      "y" : 15,
      "x" : 15
    }, {
      "y" : 20,
      "x" : 20
    } ],
    "resourceId" : "sid-42235D7C-D0D9-4984-A4BA-53C476C6760E",
    "labels" : [ ],
    "layers" : [ ],
    "target" : {
      "resourceId" : "sid-9D276562-14D5-42ED-8F24-1B69B8D6D8DD"
    },
    "childShapes" : [ ],
    "properties" : {
      "id" : "",
      "label" : "",
      "transformation" : ""
    },
    "stencil" : {
      "id" : "Arc"
    },
    "outgoing" : [ {
      "resourceId" : "sid-9D276562-14D5-42ED-8F24-1B69B8D6D8DD"
    } ],
    "formats" : {
    },
    "glossaryLinks" : {
    }
  }, {
    "bounds" : {
      "lowerRight" : {
        "y" : 149.28163119055696,
        "x" : 455.3930456054811
      },
      "upperLeft" : {
        "y" : 85,
        "x" : 392.37469504755444
      }
    },
    "dockers" : [ {
      "y" : 20,
      "x" : 20
    }, {
      "y" : 149.28163119055696,
      "x" : 392.37469504755444
    } ],
    "resourceId" : "sid-78CE4D92-C1A1-4C70-9D1C-2221F65EB968",
    "labels" : [ ],
    "layers" : [ ],
    "childShapes" : [ ],
    "properties" : {
      "id" : "",
      "label" : "",
      "transformation" : ""
    },
    "stencil" : {
      "id" : "Arc"
    },
    "outgoing" : [ ],
    "formats" : {
    },
    "glossaryLinks" : {
    }
  }, {
    "bounds" : {
      "lowerRight" : {
        "y" : 185,
        "x" : 655
      },
      "upperLeft" : {
        "y" : 145,
        "x" : 615
      }
    },
    "dockers" : [ ],
    "resourceId" : "sid-E6663BED-F5D0-4991-A4BE-FACF51E69D26",
    "labels" : [ ],
    "layers" : [ ],
    "childShapes" : [ ],
    "properties" : {
      "id" : "",
      "title" : "G",
      "communicationtype" : "Default",
      "communicationchannel" : "",
      "guard" : "",
      "oform" : "",
      "omodel" : "",
      "firetype" : "Automatic",
      "href" : ""
    },
    "stencil" : {
      "id" : "Transition"
    },
    "outgoing" : [ {
      "resourceId" : "sid-9C015F87-DB28-408C-AFBD-0EF6F88762E4"
    }, {
      "resourceId" : "sid-BE2B34B1-B68F-4D56-B889-4B20F79FD616"
    } ],
    "formats" : {
    },
    "glossaryLinks" : {
    }
  }, {
    "bounds" : {
      "lowerRight" : {
        "y" : 180,
        "x" : 730
      },
      "upperLeft" : {
        "y" : 150,
        "x" : 700
      }
    },
    "dockers" : [ ],
    "resourceId" : "sid-6E20F839-53AF-4170-9020-F52B43EF2611",
    "labels" : [ ],
    "layers" : [ ],
    "childShapes" : [ ],
    "properties" : {
      "exttype" : "Push",
      "id" : "",
      "title" : "H",
      "external" : "false",
      "locatortypes" : "",
      "locatornames" : "",
      "numberoftokens_drawing" : "0",
      "numberoftokens_text" : "",
      "numberOfTokens" : "0",
      "locatorexpr" : "",
      "href" : ""
    },
    "stencil" : {
      "id" : "Place"
    },
    "outgoing" : [ {
      "resourceId" : "sid-4B4B5B57-E4F5-412D-9A45-6BA6DAD187BD"
    } ],
    "formats" : {
    },
    "glossaryLinks" : {
    }
  }, {
    "bounds" : {
      "lowerRight" : {
        "y" : 165,
        "x" : 699.625
      },
      "upperLeft" : {
        "y" : 165,
        "x" : 655
      }
    },
    "dockers" : [ {
      "y" : 20,
      "x" : 20
    }, {
      "y" : 15,
      "x" : 15
    } ],
    "resourceId" : "sid-9C015F87-DB28-408C-AFBD-0EF6F88762E4",
    "labels" : [ ],
    "layers" : [ ],
    "target" : {
      "resourceId" : "sid-6E20F839-53AF-4170-9020-F52B43EF2611"
    },
    "childShapes" : [ ],
    "properties" : {
      "id" : "",
      "label" : "",
      "transformation" : ""
    },
    "stencil" : {
      "id" : "Arc"
    },
    "outgoing" : [ {
      "resourceId" : "sid-6E20F839-53AF-4170-9020-F52B43EF2611"
    } ],
    "formats" : {
    },
    "glossaryLinks" : {
    }
  }, {
    "bounds" : {
      "lowerRight" : {
        "y" : 255,
        "x" : 210
      },
      "upperLeft" : {
        "y" : 225,
        "x" : 180
      }
    },
    "dockers" : [ ],
    "resourceId" : "sid-0B576EE0-6BEB-486C-9779-A44657F66E17",
    "labels" : [ ],
    "layers" : [ ],
    "childShapes" : [ ],
    "properties" : {
      "exttype" : "Push",
      "id" : "",
      "title" : "I",
      "external" : "false",
      "locatortypes" : "",
      "locatornames" : "",
      "numberoftokens_drawing" : "0",
      "numberoftokens_text" : "",
      "numberOfTokens" : "0",
      "locatorexpr" : "",
      "href" : ""
    },
    "stencil" : {
      "id" : "Place"
    },
    "outgoing" : [ {
      "resourceId" : "sid-605CB0E1-1B61-4610-8A87-EA08ADEDF6C9"
    }, {
      "resourceId" : "sid-37E984B8-E923-46B9-90A2-21EC62ABA5FC"
    } ],
    "formats" : {
    },
    "glossaryLinks" : {
    }
  }, {
    "bounds" : {
      "lowerRight" : {
        "y" : 240,
        "x" : 179.625
      },
      "upperLeft" : {
        "y" : 240,
        "x" : 135
      }
    },
    "dockers" : [ {
      "y" : 20,
      "x" : 20
    }, {
      "y" : 15,
      "x" : 15
    } ],
    "resourceId" : "sid-9F5EFF33-0D96-4DA2-BEC7-592D1F4B59E7",
    "labels" : [ ],
    "layers" : [ ],
    "target" : {
      "resourceId" : "sid-0B576EE0-6BEB-486C-9779-A44657F66E17"
    },
    "childShapes" : [ ],
    "properties" : {
      "id" : "",
      "label" : "",
      "transformation" : ""
    },
    "stencil" : {
      "id" : "Arc"
    },
    "outgoing" : [ {
      "resourceId" : "sid-0B576EE0-6BEB-486C-9779-A44657F66E17"
    } ],
    "formats" : {
    },
    "glossaryLinks" : {
    }
  }, {
    "bounds" : {
      "lowerRight" : {
        "y" : 185,
        "x" : 295
      },
      "upperLeft" : {
        "y" : 145,
        "x" : 255
      }
    },
    "dockers" : [ ],
    "resourceId" : "sid-F7085198-B98E-4C77-A5E3-2E06547F7619",
    "labels" : [ ],
    "layers" : [ ],
    "childShapes" : [ ],
    "properties" : {
      "id" : "",
      "title" : "",
      "communicationtype" : "Default",
      "communicationchannel" : "",
      "guard" : "",
      "oform" : "",
      "omodel" : "",
      "firetype" : "Automatic",
      "href" : ""
    },
    "stencil" : {
      "id" : "Transition"
    },
    "outgoing" : [ {
      "resourceId" : "sid-7F196608-77C6-4519-B321-B3037C597EFD"
    } ],
    "formats" : {
    },
    "glossaryLinks" : {
    }
  }, {
    "bounds" : {
      "lowerRight" : {
        "y" : 350,
        "x" : 295
      },
      "upperLeft" : {
        "y" : 310,
        "x" : 255
      }
    },
    "dockers" : [ ],
    "resourceId" : "sid-06A18FBB-9F0C-4F48-882A-F61012A35996",
    "labels" : [ ],
    "layers" : [ ],
    "childShapes" : [ ],
    "properties" : {
      "id" : "",
      "title" : "J",
      "communicationtype" : "Default",
      "communicationchannel" : "",
      "guard" : "",
      "oform" : "",
      "omodel" : "",
      "firetype" : "Automatic",
      "href" : ""
    },
    "stencil" : {
      "id" : "Transition"
    },
    "outgoing" : [ {
      "resourceId" : "sid-FBBC1F31-6CDA-44CD-BEEB-F7D3083C81AD"
    }, {
      "resourceId" : "sid-29BA1AA6-71D7-4BE1-816F-AAAE44C7B730"
    } ],
    "formats" : {
    },
    "glossaryLinks" : {
    }
  }, {
    "bounds" : {
      "lowerRight" : {
        "y" : 309.56509068131635,
        "x" : 256.8356361611701
      },
      "upperLeft" : {
        "y" : 251.29428431868365,
        "x" : 205.03936383882993
      }
    },
    "dockers" : [ {
      "y" : 15,
      "x" : 15
    }, {
      "y" : 20,
      "x" : 20
    } ],
    "resourceId" : "sid-605CB0E1-1B61-4610-8A87-EA08ADEDF6C9",
    "labels" : [ ],
    "layers" : [ ],
    "target" : {
      "resourceId" : "sid-06A18FBB-9F0C-4F48-882A-F61012A35996"
    },
    "childShapes" : [ ],
    "properties" : {
      "id" : "",
      "label" : "",
      "transformation" : ""
    },
    "stencil" : {
      "id" : "Arc"
    },
    "outgoing" : [ {
      "resourceId" : "sid-06A18FBB-9F0C-4F48-882A-F61012A35996"
    } ],
    "formats" : {
    },
    "glossaryLinks" : {
    }
  }, {
    "bounds" : {
      "lowerRight" : {
        "y" : 229.35512137111866,
        "x" : 254.8954627958599
      },
      "upperLeft" : {
        "y" : 183.84800362888134,
        "x" : 206.3545372041401
      }
    },
    "dockers" : [ {
      "y" : 15,
      "x" : 15
    }, {
      "y" : 20,
      "x" : 20
    } ],
    "resourceId" : "sid-37E984B8-E923-46B9-90A2-21EC62ABA5FC",
    "labels" : [ ],
    "layers" : [ ],
    "target" : {
      "resourceId" : "sid-F7085198-B98E-4C77-A5E3-2E06547F7619"
    },
    "childShapes" : [ ],
    "properties" : {
      "id" : "",
      "label" : "",
      "transformation" : ""
    },
    "stencil" : {
      "id" : "Arc"
    },
    "outgoing" : [ {
      "resourceId" : "sid-F7085198-B98E-4C77-A5E3-2E06547F7619"
    } ],
    "formats" : {
    },
    "glossaryLinks" : {
    }
  }, {
    "bounds" : {
      "lowerRight" : {
        "y" : 165,
        "x" : 379.9375
      },
      "upperLeft" : {
        "y" : 165,
        "x" : 295
      }
    },
    "dockers" : [ {
      "y" : 20,
      "x" : 20
    }, {
      "y" : 15,
      "x" : 15
    } ],
    "resourceId" : "sid-7F196608-77C6-4519-B321-B3037C597EFD",
    "labels" : [ ],
    "layers" : [ ],
    "target" : {
      "resourceId" : "sid-6B043A4B-4B50-4F56-8650-0E83DDDF46E0"
    },
    "childShapes" : [ ],
    "properties" : {
      "id" : "",
      "label" : "",
      "transformation" : ""
    },
    "stencil" : {
      "id" : "Arc"
    },
    "outgoing" : [ {
      "resourceId" : "sid-6B043A4B-4B50-4F56-8650-0E83DDDF46E0"
    } ],
    "formats" : {
    },
    "glossaryLinks" : {
    }
  }, {
    "bounds" : {
      "lowerRight" : {
        "y" : 450,
        "x" : 730
      },
      "upperLeft" : {
        "y" : 420,
        "x" : 700
      }
    },
    "dockers" : [ ],
    "resourceId" : "sid-B3B852B2-600F-4280-B42A-EB103E5E5682",
    "labels" : [ ],
    "layers" : [ ],
    "childShapes" : [ ],
    "properties" : {
      "exttype" : "Push",
      "id" : "",
      "title" : "K",
      "external" : "false",
      "locatortypes" : "",
      "locatornames" : "",
      "numberoftokens_drawing" : "0",
      "numberoftokens_text" : "",
      "numberOfTokens" : "0",
      "locatorexpr" : "",
      "href" : ""
    },
    "stencil" : {
      "id" : "Place"
    },
    "outgoing" : [ {
      "resourceId" : "sid-BA68AE35-5501-4B05-863A-433D04466C5D"
    } ],
    "formats" : {
    },
    "glossaryLinks" : {
    }
  }, {
    "bounds" : {
      "lowerRight" : {
        "y" : 420.3302643872916,
        "x" : 710.6534116703086
      },
      "upperLeft" : {
        "y" : 185,
        "x" : 640.9259259259259
      }
    },
    "dockers" : [ {
      "y" : 20,
      "x" : 20
    }, {
      "y" : 15,
      "x" : 15
    } ],
    "resourceId" : "sid-BE2B34B1-B68F-4D56-B889-4B20F79FD616",
    "labels" : [ ],
    "layers" : [ ],
    "target" : {
      "resourceId" : "sid-B3B852B2-600F-4280-B42A-EB103E5E5682"
    },
    "childShapes" : [ ],
    "properties" : {
      "id" : "",
      "label" : "",
      "transformation" : ""
    },
    "stencil" : {
      "id" : "Arc"
    },
    "outgoing" : [ {
      "resourceId" : "sid-B3B852B2-600F-4280-B42A-EB103E5E5682"
    } ],
    "formats" : {
    },
    "glossaryLinks" : {
    }
  }, {
    "bounds" : {
      "lowerRight" : {
        "y" : 330,
        "x" : 419.625
      },
      "upperLeft" : {
        "y" : 330,
        "x" : 295
      }
    },
    "dockers" : [ {
      "y" : 20,
      "x" : 20
    }, {
      "y" : 15,
      "x" : 15
    } ],
    "resourceId" : "sid-FBBC1F31-6CDA-44CD-BEEB-F7D3083C81AD",
    "labels" : [ ],
    "layers" : [ ],
    "target" : {
      "resourceId" : "sid-551A0142-F4E4-4E73-8F1F-352B88E8E3B4"
    },
    "childShapes" : [ ],
    "properties" : {
      "id" : "",
      "label" : "",
      "transformation" : ""
    },
    "stencil" : {
      "id" : "Arc"
    },
    "outgoing" : [ {
      "resourceId" : "sid-551A0142-F4E4-4E73-8F1F-352B88E8E3B4"
    } ],
    "formats" : {
    },
    "glossaryLinks" : {
    }
  }, {
    "bounds" : {
      "lowerRight" : {
        "y" : 450,
        "x" : 410
      },
      "upperLeft" : {
        "y" : 420,
        "x" : 380
      }
    },
    "dockers" : [ ],
    "resourceId" : "sid-23F7BF7D-FED0-422B-B552-F7177D4BB019",
    "labels" : [ ],
    "layers" : [ ],
    "childShapes" : [ ],
    "properties" : {
      "exttype" : "Push",
      "id" : "",
      "title" : "L",
      "external" : "false",
      "locatortypes" : "",
      "locatornames" : "",
      "numberoftokens_drawing" : "0",
      "numberoftokens_text" : "",
      "numberOfTokens" : "0",
      "locatorexpr" : "",
      "href" : ""
    },
    "stencil" : {
      "id" : "Place"
    },
    "outgoing" : [ {
      "resourceId" : "sid-186EF77C-57A1-445E-BBF5-83ACBD46FB46"
    } ],
    "formats" : {
    },
    "glossaryLinks" : {
    }
  }, {
    "bounds" : {
      "lowerRight" : {
        "y" : 424.4977453921315,
        "x" : 382.9974233052931
      },
      "upperLeft" : {
        "y" : 347.5,
        "x" : 295
      }
    },
    "dockers" : [ {
      "y" : 20,
      "x" : 20
    }, {
      "y" : 15,
      "x" : 15
    } ],
    "resourceId" : "sid-29BA1AA6-71D7-4BE1-816F-AAAE44C7B730",
    "labels" : [ ],
    "layers" : [ ],
    "target" : {
      "resourceId" : "sid-23F7BF7D-FED0-422B-B552-F7177D4BB019"
    },
    "childShapes" : [ ],
    "properties" : {
      "id" : "",
      "label" : "",
      "transformation" : ""
    },
    "stencil" : {
      "id" : "Arc"
    },
    "outgoing" : [ {
      "resourceId" : "sid-23F7BF7D-FED0-422B-B552-F7177D4BB019"
    } ],
    "formats" : {
    },
    "glossaryLinks" : {
    }
  }, {
    "bounds" : {
      "lowerRight" : {
        "y" : 455,
        "x" : 495
      },
      "upperLeft" : {
        "y" : 415,
        "x" : 455
      }
    },
    "dockers" : [ ],
    "resourceId" : "sid-7FF574D5-DBC7-4E1C-9274-3A4DDD7EDAD2",
    "labels" : [ ],
    "layers" : [ ],
    "childShapes" : [ ],
    "properties" : {
      "id" : "",
      "title" : "M",
      "communicationtype" : "Default",
      "communicationchannel" : "",
      "guard" : "",
      "oform" : "",
      "omodel" : "",
      "firetype" : "Automatic",
      "href" : ""
    },
    "stencil" : {
      "id" : "Transition"
    },
    "outgoing" : [ {
      "resourceId" : "sid-E52C6E33-2FA3-4D1B-88C2-01E40B75AE76"
    } ],
    "formats" : {
    },
    "glossaryLinks" : {
    }
  }, {
    "bounds" : {
      "lowerRight" : {
        "y" : 435,
        "x" : 454.625
      },
      "upperLeft" : {
        "y" : 435,
        "x" : 410.375
      }
    },
    "dockers" : [ {
      "y" : 15,
      "x" : 15
    }, {
      "y" : 20,
      "x" : 20
    } ],
    "resourceId" : "sid-186EF77C-57A1-445E-BBF5-83ACBD46FB46",
    "labels" : [ ],
    "layers" : [ ],
    "target" : {
      "resourceId" : "sid-7FF574D5-DBC7-4E1C-9274-3A4DDD7EDAD2"
    },
    "childShapes" : [ ],
    "properties" : {
      "id" : "",
      "label" : "",
      "transformation" : ""
    },
    "stencil" : {
      "id" : "Arc"
    },
    "outgoing" : [ {
      "resourceId" : "sid-7FF574D5-DBC7-4E1C-9274-3A4DDD7EDAD2"
    } ],
    "formats" : {
    },
    "glossaryLinks" : {
    }
  }, {
    "bounds" : {
      "lowerRight" : {
        "y" : 350,
        "x" : 625
      },
      "upperLeft" : {
        "y" : 310,
        "x" : 585
      }
    },
    "dockers" : [ ],
    "resourceId" : "sid-223510A6-764E-47FD-AD58-042ECF422548",
    "labels" : [ ],
    "layers" : [ ],
    "childShapes" : [ ],
    "properties" : {
      "id" : "",
      "title" : "N",
      "communicationtype" : "Default",
      "communicationchannel" : "",
      "guard" : "",
      "oform" : "",
      "omodel" : "",
      "firetype" : "Automatic",
      "href" : ""
    },
    "stencil" : {
      "id" : "Transition"
    },
    "outgoing" : [ {
      "resourceId" : "sid-BD028BC1-597F-476F-B899-8469DB1E79DC"
    } ],
    "formats" : {
    },
    "glossaryLinks" : {
    }
  }, {
    "bounds" : {
      "lowerRight" : {
        "y" : 330,
        "x" : 584.078125
      },
      "upperLeft" : {
        "y" : 330,
        "x" : 450.609375
      }
    },
    "dockers" : [ {
      "y" : 15,
      "x" : 15
    }, {
      "y" : 20,
      "x" : 20
    } ],
    "resourceId" : "sid-3682E1CA-FA23-49BD-8730-8558EB9CAC7C",
    "labels" : [ ],
    "layers" : [ ],
    "target" : {
      "resourceId" : "sid-223510A6-764E-47FD-AD58-042ECF422548"
    },
    "childShapes" : [ ],
    "properties" : {
      "id" : "",
      "label" : "",
      "transformation" : ""
    },
    "stencil" : {
      "id" : "Arc"
    },
    "outgoing" : [ {
      "resourceId" : "sid-223510A6-764E-47FD-AD58-042ECF422548"
    } ],
    "formats" : {
    },
    "glossaryLinks" : {
    }
  }, {
    "bounds" : {
      "lowerRight" : {
        "y" : 185,
        "x" : 815
      },
      "upperLeft" : {
        "y" : 145,
        "x" : 775
      }
    },
    "dockers" : [ ],
    "resourceId" : "sid-72FD6ACE-9A2B-47BE-A676-0119070EB9D8",
    "labels" : [ ],
    "layers" : [ ],
    "childShapes" : [ ],
    "properties" : {
      "id" : "",
      "title" : "O",
      "communicationtype" : "Default",
      "communicationchannel" : "",
      "guard" : "",
      "oform" : "",
      "omodel" : "",
      "firetype" : "Automatic",
      "href" : ""
    },
    "stencil" : {
      "id" : "Transition"
    },
    "outgoing" : [ {
      "resourceId" : "sid-2FF9F0B1-92A8-403E-8BFB-C8EC07EE057D"
    } ],
    "formats" : {
    },
    "glossaryLinks" : {
    }
  }, {
    "bounds" : {
      "lowerRight" : {
        "y" : 165,
        "x" : 774.625
      },
      "upperLeft" : {
        "y" : 165,
        "x" : 730.375
      }
    },
    "dockers" : [ {
      "y" : 15,
      "x" : 15
    }, {
      "y" : 20,
      "x" : 20
    } ],
    "resourceId" : "sid-4B4B5B57-E4F5-412D-9A45-6BA6DAD187BD",
    "labels" : [ ],
    "layers" : [ ],
    "target" : {
      "resourceId" : "sid-72FD6ACE-9A2B-47BE-A676-0119070EB9D8"
    },
    "childShapes" : [ ],
    "properties" : {
      "id" : "",
      "label" : "",
      "transformation" : ""
    },
    "stencil" : {
      "id" : "Arc"
    },
    "outgoing" : [ {
      "resourceId" : "sid-72FD6ACE-9A2B-47BE-A676-0119070EB9D8"
    } ],
    "formats" : {
    },
    "glossaryLinks" : {
    }
  }, {
    "bounds" : {
      "lowerRight" : {
        "y" : 309.8320122056622,
        "x" : 706.2812373037748
      },
      "upperLeft" : {
        "y" : 178.07814404433785,
        "x" : 618.4453251962252
      }
    },
    "dockers" : [ {
      "y" : 20,
      "x" : 20
    }, {
      "y" : 15,
      "x" : 15
    } ],
    "resourceId" : "sid-BD028BC1-597F-476F-B899-8469DB1E79DC",
    "labels" : [ ],
    "layers" : [ ],
    "target" : {
      "resourceId" : "sid-6E20F839-53AF-4170-9020-F52B43EF2611"
    },
    "childShapes" : [ ],
    "properties" : {
      "id" : "",
      "label" : "",
      "transformation" : ""
    },
    "stencil" : {
      "id" : "Arc"
    },
    "outgoing" : [ {
      "resourceId" : "sid-6E20F839-53AF-4170-9020-F52B43EF2611"
    } ],
    "formats" : {
    },
    "glossaryLinks" : {
    }
  }, {
    "bounds" : {
      "lowerRight" : {
        "y" : 435,
        "x" : 699.9375
      },
      "upperLeft" : {
        "y" : 435,
        "x" : 495
      }
    },
    "dockers" : [ {
      "y" : 20,
      "x" : 20
    }, {
      "y" : 15,
      "x" : 15
    } ],
    "resourceId" : "sid-E52C6E33-2FA3-4D1B-88C2-01E40B75AE76",
    "labels" : [ ],
    "layers" : [ ],
    "target" : {
      "resourceId" : "sid-B3B852B2-600F-4280-B42A-EB103E5E5682"
    },
    "childShapes" : [ ],
    "properties" : {
      "id" : "",
      "label" : "",
      "transformation" : ""
    },
    "stencil" : {
      "id" : "Arc"
    },
    "outgoing" : [ {
      "resourceId" : "sid-B3B852B2-600F-4280-B42A-EB103E5E5682"
    } ],
    "formats" : {
    },
    "glossaryLinks" : {
    }
  }, {
    "bounds" : {
      "lowerRight" : {
        "y" : 455,
        "x" : 815
      },
      "upperLeft" : {
        "y" : 415,
        "x" : 775
      }
    },
    "dockers" : [ ],
    "resourceId" : "sid-4F58CBBF-0F28-46C3-A476-A88A27234DDF",
    "labels" : [ ],
    "layers" : [ ],
    "childShapes" : [ ],
    "properties" : {
      "id" : "",
      "title" : "P",
      "communicationtype" : "Default",
      "communicationchannel" : "",
      "guard" : "",
      "oform" : "",
      "omodel" : "",
      "firetype" : "Automatic",
      "href" : ""
    },
    "stencil" : {
      "id" : "Transition"
    },
    "outgoing" : [ {
      "resourceId" : "sid-EF0A28B8-7CB0-4AE9-9847-CBC755A62B53"
    } ],
    "formats" : {
    },
    "glossaryLinks" : {
    }
  }, {
    "bounds" : {
      "lowerRight" : {
        "y" : 435,
        "x" : 774.625
      },
      "upperLeft" : {
        "y" : 435,
        "x" : 730.375
      }
    },
    "dockers" : [ {
      "y" : 15,
      "x" : 15
    }, {
      "y" : 20,
      "x" : 20
    } ],
    "resourceId" : "sid-BA68AE35-5501-4B05-863A-433D04466C5D",
    "labels" : [ ],
    "layers" : [ ],
    "target" : {
      "resourceId" : "sid-4F58CBBF-0F28-46C3-A476-A88A27234DDF"
    },
    "childShapes" : [ ],
    "properties" : {
      "id" : "",
      "label" : "",
      "transformation" : ""
    },
    "stencil" : {
      "id" : "Arc"
    },
    "outgoing" : [ {
      "resourceId" : "sid-4F58CBBF-0F28-46C3-A476-A88A27234DDF"
    } ],
    "formats" : {
    },
    "glossaryLinks" : {
    }
  }, {
    "bounds" : {
      "lowerRight" : {
        "y" : 375,
        "x" : 890
      },
      "upperLeft" : {
        "y" : 345,
        "x" : 860
      }
    },
    "dockers" : [ ],
    "resourceId" : "sid-733C248F-E5EA-4936-B0DA-5D3A088B3AC4",
    "labels" : [ ],
    "layers" : [ ],
    "childShapes" : [ ],
    "properties" : {
      "exttype" : "Push",
      "id" : "",
      "title" : "Q",
      "external" : "false",
      "locatortypes" : "",
      "locatornames" : "",
      "numberoftokens_drawing" : "0",
      "numberoftokens_text" : "",
      "numberOfTokens" : "0",
      "locatorexpr" : "",
      "href" : ""
    },
    "stencil" : {
      "id" : "Place"
    },
    "outgoing" : [ {
      "resourceId" : "sid-928C3128-4CAC-4A0B-8A77-7D0A09C30A14"
    } ],
    "formats" : {
    },
    "glossaryLinks" : {
    }
  }, {
    "bounds" : {
      "lowerRight" : {
        "y" : 416.25000000000006,
        "x" : 863.6454627958599
      },
      "upperLeft" : {
        "y" : 370.6448786288813,
        "x" : 815
      }
    },
    "dockers" : [ {
      "y" : 20,
      "x" : 20
    }, {
      "y" : 15,
      "x" : 15
    } ],
    "resourceId" : "sid-EF0A28B8-7CB0-4AE9-9847-CBC755A62B53",
    "labels" : [ ],
    "layers" : [ ],
    "target" : {
      "resourceId" : "sid-733C248F-E5EA-4936-B0DA-5D3A088B3AC4"
    },
    "childShapes" : [ ],
    "properties" : {
      "id" : "",
      "label" : "",
      "transformation" : ""
    },
    "stencil" : {
      "id" : "Arc"
    },
    "outgoing" : [ {
      "resourceId" : "sid-733C248F-E5EA-4936-B0DA-5D3A088B3AC4"
    } ],
    "formats" : {
    },
    "glossaryLinks" : {
    }
  }, {
    "bounds" : {
      "lowerRight" : {
        "y" : 270,
        "x" : 890
      },
      "upperLeft" : {
        "y" : 240,
        "x" : 860
      }
    },
    "dockers" : [ ],
    "resourceId" : "sid-BE87E31F-22F7-484C-ADFD-9DC62B8F1512",
    "labels" : [ ],
    "layers" : [ ],
    "childShapes" : [ ],
    "properties" : {
      "exttype" : "Push",
      "id" : "",
      "title" : "R",
      "external" : "false",
      "locatortypes" : "",
      "locatornames" : "",
      "numberoftokens_drawing" : "0",
      "numberoftokens_text" : "",
      "numberOfTokens" : "0",
      "locatorexpr" : "",
      "href" : ""
    },
    "stencil" : {
      "id" : "Place"
    },
    "outgoing" : [ {
      "resourceId" : "sid-0495A1BD-6D51-4A71-BA8F-045C59612B8E"
    } ],
    "formats" : {
    },
    "glossaryLinks" : {
    }
  }, {
    "bounds" : {
      "lowerRight" : {
        "y" : 243.70571568131635,
        "x" : 864.9606361611701
      },
      "upperLeft" : {
        "y" : 185,
        "x" : 812.7777777777778
      }
    },
    "dockers" : [ {
      "y" : 20,
      "x" : 20
    }, {
      "y" : 15,
      "x" : 15
    } ],
    "resourceId" : "sid-2FF9F0B1-92A8-403E-8BFB-C8EC07EE057D",
    "labels" : [ ],
    "layers" : [ ],
    "target" : {
      "resourceId" : "sid-BE87E31F-22F7-484C-ADFD-9DC62B8F1512"
    },
    "childShapes" : [ ],
    "properties" : {
      "id" : "",
      "label" : "",
      "transformation" : ""
    },
    "stencil" : {
      "id" : "Arc"
    },
    "outgoing" : [ {
      "resourceId" : "sid-BE87E31F-22F7-484C-ADFD-9DC62B8F1512"
    } ],
    "formats" : {
    },
    "glossaryLinks" : {
    }
  }, {
    "bounds" : {
      "lowerRight" : {
        "y" : 325,
        "x" : 985
      },
      "upperLeft" : {
        "y" : 285,
        "x" : 945
      }
    },
    "dockers" : [ ],
    "resourceId" : "sid-A6CDDD83-70CC-4D74-BB7E-9606E64CBE68",
    "labels" : [ ],
    "layers" : [ ],
    "childShapes" : [ ],
    "properties" : {
      "id" : "",
      "title" : "",
      "communicationtype" : "Default",
      "communicationchannel" : "",
      "guard" : "",
      "oform" : "",
      "omodel" : "",
      "firetype" : "Automatic",
      "href" : ""
    },
    "stencil" : {
      "id" : "Transition"
    },
    "outgoing" : [ {
      "resourceId" : "sid-18ECFE47-4AD2-4EF3-8893-71CDF1CA072F"
    } ],
    "formats" : {
    },
    "glossaryLinks" : {
    }
  }, {
    "bounds" : {
      "lowerRight" : {
        "y" : 351.744174990546,
        "x" : 944.459218166348
      },
      "upperLeft" : {
        "y" : 317.552700009454,
        "x" : 888.509531833652
      }
    },
    "dockers" : [ {
      "y" : 15,
      "x" : 15
    }, {
      "y" : 20,
      "x" : 20
    } ],
    "resourceId" : "sid-928C3128-4CAC-4A0B-8A77-7D0A09C30A14",
    "labels" : [ ],
    "layers" : [ ],
    "target" : {
      "resourceId" : "sid-A6CDDD83-70CC-4D74-BB7E-9606E64CBE68"
    },
    "childShapes" : [ ],
    "properties" : {
      "id" : "",
      "label" : "",
      "transformation" : ""
    },
    "stencil" : {
      "id" : "Arc"
    },
    "outgoing" : [ {
      "resourceId" : "sid-A6CDDD83-70CC-4D74-BB7E-9606E64CBE68"
    } ],
    "formats" : {
    },
    "glossaryLinks" : {
    }
  }, {
    "bounds" : {
      "lowerRight" : {
        "y" : 293.57685706882137,
        "x" : 944.4383427238785
      },
      "upperLeft" : {
        "y" : 262.51689293117863,
        "x" : 888.5304072761215
      }
    },
    "dockers" : [ {
      "y" : 15,
      "x" : 15
    }, {
      "y" : 20,
      "x" : 20
    } ],
    "resourceId" : "sid-0495A1BD-6D51-4A71-BA8F-045C59612B8E",
    "labels" : [ ],
    "layers" : [ ],
    "target" : {
      "resourceId" : "sid-A6CDDD83-70CC-4D74-BB7E-9606E64CBE68"
    },
    "childShapes" : [ ],
    "properties" : {
      "id" : "",
      "label" : "",
      "transformation" : ""
    },
    "stencil" : {
      "id" : "Arc"
    },
    "outgoing" : [ {
      "resourceId" : "sid-A6CDDD83-70CC-4D74-BB7E-9606E64CBE68"
    } ],
    "formats" : {
    },
    "glossaryLinks" : {
    }
  }, {
    "bounds" : {
      "lowerRight" : {
        "y" : 165,
        "x" : 614.625
      },
      "upperLeft" : {
        "y" : 165,
        "x" : 570.375
      }
    },
    "dockers" : [ {
      "y" : 15,
      "x" : 15
    }, {
      "y" : 20,
      "x" : 20
    } ],
    "resourceId" : "sid-7D46495B-B74B-435F-BA04-8EA7719E969C",
    "labels" : [ ],
    "layers" : [ ],
    "target" : {
      "resourceId" : "sid-E6663BED-F5D0-4991-A4BE-FACF51E69D26"
    },
    "childShapes" : [ ],
    "properties" : {
      "id" : "",
      "label" : "",
      "transformation" : ""
    },
    "stencil" : {
      "id" : "Arc"
    },
    "outgoing" : [ {
      "resourceId" : "sid-E6663BED-F5D0-4991-A4BE-FACF51E69D26"
    } ],
    "formats" : {
    },
    "glossaryLinks" : {
    }
  }, {
    "bounds" : {
      "lowerRight" : {
        "y" : 320,
        "x" : 1080
      },
      "upperLeft" : {
        "y" : 290,
        "x" : 1050
      }
    },
    "dockers" : [ ],
    "resourceId" : "sid-6E2302DF-3063-4B9A-89E8-1457E44F4467",
    "labels" : [ ],
    "layers" : [ ],
    "childShapes" : [ ],
    "properties" : {
      "exttype" : "Push",
      "id" : "",
      "title" : "S",
      "external" : "false",
      "locatortypes" : "",
      "locatornames" : "",
      "numberoftokens_drawing" : "0",
      "numberoftokens_text" : "",
      "numberOfTokens" : "0",
      "locatorexpr" : "",
      "href" : ""
    },
    "stencil" : {
      "id" : "Place"
    },
    "outgoing" : [ {
      "resourceId" : "sid-2E03701B-51EF-424E-A745-621E2F45DF46"
    } ],
    "formats" : {
    },
    "glossaryLinks" : {
    }
  }, {
    "bounds" : {
      "lowerRight" : {
        "y" : 305,
        "x" : 1049.9375
      },
      "upperLeft" : {
        "y" : 305,
        "x" : 985
      }
    },
    "dockers" : [ {
      "y" : 20,
      "x" : 20
    }, {
      "y" : 15,
      "x" : 15
    } ],
    "resourceId" : "sid-18ECFE47-4AD2-4EF3-8893-71CDF1CA072F",
    "labels" : [ ],
    "layers" : [ ],
    "target" : {
      "resourceId" : "sid-6E2302DF-3063-4B9A-89E8-1457E44F4467"
    },
    "childShapes" : [ ],
    "properties" : {
      "id" : "",
      "label" : "",
      "transformation" : ""
    },
    "stencil" : {
      "id" : "Arc"
    },
    "outgoing" : [ {
      "resourceId" : "sid-6E2302DF-3063-4B9A-89E8-1457E44F4467"
    } ],
    "formats" : {
    },
    "glossaryLinks" : {
    }
  }, {
    "bounds" : {
      "lowerRight" : {
        "y" : 325,
        "x" : 1165
      },
      "upperLeft" : {
        "y" : 285,
        "x" : 1125
      }
    },
    "dockers" : [ ],
    "resourceId" : "sid-97BBDDCB-F987-415E-8118-17D6608B6EF3",
    "labels" : [ ],
    "layers" : [ ],
    "childShapes" : [ ],
    "properties" : {
      "id" : "",
      "title" : "T",
      "communicationtype" : "Default",
      "communicationchannel" : "",
      "guard" : "",
      "oform" : "",
      "omodel" : "",
      "firetype" : "Automatic",
      "href" : ""
    },
    "stencil" : {
      "id" : "Transition"
    },
    "outgoing" : [ {
      "resourceId" : "sid-AE1842CC-ED29-471F-95EC-991B3D21F79F"
    } ],
    "formats" : {
    },
    "glossaryLinks" : {
    }
  }, {
    "bounds" : {
      "lowerRight" : {
        "y" : 305,
        "x" : 1124.625
      },
      "upperLeft" : {
        "y" : 305,
        "x" : 1080.375
      }
    },
    "dockers" : [ {
      "y" : 15,
      "x" : 15
    }, {
      "y" : 20,
      "x" : 20
    } ],
    "resourceId" : "sid-2E03701B-51EF-424E-A745-621E2F45DF46",
    "labels" : [ ],
    "layers" : [ ],
    "target" : {
      "resourceId" : "sid-97BBDDCB-F987-415E-8118-17D6608B6EF3"
    },
    "childShapes" : [ ],
    "properties" : {
      "id" : "",
      "label" : "",
      "transformation" : ""
    },
    "stencil" : {
      "id" : "Arc"
    },
    "outgoing" : [ {
      "resourceId" : "sid-97BBDDCB-F987-415E-8118-17D6608B6EF3"
    } ],
    "formats" : {
    },
    "glossaryLinks" : {
    }
  }, {
    "bounds" : {
      "lowerRight" : {
        "y" : 320,
        "x" : 1240
      },
      "upperLeft" : {
        "y" : 290,
        "x" : 1210
      }
    },
    "dockers" : [ ],
    "resourceId" : "sid-B4FC614F-CEF1-460B-A2A2-8D6C463FB5A3",
    "labels" : [ ],
    "layers" : [ ],
    "childShapes" : [ ],
    "properties" : {
      "exttype" : "Push",
      "id" : "",
      "title" : "U",
      "external" : "false",
      "locatortypes" : "",
      "locatornames" : "",
      "numberoftokens_drawing" : "0",
      "numberoftokens_text" : "",
      "numberOfTokens" : "0",
      "locatorexpr" : "",
      "href" : ""
    },
    "stencil" : {
      "id" : "Place"
    },
    "outgoing" : [ {
      "resourceId" : "sid-1EBBBBC4-48BE-4B1D-A079-B9B8CA5C9BAF"
    } ],
    "formats" : {
    },
    "glossaryLinks" : {
    }
  }, {
    "bounds" : {
      "lowerRight" : {
        "y" : 305,
        "x" : 1209.625
      },
      "upperLeft" : {
        "y" : 305,
        "x" : 1165
      }
    },
    "dockers" : [ {
      "y" : 20,
      "x" : 20
    }, {
      "y" : 15,
      "x" : 15
    } ],
    "resourceId" : "sid-AE1842CC-ED29-471F-95EC-991B3D21F79F",
    "labels" : [ ],
    "layers" : [ ],
    "target" : {
      "resourceId" : "sid-B4FC614F-CEF1-460B-A2A2-8D6C463FB5A3"
    },
    "childShapes" : [ ],
    "properties" : {
      "id" : "",
      "label" : "",
      "transformation" : ""
    },
    "stencil" : {
      "id" : "Arc"
    },
    "outgoing" : [ {
      "resourceId" : "sid-B4FC614F-CEF1-460B-A2A2-8D6C463FB5A3"
    } ],
    "formats" : {
    },
    "glossaryLinks" : {
    }
  }, {
    "bounds" : {
      "lowerRight" : {
        "y" : 415,
        "x" : 1245
      },
      "upperLeft" : {
        "y" : 375,
        "x" : 1205
      }
    },
    "dockers" : [ ],
    "resourceId" : "sid-CDFB260F-9F0D-4130-93FB-F5C3ACABA8CF",
    "labels" : [ ],
    "layers" : [ ],
    "childShapes" : [ ],
    "properties" : {
      "id" : "",
      "title" : "",
      "communicationtype" : "Default",
      "communicationchannel" : "",
      "guard" : "",
      "oform" : "",
      "omodel" : "",
      "firetype" : "Automatic",
      "href" : ""
    },
    "stencil" : {
      "id" : "Transition"
    },
    "outgoing" : [ {
      "resourceId" : "sid-F4FE9449-3823-4F7C-A786-05FDA7B8CB38"
    } ],
    "formats" : {
    },
    "glossaryLinks" : {
    }
  }, {
    "bounds" : {
      "lowerRight" : {
        "y" : 374.3125,
        "x" : 1225
      },
      "upperLeft" : {
        "y" : 320.0625,
        "x" : 1225
      }
    },
    "dockers" : [ {
      "y" : 15,
      "x" : 15
    }, {
      "y" : 20,
      "x" : 20
    } ],
    "resourceId" : "sid-1EBBBBC4-48BE-4B1D-A079-B9B8CA5C9BAF",
    "labels" : [ ],
    "layers" : [ ],
    "target" : {
      "resourceId" : "sid-CDFB260F-9F0D-4130-93FB-F5C3ACABA8CF"
    },
    "childShapes" : [ ],
    "properties" : {
      "id" : "",
      "label" : "",
      "transformation" : ""
    },
    "stencil" : {
      "id" : "Arc"
    },
    "outgoing" : [ {
      "resourceId" : "sid-CDFB260F-9F0D-4130-93FB-F5C3ACABA8CF"
    } ],
    "formats" : {
    },
    "glossaryLinks" : {
    }
  }, {
    "bounds" : {
      "lowerRight" : {
        "y" : 480,
        "x" : 1240
      },
      "upperLeft" : {
        "y" : 450,
        "x" : 1210
      }
    },
    "dockers" : [ ],
    "resourceId" : "sid-61E18D3B-0E7E-45D7-B2EB-0446F53D4981",
    "labels" : [ ],
    "layers" : [ ],
    "childShapes" : [ ],
    "properties" : {
      "exttype" : "Push",
      "id" : "",
      "title" : "V",
      "external" : "false",
      "locatortypes" : "",
      "locatornames" : "",
      "numberoftokens_drawing" : "0",
      "numberoftokens_text" : "",
      "numberOfTokens" : "0",
      "locatorexpr" : "",
      "href" : ""
    },
    "stencil" : {
      "id" : "Place"
    },
    "outgoing" : [ ],
    "formats" : {
    },
    "glossaryLinks" : {
    }
  }, {
    "bounds" : {
      "lowerRight" : {
        "y" : 449.78125,
        "x" : 1225
      },
      "upperLeft" : {
        "y" : 415,
        "x" : 1225
      }
    },
    "dockers" : [ {
      "y" : 20,
      "x" : 20
    }, {
      "y" : 15,
      "x" : 15
    } ],
    "resourceId" : "sid-F4FE9449-3823-4F7C-A786-05FDA7B8CB38",
    "labels" : [ ],
    "layers" : [ ],
    "target" : {
      "resourceId" : "sid-61E18D3B-0E7E-45D7-B2EB-0446F53D4981"
    },
    "childShapes" : [ ],
    "properties" : {
      "id" : "",
      "label" : "",
      "transformation" : ""
    },
    "stencil" : {
      "id" : "Arc"
    },
    "outgoing" : [ {
      "resourceId" : "sid-61E18D3B-0E7E-45D7-B2EB-0446F53D4981"
    } ],
    "formats" : {
    },
    "glossaryLinks" : {
    }
  } ],
  "properties" : {
    "author" : "",
    "title" : "",
    "engine" : "false",
    "modificationdate" : "10/07/07",
    "documentation" : "",
    "language" : "English",
    "creationdate" : "10/07/07",
    "version" : ""
  },
  "stencilset" : {
    "url" : "/stencilsets/petrinets/petrinet.json?version=5.3.0",
    "namespace" : "http://b3mn.org/stencilset/petrinet#"
  },
  "ssextensions" : [ ],
  "offset" : {
    "y" : 3,
    "x" : 0
  },
  "stencil" : {
    "id" : "Diagram"
  },
  "formats" : {
  }
}