{
  "revision" : {
    "creationDate" : null,
    "elementCounts" : {
      "total" : 56,
      "Place" : 13,
      "Arc" : 29,
      "Transition" : 13,
      "Diagram" : 1
    },
    "connectedness" : 96,
    "isLastRevision" : "false",
    "revisionNumber" : 2
  },
  "model" : {
    "modelingLanguage" : "petrinet",
    "numberOfRevisions" : 3,
    "naturalLanguage" : "de",
    "timestampModelCollection" : null,
    "directoryId" : "1386021290",
    "groupName" : "PetriNet",
    "modelDate" : "2012-08-30",
    "modelName" : "974437879",
    "modelId" : "974437879"
  }
}