{
  "revision" : {
    "creationDate" : null,
    "elementCounts" : {
      "total" : 30,
      "Place" : 7,
      "Arc" : 15,
      "Transition" : 7,
      "Diagram" : 1
    },
    "connectedness" : 93,
    "isLastRevision" : "false",
    "revisionNumber" : 1
  },
  "model" : {
    "modelingLanguage" : "petrinet",
    "numberOfRevisions" : 5,
    "naturalLanguage" : "de",
    "timestampModelCollection" : null,
    "directoryId" : "810338230",
    "groupName" : "PetriNet",
    "modelDate" : "2012-08-30",
    "modelName" : "286001317",
    "modelId" : "286001317"
  }
}