{
  "bounds" : {
    "lowerRight" : {
      "y" : 1050,
      "x" : 1485
    },
    "upperLeft" : {
      "y" : 0,
      "x" : 0
    }
  },
  "resourceId" : "canvas",
  "childShapes" : [ {
    "bounds" : {
      "lowerRight" : {
        "y" : 320,
        "x" : 75
      },
      "upperLeft" : {
        "y" : 290,
        "x" : 45
      }
    },
    "dockers" : [ ],
    "resourceId" : "sid-0BCAA658-D64B-474B-BD7A-889867967D23",
    "labels" : [ ],
    "layers" : [ ],
    "childShapes" : [ ],
    "properties" : {
      "exttype" : "Push",
      "id" : "",
      "title" : "",
      "external" : "false",
      "locatortypes" : "",
      "locatornames" : "",
      "numberoftokens_drawing" : "0",
      "numberoftokens_text" : "",
      "numberOfTokens" : "0",
      "locatorexpr" : "",
      "href" : ""
    },
    "stencil" : {
      "id" : "Place"
    },
    "outgoing" : [ {
      "resourceId" : "sid-1FD49BFF-0B67-4EB6-9698-F11BDF4BC8EB"
    }, {
      "resourceId" : "sid-BC002BF6-4540-4249-929D-E3F81CA18F80"
    } ],
    "formats" : {
    },
    "glossaryLinks" : {
    }
  }, {
    "bounds" : {
      "lowerRight" : {
        "y" : 205,
        "x" : 215
      },
      "upperLeft" : {
        "y" : 165,
        "x" : 175
      }
    },
    "dockers" : [ ],
    "resourceId" : "sid-B947DBCA-1553-43FE-A647-672CD6444FED",
    "labels" : [ ],
    "layers" : [ ],
    "childShapes" : [ ],
    "properties" : {
      "id" : "",
      "title" : "A",
      "communicationtype" : "Default",
      "communicationchannel" : "",
      "guard" : "",
      "oform" : "",
      "omodel" : "",
      "firetype" : "Automatic",
      "href" : ""
    },
    "stencil" : {
      "id" : "Transition"
    },
    "outgoing" : [ {
      "resourceId" : "sid-F7B81CE9-3E82-407A-95CF-3E02ABB6C295"
    } ],
    "formats" : {
    },
    "glossaryLinks" : {
    }
  }, {
    "bounds" : {
      "lowerRight" : {
        "y" : 440,
        "x" : 215
      },
      "upperLeft" : {
        "y" : 400,
        "x" : 175
      }
    },
    "dockers" : [ ],
    "resourceId" : "sid-32745205-8970-48D2-95B1-73B3DD04788A",
    "labels" : [ ],
    "layers" : [ ],
    "childShapes" : [ ],
    "properties" : {
      "id" : "",
      "title" : "B",
      "communicationtype" : "Default",
      "communicationchannel" : "",
      "guard" : "",
      "oform" : "",
      "omodel" : "",
      "firetype" : "Automatic",
      "href" : ""
    },
    "stencil" : {
      "id" : "Transition"
    },
    "outgoing" : [ {
      "resourceId" : "sid-6FFD1E4A-BB61-4715-B54B-0FF6ADA46509"
    } ],
    "formats" : {
    },
    "glossaryLinks" : {
    }
  }, {
    "bounds" : {
      "lowerRight" : {
        "y" : 402.7304397944002,
        "x" : 174.7270380195133
      },
      "upperLeft" : {
        "y" : 315.0820602055998,
        "x" : 71.83546198048671
      }
    },
    "dockers" : [ {
      "y" : 15,
      "x" : 15
    }, {
      "y" : 20,
      "x" : 20
    } ],
    "resourceId" : "sid-1FD49BFF-0B67-4EB6-9698-F11BDF4BC8EB",
    "labels" : [ ],
    "layers" : [ ],
    "target" : {
      "resourceId" : "sid-32745205-8970-48D2-95B1-73B3DD04788A"
    },
    "childShapes" : [ ],
    "properties" : {
      "id" : "",
      "label" : "",
      "transformation" : ""
    },
    "stencil" : {
      "id" : "Arc"
    },
    "outgoing" : [ {
      "resourceId" : "sid-32745205-8970-48D2-95B1-73B3DD04788A"
    } ],
    "formats" : {
    },
    "glossaryLinks" : {
    }
  }, {
    "bounds" : {
      "lowerRight" : {
        "y" : 294.1238636844955,
        "x" : 174.52443415775758
      },
      "upperLeft" : {
        "y" : 191.39176131550448,
        "x" : 70.96384709224243
      }
    },
    "dockers" : [ {
      "y" : 15,
      "x" : 15
    }, {
      "y" : 16,
      "x" : 10
    } ],
    "resourceId" : "sid-BC002BF6-4540-4249-929D-E3F81CA18F80",
    "labels" : [ ],
    "layers" : [ ],
    "target" : {
      "resourceId" : "sid-B947DBCA-1553-43FE-A647-672CD6444FED"
    },
    "childShapes" : [ ],
    "properties" : {
      "id" : "",
      "label" : "",
      "transformation" : ""
    },
    "stencil" : {
      "id" : "Arc"
    },
    "outgoing" : [ {
      "resourceId" : "sid-B947DBCA-1553-43FE-A647-672CD6444FED"
    } ],
    "formats" : {
    },
    "glossaryLinks" : {
    }
  }, {
    "bounds" : {
      "lowerRight" : {
        "y" : 435,
        "x" : 510
      },
      "upperLeft" : {
        "y" : 405,
        "x" : 480
      }
    },
    "dockers" : [ ],
    "resourceId" : "sid-9F47711C-DECD-4CFA-8E69-D0E9ADE90524",
    "labels" : [ ],
    "layers" : [ ],
    "childShapes" : [ ],
    "properties" : {
      "exttype" : "Push",
      "id" : "",
      "title" : "",
      "external" : "false",
      "locatortypes" : "",
      "locatornames" : "",
      "numberoftokens_drawing" : "0",
      "numberoftokens_text" : "",
      "numberOfTokens" : "0",
      "locatorexpr" : "",
      "href" : ""
    },
    "stencil" : {
      "id" : "Place"
    },
    "outgoing" : [ {
      "resourceId" : "sid-1E261BB8-B9D0-47F4-AFB0-35CBBB5E0C5B"
    } ],
    "formats" : {
    },
    "glossaryLinks" : {
    }
  }, {
    "bounds" : {
      "lowerRight" : {
        "y" : 420,
        "x" : 479.9375
      },
      "upperLeft" : {
        "y" : 420,
        "x" : 215.921875
      }
    },
    "dockers" : [ {
      "y" : 20,
      "x" : 20
    }, {
      "y" : 15,
      "x" : 15
    } ],
    "resourceId" : "sid-6FFD1E4A-BB61-4715-B54B-0FF6ADA46509",
    "labels" : [ ],
    "layers" : [ ],
    "target" : {
      "resourceId" : "sid-9F47711C-DECD-4CFA-8E69-D0E9ADE90524"
    },
    "childShapes" : [ ],
    "properties" : {
      "id" : "",
      "label" : "",
      "transformation" : ""
    },
    "stencil" : {
      "id" : "Arc"
    },
    "outgoing" : [ {
      "resourceId" : "sid-9F47711C-DECD-4CFA-8E69-D0E9ADE90524"
    } ],
    "formats" : {
    },
    "glossaryLinks" : {
    }
  }, {
    "bounds" : {
      "lowerRight" : {
        "y" : 200,
        "x" : 510
      },
      "upperLeft" : {
        "y" : 170,
        "x" : 480
      }
    },
    "dockers" : [ ],
    "resourceId" : "sid-852F5BFD-2862-4112-B273-33464AF94993",
    "labels" : [ ],
    "layers" : [ ],
    "childShapes" : [ ],
    "properties" : {
      "exttype" : "Push",
      "id" : "",
      "title" : "",
      "external" : "false",
      "locatortypes" : "",
      "locatornames" : "",
      "numberoftokens_drawing" : "0",
      "numberoftokens_text" : "",
      "numberOfTokens" : "0",
      "locatorexpr" : "",
      "href" : ""
    },
    "stencil" : {
      "id" : "Place"
    },
    "outgoing" : [ {
      "resourceId" : "sid-C83AEE94-6CAF-4B46-8A92-70F8473A86FD"
    } ],
    "formats" : {
    },
    "glossaryLinks" : {
    }
  }, {
    "bounds" : {
      "lowerRight" : {
        "y" : 185,
        "x" : 479.9375
      },
      "upperLeft" : {
        "y" : 185,
        "x" : 215.921875
      }
    },
    "dockers" : [ {
      "y" : 20,
      "x" : 20
    }, {
      "y" : 15,
      "x" : 15
    } ],
    "resourceId" : "sid-F7B81CE9-3E82-407A-95CF-3E02ABB6C295",
    "labels" : [ ],
    "layers" : [ ],
    "target" : {
      "resourceId" : "sid-852F5BFD-2862-4112-B273-33464AF94993"
    },
    "childShapes" : [ ],
    "properties" : {
      "id" : "",
      "label" : "",
      "transformation" : ""
    },
    "stencil" : {
      "id" : "Arc"
    },
    "outgoing" : [ {
      "resourceId" : "sid-852F5BFD-2862-4112-B273-33464AF94993"
    } ],
    "formats" : {
    },
    "glossaryLinks" : {
    }
  }, {
    "bounds" : {
      "lowerRight" : {
        "y" : 275,
        "x" : 210
      },
      "upperLeft" : {
        "y" : 245,
        "x" : 180
      }
    },
    "dockers" : [ ],
    "resourceId" : "sid-23746F28-DC7F-4B70-AEFC-7556DCDFA795",
    "labels" : [ ],
    "layers" : [ ],
    "childShapes" : [ ],
    "properties" : {
      "exttype" : "Push",
      "id" : "",
      "title" : "",
      "external" : "false",
      "locatortypes" : "",
      "locatornames" : "",
      "numberoftokens_drawing" : "0",
      "numberoftokens_text" : "",
      "numberOfTokens" : "0",
      "locatorexpr" : "",
      "href" : ""
    },
    "stencil" : {
      "id" : "Place"
    },
    "outgoing" : [ {
      "resourceId" : "sid-8C3017B8-C069-45D5-801F-0FC2EA62DD41"
    } ],
    "formats" : {
    },
    "glossaryLinks" : {
    }
  }, {
    "bounds" : {
      "lowerRight" : {
        "y" : 280,
        "x" : 355
      },
      "upperLeft" : {
        "y" : 240,
        "x" : 315
      }
    },
    "dockers" : [ ],
    "resourceId" : "sid-10AB92D6-F603-4288-8F76-E7220AFA6819",
    "labels" : [ ],
    "layers" : [ ],
    "childShapes" : [ ],
    "properties" : {
      "id" : "",
      "title" : "C",
      "communicationtype" : "Default",
      "communicationchannel" : "",
      "guard" : "",
      "oform" : "",
      "omodel" : "",
      "firetype" : "Automatic",
      "href" : ""
    },
    "stencil" : {
      "id" : "Transition"
    },
    "outgoing" : [ {
      "resourceId" : "sid-D787B039-FECC-4DC4-B4D0-28B2FE4442B4"
    } ],
    "formats" : {
    },
    "glossaryLinks" : {
    }
  }, {
    "bounds" : {
      "lowerRight" : {
        "y" : 260,
        "x" : 314.3125
      },
      "upperLeft" : {
        "y" : 260,
        "x" : 210.21875
      }
    },
    "dockers" : [ {
      "y" : 15,
      "x" : 15
    }, {
      "y" : 20,
      "x" : 20
    } ],
    "resourceId" : "sid-8C3017B8-C069-45D5-801F-0FC2EA62DD41",
    "labels" : [ ],
    "layers" : [ ],
    "target" : {
      "resourceId" : "sid-10AB92D6-F603-4288-8F76-E7220AFA6819"
    },
    "childShapes" : [ ],
    "properties" : {
      "id" : "",
      "label" : "",
      "transformation" : ""
    },
    "stencil" : {
      "id" : "Arc"
    },
    "outgoing" : [ {
      "resourceId" : "sid-10AB92D6-F603-4288-8F76-E7220AFA6819"
    } ],
    "formats" : {
    },
    "glossaryLinks" : {
    }
  }, {
    "bounds" : {
      "lowerRight" : {
        "y" : 275,
        "x" : 450
      },
      "upperLeft" : {
        "y" : 245,
        "x" : 420
      }
    },
    "dockers" : [ ],
    "resourceId" : "sid-18AFD693-AA57-414F-8302-B7B4F1A7F936",
    "labels" : [ ],
    "layers" : [ ],
    "childShapes" : [ ],
    "properties" : {
      "exttype" : "Push",
      "id" : "",
      "title" : "",
      "external" : "false",
      "locatortypes" : "",
      "locatornames" : "",
      "numberoftokens_drawing" : "0",
      "numberoftokens_text" : "",
      "numberOfTokens" : "0",
      "locatorexpr" : "",
      "href" : ""
    },
    "stencil" : {
      "id" : "Place"
    },
    "outgoing" : [ {
      "resourceId" : "sid-BD28FDA3-FEB1-446B-9087-6015BD14A357"
    }, {
      "resourceId" : "sid-E9A5CEA4-A486-4294-9E70-33C097AEB8B5"
    } ],
    "formats" : {
    },
    "glossaryLinks" : {
    }
  }, {
    "bounds" : {
      "lowerRight" : {
        "y" : 260,
        "x" : 419.9375
      },
      "upperLeft" : {
        "y" : 260,
        "x" : 355.53125
      }
    },
    "dockers" : [ {
      "y" : 20,
      "x" : 20
    }, {
      "y" : 15,
      "x" : 15
    } ],
    "resourceId" : "sid-D787B039-FECC-4DC4-B4D0-28B2FE4442B4",
    "labels" : [ ],
    "layers" : [ ],
    "target" : {
      "resourceId" : "sid-18AFD693-AA57-414F-8302-B7B4F1A7F936"
    },
    "childShapes" : [ ],
    "properties" : {
      "id" : "",
      "label" : "",
      "transformation" : ""
    },
    "stencil" : {
      "id" : "Arc"
    },
    "outgoing" : [ {
      "resourceId" : "sid-18AFD693-AA57-414F-8302-B7B4F1A7F936"
    } ],
    "formats" : {
    },
    "glossaryLinks" : {
    }
  }, {
    "bounds" : {
      "lowerRight" : {
        "y" : 370,
        "x" : 625
      },
      "upperLeft" : {
        "y" : 330,
        "x" : 585
      }
    },
    "dockers" : [ ],
    "resourceId" : "sid-C49AED67-EC64-4A88-803F-80A835BFDACB",
    "labels" : [ ],
    "layers" : [ ],
    "childShapes" : [ ],
    "properties" : {
      "id" : "",
      "title" : "D",
      "communicationtype" : "Default",
      "communicationchannel" : "",
      "guard" : "",
      "oform" : "",
      "omodel" : "",
      "firetype" : "Automatic",
      "href" : ""
    },
    "stencil" : {
      "id" : "Transition"
    },
    "outgoing" : [ {
      "resourceId" : "sid-0C744CC3-364C-4A24-A76B-FC7A2BADFA26"
    } ],
    "formats" : {
    },
    "glossaryLinks" : {
    }
  }, {
    "bounds" : {
      "lowerRight" : {
        "y" : 338.985237279581,
        "x" : 584.194337083653
      },
      "upperLeft" : {
        "y" : 267.147575220419,
        "x" : 448.50097541634705
      }
    },
    "dockers" : [ {
      "y" : 15,
      "x" : 15
    }, {
      "y" : 20,
      "x" : 20
    } ],
    "resourceId" : "sid-BD28FDA3-FEB1-446B-9087-6015BD14A357",
    "labels" : [ ],
    "layers" : [ ],
    "target" : {
      "resourceId" : "sid-C49AED67-EC64-4A88-803F-80A835BFDACB"
    },
    "childShapes" : [ ],
    "properties" : {
      "id" : "",
      "label" : "",
      "transformation" : ""
    },
    "stencil" : {
      "id" : "Arc"
    },
    "outgoing" : [ {
      "resourceId" : "sid-C49AED67-EC64-4A88-803F-80A835BFDACB"
    } ],
    "formats" : {
    },
    "glossaryLinks" : {
    }
  }, {
    "bounds" : {
      "lowerRight" : {
        "y" : 280,
        "x" : 625
      },
      "upperLeft" : {
        "y" : 240,
        "x" : 585
      }
    },
    "dockers" : [ ],
    "resourceId" : "sid-42DEF5FF-A168-4386-94D2-2C2A11C81416",
    "labels" : [ ],
    "layers" : [ ],
    "childShapes" : [ ],
    "properties" : {
      "id" : "",
      "title" : "E",
      "communicationtype" : "Default",
      "communicationchannel" : "",
      "guard" : "",
      "oform" : "",
      "omodel" : "",
      "firetype" : "Automatic",
      "href" : ""
    },
    "stencil" : {
      "id" : "Transition"
    },
    "outgoing" : [ {
      "resourceId" : "sid-4BE7A46F-A49B-4A53-8BB8-F17A1AC2DECA"
    } ],
    "formats" : {
    },
    "glossaryLinks" : {
    }
  }, {
    "bounds" : {
      "lowerRight" : {
        "y" : 260,
        "x" : 584.078125
      },
      "upperLeft" : {
        "y" : 260,
        "x" : 450.609375
      }
    },
    "dockers" : [ {
      "y" : 15,
      "x" : 15
    }, {
      "y" : 20,
      "x" : 20
    } ],
    "resourceId" : "sid-E9A5CEA4-A486-4294-9E70-33C097AEB8B5",
    "labels" : [ ],
    "layers" : [ ],
    "target" : {
      "resourceId" : "sid-42DEF5FF-A168-4386-94D2-2C2A11C81416"
    },
    "childShapes" : [ ],
    "properties" : {
      "id" : "",
      "label" : "",
      "transformation" : ""
    },
    "stencil" : {
      "id" : "Arc"
    },
    "outgoing" : [ {
      "resourceId" : "sid-42DEF5FF-A168-4386-94D2-2C2A11C81416"
    } ],
    "formats" : {
    },
    "glossaryLinks" : {
    }
  }, {
    "bounds" : {
      "lowerRight" : {
        "y" : 245.9601006753585,
        "x" : 584.4081476571924
      },
      "upperLeft" : {
        "y" : 193.7664618246415,
        "x" : 507.85747734280756
      }
    },
    "dockers" : [ {
      "y" : 15,
      "x" : 15
    }, {
      "y" : 20,
      "x" : 20
    } ],
    "resourceId" : "sid-C83AEE94-6CAF-4B46-8A92-70F8473A86FD",
    "labels" : [ ],
    "layers" : [ ],
    "target" : {
      "resourceId" : "sid-42DEF5FF-A168-4386-94D2-2C2A11C81416"
    },
    "childShapes" : [ ],
    "properties" : {
      "id" : "",
      "label" : "",
      "transformation" : ""
    },
    "stencil" : {
      "id" : "Arc"
    },
    "outgoing" : [ {
      "resourceId" : "sid-42DEF5FF-A168-4386-94D2-2C2A11C81416"
    } ],
    "formats" : {
    },
    "glossaryLinks" : {
    }
  }, {
    "bounds" : {
      "lowerRight" : {
        "y" : 411.80687450780687,
        "x" : 584.3907135122679
      },
      "upperLeft" : {
        "y" : 363.11500049219313,
        "x" : 507.8749114877321
      }
    },
    "dockers" : [ {
      "y" : 15,
      "x" : 15
    }, {
      "y" : 20,
      "x" : 20
    } ],
    "resourceId" : "sid-1E261BB8-B9D0-47F4-AFB0-35CBBB5E0C5B",
    "labels" : [ ],
    "layers" : [ ],
    "target" : {
      "resourceId" : "sid-C49AED67-EC64-4A88-803F-80A835BFDACB"
    },
    "childShapes" : [ ],
    "properties" : {
      "id" : "",
      "label" : "",
      "transformation" : ""
    },
    "stencil" : {
      "id" : "Arc"
    },
    "outgoing" : [ {
      "resourceId" : "sid-C49AED67-EC64-4A88-803F-80A835BFDACB"
    } ],
    "formats" : {
    },
    "glossaryLinks" : {
    }
  }, {
    "bounds" : {
      "lowerRight" : {
        "y" : 275,
        "x" : 720
      },
      "upperLeft" : {
        "y" : 245,
        "x" : 690
      }
    },
    "dockers" : [ ],
    "resourceId" : "sid-64EFD7BA-A3BF-4387-B313-30BEEDA352C9",
    "labels" : [ ],
    "layers" : [ ],
    "childShapes" : [ ],
    "properties" : {
      "exttype" : "Push",
      "id" : "",
      "title" : "",
      "external" : "false",
      "locatortypes" : "",
      "locatornames" : "",
      "numberoftokens_drawing" : "0",
      "numberoftokens_text" : "",
      "numberOfTokens" : "0",
      "locatorexpr" : "",
      "href" : ""
    },
    "stencil" : {
      "id" : "Place"
    },
    "outgoing" : [ ],
    "formats" : {
    },
    "glossaryLinks" : {
    }
  }, {
    "bounds" : {
      "lowerRight" : {
        "y" : 260,
        "x" : 689.9375
      },
      "upperLeft" : {
        "y" : 260,
        "x" : 625.53125
      }
    },
    "dockers" : [ {
      "y" : 20,
      "x" : 20
    }, {
      "y" : 15,
      "x" : 15
    } ],
    "resourceId" : "sid-4BE7A46F-A49B-4A53-8BB8-F17A1AC2DECA",
    "labels" : [ ],
    "layers" : [ ],
    "target" : {
      "resourceId" : "sid-64EFD7BA-A3BF-4387-B313-30BEEDA352C9"
    },
    "childShapes" : [ ],
    "properties" : {
      "id" : "",
      "label" : "",
      "transformation" : ""
    },
    "stencil" : {
      "id" : "Arc"
    },
    "outgoing" : [ {
      "resourceId" : "sid-64EFD7BA-A3BF-4387-B313-30BEEDA352C9"
    } ],
    "formats" : {
    },
    "glossaryLinks" : {
    }
  }, {
    "bounds" : {
      "lowerRight" : {
        "y" : 365,
        "x" : 720
      },
      "upperLeft" : {
        "y" : 335,
        "x" : 690
      }
    },
    "dockers" : [ ],
    "resourceId" : "sid-DB12E75A-A995-4435-AFDB-32C9A38331D3",
    "labels" : [ ],
    "layers" : [ ],
    "childShapes" : [ ],
    "properties" : {
      "exttype" : "Push",
      "id" : "",
      "title" : "",
      "external" : "false",
      "locatortypes" : "",
      "locatornames" : "",
      "numberoftokens_drawing" : "0",
      "numberoftokens_text" : "",
      "numberOfTokens" : "0",
      "locatorexpr" : "",
      "href" : ""
    },
    "stencil" : {
      "id" : "Place"
    },
    "outgoing" : [ ],
    "formats" : {
    },
    "glossaryLinks" : {
    }
  }, {
    "bounds" : {
      "lowerRight" : {
        "y" : 350,
        "x" : 689.9375
      },
      "upperLeft" : {
        "y" : 350,
        "x" : 625.53125
      }
    },
    "dockers" : [ {
      "y" : 20,
      "x" : 20
    }, {
      "y" : 15,
      "x" : 15
    } ],
    "resourceId" : "sid-0C744CC3-364C-4A24-A76B-FC7A2BADFA26",
    "labels" : [ ],
    "layers" : [ ],
    "target" : {
      "resourceId" : "sid-DB12E75A-A995-4435-AFDB-32C9A38331D3"
    },
    "childShapes" : [ ],
    "properties" : {
      "id" : "",
      "label" : "",
      "transformation" : ""
    },
    "stencil" : {
      "id" : "Arc"
    },
    "outgoing" : [ {
      "resourceId" : "sid-DB12E75A-A995-4435-AFDB-32C9A38331D3"
    } ],
    "formats" : {
    },
    "glossaryLinks" : {
    }
  }, {
    "bounds" : {
      "lowerRight" : {
        "y" : 320,
        "x" : 210
      },
      "upperLeft" : {
        "y" : 290,
        "x" : 180
      }
    },
    "dockers" : [ ],
    "resourceId" : "sid-7E32994B-DB8A-40A2-830E-1698C71487EB",
    "labels" : [ ],
    "layers" : [ ],
    "childShapes" : [ ],
    "properties" : {
      "exttype" : "Push",
      "id" : "",
      "title" : "",
      "external" : "false",
      "locatortypes" : "",
      "locatornames" : "",
      "numberoftokens_drawing" : "0",
      "numberoftokens_text" : "",
      "numberOfTokens" : "0",
      "locatorexpr" : "",
      "href" : ""
    },
    "stencil" : {
      "id" : "Place"
    },
    "outgoing" : [ {
      "resourceId" : "sid-5E624E2F-FC01-410A-A33C-45A31150B8E2"
    } ],
    "formats" : {
    },
    "glossaryLinks" : {
    }
  }, {
    "bounds" : {
      "lowerRight" : {
        "y" : 325,
        "x" : 355
      },
      "upperLeft" : {
        "y" : 285,
        "x" : 315
      }
    },
    "dockers" : [ ],
    "resourceId" : "sid-8D13E7CA-D802-4363-B152-2AA4D42DE58D",
    "labels" : [ ],
    "layers" : [ ],
    "childShapes" : [ ],
    "properties" : {
      "id" : "",
      "title" : "F",
      "communicationtype" : "Default",
      "communicationchannel" : "",
      "guard" : "",
      "oform" : "",
      "omodel" : "",
      "firetype" : "Automatic",
      "href" : ""
    },
    "stencil" : {
      "id" : "Transition"
    },
    "outgoing" : [ {
      "resourceId" : "sid-7BA21C3A-1B41-4F4A-80BB-AC581120461F"
    } ],
    "formats" : {
    },
    "glossaryLinks" : {
    }
  }, {
    "bounds" : {
      "lowerRight" : {
        "y" : 305,
        "x" : 314.3125
      },
      "upperLeft" : {
        "y" : 305,
        "x" : 210.21875
      }
    },
    "dockers" : [ {
      "y" : 15,
      "x" : 15
    }, {
      "y" : 20,
      "x" : 20
    } ],
    "resourceId" : "sid-5E624E2F-FC01-410A-A33C-45A31150B8E2",
    "labels" : [ ],
    "layers" : [ ],
    "target" : {
      "resourceId" : "sid-8D13E7CA-D802-4363-B152-2AA4D42DE58D"
    },
    "childShapes" : [ ],
    "properties" : {
      "id" : "",
      "label" : "",
      "transformation" : ""
    },
    "stencil" : {
      "id" : "Arc"
    },
    "outgoing" : [ {
      "resourceId" : "sid-8D13E7CA-D802-4363-B152-2AA4D42DE58D"
    } ],
    "formats" : {
    },
    "glossaryLinks" : {
    }
  }, {
    "bounds" : {
      "lowerRight" : {
        "y" : 320,
        "x" : 450
      },
      "upperLeft" : {
        "y" : 290,
        "x" : 420
      }
    },
    "dockers" : [ ],
    "resourceId" : "sid-F8229249-56CB-442F-BCA7-6E59D10A258B",
    "labels" : [ ],
    "layers" : [ ],
    "childShapes" : [ ],
    "properties" : {
      "exttype" : "Push",
      "id" : "",
      "title" : "",
      "external" : "false",
      "locatortypes" : "",
      "locatornames" : "",
      "numberoftokens_drawing" : "0",
      "numberoftokens_text" : "",
      "numberOfTokens" : "0",
      "locatorexpr" : "",
      "href" : ""
    },
    "stencil" : {
      "id" : "Place"
    },
    "outgoing" : [ {
      "resourceId" : "sid-3C0B3644-3155-4F45-9B7A-22F7EDF809FC"
    }, {
      "resourceId" : "sid-E8D43D72-A7A6-4DC7-9AD0-448778CB6B28"
    } ],
    "formats" : {
    },
    "glossaryLinks" : {
    }
  }, {
    "bounds" : {
      "lowerRight" : {
        "y" : 305,
        "x" : 419.9375
      },
      "upperLeft" : {
        "y" : 305,
        "x" : 355.53125
      }
    },
    "dockers" : [ {
      "y" : 20,
      "x" : 20
    }, {
      "y" : 15,
      "x" : 15
    } ],
    "resourceId" : "sid-7BA21C3A-1B41-4F4A-80BB-AC581120461F",
    "labels" : [ ],
    "layers" : [ ],
    "target" : {
      "resourceId" : "sid-F8229249-56CB-442F-BCA7-6E59D10A258B"
    },
    "childShapes" : [ ],
    "properties" : {
      "id" : "",
      "label" : "",
      "transformation" : ""
    },
    "stencil" : {
      "id" : "Arc"
    },
    "outgoing" : [ {
      "resourceId" : "sid-F8229249-56CB-442F-BCA7-6E59D10A258B"
    } ],
    "formats" : {
    },
    "glossaryLinks" : {
    }
  }, {
    "bounds" : {
      "lowerRight" : {
        "y" : 365,
        "x" : 210
      },
      "upperLeft" : {
        "y" : 335,
        "x" : 180
      }
    },
    "dockers" : [ ],
    "resourceId" : "sid-9D12F3FF-865B-4037-9ABC-0F00F13EECE8",
    "labels" : [ ],
    "layers" : [ ],
    "childShapes" : [ ],
    "properties" : {
      "exttype" : "Push",
      "id" : "",
      "title" : "",
      "external" : "false",
      "locatortypes" : "",
      "locatornames" : "",
      "numberoftokens_drawing" : "0",
      "numberoftokens_text" : "",
      "numberOfTokens" : "0",
      "locatorexpr" : "",
      "href" : ""
    },
    "stencil" : {
      "id" : "Place"
    },
    "outgoing" : [ {
      "resourceId" : "sid-F1FE1D74-4D63-4FC3-B6C6-138C80826E63"
    } ],
    "formats" : {
    },
    "glossaryLinks" : {
    }
  }, {
    "bounds" : {
      "lowerRight" : {
        "y" : 370,
        "x" : 355
      },
      "upperLeft" : {
        "y" : 330,
        "x" : 315
      }
    },
    "dockers" : [ ],
    "resourceId" : "sid-37CF1DA2-810B-4784-907C-7C1345D54274",
    "labels" : [ ],
    "layers" : [ ],
    "childShapes" : [ ],
    "properties" : {
      "id" : "",
      "title" : "G",
      "communicationtype" : "Default",
      "communicationchannel" : "",
      "guard" : "",
      "oform" : "",
      "omodel" : "",
      "firetype" : "Automatic",
      "href" : ""
    },
    "stencil" : {
      "id" : "Transition"
    },
    "outgoing" : [ {
      "resourceId" : "sid-F952F31C-251B-4905-A977-7607BB6875BE"
    } ],
    "formats" : {
    },
    "glossaryLinks" : {
    }
  }, {
    "bounds" : {
      "lowerRight" : {
        "y" : 350,
        "x" : 314.3125
      },
      "upperLeft" : {
        "y" : 350,
        "x" : 210.21875
      }
    },
    "dockers" : [ {
      "y" : 15,
      "x" : 15
    }, {
      "y" : 20,
      "x" : 20
    } ],
    "resourceId" : "sid-F1FE1D74-4D63-4FC3-B6C6-138C80826E63",
    "labels" : [ ],
    "layers" : [ ],
    "target" : {
      "resourceId" : "sid-37CF1DA2-810B-4784-907C-7C1345D54274"
    },
    "childShapes" : [ ],
    "properties" : {
      "id" : "",
      "label" : "",
      "transformation" : ""
    },
    "stencil" : {
      "id" : "Arc"
    },
    "outgoing" : [ {
      "resourceId" : "sid-37CF1DA2-810B-4784-907C-7C1345D54274"
    } ],
    "formats" : {
    },
    "glossaryLinks" : {
    }
  }, {
    "bounds" : {
      "lowerRight" : {
        "y" : 365,
        "x" : 450
      },
      "upperLeft" : {
        "y" : 335,
        "x" : 420
      }
    },
    "dockers" : [ ],
    "resourceId" : "sid-75405128-981F-400E-A3D5-3E529F93B1BC",
    "labels" : [ ],
    "layers" : [ ],
    "childShapes" : [ ],
    "properties" : {
      "exttype" : "Push",
      "id" : "",
      "title" : "",
      "external" : "false",
      "locatortypes" : "",
      "locatornames" : "",
      "numberoftokens_drawing" : "0",
      "numberoftokens_text" : "",
      "numberOfTokens" : "0",
      "locatorexpr" : "",
      "href" : ""
    },
    "stencil" : {
      "id" : "Place"
    },
    "outgoing" : [ {
      "resourceId" : "sid-EBF0E33B-2B64-4F56-9EDE-D4C1FF1A5314"
    }, {
      "resourceId" : "sid-88D5751B-68C5-4CB6-946D-8B0874612A5A"
    } ],
    "formats" : {
    },
    "glossaryLinks" : {
    }
  }, {
    "bounds" : {
      "lowerRight" : {
        "y" : 350,
        "x" : 419.9375
      },
      "upperLeft" : {
        "y" : 350,
        "x" : 355.53125
      }
    },
    "dockers" : [ {
      "y" : 20,
      "x" : 20
    }, {
      "y" : 15,
      "x" : 15
    } ],
    "resourceId" : "sid-F952F31C-251B-4905-A977-7607BB6875BE",
    "labels" : [ ],
    "layers" : [ ],
    "target" : {
      "resourceId" : "sid-75405128-981F-400E-A3D5-3E529F93B1BC"
    },
    "childShapes" : [ ],
    "properties" : {
      "id" : "",
      "label" : "",
      "transformation" : ""
    },
    "stencil" : {
      "id" : "Arc"
    },
    "outgoing" : [ {
      "resourceId" : "sid-75405128-981F-400E-A3D5-3E529F93B1BC"
    } ],
    "formats" : {
    },
    "glossaryLinks" : {
    }
  }, {
    "bounds" : {
      "lowerRight" : {
        "y" : 301.0527011896837,
        "x" : 584.1114197721384
      },
      "upperLeft" : {
        "y" : 265.5293300603163,
        "x" : 449.9120177278615
      }
    },
    "dockers" : [ {
      "y" : 15,
      "x" : 15
    }, {
      "y" : 20,
      "x" : 20
    } ],
    "resourceId" : "sid-3C0B3644-3155-4F45-9B7A-22F7EDF809FC",
    "labels" : [ ],
    "layers" : [ ],
    "target" : {
      "resourceId" : "sid-42DEF5FF-A168-4386-94D2-2C2A11C81416"
    },
    "childShapes" : [ ],
    "properties" : {
      "id" : "",
      "label" : "",
      "transformation" : ""
    },
    "stencil" : {
      "id" : "Arc"
    },
    "outgoing" : [ {
      "resourceId" : "sid-42DEF5FF-A168-4386-94D2-2C2A11C81416"
    } ],
    "formats" : {
    },
    "glossaryLinks" : {
    }
  }, {
    "bounds" : {
      "lowerRight" : {
        "y" : 342.852424779581,
        "x" : 584.194337083653
      },
      "upperLeft" : {
        "y" : 271.014762720419,
        "x" : 448.50097541634705
      }
    },
    "dockers" : [ {
      "y" : 15,
      "x" : 15
    }, {
      "y" : 20,
      "x" : 20
    } ],
    "resourceId" : "sid-EBF0E33B-2B64-4F56-9EDE-D4C1FF1A5314",
    "labels" : [ ],
    "layers" : [ ],
    "target" : {
      "resourceId" : "sid-42DEF5FF-A168-4386-94D2-2C2A11C81416"
    },
    "childShapes" : [ ],
    "properties" : {
      "id" : "",
      "label" : "",
      "transformation" : ""
    },
    "stencil" : {
      "id" : "Arc"
    },
    "outgoing" : [ {
      "resourceId" : "sid-42DEF5FF-A168-4386-94D2-2C2A11C81416"
    } ],
    "formats" : {
    },
    "glossaryLinks" : {
    }
  }, {
    "bounds" : {
      "lowerRight" : {
        "y" : 344.4706699396837,
        "x" : 584.1114197721384
      },
      "upperLeft" : {
        "y" : 308.9472988103163,
        "x" : 449.9120177278615
      }
    },
    "dockers" : [ {
      "y" : 15,
      "x" : 15
    }, {
      "y" : 20,
      "x" : 20
    } ],
    "resourceId" : "sid-E8D43D72-A7A6-4DC7-9AD0-448778CB6B28",
    "labels" : [ ],
    "layers" : [ ],
    "target" : {
      "resourceId" : "sid-C49AED67-EC64-4A88-803F-80A835BFDACB"
    },
    "childShapes" : [ ],
    "properties" : {
      "id" : "",
      "label" : "",
      "transformation" : ""
    },
    "stencil" : {
      "id" : "Arc"
    },
    "outgoing" : [ {
      "resourceId" : "sid-C49AED67-EC64-4A88-803F-80A835BFDACB"
    } ],
    "formats" : {
    },
    "glossaryLinks" : {
    }
  }, {
    "bounds" : {
      "lowerRight" : {
        "y" : 350,
        "x" : 584.078125
      },
      "upperLeft" : {
        "y" : 350,
        "x" : 450.609375
      }
    },
    "dockers" : [ {
      "y" : 15,
      "x" : 15
    }, {
      "y" : 20,
      "x" : 20
    } ],
    "resourceId" : "sid-88D5751B-68C5-4CB6-946D-8B0874612A5A",
    "labels" : [ ],
    "layers" : [ ],
    "target" : {
      "resourceId" : "sid-C49AED67-EC64-4A88-803F-80A835BFDACB"
    },
    "childShapes" : [ ],
    "properties" : {
      "id" : "",
      "label" : "",
      "transformation" : ""
    },
    "stencil" : {
      "id" : "Arc"
    },
    "outgoing" : [ {
      "resourceId" : "sid-C49AED67-EC64-4A88-803F-80A835BFDACB"
    } ],
    "formats" : {
    },
    "glossaryLinks" : {
    }
  } ],
  "properties" : {
    "author" : "",
    "title" : "",
    "engine" : "false",
    "modificationdate" : "10/07/07",
    "documentation" : "",
    "language" : "English",
    "creationdate" : "10/07/07",
    "version" : ""
  },
  "stencilset" : {
    "url" : "/editor/stencilsets/petrinets/petrinet.json",
    "namespace" : "http://b3mn.org/stencilset/petrinet#"
  },
  "ssextensions" : [ ],
  "stencil" : {
    "id" : "Diagram"
  },
  "formats" : {
  }
}