{
  "bounds" : {
    "lowerRight" : {
      "y" : 1050,
      "x" : 1485
    },
    "upperLeft" : {
      "y" : 0,
      "x" : 0
    }
  },
  "resourceId" : "canvas",
  "childShapes" : [ {
    "bounds" : {
      "lowerRight" : {
        "y" : 160,
        "x" : 145
      },
      "upperLeft" : {
        "y" : 120,
        "x" : 105
      }
    },
    "dockers" : [ ],
    "resourceId" : "sid-DFB82B84-B50D-47EE-B94C-E733FBF54DB2",
    "labels" : [ ],
    "layers" : [ ],
    "childShapes" : [ ],
    "properties" : {
      "id" : "",
      "title" : "A",
      "communicationtype" : "Default",
      "communicationchannel" : "",
      "guard" : "",
      "oform" : "",
      "omodel" : "",
      "firetype" : "Automatic",
      "href" : ""
    },
    "stencil" : {
      "id" : "Transition"
    },
    "outgoing" : [ {
      "resourceId" : "sid-0D9D7557-95FD-4B20-AAFE-8E0410B53703"
    } ],
    "formats" : {
    },
    "glossaryLinks" : {
    }
  }, {
    "bounds" : {
      "lowerRight" : {
        "y" : 295,
        "x" : 145
      },
      "upperLeft" : {
        "y" : 255,
        "x" : 105
      }
    },
    "dockers" : [ ],
    "resourceId" : "sid-29252BBE-9A38-4B1C-B7B7-528B953507BB",
    "labels" : [ ],
    "layers" : [ ],
    "childShapes" : [ ],
    "properties" : {
      "id" : "",
      "title" : "B",
      "communicationtype" : "Default",
      "communicationchannel" : "",
      "guard" : "",
      "oform" : "",
      "omodel" : "",
      "firetype" : "Automatic",
      "href" : ""
    },
    "stencil" : {
      "id" : "Transition"
    },
    "outgoing" : [ {
      "resourceId" : "sid-646F171B-6FBB-42AE-B449-974E2F5ACCDD"
    } ],
    "formats" : {
    },
    "glossaryLinks" : {
    }
  }, {
    "bounds" : {
      "lowerRight" : {
        "y" : 155,
        "x" : 285
      },
      "upperLeft" : {
        "y" : 125,
        "x" : 255
      }
    },
    "dockers" : [ ],
    "resourceId" : "sid-2007FEAA-306F-4D66-8B6F-70B5DD356001",
    "labels" : [ ],
    "layers" : [ ],
    "childShapes" : [ ],
    "properties" : {
      "exttype" : "Push",
      "id" : "",
      "title" : "C",
      "external" : "false",
      "locatortypes" : "",
      "locatornames" : "",
      "numberoftokens_drawing" : "0",
      "numberoftokens_text" : "",
      "numberOfTokens" : "0",
      "locatorexpr" : "",
      "href" : ""
    },
    "stencil" : {
      "id" : "Place"
    },
    "outgoing" : [ {
      "resourceId" : "sid-86B2B6AD-B7A9-4A71-AC88-6CC6C4DFF9EB"
    }, {
      "resourceId" : "sid-D4F8C6F5-ED5E-4553-91E1-9DC6EF655E6C"
    } ],
    "formats" : {
    },
    "glossaryLinks" : {
    }
  }, {
    "bounds" : {
      "lowerRight" : {
        "y" : 140,
        "x" : 254.2734375
      },
      "upperLeft" : {
        "y" : 140,
        "x" : 145
      }
    },
    "dockers" : [ {
      "y" : 20,
      "x" : 20
    }, {
      "y" : 15,
      "x" : 15
    } ],
    "resourceId" : "sid-0D9D7557-95FD-4B20-AAFE-8E0410B53703",
    "labels" : [ ],
    "layers" : [ ],
    "target" : {
      "resourceId" : "sid-2007FEAA-306F-4D66-8B6F-70B5DD356001"
    },
    "childShapes" : [ ],
    "properties" : {
      "id" : "",
      "label" : "",
      "transformation" : ""
    },
    "stencil" : {
      "id" : "Arc"
    },
    "outgoing" : [ {
      "resourceId" : "sid-2007FEAA-306F-4D66-8B6F-70B5DD356001"
    } ],
    "formats" : {
    },
    "glossaryLinks" : {
    }
  }, {
    "bounds" : {
      "lowerRight" : {
        "y" : 158,
        "x" : 460
      },
      "upperLeft" : {
        "y" : 118,
        "x" : 420
      }
    },
    "dockers" : [ ],
    "resourceId" : "sid-1DB5C01E-EDCD-4DE5-A5E2-C4F38B021E88",
    "labels" : [ ],
    "layers" : [ ],
    "childShapes" : [ ],
    "properties" : {
      "id" : "",
      "title" : "D",
      "communicationtype" : "Default",
      "communicationchannel" : "",
      "guard" : "",
      "oform" : "",
      "omodel" : "",
      "firetype" : "Automatic",
      "href" : ""
    },
    "stencil" : {
      "id" : "Transition"
    },
    "outgoing" : [ {
      "resourceId" : "sid-9377E937-64AB-48A5-A7AE-B9BB4BB11BA0"
    }, {
      "resourceId" : "sid-D1FA4E35-F2E2-47B0-8BD3-6D1F49578DC3"
    }, {
      "resourceId" : "sid-EBA7DFEF-7512-41CE-9A32-76ABA77B06D9"
    } ],
    "formats" : {
    },
    "glossaryLinks" : {
    }
  }, {
    "bounds" : {
      "lowerRight" : {
        "y" : 290,
        "x" : 285
      },
      "upperLeft" : {
        "y" : 260,
        "x" : 255
      }
    },
    "dockers" : [ ],
    "resourceId" : "sid-0C81154E-5CD0-47EE-9211-B229167081CC",
    "labels" : [ ],
    "layers" : [ ],
    "childShapes" : [ ],
    "properties" : {
      "exttype" : "Push",
      "id" : "",
      "title" : "E",
      "external" : "false",
      "locatortypes" : "",
      "locatornames" : "",
      "numberoftokens_drawing" : "0",
      "numberoftokens_text" : "",
      "numberOfTokens" : "0",
      "locatorexpr" : "",
      "href" : ""
    },
    "stencil" : {
      "id" : "Place"
    },
    "outgoing" : [ {
      "resourceId" : "sid-BF3739C8-E3EF-4CF9-A3C0-DCCD2410C7DE"
    } ],
    "formats" : {
    },
    "glossaryLinks" : {
    }
  }, {
    "bounds" : {
      "lowerRight" : {
        "y" : 139.81636110819963,
        "x" : 419.07819419696926
      },
      "upperLeft" : {
        "y" : 138.24613889180037,
        "x" : 285.60930580303074
      }
    },
    "dockers" : [ {
      "y" : 15,
      "x" : 15
    }, {
      "y" : 20,
      "x" : 20
    } ],
    "resourceId" : "sid-86B2B6AD-B7A9-4A71-AC88-6CC6C4DFF9EB",
    "labels" : [ ],
    "layers" : [ ],
    "target" : {
      "resourceId" : "sid-1DB5C01E-EDCD-4DE5-A5E2-C4F38B021E88"
    },
    "childShapes" : [ ],
    "properties" : {
      "id" : "",
      "label" : "",
      "transformation" : ""
    },
    "stencil" : {
      "id" : "Arc"
    },
    "outgoing" : [ {
      "resourceId" : "sid-1DB5C01E-EDCD-4DE5-A5E2-C4F38B021E88"
    } ],
    "formats" : {
    },
    "glossaryLinks" : {
    }
  }, {
    "bounds" : {
      "lowerRight" : {
        "y" : 275,
        "x" : 254.2734375
      },
      "upperLeft" : {
        "y" : 275,
        "x" : 145
      }
    },
    "dockers" : [ {
      "y" : 20,
      "x" : 20
    }, {
      "y" : 15,
      "x" : 15
    } ],
    "resourceId" : "sid-646F171B-6FBB-42AE-B449-974E2F5ACCDD",
    "labels" : [ ],
    "layers" : [ ],
    "target" : {
      "resourceId" : "sid-0C81154E-5CD0-47EE-9211-B229167081CC"
    },
    "childShapes" : [ ],
    "properties" : {
      "id" : "",
      "label" : "",
      "transformation" : ""
    },
    "stencil" : {
      "id" : "Arc"
    },
    "outgoing" : [ {
      "resourceId" : "sid-0C81154E-5CD0-47EE-9211-B229167081CC"
    } ],
    "formats" : {
    },
    "glossaryLinks" : {
    }
  }, {
    "bounds" : {
      "lowerRight" : {
        "y" : 256.37931034482756,
        "x" : 258.50638727556867
      },
      "upperLeft" : {
        "y" : 150.70094977791885,
        "x" : 145
      }
    },
    "dockers" : [ {
      "y" : 15,
      "x" : 15
    }, {
      "y" : 20,
      "x" : 20
    } ],
    "resourceId" : "sid-D4F8C6F5-ED5E-4553-91E1-9DC6EF655E6C",
    "labels" : [ ],
    "layers" : [ ],
    "target" : {
      "resourceId" : "sid-29252BBE-9A38-4B1C-B7B7-528B953507BB"
    },
    "childShapes" : [ ],
    "properties" : {
      "id" : "",
      "label" : "",
      "transformation" : ""
    },
    "stencil" : {
      "id" : "Arc"
    },
    "outgoing" : [ {
      "resourceId" : "sid-29252BBE-9A38-4B1C-B7B7-528B953507BB"
    } ],
    "formats" : {
    },
    "glossaryLinks" : {
    }
  }, {
    "bounds" : {
      "lowerRight" : {
        "y" : 264.2990502220812,
        "x" : 258.50638727556867
      },
      "upperLeft" : {
        "y" : 158.6206896551724,
        "x" : 145
      }
    },
    "dockers" : [ {
      "y" : 15,
      "x" : 15
    }, {
      "y" : 20,
      "x" : 20
    } ],
    "resourceId" : "sid-BF3739C8-E3EF-4CF9-A3C0-DCCD2410C7DE",
    "labels" : [ ],
    "layers" : [ ],
    "target" : {
      "resourceId" : "sid-DFB82B84-B50D-47EE-B94C-E733FBF54DB2"
    },
    "childShapes" : [ ],
    "properties" : {
      "id" : "",
      "label" : "",
      "transformation" : ""
    },
    "stencil" : {
      "id" : "Arc"
    },
    "outgoing" : [ {
      "resourceId" : "sid-DFB82B84-B50D-47EE-B94C-E733FBF54DB2"
    } ],
    "formats" : {
    },
    "glossaryLinks" : {
    }
  }, {
    "bounds" : {
      "lowerRight" : {
        "y" : 360,
        "x" : 455
      },
      "upperLeft" : {
        "y" : 330,
        "x" : 425
      }
    },
    "dockers" : [ ],
    "resourceId" : "sid-8A2866E0-8F83-4709-95B6-693A6E1843BC",
    "labels" : [ ],
    "layers" : [ ],
    "childShapes" : [ ],
    "properties" : {
      "exttype" : "Push",
      "id" : "",
      "title" : "F",
      "external" : "false",
      "locatortypes" : "",
      "locatornames" : "",
      "numberoftokens_drawing" : "0",
      "numberoftokens_text" : "",
      "numberOfTokens" : "0",
      "locatorexpr" : "",
      "href" : ""
    },
    "stencil" : {
      "id" : "Place"
    },
    "outgoing" : [ {
      "resourceId" : "sid-7ED2A4DE-DA16-4995-8A43-BF67E48A6843"
    } ],
    "formats" : {
    },
    "glossaryLinks" : {
    }
  }, {
    "bounds" : {
      "lowerRight" : {
        "y" : 329.4453125,
        "x" : 440
      },
      "upperLeft" : {
        "y" : 158,
        "x" : 440
      }
    },
    "dockers" : [ {
      "y" : 15,
      "x" : 15
    }, {
      "y" : 20,
      "x" : 20
    } ],
    "resourceId" : "sid-7ED2A4DE-DA16-4995-8A43-BF67E48A6843",
    "labels" : [ ],
    "layers" : [ ],
    "target" : {
      "resourceId" : "sid-1DB5C01E-EDCD-4DE5-A5E2-C4F38B021E88"
    },
    "childShapes" : [ ],
    "properties" : {
      "id" : "",
      "label" : "",
      "transformation" : ""
    },
    "stencil" : {
      "id" : "Arc"
    },
    "outgoing" : [ {
      "resourceId" : "sid-1DB5C01E-EDCD-4DE5-A5E2-C4F38B021E88"
    } ],
    "formats" : {
    },
    "glossaryLinks" : {
    }
  }, {
    "bounds" : {
      "lowerRight" : {
        "y" : 360,
        "x" : 555
      },
      "upperLeft" : {
        "y" : 330,
        "x" : 525
      }
    },
    "dockers" : [ ],
    "resourceId" : "sid-7EF8D3C6-47A4-4C4C-B066-7CF11388A5EB",
    "labels" : [ ],
    "layers" : [ ],
    "childShapes" : [ ],
    "properties" : {
      "exttype" : "Push",
      "id" : "",
      "title" : "G",
      "external" : "false",
      "locatortypes" : "",
      "locatornames" : "",
      "numberoftokens_drawing" : "0",
      "numberoftokens_text" : "",
      "numberOfTokens" : "0",
      "locatorexpr" : "",
      "href" : ""
    },
    "stencil" : {
      "id" : "Place"
    },
    "outgoing" : [ ],
    "formats" : {
    },
    "glossaryLinks" : {
    }
  }, {
    "bounds" : {
      "lowerRight" : {
        "y" : 331.16206584862715,
        "x" : 533.3150076563417
      },
      "upperLeft" : {
        "y" : 158,
        "x" : 449.66183574879227
      }
    },
    "dockers" : [ {
      "y" : 20,
      "x" : 20
    }, {
      "y" : 15,
      "x" : 15
    } ],
    "resourceId" : "sid-D1FA4E35-F2E2-47B0-8BD3-6D1F49578DC3",
    "labels" : [ ],
    "layers" : [ ],
    "target" : {
      "resourceId" : "sid-7EF8D3C6-47A4-4C4C-B066-7CF11388A5EB"
    },
    "childShapes" : [ ],
    "properties" : {
      "id" : "",
      "label" : "",
      "transformation" : ""
    },
    "stencil" : {
      "id" : "Arc"
    },
    "outgoing" : [ {
      "resourceId" : "sid-7EF8D3C6-47A4-4C4C-B066-7CF11388A5EB"
    } ],
    "formats" : {
    },
    "glossaryLinks" : {
    }
  }, {
    "bounds" : {
      "lowerRight" : {
        "y" : 255,
        "x" : 555
      },
      "upperLeft" : {
        "y" : 225,
        "x" : 525
      }
    },
    "dockers" : [ ],
    "resourceId" : "sid-547F9BA9-ABE4-4BE5-8B36-0212E2418F61",
    "labels" : [ ],
    "layers" : [ ],
    "childShapes" : [ ],
    "properties" : {
      "exttype" : "Push",
      "id" : "",
      "title" : "H",
      "external" : "false",
      "locatortypes" : "",
      "locatornames" : "",
      "numberoftokens_drawing" : "0",
      "numberoftokens_text" : "",
      "numberOfTokens" : "0",
      "locatorexpr" : "",
      "href" : ""
    },
    "stencil" : {
      "id" : "Place"
    },
    "outgoing" : [ {
      "resourceId" : "sid-9D086953-DBCE-4D2D-9393-8A469560214F"
    } ],
    "formats" : {
    },
    "glossaryLinks" : {
    }
  }, {
    "bounds" : {
      "lowerRight" : {
        "y" : 228.9265521608554,
        "x" : 529.1436785890739
      },
      "upperLeft" : {
        "y" : 158,
        "x" : 459.6078431372549
      }
    },
    "dockers" : [ {
      "y" : 15,
      "x" : 15
    }, {
      "y" : 20,
      "x" : 20
    } ],
    "resourceId" : "sid-9D086953-DBCE-4D2D-9393-8A469560214F",
    "labels" : [ ],
    "layers" : [ ],
    "target" : {
      "resourceId" : "sid-1DB5C01E-EDCD-4DE5-A5E2-C4F38B021E88"
    },
    "childShapes" : [ ],
    "properties" : {
      "id" : "",
      "label" : "",
      "transformation" : ""
    },
    "stencil" : {
      "id" : "Arc"
    },
    "outgoing" : [ {
      "resourceId" : "sid-1DB5C01E-EDCD-4DE5-A5E2-C4F38B021E88"
    } ],
    "formats" : {
    },
    "glossaryLinks" : {
    }
  }, {
    "bounds" : {
      "lowerRight" : {
        "y" : 153,
        "x" : 555
      },
      "upperLeft" : {
        "y" : 123,
        "x" : 525
      }
    },
    "dockers" : [ ],
    "resourceId" : "sid-8B048CF1-06A8-40E6-A7E6-AA68F54815FB",
    "labels" : [ ],
    "layers" : [ ],
    "childShapes" : [ ],
    "properties" : {
      "exttype" : "Push",
      "id" : "",
      "title" : "I",
      "external" : "false",
      "locatortypes" : "",
      "locatornames" : "",
      "numberoftokens_drawing" : "0",
      "numberoftokens_text" : "",
      "numberOfTokens" : "0",
      "locatorexpr" : "",
      "href" : ""
    },
    "stencil" : {
      "id" : "Place"
    },
    "outgoing" : [ {
      "resourceId" : "sid-866E803D-4A7B-4502-8FE4-2711D36504B2"
    } ],
    "formats" : {
    },
    "glossaryLinks" : {
    }
  }, {
    "bounds" : {
      "lowerRight" : {
        "y" : 138,
        "x" : 524.9375
      },
      "upperLeft" : {
        "y" : 138,
        "x" : 460
      }
    },
    "dockers" : [ {
      "y" : 20,
      "x" : 20
    }, {
      "y" : 15,
      "x" : 15
    } ],
    "resourceId" : "sid-EBA7DFEF-7512-41CE-9A32-76ABA77B06D9",
    "labels" : [ ],
    "layers" : [ ],
    "target" : {
      "resourceId" : "sid-8B048CF1-06A8-40E6-A7E6-AA68F54815FB"
    },
    "childShapes" : [ ],
    "properties" : {
      "id" : "",
      "label" : "",
      "transformation" : ""
    },
    "stencil" : {
      "id" : "Arc"
    },
    "outgoing" : [ {
      "resourceId" : "sid-8B048CF1-06A8-40E6-A7E6-AA68F54815FB"
    } ],
    "formats" : {
    },
    "glossaryLinks" : {
    }
  }, {
    "bounds" : {
      "lowerRight" : {
        "y" : 158,
        "x" : 685
      },
      "upperLeft" : {
        "y" : 118,
        "x" : 645
      }
    },
    "dockers" : [ ],
    "resourceId" : "sid-88163021-9078-4FB4-9F1B-F49627242288",
    "labels" : [ ],
    "layers" : [ ],
    "childShapes" : [ ],
    "properties" : {
      "id" : "",
      "title" : "J",
      "communicationtype" : "Default",
      "communicationchannel" : "",
      "guard" : "",
      "oform" : "",
      "omodel" : "",
      "firetype" : "Automatic",
      "href" : ""
    },
    "stencil" : {
      "id" : "Transition"
    },
    "outgoing" : [ {
      "resourceId" : "sid-82EDB89F-C84B-4D42-B5F9-F3FAD928BB8E"
    }, {
      "resourceId" : "sid-1CAA5AFE-3F8E-46ED-BDC8-A85688312320"
    } ],
    "formats" : {
    },
    "glossaryLinks" : {
    }
  }, {
    "bounds" : {
      "lowerRight" : {
        "y" : 138,
        "x" : 644.46875
      },
      "upperLeft" : {
        "y" : 138,
        "x" : 555.6484375
      }
    },
    "dockers" : [ {
      "y" : 15,
      "x" : 15
    }, {
      "y" : 20,
      "x" : 20
    } ],
    "resourceId" : "sid-866E803D-4A7B-4502-8FE4-2711D36504B2",
    "labels" : [ ],
    "layers" : [ ],
    "target" : {
      "resourceId" : "sid-88163021-9078-4FB4-9F1B-F49627242288"
    },
    "childShapes" : [ ],
    "properties" : {
      "id" : "",
      "label" : "",
      "transformation" : ""
    },
    "stencil" : {
      "id" : "Arc"
    },
    "outgoing" : [ {
      "resourceId" : "sid-88163021-9078-4FB4-9F1B-F49627242288"
    } ],
    "formats" : {
    },
    "glossaryLinks" : {
    }
  }, {
    "bounds" : {
      "lowerRight" : {
        "y" : 45,
        "x" : 585
      },
      "upperLeft" : {
        "y" : 15,
        "x" : 555
      }
    },
    "dockers" : [ ],
    "resourceId" : "sid-781FB94A-BDDB-41FB-885D-2E5214F9001B",
    "labels" : [ ],
    "layers" : [ ],
    "childShapes" : [ ],
    "properties" : {
      "exttype" : "Push",
      "id" : "",
      "title" : "K",
      "external" : "false",
      "locatortypes" : "",
      "locatornames" : "",
      "numberoftokens_drawing" : "0",
      "numberoftokens_text" : "",
      "numberOfTokens" : "0",
      "locatorexpr" : "",
      "href" : ""
    },
    "stencil" : {
      "id" : "Place"
    },
    "outgoing" : [ {
      "resourceId" : "sid-D30352BE-4A50-4CF5-AF58-8695797D6B1F"
    } ],
    "formats" : {
    },
    "glossaryLinks" : {
    }
  }, {
    "bounds" : {
      "lowerRight" : {
        "y" : 117.84289858129897,
        "x" : 647.2692163446611
      },
      "upperLeft" : {
        "y" : 41.719601418701025,
        "x" : 580.3089086553389
      }
    },
    "dockers" : [ {
      "y" : 15,
      "x" : 15
    }, {
      "y" : 20,
      "x" : 20
    } ],
    "resourceId" : "sid-D30352BE-4A50-4CF5-AF58-8695797D6B1F",
    "labels" : [ ],
    "layers" : [ ],
    "target" : {
      "resourceId" : "sid-88163021-9078-4FB4-9F1B-F49627242288"
    },
    "childShapes" : [ ],
    "properties" : {
      "id" : "",
      "label" : "",
      "transformation" : ""
    },
    "stencil" : {
      "id" : "Arc"
    },
    "outgoing" : [ {
      "resourceId" : "sid-88163021-9078-4FB4-9F1B-F49627242288"
    } ],
    "formats" : {
    },
    "glossaryLinks" : {
    }
  }, {
    "bounds" : {
      "lowerRight" : {
        "y" : 153,
        "x" : 795
      },
      "upperLeft" : {
        "y" : 123,
        "x" : 765
      }
    },
    "dockers" : [ ],
    "resourceId" : "sid-18C11BAD-D2FB-4007-B37C-4B1B1A918494",
    "labels" : [ ],
    "layers" : [ ],
    "childShapes" : [ ],
    "properties" : {
      "exttype" : "Push",
      "id" : "",
      "title" : "L",
      "external" : "false",
      "locatortypes" : "",
      "locatornames" : "",
      "numberoftokens_drawing" : "0",
      "numberoftokens_text" : "",
      "numberOfTokens" : "0",
      "locatorexpr" : "",
      "href" : ""
    },
    "stencil" : {
      "id" : "Place"
    },
    "outgoing" : [ {
      "resourceId" : "sid-951745F3-A9B3-4A21-B074-8E57F6B66D5B"
    } ],
    "formats" : {
    },
    "glossaryLinks" : {
    }
  }, {
    "bounds" : {
      "lowerRight" : {
        "y" : 138,
        "x" : 764.625
      },
      "upperLeft" : {
        "y" : 138,
        "x" : 685
      }
    },
    "dockers" : [ {
      "y" : 20,
      "x" : 20
    }, {
      "y" : 15,
      "x" : 15
    } ],
    "resourceId" : "sid-1CAA5AFE-3F8E-46ED-BDC8-A85688312320",
    "labels" : [ ],
    "layers" : [ ],
    "target" : {
      "resourceId" : "sid-18C11BAD-D2FB-4007-B37C-4B1B1A918494"
    },
    "childShapes" : [ ],
    "properties" : {
      "id" : "",
      "label" : "",
      "transformation" : ""
    },
    "stencil" : {
      "id" : "Arc"
    },
    "outgoing" : [ {
      "resourceId" : "sid-18C11BAD-D2FB-4007-B37C-4B1B1A918494"
    } ],
    "formats" : {
    },
    "glossaryLinks" : {
    }
  }, {
    "bounds" : {
      "lowerRight" : {
        "y" : 160,
        "x" : 925
      },
      "upperLeft" : {
        "y" : 120,
        "x" : 885
      }
    },
    "dockers" : [ ],
    "resourceId" : "sid-E1BB1378-7530-43C9-AB04-3312F9D9C50A",
    "labels" : [ ],
    "layers" : [ ],
    "childShapes" : [ ],
    "properties" : {
      "id" : "",
      "title" : "M",
      "communicationtype" : "Default",
      "communicationchannel" : "",
      "guard" : "",
      "oform" : "",
      "omodel" : "",
      "firetype" : "Automatic",
      "href" : ""
    },
    "stencil" : {
      "id" : "Transition"
    },
    "outgoing" : [ ],
    "formats" : {
    },
    "glossaryLinks" : {
    }
  }, {
    "bounds" : {
      "lowerRight" : {
        "y" : 139.67150204760688,
        "x" : 884.4688779754292
      },
      "upperLeft" : {
        "y" : 138.25037295239312,
        "x" : 795.6483095245708
      }
    },
    "dockers" : [ {
      "y" : 15,
      "x" : 15
    }, {
      "y" : 20,
      "x" : 20
    } ],
    "resourceId" : "sid-951745F3-A9B3-4A21-B074-8E57F6B66D5B",
    "labels" : [ ],
    "layers" : [ ],
    "target" : {
      "resourceId" : "sid-E1BB1378-7530-43C9-AB04-3312F9D9C50A"
    },
    "childShapes" : [ ],
    "properties" : {
      "id" : "",
      "label" : "",
      "transformation" : ""
    },
    "stencil" : {
      "id" : "Arc"
    },
    "outgoing" : [ {
      "resourceId" : "sid-E1BB1378-7530-43C9-AB04-3312F9D9C50A"
    } ],
    "formats" : {
    },
    "glossaryLinks" : {
    }
  }, {
    "bounds" : {
      "lowerRight" : {
        "y" : 240,
        "x" : 658.7254901960785
      },
      "upperLeft" : {
        "y" : 158,
        "x" : 555.53125
      }
    },
    "dockers" : [ {
      "y" : 20,
      "x" : 20
    }, {
      "y" : 240,
      "x" : 633
    }, {
      "y" : 15,
      "x" : 15
    } ],
    "resourceId" : "sid-82EDB89F-C84B-4D42-B5F9-F3FAD928BB8E",
    "labels" : [ ],
    "layers" : [ ],
    "target" : {
      "resourceId" : "sid-547F9BA9-ABE4-4BE5-8B36-0212E2418F61"
    },
    "childShapes" : [ ],
    "properties" : {
      "id" : "",
      "label" : "",
      "transformation" : ""
    },
    "stencil" : {
      "id" : "Arc"
    },
    "outgoing" : [ {
      "resourceId" : "sid-547F9BA9-ABE4-4BE5-8B36-0212E2418F61"
    } ],
    "formats" : {
    },
    "glossaryLinks" : {
    }
  }, {
    "bounds" : {
      "lowerRight" : {
        "y" : 275,
        "x" : 428.1751824817518
      },
      "upperLeft" : {
        "y" : 158,
        "x" : 285.6015625
      }
    },
    "dockers" : [ {
      "y" : 20,
      "x" : 20
    }, {
      "y" : 275,
      "x" : 359
    }, {
      "y" : 15,
      "x" : 15
    } ],
    "resourceId" : "sid-9377E937-64AB-48A5-A7AE-B9BB4BB11BA0",
    "labels" : [ ],
    "layers" : [ ],
    "target" : {
      "resourceId" : "sid-0C81154E-5CD0-47EE-9211-B229167081CC"
    },
    "childShapes" : [ ],
    "properties" : {
      "id" : "",
      "label" : "",
      "transformation" : ""
    },
    "stencil" : {
      "id" : "Arc"
    },
    "outgoing" : [ {
      "resourceId" : "sid-0C81154E-5CD0-47EE-9211-B229167081CC"
    } ],
    "formats" : {
    },
    "glossaryLinks" : {
    }
  } ],
  "properties" : {
    "author" : "",
    "title" : "",
    "engine" : "false",
    "modificationdate" : "10/07/07",
    "documentation" : "",
    "language" : "English",
    "creationdate" : "10/07/07",
    "version" : ""
  },
  "stencilset" : {
    "url" : "/stencilsets/petrinets/petrinet.json?version=5.0.0",
    "namespace" : "http://b3mn.org/stencilset/petrinet#"
  },
  "ssextensions" : [ ],
  "offset" : {
    "y" : 10,
    "x" : 0
  },
  "stencil" : {
    "id" : "Diagram"
  },
  "formats" : {
  }
}