{
  "revision" : {
    "creationDate" : null,
    "elementCounts" : {
      "total" : 29,
      "Place" : 8,
      "Arc" : 15,
      "Transition" : 5,
      "Diagram" : 1
    },
    "connectedness" : 100,
    "isLastRevision" : "true",
    "revisionNumber" : 3
  },
  "model" : {
    "modelingLanguage" : "petrinet",
    "numberOfRevisions" : 3,
    "naturalLanguage" : "de",
    "timestampModelCollection" : null,
    "directoryId" : "893399450",
    "groupName" : "PetriNet",
    "modelDate" : "2012-08-30",
    "modelName" : "1041300068",
    "modelId" : "1041300068"
  }
}