{
  "revision" : {
    "creationDate" : null,
    "elementCounts" : {
      "total" : 62,
      "Place" : 16,
      "Arc" : 34,
      "Transition" : 11,
      "Diagram" : 1
    },
    "connectedness" : 100,
    "isLastRevision" : "true",
    "revisionNumber" : 1
  },
  "model" : {
    "modelingLanguage" : "petrinet",
    "numberOfRevisions" : 1,
    "naturalLanguage" : "fr",
    "timestampModelCollection" : null,
    "directoryId" : "1389481703",
    "groupName" : "PetriNet",
    "modelDate" : "2012-03-19",
    "modelName" : "Merel5.1",
    "modelId" : "107311811"
  }
}