{
  "bounds" : {
    "lowerRight" : {
      "y" : 1050,
      "x" : 1485
    },
    "upperLeft" : {
      "y" : 0,
      "x" : 0
    }
  },
  "resourceId" : "canvas",
  "childShapes" : [ {
    "bounds" : {
      "lowerRight" : {
        "y" : 225,
        "x" : 90
      },
      "upperLeft" : {
        "y" : 195,
        "x" : 60
      }
    },
    "dockers" : [ ],
    "resourceId" : "sid-42C6597D-26D0-430D-9C4A-12AA7D2C72B3",
    "labels" : [ ],
    "layers" : [ ],
    "childShapes" : [ ],
    "properties" : {
      "exttype" : "Push",
      "id" : "",
      "title" : "",
      "external" : "false",
      "locatortypes" : "",
      "locatornames" : "",
      "numberoftokens_drawing" : "0",
      "numberoftokens_text" : "",
      "numberOfTokens" : "0",
      "locatorexpr" : "",
      "href" : ""
    },
    "stencil" : {
      "id" : "Place"
    },
    "outgoing" : [ {
      "resourceId" : "sid-5034D160-DAAB-4D23-8A6E-93A830530E6E"
    } ],
    "formats" : {
    },
    "glossaryLinks" : {
    }
  }, {
    "bounds" : {
      "lowerRight" : {
        "y" : 230,
        "x" : 190
      },
      "upperLeft" : {
        "y" : 190,
        "x" : 150
      }
    },
    "dockers" : [ ],
    "resourceId" : "sid-10417124-3356-46EB-B045-BBE900DDAAC8",
    "labels" : [ ],
    "layers" : [ ],
    "childShapes" : [ ],
    "properties" : {
      "id" : "",
      "title" : "A",
      "communicationtype" : "Default",
      "communicationchannel" : "",
      "guard" : "",
      "oform" : "",
      "omodel" : "",
      "firetype" : "Automatic",
      "href" : ""
    },
    "stencil" : {
      "id" : "Transition"
    },
    "outgoing" : [ {
      "resourceId" : "sid-B875B513-0C2C-47CA-BDB4-9424BF43D188"
    }, {
      "resourceId" : "sid-A5FD685B-8642-4EAA-9094-5F0AE9688795"
    } ],
    "formats" : {
    },
    "glossaryLinks" : {
    }
  }, {
    "bounds" : {
      "lowerRight" : {
        "y" : 150,
        "x" : 185
      },
      "upperLeft" : {
        "y" : 120,
        "x" : 155
      }
    },
    "dockers" : [ ],
    "resourceId" : "sid-DFD4AF55-766A-4445-9F43-61293F0594B2",
    "labels" : [ ],
    "layers" : [ ],
    "childShapes" : [ ],
    "properties" : {
      "exttype" : "Push",
      "id" : "",
      "title" : "",
      "external" : "false",
      "locatortypes" : "",
      "locatornames" : "",
      "numberoftokens_drawing" : "0",
      "numberoftokens_text" : "",
      "numberOfTokens" : "0",
      "locatorexpr" : "",
      "href" : ""
    },
    "stencil" : {
      "id" : "Place"
    },
    "outgoing" : [ {
      "resourceId" : "sid-BD5683D1-965E-4B48-9F1E-C5A99A352BEB"
    } ],
    "formats" : {
    },
    "glossaryLinks" : {
    }
  }, {
    "bounds" : {
      "lowerRight" : {
        "y" : 189.078125,
        "x" : 170
      },
      "upperLeft" : {
        "y" : 150.0625,
        "x" : 170
      }
    },
    "dockers" : [ {
      "y" : 20,
      "x" : 20
    }, {
      "y" : 15,
      "x" : 15
    } ],
    "resourceId" : "sid-B875B513-0C2C-47CA-BDB4-9424BF43D188",
    "labels" : [ ],
    "layers" : [ ],
    "target" : {
      "resourceId" : "sid-DFD4AF55-766A-4445-9F43-61293F0594B2"
    },
    "childShapes" : [ ],
    "properties" : {
      "id" : "",
      "label" : "",
      "transformation" : ""
    },
    "stencil" : {
      "id" : "Arc"
    },
    "outgoing" : [ {
      "resourceId" : "sid-DFD4AF55-766A-4445-9F43-61293F0594B2"
    } ],
    "formats" : {
    },
    "glossaryLinks" : {
    }
  }, {
    "bounds" : {
      "lowerRight" : {
        "y" : 300,
        "x" : 185
      },
      "upperLeft" : {
        "y" : 270,
        "x" : 155
      }
    },
    "dockers" : [ ],
    "resourceId" : "sid-6FF9EFE7-8639-4432-B24D-1CC962F43512",
    "labels" : [ ],
    "layers" : [ ],
    "childShapes" : [ ],
    "properties" : {
      "exttype" : "Push",
      "id" : "",
      "title" : "",
      "external" : "false",
      "locatortypes" : "",
      "locatornames" : "",
      "numberoftokens_drawing" : "0",
      "numberoftokens_text" : "",
      "numberOfTokens" : "0",
      "locatorexpr" : "",
      "href" : ""
    },
    "stencil" : {
      "id" : "Place"
    },
    "outgoing" : [ {
      "resourceId" : "sid-D7832651-2AEF-42A7-B8D4-705C69DCC95C"
    } ],
    "formats" : {
    },
    "glossaryLinks" : {
    }
  }, {
    "bounds" : {
      "lowerRight" : {
        "y" : 269.9375,
        "x" : 170
      },
      "upperLeft" : {
        "y" : 230,
        "x" : 170
      }
    },
    "dockers" : [ {
      "y" : 20,
      "x" : 20
    }, {
      "y" : 15,
      "x" : 15
    } ],
    "resourceId" : "sid-A5FD685B-8642-4EAA-9094-5F0AE9688795",
    "labels" : [ ],
    "layers" : [ ],
    "target" : {
      "resourceId" : "sid-6FF9EFE7-8639-4432-B24D-1CC962F43512"
    },
    "childShapes" : [ ],
    "properties" : {
      "id" : "",
      "label" : "",
      "transformation" : ""
    },
    "stencil" : {
      "id" : "Arc"
    },
    "outgoing" : [ {
      "resourceId" : "sid-6FF9EFE7-8639-4432-B24D-1CC962F43512"
    } ],
    "formats" : {
    },
    "glossaryLinks" : {
    }
  }, {
    "bounds" : {
      "lowerRight" : {
        "y" : 305,
        "x" : 280
      },
      "upperLeft" : {
        "y" : 265,
        "x" : 240
      }
    },
    "dockers" : [ ],
    "resourceId" : "sid-9CD864CD-EC68-40E1-8384-7536CAAB6A96",
    "labels" : [ ],
    "layers" : [ ],
    "childShapes" : [ ],
    "properties" : {
      "id" : "",
      "title" : "B",
      "communicationtype" : "Default",
      "communicationchannel" : "",
      "guard" : "",
      "oform" : "",
      "omodel" : "",
      "firetype" : "Automatic",
      "href" : ""
    },
    "stencil" : {
      "id" : "Transition"
    },
    "outgoing" : [ {
      "resourceId" : "sid-19E33E6C-0158-400B-909E-41DE23952A16"
    } ],
    "formats" : {
    },
    "glossaryLinks" : {
    }
  }, {
    "bounds" : {
      "lowerRight" : {
        "y" : 285,
        "x" : 239.3125
      },
      "upperLeft" : {
        "y" : 285,
        "x" : 185.0625
      }
    },
    "dockers" : [ {
      "y" : 15,
      "x" : 15
    }, {
      "y" : 20,
      "x" : 20
    } ],
    "resourceId" : "sid-D7832651-2AEF-42A7-B8D4-705C69DCC95C",
    "labels" : [ ],
    "layers" : [ ],
    "target" : {
      "resourceId" : "sid-9CD864CD-EC68-40E1-8384-7536CAAB6A96"
    },
    "childShapes" : [ ],
    "properties" : {
      "id" : "",
      "label" : "",
      "transformation" : ""
    },
    "stencil" : {
      "id" : "Arc"
    },
    "outgoing" : [ {
      "resourceId" : "sid-9CD864CD-EC68-40E1-8384-7536CAAB6A96"
    } ],
    "formats" : {
    },
    "glossaryLinks" : {
    }
  }, {
    "bounds" : {
      "lowerRight" : {
        "y" : 300,
        "x" : 360
      },
      "upperLeft" : {
        "y" : 270,
        "x" : 330
      }
    },
    "dockers" : [ ],
    "resourceId" : "sid-581813A6-BE5A-47EA-B102-B9C193B15F23",
    "labels" : [ ],
    "layers" : [ ],
    "childShapes" : [ ],
    "properties" : {
      "exttype" : "Push",
      "id" : "",
      "title" : "",
      "external" : "false",
      "locatortypes" : "",
      "locatornames" : "",
      "numberoftokens_drawing" : "0",
      "numberoftokens_text" : "",
      "numberOfTokens" : "0",
      "locatorexpr" : "",
      "href" : ""
    },
    "stencil" : {
      "id" : "Place"
    },
    "outgoing" : [ {
      "resourceId" : "sid-C5CD17D9-22AB-4715-8F59-B6D71CE40584"
    } ],
    "formats" : {
    },
    "glossaryLinks" : {
    }
  }, {
    "bounds" : {
      "lowerRight" : {
        "y" : 285,
        "x" : 329.390625
      },
      "upperLeft" : {
        "y" : 285,
        "x" : 280
      }
    },
    "dockers" : [ {
      "y" : 20,
      "x" : 20
    }, {
      "y" : 15,
      "x" : 15
    } ],
    "resourceId" : "sid-19E33E6C-0158-400B-909E-41DE23952A16",
    "labels" : [ ],
    "layers" : [ ],
    "target" : {
      "resourceId" : "sid-581813A6-BE5A-47EA-B102-B9C193B15F23"
    },
    "childShapes" : [ ],
    "properties" : {
      "id" : "",
      "label" : "",
      "transformation" : ""
    },
    "stencil" : {
      "id" : "Arc"
    },
    "outgoing" : [ {
      "resourceId" : "sid-581813A6-BE5A-47EA-B102-B9C193B15F23"
    } ],
    "formats" : {
    },
    "glossaryLinks" : {
    }
  }, {
    "bounds" : {
      "lowerRight" : {
        "y" : 155,
        "x" : 280
      },
      "upperLeft" : {
        "y" : 115,
        "x" : 240
      }
    },
    "dockers" : [ ],
    "resourceId" : "sid-42C10763-1089-41B5-90E7-12C757DD1829",
    "labels" : [ ],
    "layers" : [ ],
    "childShapes" : [ ],
    "properties" : {
      "id" : "",
      "title" : "C",
      "communicationtype" : "Default",
      "communicationchannel" : "",
      "guard" : "",
      "oform" : "",
      "omodel" : "",
      "firetype" : "Automatic",
      "href" : ""
    },
    "stencil" : {
      "id" : "Transition"
    },
    "outgoing" : [ {
      "resourceId" : "sid-2BDD629E-6378-4E9E-86F0-10A00DDD377E"
    } ],
    "formats" : {
    },
    "glossaryLinks" : {
    }
  }, {
    "bounds" : {
      "lowerRight" : {
        "y" : 135,
        "x" : 239.3125
      },
      "upperLeft" : {
        "y" : 135,
        "x" : 185.0625
      }
    },
    "dockers" : [ {
      "y" : 15,
      "x" : 15
    }, {
      "y" : 20,
      "x" : 20
    } ],
    "resourceId" : "sid-BD5683D1-965E-4B48-9F1E-C5A99A352BEB",
    "labels" : [ ],
    "layers" : [ ],
    "target" : {
      "resourceId" : "sid-42C10763-1089-41B5-90E7-12C757DD1829"
    },
    "childShapes" : [ ],
    "properties" : {
      "id" : "",
      "label" : "",
      "transformation" : ""
    },
    "stencil" : {
      "id" : "Arc"
    },
    "outgoing" : [ {
      "resourceId" : "sid-42C10763-1089-41B5-90E7-12C757DD1829"
    } ],
    "formats" : {
    },
    "glossaryLinks" : {
    }
  }, {
    "bounds" : {
      "lowerRight" : {
        "y" : 150,
        "x" : 360
      },
      "upperLeft" : {
        "y" : 120,
        "x" : 330
      }
    },
    "dockers" : [ ],
    "resourceId" : "sid-F138446B-9472-44A0-827E-F0EB1440CA9C",
    "labels" : [ ],
    "layers" : [ ],
    "childShapes" : [ ],
    "properties" : {
      "exttype" : "Push",
      "id" : "",
      "title" : "",
      "external" : "false",
      "locatortypes" : "",
      "locatornames" : "",
      "numberoftokens_drawing" : "0",
      "numberoftokens_text" : "",
      "numberOfTokens" : "0",
      "locatorexpr" : "",
      "href" : ""
    },
    "stencil" : {
      "id" : "Place"
    },
    "outgoing" : [ {
      "resourceId" : "sid-3C6DE28B-74B1-4A3D-AD8E-4AB667B1A384"
    } ],
    "formats" : {
    },
    "glossaryLinks" : {
    }
  }, {
    "bounds" : {
      "lowerRight" : {
        "y" : 135,
        "x" : 329.390625
      },
      "upperLeft" : {
        "y" : 135,
        "x" : 280
      }
    },
    "dockers" : [ {
      "y" : 20,
      "x" : 20
    }, {
      "y" : 15,
      "x" : 15
    } ],
    "resourceId" : "sid-2BDD629E-6378-4E9E-86F0-10A00DDD377E",
    "labels" : [ ],
    "layers" : [ ],
    "target" : {
      "resourceId" : "sid-F138446B-9472-44A0-827E-F0EB1440CA9C"
    },
    "childShapes" : [ ],
    "properties" : {
      "id" : "",
      "label" : "",
      "transformation" : ""
    },
    "stencil" : {
      "id" : "Arc"
    },
    "outgoing" : [ {
      "resourceId" : "sid-F138446B-9472-44A0-827E-F0EB1440CA9C"
    } ],
    "formats" : {
    },
    "glossaryLinks" : {
    }
  }, {
    "bounds" : {
      "lowerRight" : {
        "y" : 230,
        "x" : 365
      },
      "upperLeft" : {
        "y" : 190,
        "x" : 325
      }
    },
    "dockers" : [ ],
    "resourceId" : "sid-E76912BD-EC3E-4243-BAE5-0B05CFD2FCA7",
    "labels" : [ ],
    "layers" : [ ],
    "childShapes" : [ ],
    "properties" : {
      "id" : "",
      "title" : "D",
      "communicationtype" : "Default",
      "communicationchannel" : "",
      "guard" : "",
      "oform" : "",
      "omodel" : "",
      "firetype" : "Automatic",
      "href" : ""
    },
    "stencil" : {
      "id" : "Transition"
    },
    "outgoing" : [ {
      "resourceId" : "sid-35AA3FAD-0F25-4B7E-8B02-6DB50921D867"
    } ],
    "formats" : {
    },
    "glossaryLinks" : {
    }
  }, {
    "bounds" : {
      "lowerRight" : {
        "y" : 269.9375,
        "x" : 345
      },
      "upperLeft" : {
        "y" : 230,
        "x" : 345
      }
    },
    "dockers" : [ {
      "y" : 15,
      "x" : 15
    }, {
      "y" : 20,
      "x" : 20
    } ],
    "resourceId" : "sid-C5CD17D9-22AB-4715-8F59-B6D71CE40584",
    "labels" : [ ],
    "layers" : [ ],
    "target" : {
      "resourceId" : "sid-E76912BD-EC3E-4243-BAE5-0B05CFD2FCA7"
    },
    "childShapes" : [ ],
    "properties" : {
      "id" : "",
      "label" : "",
      "transformation" : ""
    },
    "stencil" : {
      "id" : "Arc"
    },
    "outgoing" : [ {
      "resourceId" : "sid-E76912BD-EC3E-4243-BAE5-0B05CFD2FCA7"
    } ],
    "formats" : {
    },
    "glossaryLinks" : {
    }
  }, {
    "bounds" : {
      "lowerRight" : {
        "y" : 189.078125,
        "x" : 345
      },
      "upperLeft" : {
        "y" : 150.0625,
        "x" : 345
      }
    },
    "dockers" : [ {
      "y" : 15,
      "x" : 15
    }, {
      "y" : 20,
      "x" : 20
    } ],
    "resourceId" : "sid-3C6DE28B-74B1-4A3D-AD8E-4AB667B1A384",
    "labels" : [ ],
    "layers" : [ ],
    "target" : {
      "resourceId" : "sid-E76912BD-EC3E-4243-BAE5-0B05CFD2FCA7"
    },
    "childShapes" : [ ],
    "properties" : {
      "id" : "",
      "label" : "",
      "transformation" : ""
    },
    "stencil" : {
      "id" : "Arc"
    },
    "outgoing" : [ {
      "resourceId" : "sid-E76912BD-EC3E-4243-BAE5-0B05CFD2FCA7"
    } ],
    "formats" : {
    },
    "glossaryLinks" : {
    }
  }, {
    "bounds" : {
      "lowerRight" : {
        "y" : 225,
        "x" : 450
      },
      "upperLeft" : {
        "y" : 195,
        "x" : 420
      }
    },
    "dockers" : [ ],
    "resourceId" : "sid-D6264092-E503-4BAE-8C57-D9AD263F8649",
    "labels" : [ ],
    "layers" : [ ],
    "childShapes" : [ ],
    "properties" : {
      "exttype" : "Push",
      "id" : "",
      "title" : "",
      "external" : "false",
      "locatortypes" : "",
      "locatornames" : "",
      "numberoftokens_drawing" : "0",
      "numberoftokens_text" : "",
      "numberOfTokens" : "0",
      "locatorexpr" : "",
      "href" : ""
    },
    "stencil" : {
      "id" : "Place"
    },
    "outgoing" : [ {
      "resourceId" : "sid-EE7220F9-6EFE-4D4A-9C33-E8D5A59973FB"
    } ],
    "formats" : {
    },
    "glossaryLinks" : {
    }
  }, {
    "bounds" : {
      "lowerRight" : {
        "y" : 210,
        "x" : 419.9375
      },
      "upperLeft" : {
        "y" : 210,
        "x" : 365
      }
    },
    "dockers" : [ {
      "y" : 20,
      "x" : 20
    }, {
      "y" : 15,
      "x" : 15
    } ],
    "resourceId" : "sid-35AA3FAD-0F25-4B7E-8B02-6DB50921D867",
    "labels" : [ ],
    "layers" : [ ],
    "target" : {
      "resourceId" : "sid-D6264092-E503-4BAE-8C57-D9AD263F8649"
    },
    "childShapes" : [ ],
    "properties" : {
      "id" : "",
      "label" : "",
      "transformation" : ""
    },
    "stencil" : {
      "id" : "Arc"
    },
    "outgoing" : [ {
      "resourceId" : "sid-D6264092-E503-4BAE-8C57-D9AD263F8649"
    } ],
    "formats" : {
    },
    "glossaryLinks" : {
    }
  }, {
    "bounds" : {
      "lowerRight" : {
        "y" : 230,
        "x" : 535
      },
      "upperLeft" : {
        "y" : 190,
        "x" : 495
      }
    },
    "dockers" : [ ],
    "resourceId" : "sid-33F4DFB9-B76A-49F1-BDDA-189ED06D0A3C",
    "labels" : [ ],
    "layers" : [ ],
    "childShapes" : [ ],
    "properties" : {
      "id" : "",
      "title" : "E",
      "communicationtype" : "Default",
      "communicationchannel" : "",
      "guard" : "",
      "oform" : "",
      "omodel" : "",
      "firetype" : "Automatic",
      "href" : ""
    },
    "stencil" : {
      "id" : "Transition"
    },
    "outgoing" : [ {
      "resourceId" : "sid-041B3BF0-8F80-464C-B1F5-74E73DB48DE1"
    } ],
    "formats" : {
    },
    "glossaryLinks" : {
    }
  }, {
    "bounds" : {
      "lowerRight" : {
        "y" : 210,
        "x" : 494.625
      },
      "upperLeft" : {
        "y" : 210,
        "x" : 450.375
      }
    },
    "dockers" : [ {
      "y" : 15,
      "x" : 15
    }, {
      "y" : 20,
      "x" : 20
    } ],
    "resourceId" : "sid-EE7220F9-6EFE-4D4A-9C33-E8D5A59973FB",
    "labels" : [ ],
    "layers" : [ ],
    "target" : {
      "resourceId" : "sid-33F4DFB9-B76A-49F1-BDDA-189ED06D0A3C"
    },
    "childShapes" : [ ],
    "properties" : {
      "id" : "",
      "label" : "",
      "transformation" : ""
    },
    "stencil" : {
      "id" : "Arc"
    },
    "outgoing" : [ {
      "resourceId" : "sid-33F4DFB9-B76A-49F1-BDDA-189ED06D0A3C"
    } ],
    "formats" : {
    },
    "glossaryLinks" : {
    }
  }, {
    "bounds" : {
      "lowerRight" : {
        "y" : 225,
        "x" : 615
      },
      "upperLeft" : {
        "y" : 195,
        "x" : 585
      }
    },
    "dockers" : [ ],
    "resourceId" : "sid-436784DE-A0A3-4D4E-B759-6D87DD70CEE5",
    "labels" : [ ],
    "layers" : [ ],
    "childShapes" : [ ],
    "properties" : {
      "exttype" : "Push",
      "id" : "",
      "title" : "",
      "external" : "false",
      "locatortypes" : "",
      "locatornames" : "",
      "numberoftokens_drawing" : "0",
      "numberoftokens_text" : "",
      "numberOfTokens" : "0",
      "locatorexpr" : "",
      "href" : ""
    },
    "stencil" : {
      "id" : "Place"
    },
    "outgoing" : [ {
      "resourceId" : "sid-90258C00-8494-4188-ADFB-E03EE667C58D"
    }, {
      "resourceId" : "sid-68FF3A09-4A24-487B-A76D-60ADC3780C6C"
    } ],
    "formats" : {
    },
    "glossaryLinks" : {
    }
  }, {
    "bounds" : {
      "lowerRight" : {
        "y" : 210,
        "x" : 584.390625
      },
      "upperLeft" : {
        "y" : 210,
        "x" : 535
      }
    },
    "dockers" : [ {
      "y" : 20,
      "x" : 20
    }, {
      "y" : 15,
      "x" : 15
    } ],
    "resourceId" : "sid-041B3BF0-8F80-464C-B1F5-74E73DB48DE1",
    "labels" : [ ],
    "layers" : [ ],
    "target" : {
      "resourceId" : "sid-436784DE-A0A3-4D4E-B759-6D87DD70CEE5"
    },
    "childShapes" : [ ],
    "properties" : {
      "id" : "",
      "label" : "",
      "transformation" : ""
    },
    "stencil" : {
      "id" : "Arc"
    },
    "outgoing" : [ {
      "resourceId" : "sid-436784DE-A0A3-4D4E-B759-6D87DD70CEE5"
    } ],
    "formats" : {
    },
    "glossaryLinks" : {
    }
  }, {
    "bounds" : {
      "lowerRight" : {
        "y" : 155,
        "x" : 685
      },
      "upperLeft" : {
        "y" : 115,
        "x" : 645
      }
    },
    "dockers" : [ ],
    "resourceId" : "sid-5CB4B942-39F1-4D19-B6CD-E3CC47141C8D",
    "labels" : [ ],
    "layers" : [ ],
    "childShapes" : [ ],
    "properties" : {
      "id" : "",
      "title" : "F",
      "communicationtype" : "Default",
      "communicationchannel" : "",
      "guard" : "",
      "oform" : "",
      "omodel" : "",
      "firetype" : "Automatic",
      "href" : ""
    },
    "stencil" : {
      "id" : "Transition"
    },
    "outgoing" : [ {
      "resourceId" : "sid-7BB0F113-3D1F-4E80-8D34-D373A567BF41"
    } ],
    "formats" : {
    },
    "glossaryLinks" : {
    }
  }, {
    "bounds" : {
      "lowerRight" : {
        "y" : 198.11149841721019,
        "x" : 647.6666666666666
      },
      "upperLeft" : {
        "y" : 155,
        "x" : 610.3033680384178
      }
    },
    "dockers" : [ {
      "y" : 15,
      "x" : 15
    }, {
      "y" : 20,
      "x" : 20
    } ],
    "resourceId" : "sid-90258C00-8494-4188-ADFB-E03EE667C58D",
    "labels" : [ ],
    "layers" : [ ],
    "target" : {
      "resourceId" : "sid-5CB4B942-39F1-4D19-B6CD-E3CC47141C8D"
    },
    "childShapes" : [ ],
    "properties" : {
      "id" : "",
      "label" : "",
      "transformation" : ""
    },
    "stencil" : {
      "id" : "Arc"
    },
    "outgoing" : [ {
      "resourceId" : "sid-5CB4B942-39F1-4D19-B6CD-E3CC47141C8D"
    } ],
    "formats" : {
    },
    "glossaryLinks" : {
    }
  }, {
    "bounds" : {
      "lowerRight" : {
        "y" : 305,
        "x" : 685
      },
      "upperLeft" : {
        "y" : 265,
        "x" : 645
      }
    },
    "dockers" : [ ],
    "resourceId" : "sid-05F2FF9B-4A25-4CB7-B23F-38CD4877ADF8",
    "labels" : [ ],
    "layers" : [ ],
    "childShapes" : [ ],
    "properties" : {
      "id" : "",
      "title" : "G",
      "communicationtype" : "Default",
      "communicationchannel" : "",
      "guard" : "",
      "oform" : "",
      "omodel" : "",
      "firetype" : "Automatic",
      "href" : ""
    },
    "stencil" : {
      "id" : "Transition"
    },
    "outgoing" : [ {
      "resourceId" : "sid-A7D2DBC4-ABB9-4031-BF0A-D170438DB781"
    } ],
    "formats" : {
    },
    "glossaryLinks" : {
    }
  }, {
    "bounds" : {
      "lowerRight" : {
        "y" : 264.32243591721016,
        "x" : 647.0794444615822
      },
      "upperLeft" : {
        "y" : 221.88850158278981,
        "x" : 610.3033680384178
      }
    },
    "dockers" : [ {
      "y" : 15,
      "x" : 15
    }, {
      "y" : 20,
      "x" : 20
    } ],
    "resourceId" : "sid-68FF3A09-4A24-487B-A76D-60ADC3780C6C",
    "labels" : [ ],
    "layers" : [ ],
    "target" : {
      "resourceId" : "sid-05F2FF9B-4A25-4CB7-B23F-38CD4877ADF8"
    },
    "childShapes" : [ ],
    "properties" : {
      "id" : "",
      "label" : "",
      "transformation" : ""
    },
    "stencil" : {
      "id" : "Arc"
    },
    "outgoing" : [ {
      "resourceId" : "sid-05F2FF9B-4A25-4CB7-B23F-38CD4877ADF8"
    } ],
    "formats" : {
    },
    "glossaryLinks" : {
    }
  }, {
    "bounds" : {
      "lowerRight" : {
        "y" : 225,
        "x" : 680
      },
      "upperLeft" : {
        "y" : 195,
        "x" : 650
      }
    },
    "dockers" : [ ],
    "resourceId" : "sid-5FE250B5-01EB-46A9-AAB1-7E21985B63C3",
    "labels" : [ ],
    "layers" : [ ],
    "childShapes" : [ ],
    "properties" : {
      "exttype" : "Push",
      "id" : "",
      "title" : "",
      "external" : "false",
      "locatortypes" : "",
      "locatornames" : "",
      "numberoftokens_drawing" : "0",
      "numberoftokens_text" : "",
      "numberOfTokens" : "0",
      "locatorexpr" : "",
      "href" : ""
    },
    "stencil" : {
      "id" : "Place"
    },
    "outgoing" : [ {
      "resourceId" : "sid-5FF60EDF-5958-4AF1-9F36-E6681548AEC9"
    } ],
    "formats" : {
    },
    "glossaryLinks" : {
    }
  }, {
    "bounds" : {
      "lowerRight" : {
        "y" : 264.078125,
        "x" : 665
      },
      "upperLeft" : {
        "y" : 225.0625,
        "x" : 665
      }
    },
    "dockers" : [ {
      "y" : 20,
      "x" : 20
    }, {
      "y" : 15,
      "x" : 15
    } ],
    "resourceId" : "sid-A7D2DBC4-ABB9-4031-BF0A-D170438DB781",
    "labels" : [ ],
    "layers" : [ ],
    "target" : {
      "resourceId" : "sid-5FE250B5-01EB-46A9-AAB1-7E21985B63C3"
    },
    "childShapes" : [ ],
    "properties" : {
      "id" : "",
      "label" : "",
      "transformation" : ""
    },
    "stencil" : {
      "id" : "Arc"
    },
    "outgoing" : [ {
      "resourceId" : "sid-5FE250B5-01EB-46A9-AAB1-7E21985B63C3"
    } ],
    "formats" : {
    },
    "glossaryLinks" : {
    }
  }, {
    "bounds" : {
      "lowerRight" : {
        "y" : 230,
        "x" : 775
      },
      "upperLeft" : {
        "y" : 190,
        "x" : 735
      }
    },
    "dockers" : [ ],
    "resourceId" : "sid-4CB21569-F76E-40E8-BFB3-B8C57E510EC7",
    "labels" : [ ],
    "layers" : [ ],
    "childShapes" : [ ],
    "properties" : {
      "id" : "",
      "title" : "H",
      "communicationtype" : "Default",
      "communicationchannel" : "",
      "guard" : "",
      "oform" : "",
      "omodel" : "",
      "firetype" : "Automatic",
      "href" : ""
    },
    "stencil" : {
      "id" : "Transition"
    },
    "outgoing" : [ {
      "resourceId" : "sid-ECA1ACB3-B0AD-4E9C-A64A-3FAE00E83735"
    } ],
    "formats" : {
    },
    "glossaryLinks" : {
    }
  }, {
    "bounds" : {
      "lowerRight" : {
        "y" : 210,
        "x" : 734.3125
      },
      "upperLeft" : {
        "y" : 210,
        "x" : 680.0625
      }
    },
    "dockers" : [ {
      "y" : 15,
      "x" : 15
    }, {
      "y" : 20,
      "x" : 20
    } ],
    "resourceId" : "sid-5FF60EDF-5958-4AF1-9F36-E6681548AEC9",
    "labels" : [ ],
    "layers" : [ ],
    "target" : {
      "resourceId" : "sid-4CB21569-F76E-40E8-BFB3-B8C57E510EC7"
    },
    "childShapes" : [ ],
    "properties" : {
      "id" : "",
      "label" : "",
      "transformation" : ""
    },
    "stencil" : {
      "id" : "Arc"
    },
    "outgoing" : [ {
      "resourceId" : "sid-4CB21569-F76E-40E8-BFB3-B8C57E510EC7"
    } ],
    "formats" : {
    },
    "glossaryLinks" : {
    }
  }, {
    "bounds" : {
      "lowerRight" : {
        "y" : 225,
        "x" : 870
      },
      "upperLeft" : {
        "y" : 195,
        "x" : 840
      }
    },
    "dockers" : [ ],
    "resourceId" : "sid-84EF4AA1-7698-45F4-B9DF-94F71279C81C",
    "labels" : [ ],
    "layers" : [ ],
    "childShapes" : [ ],
    "properties" : {
      "exttype" : "Push",
      "id" : "",
      "title" : "",
      "external" : "false",
      "locatortypes" : "",
      "locatornames" : "",
      "numberoftokens_drawing" : "0",
      "numberoftokens_text" : "",
      "numberOfTokens" : "0",
      "locatorexpr" : "",
      "href" : ""
    },
    "stencil" : {
      "id" : "Place"
    },
    "outgoing" : [ ],
    "formats" : {
    },
    "glossaryLinks" : {
    }
  }, {
    "bounds" : {
      "lowerRight" : {
        "y" : 210,
        "x" : 839.9375
      },
      "upperLeft" : {
        "y" : 210,
        "x" : 775
      }
    },
    "dockers" : [ {
      "y" : 20,
      "x" : 20
    }, {
      "y" : 15,
      "x" : 15
    } ],
    "resourceId" : "sid-ECA1ACB3-B0AD-4E9C-A64A-3FAE00E83735",
    "labels" : [ ],
    "layers" : [ ],
    "target" : {
      "resourceId" : "sid-84EF4AA1-7698-45F4-B9DF-94F71279C81C"
    },
    "childShapes" : [ ],
    "properties" : {
      "id" : "",
      "label" : "",
      "transformation" : ""
    },
    "stencil" : {
      "id" : "Arc"
    },
    "outgoing" : [ {
      "resourceId" : "sid-84EF4AA1-7698-45F4-B9DF-94F71279C81C"
    } ],
    "formats" : {
    },
    "glossaryLinks" : {
    }
  }, {
    "bounds" : {
      "lowerRight" : {
        "y" : 194.9375,
        "x" : 665
      },
      "upperLeft" : {
        "y" : 155,
        "x" : 665
      }
    },
    "dockers" : [ {
      "y" : 20,
      "x" : 20
    }, {
      "y" : 15,
      "x" : 15
    } ],
    "resourceId" : "sid-7BB0F113-3D1F-4E80-8D34-D373A567BF41",
    "labels" : [ ],
    "layers" : [ ],
    "target" : {
      "resourceId" : "sid-5FE250B5-01EB-46A9-AAB1-7E21985B63C3"
    },
    "childShapes" : [ ],
    "properties" : {
      "id" : "",
      "label" : "",
      "transformation" : ""
    },
    "stencil" : {
      "id" : "Arc"
    },
    "outgoing" : [ {
      "resourceId" : "sid-5FE250B5-01EB-46A9-AAB1-7E21985B63C3"
    } ],
    "formats" : {
    },
    "glossaryLinks" : {
    }
  }, {
    "bounds" : {
      "lowerRight" : {
        "y" : 210,
        "x" : 149.703125
      },
      "upperLeft" : {
        "y" : 210,
        "x" : 90.84375
      }
    },
    "dockers" : [ {
      "y" : 15,
      "x" : 15
    }, {
      "y" : 20,
      "x" : 20
    } ],
    "resourceId" : "sid-5034D160-DAAB-4D23-8A6E-93A830530E6E",
    "labels" : [ ],
    "layers" : [ ],
    "target" : {
      "resourceId" : "sid-10417124-3356-46EB-B045-BBE900DDAAC8"
    },
    "childShapes" : [ ],
    "properties" : {
      "id" : "",
      "label" : "",
      "transformation" : ""
    },
    "stencil" : {
      "id" : "Arc"
    },
    "outgoing" : [ {
      "resourceId" : "sid-10417124-3356-46EB-B045-BBE900DDAAC8"
    } ],
    "formats" : {
    },
    "glossaryLinks" : {
    }
  } ],
  "properties" : {
    "author" : "",
    "title" : "",
    "engine" : "false",
    "modificationdate" : "10/07/07",
    "documentation" : "",
    "language" : "English",
    "creationdate" : "10/07/07",
    "version" : ""
  },
  "stencilset" : {
    "url" : "/stencilsets/petrinets/petrinet.json?version=6.0.0",
    "namespace" : "http://b3mn.org/stencilset/petrinet#"
  },
  "ssextensions" : [ ],
  "offset" : {
    "y" : 9,
    "x" : 0
  },
  "stencil" : {
    "id" : "Diagram"
  },
  "formats" : {
  }
}