{
  "bounds" : {
    "lowerRight" : {
      "y" : 1050,
      "x" : 1485
    },
    "upperLeft" : {
      "y" : 0,
      "x" : 0
    }
  },
  "resourceId" : "canvas",
  "childShapes" : [ {
    "bounds" : {
      "lowerRight" : {
        "y" : 184,
        "x" : 117
      },
      "upperLeft" : {
        "y" : 154,
        "x" : 87
      }
    },
    "dockers" : [ ],
    "resourceId" : "sid-02187B5D-8C86-498A-AA33-9F5D520CAB6A",
    "labels" : [ ],
    "layers" : [ ],
    "childShapes" : [ ],
    "properties" : {
      "exttype" : "Push",
      "id" : "",
      "title" : "A",
      "external" : "false",
      "locatortypes" : "",
      "locatornames" : "",
      "numberoftokens_drawing" : "0",
      "numberoftokens_text" : "",
      "numberOfTokens" : "0",
      "locatorexpr" : "",
      "href" : ""
    },
    "stencil" : {
      "id" : "Place"
    },
    "outgoing" : [ {
      "resourceId" : "sid-1465C99B-204A-44EF-B4F7-3F2AB6A704AE"
    }, {
      "resourceId" : "sid-ACFE566C-74F3-4370-B755-80CDC58E4EF7"
    } ],
    "formats" : {
    },
    "glossaryLinks" : {
    }
  }, {
    "bounds" : {
      "lowerRight" : {
        "y" : 115,
        "x" : 143
      },
      "upperLeft" : {
        "y" : 75,
        "x" : 60
      }
    },
    "dockers" : [ ],
    "resourceId" : "sid-F1DE03A2-E590-4336-A4B0-1DBCF457B782",
    "labels" : [ ],
    "layers" : [ ],
    "childShapes" : [ ],
    "properties" : {
      "id" : "",
      "title" : "B",
      "communicationtype" : "Default",
      "communicationchannel" : "",
      "guard" : "",
      "oform" : "",
      "omodel" : "",
      "firetype" : "Automatic",
      "href" : ""
    },
    "stencil" : {
      "id" : "Transition"
    },
    "outgoing" : [ {
      "resourceId" : "sid-9F83C9D9-9312-4BCF-919E-021E552973E5"
    } ],
    "formats" : {
    },
    "glossaryLinks" : {
    }
  }, {
    "bounds" : {
      "lowerRight" : {
        "y" : 153.54689782609935,
        "x" : 101.89558714747365
      },
      "upperLeft" : {
        "y" : 115,
        "x" : 101.63513513513513
      }
    },
    "dockers" : [ {
      "y" : 20,
      "x" : 41.5
    }, {
      "y" : 15,
      "x" : 15
    } ],
    "resourceId" : "sid-9F83C9D9-9312-4BCF-919E-021E552973E5",
    "labels" : [ ],
    "layers" : [ ],
    "target" : {
      "resourceId" : "sid-02187B5D-8C86-498A-AA33-9F5D520CAB6A"
    },
    "childShapes" : [ ],
    "properties" : {
      "id" : "",
      "label" : "",
      "transformation" : ""
    },
    "stencil" : {
      "id" : "Arc"
    },
    "outgoing" : [ {
      "resourceId" : "sid-02187B5D-8C86-498A-AA33-9F5D520CAB6A"
    } ],
    "formats" : {
    },
    "glossaryLinks" : {
    }
  }, {
    "bounds" : {
      "lowerRight" : {
        "y" : 30,
        "x" : 117
      },
      "upperLeft" : {
        "y" : 0,
        "x" : 87
      }
    },
    "dockers" : [ ],
    "resourceId" : "sid-860FB5B9-DB23-4F60-A038-62775CBFA55E",
    "labels" : [ ],
    "layers" : [ ],
    "childShapes" : [ ],
    "properties" : {
      "exttype" : "Push",
      "id" : "",
      "title" : "",
      "external" : "false",
      "locatortypes" : "",
      "locatornames" : "",
      "numberoftokens_drawing" : "0",
      "numberoftokens_text" : "",
      "numberOfTokens" : "0",
      "locatorexpr" : "",
      "href" : ""
    },
    "stencil" : {
      "id" : "Place"
    },
    "outgoing" : [ {
      "resourceId" : "sid-CFCCA4B9-0B48-4640-9D61-107F6A00E0D6"
    } ],
    "formats" : {
    },
    "glossaryLinks" : {
    }
  }, {
    "bounds" : {
      "lowerRight" : {
        "y" : 74.62501953067782,
        "x" : 101.90390637206674
      },
      "upperLeft" : {
        "y" : 30.374980469322185,
        "x" : 101.62734362793326
      }
    },
    "dockers" : [ {
      "y" : 15,
      "x" : 15
    }, {
      "y" : 20,
      "x" : 41.5
    } ],
    "resourceId" : "sid-CFCCA4B9-0B48-4640-9D61-107F6A00E0D6",
    "labels" : [ ],
    "layers" : [ ],
    "target" : {
      "resourceId" : "sid-F1DE03A2-E590-4336-A4B0-1DBCF457B782"
    },
    "childShapes" : [ ],
    "properties" : {
      "id" : "",
      "label" : "",
      "transformation" : ""
    },
    "stencil" : {
      "id" : "Arc"
    },
    "outgoing" : [ {
      "resourceId" : "sid-F1DE03A2-E590-4336-A4B0-1DBCF457B782"
    } ],
    "formats" : {
    },
    "glossaryLinks" : {
    }
  }, {
    "bounds" : {
      "lowerRight" : {
        "y" : 251,
        "x" : 68
      },
      "upperLeft" : {
        "y" : 211,
        "x" : 11
      }
    },
    "dockers" : [ ],
    "resourceId" : "sid-6D2899D6-DDF1-4D25-B5DE-EEE6A1141D5F",
    "labels" : [ ],
    "layers" : [ ],
    "childShapes" : [ ],
    "properties" : {
      "id" : "",
      "title" : "C",
      "communicationtype" : "Default",
      "communicationchannel" : "",
      "guard" : "",
      "oform" : "",
      "omodel" : "",
      "firetype" : "Automatic",
      "href" : ""
    },
    "stencil" : {
      "id" : "Transition"
    },
    "outgoing" : [ {
      "resourceId" : "sid-8C5DD8BF-A39A-4E3A-B92A-CF39AEFD5F8A"
    } ],
    "formats" : {
    },
    "glossaryLinks" : {
    }
  }, {
    "bounds" : {
      "lowerRight" : {
        "y" : 210.92073868449552,
        "x" : 91.03615290775757
      },
      "upperLeft" : {
        "y" : 179.87613631550448,
        "x" : 59.741190842242425
      }
    },
    "dockers" : [ {
      "y" : 15,
      "x" : 15
    }, {
      "y" : 20,
      "x" : 28.5
    } ],
    "resourceId" : "sid-1465C99B-204A-44EF-B4F7-3F2AB6A704AE",
    "labels" : [ ],
    "layers" : [ ],
    "target" : {
      "resourceId" : "sid-6D2899D6-DDF1-4D25-B5DE-EEE6A1141D5F"
    },
    "childShapes" : [ ],
    "properties" : {
      "id" : "",
      "label" : "",
      "transformation" : ""
    },
    "stencil" : {
      "id" : "Arc"
    },
    "outgoing" : [ {
      "resourceId" : "sid-6D2899D6-DDF1-4D25-B5DE-EEE6A1141D5F"
    } ],
    "formats" : {
    },
    "glossaryLinks" : {
    }
  }, {
    "bounds" : {
      "lowerRight" : {
        "y" : 251,
        "x" : 215
      },
      "upperLeft" : {
        "y" : 211,
        "x" : 158
      }
    },
    "dockers" : [ ],
    "resourceId" : "sid-570B0B14-59C6-401C-8675-1F7F83812D74",
    "labels" : [ ],
    "layers" : [ ],
    "childShapes" : [ ],
    "properties" : {
      "id" : "",
      "title" : "D",
      "communicationtype" : "Default",
      "communicationchannel" : "",
      "guard" : "",
      "oform" : "",
      "omodel" : "",
      "firetype" : "Automatic",
      "href" : ""
    },
    "stencil" : {
      "id" : "Transition"
    },
    "outgoing" : [ {
      "resourceId" : "sid-24E6F5B3-A079-4E2E-A1CD-537351617F0C"
    } ],
    "formats" : {
    },
    "glossaryLinks" : {
    }
  }, {
    "bounds" : {
      "lowerRight" : {
        "y" : 210.5490545322858,
        "x" : 158.62734045126047
      },
      "upperLeft" : {
        "y" : 178.3103204677142,
        "x" : 114.68906579873953
      }
    },
    "dockers" : [ {
      "y" : 15,
      "x" : 15
    }, {
      "y" : 20,
      "x" : 28.5
    } ],
    "resourceId" : "sid-ACFE566C-74F3-4370-B755-80CDC58E4EF7",
    "labels" : [ ],
    "layers" : [ ],
    "target" : {
      "resourceId" : "sid-570B0B14-59C6-401C-8675-1F7F83812D74"
    },
    "childShapes" : [ ],
    "properties" : {
      "id" : "",
      "label" : "",
      "transformation" : ""
    },
    "stencil" : {
      "id" : "Arc"
    },
    "outgoing" : [ {
      "resourceId" : "sid-570B0B14-59C6-401C-8675-1F7F83812D74"
    } ],
    "formats" : {
    },
    "glossaryLinks" : {
    }
  }, {
    "bounds" : {
      "lowerRight" : {
        "y" : 480,
        "x" : 55
      },
      "upperLeft" : {
        "y" : 450,
        "x" : 25
      }
    },
    "dockers" : [ ],
    "resourceId" : "sid-FE5647E7-F249-443E-B3A5-CD2CFF483E40",
    "labels" : [ ],
    "layers" : [ ],
    "childShapes" : [ ],
    "properties" : {
      "exttype" : "Push",
      "id" : "",
      "title" : "E",
      "external" : "false",
      "locatortypes" : "",
      "locatornames" : "",
      "numberoftokens_drawing" : "0",
      "numberoftokens_text" : "",
      "numberOfTokens" : "0",
      "locatorexpr" : "",
      "href" : ""
    },
    "stencil" : {
      "id" : "Place"
    },
    "outgoing" : [ {
      "resourceId" : "sid-79719CEC-268D-49E5-8A02-9A9CD06BA291"
    } ],
    "formats" : {
    },
    "glossaryLinks" : {
    }
  }, {
    "bounds" : {
      "lowerRight" : {
        "y" : 449.37500228284705,
        "x" : 39.966613252741126
      },
      "upperLeft" : {
        "y" : 251,
        "x" : 39.542735042735046
      }
    },
    "dockers" : [ {
      "y" : 20,
      "x" : 28.5
    }, {
      "y" : 15,
      "x" : 15
    } ],
    "resourceId" : "sid-8C5DD8BF-A39A-4E3A-B92A-CF39AEFD5F8A",
    "labels" : [ ],
    "layers" : [ ],
    "target" : {
      "resourceId" : "sid-FE5647E7-F249-443E-B3A5-CD2CFF483E40"
    },
    "childShapes" : [ ],
    "properties" : {
      "id" : "",
      "label" : "",
      "transformation" : ""
    },
    "stencil" : {
      "id" : "Arc"
    },
    "outgoing" : [ {
      "resourceId" : "sid-FE5647E7-F249-443E-B3A5-CD2CFF483E40"
    } ],
    "formats" : {
    },
    "glossaryLinks" : {
    }
  }, {
    "bounds" : {
      "lowerRight" : {
        "y" : 320,
        "x" : 200
      },
      "upperLeft" : {
        "y" : 290,
        "x" : 170
      }
    },
    "dockers" : [ ],
    "resourceId" : "sid-FCCE747A-B861-464E-A37A-B93BCBA4DF2A",
    "labels" : [ ],
    "layers" : [ ],
    "childShapes" : [ ],
    "properties" : {
      "exttype" : "Push",
      "id" : "",
      "title" : "F",
      "external" : "false",
      "locatortypes" : "",
      "locatornames" : "",
      "numberoftokens_drawing" : "0",
      "numberoftokens_text" : "",
      "numberOfTokens" : "0",
      "locatorexpr" : "",
      "href" : ""
    },
    "stencil" : {
      "id" : "Place"
    },
    "outgoing" : [ {
      "resourceId" : "sid-30859E86-8682-4BC6-9C16-7214F31E4E16"
    }, {
      "resourceId" : "sid-24128250-041B-4698-9EB2-F39BCE109037"
    } ],
    "formats" : {
    },
    "glossaryLinks" : {
    }
  }, {
    "bounds" : {
      "lowerRight" : {
        "y" : 289.5470803786405,
        "x" : 186.09459459459458
      },
      "upperLeft" : {
        "y" : 251,
        "x" : 185.3132348571897
      }
    },
    "dockers" : [ {
      "y" : 20,
      "x" : 28.5
    }, {
      "y" : 15,
      "x" : 15
    } ],
    "resourceId" : "sid-24E6F5B3-A079-4E2E-A1CD-537351617F0C",
    "labels" : [ ],
    "layers" : [ ],
    "target" : {
      "resourceId" : "sid-FCCE747A-B861-464E-A37A-B93BCBA4DF2A"
    },
    "childShapes" : [ ],
    "properties" : {
      "id" : "",
      "label" : "",
      "transformation" : ""
    },
    "stencil" : {
      "id" : "Arc"
    },
    "outgoing" : [ {
      "resourceId" : "sid-FCCE747A-B861-464E-A37A-B93BCBA4DF2A"
    } ],
    "formats" : {
    },
    "glossaryLinks" : {
    }
  }, {
    "bounds" : {
      "lowerRight" : {
        "y" : 405,
        "x" : 162
      },
      "upperLeft" : {
        "y" : 345,
        "x" : 105
      }
    },
    "dockers" : [ ],
    "resourceId" : "sid-4C41270A-A324-41D3-BF1E-FF56615FF784",
    "labels" : [ ],
    "layers" : [ ],
    "childShapes" : [ ],
    "properties" : {
      "id" : "",
      "title" : "G",
      "communicationtype" : "Default",
      "communicationchannel" : "",
      "guard" : "",
      "oform" : "",
      "omodel" : "",
      "firetype" : "Automatic",
      "href" : ""
    },
    "stencil" : {
      "id" : "Transition"
    },
    "outgoing" : [ {
      "resourceId" : "sid-4D315CC9-D8D6-4AA0-9B07-9125CF78A50A"
    } ],
    "formats" : {
    },
    "glossaryLinks" : {
    }
  }, {
    "bounds" : {
      "lowerRight" : {
        "y" : 344.66326054161505,
        "x" : 175.55582739847392
      },
      "upperLeft" : {
        "y" : 317.83673945838495,
        "x" : 155.81917260152608
      }
    },
    "dockers" : [ {
      "y" : 15,
      "x" : 15
    }, {
      "y" : 30,
      "x" : 28.5
    } ],
    "resourceId" : "sid-30859E86-8682-4BC6-9C16-7214F31E4E16",
    "labels" : [ ],
    "layers" : [ ],
    "target" : {
      "resourceId" : "sid-4C41270A-A324-41D3-BF1E-FF56615FF784"
    },
    "childShapes" : [ ],
    "properties" : {
      "id" : "",
      "label" : "",
      "transformation" : ""
    },
    "stencil" : {
      "id" : "Arc"
    },
    "outgoing" : [ {
      "resourceId" : "sid-4C41270A-A324-41D3-BF1E-FF56615FF784"
    } ],
    "formats" : {
    },
    "glossaryLinks" : {
    }
  }, {
    "bounds" : {
      "lowerRight" : {
        "y" : 405,
        "x" : 267
      },
      "upperLeft" : {
        "y" : 345,
        "x" : 210
      }
    },
    "dockers" : [ ],
    "resourceId" : "sid-A363E9AC-298A-45F7-AEAE-B18B7D44B03C",
    "labels" : [ ],
    "layers" : [ ],
    "childShapes" : [ ],
    "properties" : {
      "id" : "",
      "title" : "H",
      "communicationtype" : "Default",
      "communicationchannel" : "",
      "guard" : "",
      "oform" : "",
      "omodel" : "",
      "firetype" : "Automatic",
      "href" : ""
    },
    "stencil" : {
      "id" : "Transition"
    },
    "outgoing" : [ {
      "resourceId" : "sid-9A7B2867-771A-4665-AA63-5D0E07061D02"
    } ],
    "formats" : {
    },
    "glossaryLinks" : {
    }
  }, {
    "bounds" : {
      "lowerRight" : {
        "y" : 344.67423111033713,
        "x" : 215.32244806290052
      },
      "upperLeft" : {
        "y" : 317.27889388966287,
        "x" : 194.38458318709948
      }
    },
    "dockers" : [ {
      "y" : 15,
      "x" : 15
    }, {
      "y" : 30,
      "x" : 28.5
    } ],
    "resourceId" : "sid-24128250-041B-4698-9EB2-F39BCE109037",
    "labels" : [ ],
    "layers" : [ ],
    "target" : {
      "resourceId" : "sid-A363E9AC-298A-45F7-AEAE-B18B7D44B03C"
    },
    "childShapes" : [ ],
    "properties" : {
      "id" : "",
      "label" : "",
      "transformation" : ""
    },
    "stencil" : {
      "id" : "Arc"
    },
    "outgoing" : [ {
      "resourceId" : "sid-A363E9AC-298A-45F7-AEAE-B18B7D44B03C"
    } ],
    "formats" : {
    },
    "glossaryLinks" : {
    }
  }, {
    "bounds" : {
      "lowerRight" : {
        "y" : 454.4627564045149,
        "x" : 104.2912559591349
      },
      "upperLeft" : {
        "y" : 403.1153685954851,
        "x" : 50.9470252908651
      }
    },
    "dockers" : [ {
      "y" : 30,
      "x" : 28.5
    }, {
      "y" : 15,
      "x" : 15
    } ],
    "resourceId" : "sid-4D315CC9-D8D6-4AA0-9B07-9125CF78A50A",
    "labels" : [ ],
    "layers" : [ ],
    "target" : {
      "resourceId" : "sid-FE5647E7-F249-443E-B3A5-CD2CFF483E40"
    },
    "childShapes" : [ ],
    "properties" : {
      "id" : "",
      "label" : "",
      "transformation" : ""
    },
    "stencil" : {
      "id" : "Arc"
    },
    "outgoing" : [ {
      "resourceId" : "sid-FE5647E7-F249-443E-B3A5-CD2CFF483E40"
    } ],
    "formats" : {
    },
    "glossaryLinks" : {
    }
  }, {
    "bounds" : {
      "lowerRight" : {
        "y" : 480,
        "x" : 254
      },
      "upperLeft" : {
        "y" : 450,
        "x" : 224
      }
    },
    "dockers" : [ ],
    "resourceId" : "sid-6F3A6023-FB79-4409-A7C6-1FD25E6C9404",
    "labels" : [ ],
    "layers" : [ ],
    "childShapes" : [ ],
    "properties" : {
      "exttype" : "Push",
      "id" : "",
      "title" : "I",
      "external" : "false",
      "locatortypes" : "",
      "locatornames" : "",
      "numberoftokens_drawing" : "0",
      "numberoftokens_text" : "",
      "numberOfTokens" : "0",
      "locatorexpr" : "",
      "href" : ""
    },
    "stencil" : {
      "id" : "Place"
    },
    "outgoing" : [ {
      "resourceId" : "sid-A83E41EC-0089-4493-88C8-A5AE3858B049"
    } ],
    "formats" : {
    },
    "glossaryLinks" : {
    }
  }, {
    "bounds" : {
      "lowerRight" : {
        "y" : 449.93751543174153,
        "x" : 238.91631953017634
      },
      "upperLeft" : {
        "y" : 405,
        "x" : 238.66666666666666
      }
    },
    "dockers" : [ {
      "y" : 30,
      "x" : 28.5
    }, {
      "y" : 15,
      "x" : 15
    } ],
    "resourceId" : "sid-9A7B2867-771A-4665-AA63-5D0E07061D02",
    "labels" : [ ],
    "layers" : [ ],
    "target" : {
      "resourceId" : "sid-6F3A6023-FB79-4409-A7C6-1FD25E6C9404"
    },
    "childShapes" : [ ],
    "properties" : {
      "id" : "",
      "label" : "",
      "transformation" : ""
    },
    "stencil" : {
      "id" : "Arc"
    },
    "outgoing" : [ {
      "resourceId" : "sid-6F3A6023-FB79-4409-A7C6-1FD25E6C9404"
    } ],
    "formats" : {
    },
    "glossaryLinks" : {
    }
  }, {
    "bounds" : {
      "lowerRight" : {
        "y" : 585,
        "x" : 169
      },
      "upperLeft" : {
        "y" : 525,
        "x" : 98
      }
    },
    "dockers" : [ ],
    "resourceId" : "sid-0D89D970-920C-4479-BE90-8CE4D0812ECD",
    "labels" : [ ],
    "layers" : [ ],
    "childShapes" : [ ],
    "properties" : {
      "id" : "",
      "title" : "J",
      "communicationtype" : "Default",
      "communicationchannel" : "",
      "guard" : "",
      "oform" : "",
      "omodel" : "",
      "firetype" : "Automatic",
      "href" : ""
    },
    "stencil" : {
      "id" : "Transition"
    },
    "outgoing" : [ {
      "resourceId" : "sid-6191EB4B-70C2-4BA1-B3A8-D4E13FE1623E"
    } ],
    "formats" : {
    },
    "glossaryLinks" : {
    }
  }, {
    "bounds" : {
      "lowerRight" : {
        "y" : 524.7752564045148,
        "x" : 102.0998497091349
      },
      "upperLeft" : {
        "y" : 475.5372435954851,
        "x" : 50.9470252908651
      }
    },
    "dockers" : [ {
      "y" : 15,
      "x" : 15
    }, {
      "y" : 30,
      "x" : 35.5
    } ],
    "resourceId" : "sid-79719CEC-268D-49E5-8A02-9A9CD06BA291",
    "labels" : [ ],
    "layers" : [ ],
    "target" : {
      "resourceId" : "sid-0D89D970-920C-4479-BE90-8CE4D0812ECD"
    },
    "childShapes" : [ ],
    "properties" : {
      "id" : "",
      "label" : "",
      "transformation" : ""
    },
    "stencil" : {
      "id" : "Arc"
    },
    "outgoing" : [ {
      "resourceId" : "sid-0D89D970-920C-4479-BE90-8CE4D0812ECD"
    } ],
    "formats" : {
    },
    "glossaryLinks" : {
    }
  }, {
    "bounds" : {
      "lowerRight" : {
        "y" : 645,
        "x" : 149
      },
      "upperLeft" : {
        "y" : 615,
        "x" : 119
      }
    },
    "dockers" : [ ],
    "resourceId" : "sid-DDC4D652-DBBC-4CDD-98E5-65249E146802",
    "labels" : [ ],
    "layers" : [ ],
    "childShapes" : [ ],
    "properties" : {
      "exttype" : "Push",
      "id" : "",
      "title" : "",
      "external" : "false",
      "locatortypes" : "",
      "locatornames" : "",
      "numberoftokens_drawing" : "0",
      "numberoftokens_text" : "",
      "numberOfTokens" : "0",
      "locatorexpr" : "",
      "href" : ""
    },
    "stencil" : {
      "id" : "Place"
    },
    "outgoing" : [ ],
    "formats" : {
    },
    "glossaryLinks" : {
    }
  }, {
    "bounds" : {
      "lowerRight" : {
        "y" : 614.9375222214815,
        "x" : 133.89958348147655
      },
      "upperLeft" : {
        "y" : 585,
        "x" : 133.7
      }
    },
    "dockers" : [ {
      "y" : 30,
      "x" : 35.5
    }, {
      "y" : 15,
      "x" : 15
    } ],
    "resourceId" : "sid-6191EB4B-70C2-4BA1-B3A8-D4E13FE1623E",
    "labels" : [ ],
    "layers" : [ ],
    "target" : {
      "resourceId" : "sid-DDC4D652-DBBC-4CDD-98E5-65249E146802"
    },
    "childShapes" : [ ],
    "properties" : {
      "id" : "",
      "label" : "",
      "transformation" : ""
    },
    "stencil" : {
      "id" : "Arc"
    },
    "outgoing" : [ {
      "resourceId" : "sid-DDC4D652-DBBC-4CDD-98E5-65249E146802"
    } ],
    "formats" : {
    },
    "glossaryLinks" : {
    }
  }, {
    "bounds" : {
      "lowerRight" : {
        "y" : 524.8197420087495,
        "x" : 227.5243746602563
      },
      "upperLeft" : {
        "y" : 474.7896329912505,
        "x" : 168.8779690897437
      }
    },
    "dockers" : [ {
      "y" : 15,
      "x" : 15
    }, {
      "y" : 30,
      "x" : 35.5
    } ],
    "resourceId" : "sid-A83E41EC-0089-4493-88C8-A5AE3858B049",
    "labels" : [ ],
    "layers" : [ ],
    "target" : {
      "resourceId" : "sid-0D89D970-920C-4479-BE90-8CE4D0812ECD"
    },
    "childShapes" : [ ],
    "properties" : {
      "id" : "",
      "label" : "",
      "transformation" : ""
    },
    "stencil" : {
      "id" : "Arc"
    },
    "outgoing" : [ {
      "resourceId" : "sid-0D89D970-920C-4479-BE90-8CE4D0812ECD"
    } ],
    "formats" : {
    },
    "glossaryLinks" : {
    }
  } ],
  "properties" : {
    "author" : "",
    "title" : "",
    "engine" : "false",
    "modificationdate" : "10/07/07",
    "documentation" : "",
    "language" : "English",
    "creationdate" : "10/07/07",
    "version" : ""
  },
  "stencilset" : {
    "url" : "/stencilsets/petrinets/petrinet.json?version=6.0.0",
    "namespace" : "http://b3mn.org/stencilset/petrinet#"
  },
  "ssextensions" : [ ],
  "stencil" : {
    "id" : "Diagram"
  },
  "formats" : {
  }
}