{
  "revision" : {
    "creationDate" : null,
    "elementCounts" : {
      "total" : 39,
      "Place" : 9,
      "Arc" : 22,
      "Transition" : 5,
      "VerticalEmptyTransition" : 2,
      "Diagram" : 1
    },
    "connectedness" : 94,
    "isLastRevision" : "true",
    "revisionNumber" : 1
  },
  "model" : {
    "modelingLanguage" : "petrinet",
    "numberOfRevisions" : 1,
    "naturalLanguage" : "de",
    "timestampModelCollection" : null,
    "directoryId" : "1896120977",
    "groupName" : "PetriNet",
    "modelDate" : "2012-08-30",
    "modelName" : "1641746022",
    "modelId" : "1641746022"
  }
}