{
  "revision" : {
    "creationDate" : null,
    "elementCounts" : {
      "total" : 23,
      "Place" : 4,
      "Arc" : 12,
      "Transition" : 6,
      "Diagram" : 1
    },
    "connectedness" : 80,
    "isLastRevision" : "false",
    "revisionNumber" : 1
  },
  "model" : {
    "modelingLanguage" : "petrinet",
    "numberOfRevisions" : 2,
    "naturalLanguage" : "de",
    "timestampModelCollection" : null,
    "directoryId" : "427236711",
    "groupName" : "PetriNet",
    "modelDate" : "2011-08-12",
    "modelName" : "Modellierung-Aufgabe_10.3b",
    "modelId" : "1110986079"
  }
}