{
  "bounds" : {
    "lowerRight" : {
      "y" : 1050,
      "x" : 1485
    },
    "upperLeft" : {
      "y" : 0,
      "x" : 0
    }
  },
  "resourceId" : "canvas",
  "childShapes" : [ {
    "dockers" : [ ],
    "bounds" : {
      "lowerRight" : {
        "y" : 293,
        "x" : 107
      },
      "upperLeft" : {
        "y" : 253,
        "x" : 45
      }
    },
    "resourceId" : "sid-58BA3DFD-D599-48C7-9CE4-45BC58C3B917",
    "childShapes" : [ ],
    "properties" : {
      "id" : "",
      "title" : "x!=59",
      "communicationtype" : "Default",
      "communicationchannel" : "",
      "guard" : "",
      "oform" : "",
      "omodel" : "",
      "firetype" : "Automatic",
      "href" : ""
    },
    "stencil" : {
      "id" : "Transition"
    },
    "outgoing" : [ {
      "resourceId" : "sid-CA45996C-9AEC-48EE-AADA-EEEB6B77A6FA"
    } ]
  }, {
    "dockers" : [ ],
    "bounds" : {
      "lowerRight" : {
        "y" : 295,
        "x" : 220
      },
      "upperLeft" : {
        "y" : 255,
        "x" : 190
      }
    },
    "resourceId" : "sid-767967DE-7E3D-49BD-9C5A-616205F8F4E0",
    "childShapes" : [ ],
    "properties" : {
      "exttype" : "Push",
      "id" : "",
      "title" : "",
      "external" : "false",
      "numberoftokens" : 58,
      "locatortypes" : "",
      "locatornames" : "",
      "numberoftokens_drawing" : "0",
      "numberoftokens_text" : "58",
      "locatorexpr" : "",
      "href" : ""
    },
    "stencil" : {
      "id" : "Place"
    },
    "outgoing" : [ {
      "resourceId" : "sid-DE82CB6A-95B5-4C7B-9D65-5C09711A33C1"
    }, {
      "resourceId" : "sid-E83DCFF8-36C7-4B03-85FF-C8FE04E82425"
    } ]
  }, {
    "dockers" : [ ],
    "bounds" : {
      "lowerRight" : {
        "y" : 295,
        "x" : 347
      },
      "upperLeft" : {
        "y" : 255,
        "x" : 285
      }
    },
    "resourceId" : "sid-35917EBD-07EF-4D72-A1BD-AFC06F92DFF6",
    "childShapes" : [ ],
    "properties" : {
      "id" : "",
      "title" : "",
      "communicationtype" : "Default",
      "communicationchannel" : "",
      "guard" : "",
      "oform" : "",
      "omodel" : "",
      "firetype" : "Automatic",
      "href" : ""
    },
    "stencil" : {
      "id" : "Transition"
    },
    "outgoing" : [ {
      "resourceId" : "sid-FFCC75C4-7C72-4543-8462-937379D78CC6"
    }, {
      "resourceId" : "sid-0B0F0F22-6879-4292-92A1-8CEC500E2715"
    }, {
      "resourceId" : "sid-03BBE2E3-6070-4C51-8080-FD583D507660"
    } ]
  }, {
    "dockers" : [ ],
    "bounds" : {
      "lowerRight" : {
        "y" : 240,
        "x" : 450
      },
      "upperLeft" : {
        "y" : 210,
        "x" : 420
      }
    },
    "resourceId" : "sid-05901163-D3C2-4430-A96C-B12BFD9E158A",
    "childShapes" : [ ],
    "properties" : {
      "exttype" : "Push",
      "id" : "",
      "title" : "an",
      "external" : "false",
      "numberoftokens" : "",
      "locatortypes" : "",
      "locatornames" : "",
      "numberoftokens_drawing" : "0",
      "numberoftokens_text" : "",
      "locatorexpr" : "",
      "href" : ""
    },
    "stencil" : {
      "id" : "Place"
    },
    "outgoing" : [ {
      "resourceId" : "sid-77D2002F-0FFF-46E3-9901-7D4BAD2BD62C"
    } ]
  }, {
    "dockers" : [ ],
    "bounds" : {
      "lowerRight" : {
        "y" : 290.5,
        "x" : 587
      },
      "upperLeft" : {
        "y" : 255.5,
        "x" : 525
      }
    },
    "resourceId" : "sid-C32F8612-DB5E-40E2-98F4-7339F4BEF3C6",
    "childShapes" : [ ],
    "properties" : {
      "id" : "",
      "title" : "",
      "communicationtype" : "Default",
      "communicationchannel" : "",
      "guard" : "",
      "oform" : "",
      "omodel" : "",
      "firetype" : "Automatic",
      "href" : ""
    },
    "stencil" : {
      "id" : "Transition"
    },
    "outgoing" : [ {
      "resourceId" : "sid-AFB44310-A691-4757-AE26-DF3BA64E75BB"
    } ]
  }, {
    "dockers" : [ ],
    "bounds" : {
      "lowerRight" : {
        "y" : 375,
        "x" : 450
      },
      "upperLeft" : {
        "y" : 345,
        "x" : 420
      }
    },
    "resourceId" : "sid-36383473-55BE-42FF-9B24-8DA2ECFE5B7D",
    "childShapes" : [ ],
    "properties" : {
      "exttype" : "Push",
      "id" : "",
      "title" : "",
      "external" : "false",
      "numberoftokens" : 1,
      "locatortypes" : "",
      "locatornames" : "",
      "numberoftokens_drawing" : "1",
      "numberoftokens_text" : "",
      "locatorexpr" : "",
      "href" : ""
    },
    "stencil" : {
      "id" : "Place"
    },
    "outgoing" : [ {
      "resourceId" : "sid-27B74D9E-A9A2-40ED-B186-D040A136E22F"
    } ]
  }, {
    "dockers" : [ {
      "y" : 15,
      "x" : 15
    }, {
      "y" : 20,
      "x" : 31
    } ],
    "bounds" : {
      "lowerRight" : {
        "y" : 350.7859493062809,
        "x" : 422.1003290287933
      },
      "upperLeft" : {
        "y" : 295,
        "x" : 344
      }
    },
    "resourceId" : "sid-27B74D9E-A9A2-40ED-B186-D040A136E22F",
    "labels" : [ {
      "ref" : "text",
      "align" : "center",
      "valign" : "middle",
      "y" : 389.3004860693415,
      "x" : 433.88243750791133
    } ],
    "target" : {
      "resourceId" : "sid-35917EBD-07EF-4D72-A1BD-AFC06F92DFF6"
    },
    "childShapes" : [ ],
    "properties" : {
      "id" : "",
      "label" : "aus",
      "transformation" : ""
    },
    "stencil" : {
      "id" : "Arc"
    },
    "outgoing" : [ {
      "resourceId" : "sid-35917EBD-07EF-4D72-A1BD-AFC06F92DFF6"
    } ]
  }, {
    "dockers" : [ {
      "y" : 20,
      "x" : 31
    }, {
      "y" : 225,
      "x" : 76
    }, {
      "y" : 225,
      "x" : 205
    }, {
      "y" : 20,
      "x" : 15
    } ],
    "bounds" : {
      "lowerRight" : {
        "y" : 259.9375,
        "x" : 205
      },
      "upperLeft" : {
        "y" : 225,
        "x" : 76
      }
    },
    "resourceId" : "sid-CA45996C-9AEC-48EE-AADA-EEEB6B77A6FA",
    "target" : {
      "resourceId" : "sid-767967DE-7E3D-49BD-9C5A-616205F8F4E0"
    },
    "childShapes" : [ ],
    "properties" : {
      "id" : "",
      "label" : "x",
      "transformation" : ""
    },
    "stencil" : {
      "id" : "Arc"
    },
    "outgoing" : [ {
      "resourceId" : "sid-767967DE-7E3D-49BD-9C5A-616205F8F4E0"
    } ]
  }, {
    "dockers" : [ {
      "y" : 11,
      "x" : 15
    }, {
      "y" : 11,
      "x" : 31
    } ],
    "bounds" : {
      "lowerRight" : {
        "y" : 266,
        "x" : 284.6484375
      },
      "upperLeft" : {
        "y" : 266,
        "x" : 217.2734375
      }
    },
    "resourceId" : "sid-DE82CB6A-95B5-4C7B-9D65-5C09711A33C1",
    "target" : {
      "resourceId" : "sid-35917EBD-07EF-4D72-A1BD-AFC06F92DFF6"
    },
    "childShapes" : [ ],
    "properties" : {
      "id" : "",
      "label" : "59",
      "transformation" : ""
    },
    "stencil" : {
      "id" : "Arc"
    },
    "outgoing" : [ {
      "resourceId" : "sid-35917EBD-07EF-4D72-A1BD-AFC06F92DFF6"
    } ]
  }, {
    "dockers" : [ {
      "y" : 31,
      "x" : 31
    }, {
      "y" : 31,
      "x" : 15
    } ],
    "bounds" : {
      "lowerRight" : {
        "y" : 286,
        "x" : 284.6484375
      },
      "upperLeft" : {
        "y" : 286,
        "x" : 215.5390625
      }
    },
    "resourceId" : "sid-0B0F0F22-6879-4292-92A1-8CEC500E2715",
    "labels" : [ {
      "to" : 1,
      "ref" : "text",
      "orientation" : "ul",
      "distance" : 8,
      "align" : "left",
      "from" : 0,
      "valign" : "top",
      "y" : 286,
      "x" : 245
    } ],
    "target" : {
      "resourceId" : "sid-767967DE-7E3D-49BD-9C5A-616205F8F4E0"
    },
    "childShapes" : [ ],
    "properties" : {
      "id" : "",
      "label" : "0",
      "transformation" : ""
    },
    "stencil" : {
      "id" : "Arc"
    },
    "outgoing" : [ {
      "resourceId" : "sid-767967DE-7E3D-49BD-9C5A-616205F8F4E0"
    } ]
  }, {
    "dockers" : [ {
      "y" : 15,
      "x" : 15
    }, {
      "y" : 17.5,
      "x" : 30.999999999999996
    } ],
    "bounds" : {
      "lowerRight" : {
        "y" : 260.63125983066453,
        "x" : 524.8204674898002
      },
      "upperLeft" : {
        "y" : 230.61874016933547,
        "x" : 449.16390751019986
      }
    },
    "resourceId" : "sid-77D2002F-0FFF-46E3-9901-7D4BAD2BD62C",
    "labels" : [ {
      "ref" : "text",
      "align" : "center",
      "valign" : "middle",
      "y" : 322.6129232132669,
      "x" : 68.79454296273863
    } ],
    "target" : {
      "resourceId" : "sid-C32F8612-DB5E-40E2-98F4-7339F4BEF3C6"
    },
    "childShapes" : [ ],
    "properties" : {
      "id" : "",
      "label" : "t",
      "transformation" : ""
    },
    "stencil" : {
      "id" : "Arc"
    },
    "outgoing" : [ {
      "resourceId" : "sid-C32F8612-DB5E-40E2-98F4-7339F4BEF3C6"
    } ]
  }, {
    "dockers" : [ ],
    "bounds" : {
      "lowerRight" : {
        "y" : 465,
        "x" : 285
      },
      "upperLeft" : {
        "y" : 435,
        "x" : 255
      }
    },
    "resourceId" : "sid-DCB3BAB9-764D-4653-9521-948DF902B734",
    "childShapes" : [ ],
    "properties" : {
      "exttype" : "Push",
      "id" : "",
      "title" : "q",
      "external" : "false",
      "numberoftokens" : 11,
      "locatortypes" : "",
      "locatornames" : "",
      "numberoftokens_drawing" : "0",
      "numberoftokens_text" : "11",
      "locatorexpr" : "",
      "href" : ""
    },
    "stencil" : {
      "id" : "Place"
    },
    "outgoing" : [ {
      "resourceId" : "sid-507643EA-6C78-433D-A69B-3B4E47F0A427"
    }, {
      "resourceId" : "sid-803B6F6E-96AF-4078-84EC-FBBF0358A0E7"
    } ]
  }, {
    "dockers" : [ ],
    "bounds" : {
      "lowerRight" : {
        "y" : 470,
        "x" : 190
      },
      "upperLeft" : {
        "y" : 430,
        "x" : 128
      }
    },
    "resourceId" : "sid-A8526395-07F4-4374-8E76-2E7BD02E65A1",
    "childShapes" : [ ],
    "properties" : {
      "id" : "",
      "title" : "y!=12",
      "communicationtype" : "Default",
      "communicationchannel" : "",
      "guard" : "",
      "oform" : "",
      "omodel" : "",
      "firetype" : "Automatic",
      "href" : ""
    },
    "stencil" : {
      "id" : "Transition"
    },
    "outgoing" : [ {
      "resourceId" : "sid-50953676-683C-485E-B6EA-767178C4EC8C"
    } ]
  }, {
    "dockers" : [ {
      "y" : 20,
      "x" : 15
    }, {
      "y" : 328,
      "x" : 205
    }, {
      "y" : 328,
      "x" : 76
    }, {
      "y" : 20,
      "x" : 31
    } ],
    "bounds" : {
      "lowerRight" : {
        "y" : 328,
        "x" : 205
      },
      "upperLeft" : {
        "y" : 290.90625,
        "x" : 76
      }
    },
    "resourceId" : "sid-E83DCFF8-36C7-4B03-85FF-C8FE04E82425",
    "target" : {
      "resourceId" : "sid-58BA3DFD-D599-48C7-9CE4-45BC58C3B917"
    },
    "childShapes" : [ ],
    "properties" : {
      "id" : "",
      "label" : "x+1",
      "transformation" : ""
    },
    "stencil" : {
      "id" : "Arc"
    },
    "outgoing" : [ {
      "resourceId" : "sid-58BA3DFD-D599-48C7-9CE4-45BC58C3B917"
    } ]
  }, {
    "dockers" : [ {
      "y" : 35,
      "x" : 31
    }, {
      "y" : 30,
      "x" : 15.000000000000002
    } ],
    "bounds" : {
      "lowerRight" : {
        "y" : 465,
        "x" : 270
      },
      "upperLeft" : {
        "y" : 465,
        "x" : 190
      }
    },
    "resourceId" : "sid-50953676-683C-485E-B6EA-767178C4EC8C",
    "labels" : [ {
      "to" : 1,
      "ref" : "text",
      "orientation" : "ul",
      "distance" : -8,
      "align" : "left",
      "from" : 0,
      "valign" : "top",
      "y" : 465,
      "x" : 208
    } ],
    "target" : {
      "resourceId" : "sid-DCB3BAB9-764D-4653-9521-948DF902B734"
    },
    "childShapes" : [ ],
    "properties" : {
      "id" : "",
      "label" : "y+1",
      "transformation" : ""
    },
    "stencil" : {
      "id" : "Arc"
    },
    "outgoing" : [ {
      "resourceId" : "sid-DCB3BAB9-764D-4653-9521-948DF902B734"
    } ]
  }, {
    "dockers" : [ {
      "y" : 0.9999999999999999,
      "x" : 15.000000000000002
    }, {
      "y" : 6,
      "x" : 31
    } ],
    "bounds" : {
      "lowerRight" : {
        "y" : 436,
        "x" : 263.796875
      },
      "upperLeft" : {
        "y" : 436,
        "x" : 190
      }
    },
    "resourceId" : "sid-507643EA-6C78-433D-A69B-3B4E47F0A427",
    "target" : {
      "resourceId" : "sid-A8526395-07F4-4374-8E76-2E7BD02E65A1"
    },
    "childShapes" : [ ],
    "properties" : {
      "id" : "",
      "label" : "y",
      "transformation" : ""
    },
    "stencil" : {
      "id" : "Arc"
    },
    "outgoing" : [ {
      "resourceId" : "sid-A8526395-07F4-4374-8E76-2E7BD02E65A1"
    } ]
  }, {
    "dockers" : [ {
      "y" : 20,
      "x" : 31
    }, {
      "y" : 450,
      "x" : 316
    }, {
      "y" : 15,
      "x" : 15.000000000000002
    } ],
    "bounds" : {
      "lowerRight" : {
        "y" : 450,
        "x" : 316
      },
      "upperLeft" : {
        "y" : 295,
        "x" : 285
      }
    },
    "resourceId" : "sid-03BBE2E3-6070-4C51-8080-FD583D507660",
    "labels" : [ {
      "to" : 1,
      "ref" : "text",
      "orientation" : "ul",
      "distance" : 9,
      "align" : "left",
      "from" : 0,
      "valign" : "top",
      "y" : 351,
      "x" : 316
    } ],
    "target" : {
      "resourceId" : "sid-DCB3BAB9-764D-4653-9521-948DF902B734"
    },
    "childShapes" : [ ],
    "properties" : {
      "id" : "",
      "label" : "1",
      "transformation" : ""
    },
    "stencil" : {
      "id" : "Arc"
    },
    "outgoing" : [ {
      "resourceId" : "sid-DCB3BAB9-764D-4653-9521-948DF902B734"
    } ]
  }, {
    "dockers" : [ ],
    "bounds" : {
      "lowerRight" : {
        "y" : 120,
        "x" : 190
      },
      "upperLeft" : {
        "y" : 60,
        "x" : 30
      }
    },
    "resourceId" : "sid-27C64888-4D6A-47C2-B80A-7853338DB81F",
    "childShapes" : [ ],
    "properties" : {
      "id" : "",
      "title" : "Modellierung\nAufgabe10.3b)",
      "communicationtype" : "Default",
      "communicationchannel" : "",
      "guard" : "",
      "oform" : "",
      "omodel" : "",
      "firetype" : "Automatic",
      "href" : ""
    },
    "stencil" : {
      "id" : "Transition"
    },
    "outgoing" : [ ]
  }, {
    "dockers" : [ ],
    "bounds" : {
      "lowerRight" : {
        "y" : 115,
        "x" : 790
      },
      "upperLeft" : {
        "y" : 65,
        "x" : 630
      }
    },
    "resourceId" : "sid-F0DE5AB2-64E7-4CA4-AD70-010951A92A08",
    "childShapes" : [ ],
    "properties" : {
      "id" : "",
      "title" : "Ilhan Tas\n\nBurak Erkus",
      "communicationtype" : "Default",
      "communicationchannel" : "",
      "guard" : "",
      "oform" : "",
      "omodel" : "",
      "firetype" : "Automatic",
      "href" : ""
    },
    "stencil" : {
      "id" : "Transition"
    },
    "outgoing" : [ ]
  }, {
    "dockers" : [ {
      "y" : 20,
      "x" : 31
    }, {
      "y" : 252.44612929052244,
      "x" : 366.5875253375505
    }, {
      "y" : 15,
      "x" : 15
    } ],
    "bounds" : {
      "lowerRight" : {
        "y" : 261.1790038684731,
        "x" : 420.17561944817203
      },
      "upperLeft" : {
        "y" : 230.94733441941548,
        "x" : 347
      }
    },
    "resourceId" : "sid-FFCC75C4-7C72-4543-8462-937379D78CC6",
    "labels" : [ {
      "ref" : "text",
      "align" : "center",
      "valign" : "middle",
      "y" : 276.0577427445512,
      "x" : 176
    } ],
    "target" : {
      "resourceId" : "sid-05901163-D3C2-4430-A96C-B12BFD9E158A"
    },
    "childShapes" : [ ],
    "properties" : {
      "id" : "",
      "label" : "p",
      "transformation" : ""
    },
    "stencil" : {
      "id" : "Arc"
    },
    "outgoing" : [ {
      "resourceId" : "sid-05901163-D3C2-4430-A96C-B12BFD9E158A"
    } ]
  }, {
    "dockers" : [ {
      "y" : 17.5,
      "x" : 30.999999999999993
    }, {
      "y" : 346.28212516884287,
      "x" : 454.07888338586224
    }, {
      "y" : 15,
      "x" : 15
    } ],
    "bounds" : {
      "lowerRight" : {
        "y" : 350.8425539283862,
        "x" : 531.6609195402299
      },
      "upperLeft" : {
        "y" : 290.5,
        "x" : 447.73621809960076
      }
    },
    "resourceId" : "sid-AFB44310-A691-4757-AE26-DF3BA64E75BB",
    "target" : {
      "resourceId" : "sid-36383473-55BE-42FF-9B24-8DA2ECFE5B7D"
    },
    "childShapes" : [ ],
    "properties" : {
      "id" : "",
      "label" : "",
      "transformation" : ""
    },
    "stencil" : {
      "id" : "Arc"
    },
    "outgoing" : [ {
      "resourceId" : "sid-36383473-55BE-42FF-9B24-8DA2ECFE5B7D"
    } ]
  }, {
    "dockers" : [ {
      "y" : 30,
      "x" : 20
    }, {
      "y" : 510,
      "x" : 275
    }, {
      "y" : 510,
      "x" : 654
    }, {
      "y" : 159,
      "x" : 654
    }, {
      "y" : 159,
      "x" : 432
    }, {
      "y" : 209,
      "x" : 432
    } ],
    "bounds" : {
      "lowerRight" : {
        "y" : 510,
        "x" : 654
      },
      "upperLeft" : {
        "y" : 159,
        "x" : 275
      }
    },
    "resourceId" : "sid-803B6F6E-96AF-4078-84EC-FBBF0358A0E7",
    "labels" : [ {
      "to" : 3,
      "ref" : "text",
      "orientation" : "ur",
      "distance" : 7,
      "align" : "right",
      "from" : 2,
      "valign" : "top",
      "y" : 388.125,
      "x" : 654
    } ],
    "childShapes" : [ ],
    "properties" : {
      "id" : "",
      "label" : "12",
      "transformation" : ""
    },
    "stencil" : {
      "id" : "Arc"
    },
    "outgoing" : [ ]
  } ],
  "properties" : {
    "author" : "",
    "title" : "",
    "modificationdate" : "10/07/07",
    "engine" : "false",
    "documentation" : "",
    "language" : "English",
    "creationdate" : "10/07/07",
    "version" : ""
  },
  "ssextensions" : [ ],
  "stencilset" : {
    "url" : "/stencilsets/petrinets/petrinet.json?version=5.1.0",
    "namespace" : "http://b3mn.org/stencilset/petrinet#"
  },
  "stencil" : {
    "id" : "Diagram"
  }
}