{
  "revision" : {
    "creationDate" : null,
    "elementCounts" : {
      "total" : 27,
      "Place" : 7,
      "Arc" : 13,
      "Transition" : 6,
      "Diagram" : 1
    },
    "connectedness" : 77,
    "isLastRevision" : "true",
    "revisionNumber" : 3
  },
  "model" : {
    "modelingLanguage" : "petrinet",
    "numberOfRevisions" : 3,
    "naturalLanguage" : "de",
    "timestampModelCollection" : null,
    "directoryId" : "1192248463",
    "groupName" : "PetriNet",
    "modelDate" : "2012-08-30",
    "modelName" : "96212005",
    "modelId" : "96212005"
  }
}