{
  "bounds" : {
    "lowerRight" : {
      "y" : 1150,
      "x" : 1485
    },
    "upperLeft" : {
      "y" : 0,
      "x" : 0
    }
  },
  "resourceId" : "canvas",
  "childShapes" : [ {
    "bounds" : {
      "lowerRight" : {
        "y" : 45,
        "x" : 375
      },
      "upperLeft" : {
        "y" : 15,
        "x" : 345
      }
    },
    "dockers" : [ ],
    "resourceId" : "sid-40C42DA2-1230-4787-A140-0970E7ED317B",
    "labels" : [ ],
    "layers" : [ ],
    "childShapes" : [ ],
    "properties" : {
      "exttype" : "Push",
      "id" : "",
      "title" : "A",
      "external" : "false",
      "locatortypes" : "",
      "locatornames" : "",
      "numberoftokens_drawing" : "0",
      "numberoftokens_text" : "",
      "numberOfTokens" : "0",
      "locatorexpr" : "",
      "href" : ""
    },
    "stencil" : {
      "id" : "Place"
    },
    "outgoing" : [ {
      "resourceId" : "sid-3F761AE4-BEE2-4B02-9B46-5C1400285D7C"
    } ],
    "formats" : {
    },
    "glossaryLinks" : {
    }
  }, {
    "bounds" : {
      "lowerRight" : {
        "y" : 335,
        "x" : 440
      },
      "upperLeft" : {
        "y" : 305,
        "x" : 410
      }
    },
    "dockers" : [ ],
    "resourceId" : "sid-B85A5605-286F-4EC9-9292-B828B8742BF3",
    "labels" : [ ],
    "layers" : [ ],
    "childShapes" : [ ],
    "properties" : {
      "exttype" : "Push",
      "id" : "",
      "title" : "B",
      "external" : "false",
      "locatortypes" : "",
      "locatornames" : "",
      "numberoftokens_drawing" : "0",
      "numberoftokens_text" : "",
      "numberOfTokens" : "0",
      "locatorexpr" : "",
      "href" : ""
    },
    "stencil" : {
      "id" : "Place"
    },
    "outgoing" : [ {
      "resourceId" : "sid-E38D29C1-CC60-40DB-B671-953FE8A65005"
    } ],
    "formats" : {
    },
    "glossaryLinks" : {
    }
  }, {
    "bounds" : {
      "lowerRight" : {
        "y" : 335,
        "x" : 570
      },
      "upperLeft" : {
        "y" : 305,
        "x" : 540
      }
    },
    "dockers" : [ ],
    "resourceId" : "sid-174FF2FF-5405-4D6D-A0D7-B0F2FC103E9C",
    "labels" : [ ],
    "layers" : [ ],
    "childShapes" : [ ],
    "properties" : {
      "exttype" : "Push",
      "id" : "",
      "title" : "C",
      "external" : "false",
      "locatortypes" : "",
      "locatornames" : "",
      "numberoftokens_drawing" : "0",
      "numberoftokens_text" : "",
      "numberOfTokens" : "0",
      "locatorexpr" : "",
      "href" : ""
    },
    "stencil" : {
      "id" : "Place"
    },
    "outgoing" : [ {
      "resourceId" : "sid-5B9FC9A6-275E-4C27-81BB-2F148EF4FE7D"
    } ],
    "formats" : {
    },
    "glossaryLinks" : {
    }
  }, {
    "bounds" : {
      "lowerRight" : {
        "y" : 335,
        "x" : 305
      },
      "upperLeft" : {
        "y" : 305,
        "x" : 275
      }
    },
    "dockers" : [ ],
    "resourceId" : "sid-52A6DB86-7DB0-4E68-9B9E-8B481BF5B073",
    "labels" : [ ],
    "layers" : [ ],
    "childShapes" : [ ],
    "properties" : {
      "exttype" : "Push",
      "id" : "",
      "title" : "D",
      "external" : "false",
      "locatortypes" : "",
      "locatornames" : "",
      "numberoftokens_drawing" : "0",
      "numberoftokens_text" : "",
      "numberOfTokens" : "0",
      "locatorexpr" : "",
      "href" : ""
    },
    "stencil" : {
      "id" : "Place"
    },
    "outgoing" : [ {
      "resourceId" : "sid-01EA0DC7-5BE5-4682-9658-5D5A6D288880"
    } ],
    "formats" : {
    },
    "glossaryLinks" : {
    }
  }, {
    "bounds" : {
      "lowerRight" : {
        "y" : 335,
        "x" : 175.5
      },
      "upperLeft" : {
        "y" : 305,
        "x" : 145.5
      }
    },
    "dockers" : [ ],
    "resourceId" : "sid-4B28E8AB-1FE9-4C84-B83A-991E4FC194B2",
    "labels" : [ ],
    "layers" : [ ],
    "childShapes" : [ ],
    "properties" : {
      "exttype" : "Push",
      "id" : "",
      "title" : "E",
      "external" : "false",
      "locatortypes" : "",
      "locatornames" : "",
      "numberoftokens_drawing" : "0",
      "numberoftokens_text" : "",
      "numberOfTokens" : "0",
      "locatorexpr" : "",
      "href" : ""
    },
    "stencil" : {
      "id" : "Place"
    },
    "outgoing" : [ {
      "resourceId" : "sid-989F9002-B8B7-4AFA-9966-4F0ADC93FF97"
    } ],
    "formats" : {
    },
    "glossaryLinks" : {
    }
  }, {
    "bounds" : {
      "lowerRight" : {
        "y" : 514.5,
        "x" : 394.5
      },
      "upperLeft" : {
        "y" : 465.5,
        "x" : 325.5
      }
    },
    "dockers" : [ ],
    "resourceId" : "sid-EBBA2827-2A2C-409B-9D11-1474A2F46B0D",
    "labels" : [ ],
    "layers" : [ ],
    "childShapes" : [ ],
    "properties" : {
      "id" : "",
      "title" : "",
      "communicationtype" : "Default",
      "communicationchannel" : "",
      "guard" : "",
      "oform" : "",
      "omodel" : "",
      "firetype" : "Automatic",
      "href" : ""
    },
    "stencil" : {
      "id" : "Transition"
    },
    "outgoing" : [ {
      "resourceId" : "sid-E46CEA3B-181E-4421-A6B9-9F2C433CCACB"
    } ],
    "formats" : {
    },
    "glossaryLinks" : {
    }
  }, {
    "bounds" : {
      "lowerRight" : {
        "y" : 590,
        "x" : 375.5
      },
      "upperLeft" : {
        "y" : 560,
        "x" : 345.5
      }
    },
    "dockers" : [ ],
    "resourceId" : "sid-79AA36B1-363F-4722-BEB6-00E9B267A2FA",
    "labels" : [ ],
    "layers" : [ ],
    "childShapes" : [ ],
    "properties" : {
      "exttype" : "Push",
      "id" : "",
      "title" : "F",
      "external" : "false",
      "locatortypes" : "",
      "locatornames" : "",
      "numberoftokens_drawing" : "0",
      "numberoftokens_text" : "",
      "numberOfTokens" : "0",
      "locatorexpr" : "",
      "href" : ""
    },
    "stencil" : {
      "id" : "Place"
    },
    "outgoing" : [ ],
    "formats" : {
    },
    "glossaryLinks" : {
    }
  }, {
    "bounds" : {
      "lowerRight" : {
        "y" : 135,
        "x" : 409.5
      },
      "upperLeft" : {
        "y" : 95,
        "x" : 310.5
      }
    },
    "dockers" : [ ],
    "resourceId" : "sid-77CB6D44-3146-4D17-B5F0-424F3E7CF6A2",
    "labels" : [ ],
    "layers" : [ ],
    "childShapes" : [ ],
    "properties" : {
      "id" : "",
      "title" : "",
      "communicationtype" : "Default",
      "communicationchannel" : "",
      "guard" : "",
      "oform" : "",
      "omodel" : "",
      "firetype" : "Automatic",
      "href" : ""
    },
    "stencil" : {
      "id" : "Transition"
    },
    "outgoing" : [ {
      "resourceId" : "sid-B86A7950-B1CC-488A-98E6-A6E2D6D46D11"
    }, {
      "resourceId" : "sid-3EBA7580-2E5E-4531-A716-7EA801FE2908"
    } ],
    "formats" : {
    },
    "glossaryLinks" : {
    }
  }, {
    "bounds" : {
      "lowerRight" : {
        "y" : 135,
        "x" : 240
      },
      "upperLeft" : {
        "y" : 105,
        "x" : 210
      }
    },
    "dockers" : [ ],
    "resourceId" : "sid-4DFAB11B-003A-4471-8475-EF8749F9DBC6",
    "labels" : [ ],
    "layers" : [ ],
    "childShapes" : [ ],
    "properties" : {
      "exttype" : "Push",
      "id" : "",
      "title" : "G",
      "external" : "false",
      "locatortypes" : "",
      "locatornames" : "",
      "numberoftokens_drawing" : "0",
      "numberoftokens_text" : "",
      "numberOfTokens" : "0",
      "locatorexpr" : "",
      "href" : ""
    },
    "stencil" : {
      "id" : "Place"
    },
    "outgoing" : [ {
      "resourceId" : "sid-CAA9776A-D3F4-4A36-AF9F-60DF046C546F"
    }, {
      "resourceId" : "sid-2314C220-7276-484A-A251-B8074DCE69C0"
    } ],
    "formats" : {
    },
    "glossaryLinks" : {
    }
  }, {
    "bounds" : {
      "lowerRight" : {
        "y" : 135,
        "x" : 500
      },
      "upperLeft" : {
        "y" : 105,
        "x" : 470
      }
    },
    "dockers" : [ ],
    "resourceId" : "sid-6B1DFCEB-F4A5-4001-8EE3-B86BAA007215",
    "labels" : [ ],
    "layers" : [ ],
    "childShapes" : [ ],
    "properties" : {
      "exttype" : "Push",
      "id" : "",
      "title" : "H",
      "external" : "false",
      "locatortypes" : "",
      "locatornames" : "",
      "numberoftokens_drawing" : "0",
      "numberoftokens_text" : "",
      "numberOfTokens" : "0",
      "locatorexpr" : "",
      "href" : ""
    },
    "stencil" : {
      "id" : "Place"
    },
    "outgoing" : [ {
      "resourceId" : "sid-8877C6AA-AC27-4472-95A5-974B0ABA3AFD"
    }, {
      "resourceId" : "sid-FCFC7FAB-3DD8-4F56-9897-27046C3D80C6"
    } ],
    "formats" : {
    },
    "glossaryLinks" : {
    }
  }, {
    "bounds" : {
      "lowerRight" : {
        "y" : 94.078125,
        "x" : 360
      },
      "upperLeft" : {
        "y" : 45.609375,
        "x" : 360
      }
    },
    "dockers" : [ {
      "y" : 15,
      "x" : 15
    }, {
      "y" : 20,
      "x" : 49.5
    } ],
    "resourceId" : "sid-3F761AE4-BEE2-4B02-9B46-5C1400285D7C",
    "labels" : [ ],
    "layers" : [ ],
    "target" : {
      "resourceId" : "sid-77CB6D44-3146-4D17-B5F0-424F3E7CF6A2"
    },
    "childShapes" : [ ],
    "properties" : {
      "id" : "",
      "label" : "",
      "transformation" : ""
    },
    "stencil" : {
      "id" : "Arc"
    },
    "outgoing" : [ {
      "resourceId" : "sid-77CB6D44-3146-4D17-B5F0-424F3E7CF6A2"
    } ],
    "formats" : {
    },
    "glossaryLinks" : {
    }
  }, {
    "bounds" : {
      "lowerRight" : {
        "y" : 119.41611333949012,
        "x" : 310.4850601662332
      },
      "upperLeft" : {
        "y" : 116.83388666050988,
        "x" : 240.76493983376676
      }
    },
    "dockers" : [ {
      "y" : 20,
      "x" : 49.5
    }, {
      "y" : 15,
      "x" : 15
    } ],
    "resourceId" : "sid-B86A7950-B1CC-488A-98E6-A6E2D6D46D11",
    "labels" : [ ],
    "layers" : [ ],
    "target" : {
      "resourceId" : "sid-4DFAB11B-003A-4471-8475-EF8749F9DBC6"
    },
    "childShapes" : [ ],
    "properties" : {
      "id" : "",
      "label" : "",
      "transformation" : ""
    },
    "stencil" : {
      "id" : "Arc"
    },
    "outgoing" : [ {
      "resourceId" : "sid-4DFAB11B-003A-4471-8475-EF8749F9DBC6"
    } ],
    "formats" : {
    },
    "glossaryLinks" : {
    }
  }, {
    "bounds" : {
      "lowerRight" : {
        "y" : 119.37409446165113,
        "x" : 469.3523615412782
      },
      "upperLeft" : {
        "y" : 116.98,
        "x" : 409.5
      }
    },
    "dockers" : [ {
      "y" : 20,
      "x" : 49.5
    }, {
      "y" : 15,
      "x" : 15
    } ],
    "resourceId" : "sid-3EBA7580-2E5E-4531-A716-7EA801FE2908",
    "labels" : [ ],
    "layers" : [ ],
    "target" : {
      "resourceId" : "sid-6B1DFCEB-F4A5-4001-8EE3-B86BAA007215"
    },
    "childShapes" : [ ],
    "properties" : {
      "id" : "",
      "label" : "",
      "transformation" : ""
    },
    "stencil" : {
      "id" : "Arc"
    },
    "outgoing" : [ {
      "resourceId" : "sid-6B1DFCEB-F4A5-4001-8EE3-B86BAA007215"
    } ],
    "formats" : {
    },
    "glossaryLinks" : {
    }
  }, {
    "bounds" : {
      "lowerRight" : {
        "y" : 247,
        "x" : 467.5
      },
      "upperLeft" : {
        "y" : 190,
        "x" : 382.5
      }
    },
    "dockers" : [ ],
    "resourceId" : "sid-EBE284A6-01C6-4AA1-8E8D-7FD1870254A6",
    "labels" : [ ],
    "layers" : [ ],
    "childShapes" : [ ],
    "properties" : {
      "id" : "",
      "title" : "",
      "communicationtype" : "Default",
      "communicationchannel" : "",
      "guard" : "",
      "oform" : "",
      "omodel" : "",
      "firetype" : "Automatic",
      "href" : ""
    },
    "stencil" : {
      "id" : "Transition"
    },
    "outgoing" : [ {
      "resourceId" : "sid-98143310-5170-41D4-849B-D5858734BEF5"
    } ],
    "formats" : {
    },
    "glossaryLinks" : {
    }
  }, {
    "bounds" : {
      "lowerRight" : {
        "y" : 247,
        "x" : 604.5
      },
      "upperLeft" : {
        "y" : 190,
        "x" : 505.5
      }
    },
    "dockers" : [ ],
    "resourceId" : "sid-6AEC9D15-5F97-417F-AC44-BEAFCD63479F",
    "labels" : [ ],
    "layers" : [ ],
    "childShapes" : [ ],
    "properties" : {
      "id" : "",
      "title" : "",
      "communicationtype" : "Default",
      "communicationchannel" : "",
      "guard" : "",
      "oform" : "",
      "omodel" : "",
      "firetype" : "Automatic",
      "href" : ""
    },
    "stencil" : {
      "id" : "Transition"
    },
    "outgoing" : [ {
      "resourceId" : "sid-04DAF0AB-7232-4813-9CC0-D88018205CF5"
    } ],
    "formats" : {
    },
    "glossaryLinks" : {
    }
  }, {
    "bounds" : {
      "lowerRight" : {
        "y" : 247.5,
        "x" : 202.5
      },
      "upperLeft" : {
        "y" : 190.5,
        "x" : 117.5
      }
    },
    "dockers" : [ ],
    "resourceId" : "sid-A45B93A1-D40A-4B40-B29F-A7A70A314304",
    "labels" : [ ],
    "layers" : [ ],
    "childShapes" : [ ],
    "properties" : {
      "id" : "",
      "title" : "",
      "communicationtype" : "Default",
      "communicationchannel" : "",
      "guard" : "",
      "oform" : "",
      "omodel" : "",
      "firetype" : "Automatic",
      "href" : ""
    },
    "stencil" : {
      "id" : "Transition"
    },
    "outgoing" : [ {
      "resourceId" : "sid-CBBBEE45-C05B-46BF-BFBB-1F00A93588A3"
    } ],
    "formats" : {
    },
    "glossaryLinks" : {
    }
  }, {
    "bounds" : {
      "lowerRight" : {
        "y" : 243,
        "x" : 332.5
      },
      "upperLeft" : {
        "y" : 195,
        "x" : 247.5
      }
    },
    "dockers" : [ ],
    "resourceId" : "sid-5E24F379-BB51-48A5-ACF9-742BBDDCC48C",
    "labels" : [ ],
    "layers" : [ ],
    "childShapes" : [ ],
    "properties" : {
      "id" : "",
      "title" : "",
      "communicationtype" : "Default",
      "communicationchannel" : "",
      "guard" : "",
      "oform" : "",
      "omodel" : "",
      "firetype" : "Automatic",
      "href" : ""
    },
    "stencil" : {
      "id" : "Transition"
    },
    "outgoing" : [ {
      "resourceId" : "sid-2A7D2618-7B86-4C29-BD2B-68C36F608738"
    } ],
    "formats" : {
    },
    "glossaryLinks" : {
    }
  }, {
    "bounds" : {
      "lowerRight" : {
        "y" : 425,
        "x" : 184
      },
      "upperLeft" : {
        "y" : 395,
        "x" : 137
      }
    },
    "dockers" : [ ],
    "resourceId" : "sid-1F5C441E-470A-4C6B-A67B-02B960A13DA6",
    "labels" : [ ],
    "layers" : [ ],
    "childShapes" : [ ],
    "properties" : {
      "id" : "",
      "title" : "",
      "communicationtype" : "Default",
      "communicationchannel" : "",
      "guard" : "",
      "oform" : "",
      "omodel" : "",
      "firetype" : "Automatic",
      "href" : ""
    },
    "stencil" : {
      "id" : "Transition"
    },
    "outgoing" : [ {
      "resourceId" : "sid-975A1D1F-7914-494C-85A5-BFC2EBED4BE4"
    } ],
    "formats" : {
    },
    "glossaryLinks" : {
    }
  }, {
    "bounds" : {
      "lowerRight" : {
        "y" : 425,
        "x" : 589.5
      },
      "upperLeft" : {
        "y" : 395,
        "x" : 520.5
      }
    },
    "dockers" : [ ],
    "resourceId" : "sid-736273FB-416A-48F7-9CC5-589B4E759D7F",
    "labels" : [ ],
    "layers" : [ ],
    "childShapes" : [ ],
    "properties" : {
      "id" : "",
      "title" : "",
      "communicationtype" : "Default",
      "communicationchannel" : "",
      "guard" : "",
      "oform" : "",
      "omodel" : "",
      "firetype" : "Automatic",
      "href" : ""
    },
    "stencil" : {
      "id" : "Transition"
    },
    "outgoing" : [ {
      "resourceId" : "sid-30BEE3FE-0D41-4AA0-AF9A-83B1762450A0"
    } ],
    "formats" : {
    },
    "glossaryLinks" : {
    }
  }, {
    "bounds" : {
      "lowerRight" : {
        "y" : 394.9375,
        "x" : 160.5
      },
      "upperLeft" : {
        "y" : 335.0625,
        "x" : 160.5
      }
    },
    "dockers" : [ {
      "y" : 15,
      "x" : 15
    }, {
      "y" : 15,
      "x" : 23.5
    } ],
    "resourceId" : "sid-989F9002-B8B7-4AFA-9966-4F0ADC93FF97",
    "labels" : [ ],
    "layers" : [ ],
    "target" : {
      "resourceId" : "sid-1F5C441E-470A-4C6B-A67B-02B960A13DA6"
    },
    "childShapes" : [ ],
    "properties" : {
      "id" : "",
      "label" : "",
      "transformation" : ""
    },
    "stencil" : {
      "id" : "Arc"
    },
    "outgoing" : [ {
      "resourceId" : "sid-1F5C441E-470A-4C6B-A67B-02B960A13DA6"
    } ],
    "formats" : {
    },
    "glossaryLinks" : {
    }
  }, {
    "bounds" : {
      "lowerRight" : {
        "y" : 402.0037807183365,
        "x" : 410.6216630146298
      },
      "upperLeft" : {
        "y" : 324.8924398059861,
        "x" : 184
      }
    },
    "dockers" : [ {
      "y" : 15,
      "x" : 15
    }, {
      "y" : 15,
      "x" : 23.5
    } ],
    "resourceId" : "sid-E38D29C1-CC60-40DB-B671-953FE8A65005",
    "labels" : [ ],
    "layers" : [ ],
    "target" : {
      "resourceId" : "sid-1F5C441E-470A-4C6B-A67B-02B960A13DA6"
    },
    "childShapes" : [ ],
    "properties" : {
      "id" : "",
      "label" : "",
      "transformation" : ""
    },
    "stencil" : {
      "id" : "Arc"
    },
    "outgoing" : [ {
      "resourceId" : "sid-1F5C441E-470A-4C6B-A67B-02B960A13DA6"
    } ],
    "formats" : {
    },
    "glossaryLinks" : {
    }
  }, {
    "bounds" : {
      "lowerRight" : {
        "y" : 398.0768550736421,
        "x" : 519.8929621612796
      },
      "upperLeft" : {
        "y" : 324.8918949263579,
        "x" : 304.40391283872043
      }
    },
    "dockers" : [ {
      "y" : 15,
      "x" : 15
    }, {
      "y" : 15.000000000000002,
      "x" : 34.5
    } ],
    "resourceId" : "sid-01EA0DC7-5BE5-4682-9658-5D5A6D288880",
    "labels" : [ ],
    "layers" : [ ],
    "target" : {
      "resourceId" : "sid-736273FB-416A-48F7-9CC5-589B4E759D7F"
    },
    "childShapes" : [ ],
    "properties" : {
      "id" : "",
      "label" : "",
      "transformation" : ""
    },
    "stencil" : {
      "id" : "Arc"
    },
    "outgoing" : [ {
      "resourceId" : "sid-736273FB-416A-48F7-9CC5-589B4E759D7F"
    } ],
    "formats" : {
    },
    "glossaryLinks" : {
    }
  }, {
    "bounds" : {
      "lowerRight" : {
        "y" : 394.9375,
        "x" : 555
      },
      "upperLeft" : {
        "y" : 335.0625,
        "x" : 555
      }
    },
    "dockers" : [ {
      "y" : 15,
      "x" : 15
    }, {
      "y" : 15.000000000000002,
      "x" : 34.5
    } ],
    "resourceId" : "sid-5B9FC9A6-275E-4C27-81BB-2F148EF4FE7D",
    "labels" : [ ],
    "layers" : [ ],
    "target" : {
      "resourceId" : "sid-736273FB-416A-48F7-9CC5-589B4E759D7F"
    },
    "childShapes" : [ ],
    "properties" : {
      "id" : "",
      "label" : "",
      "transformation" : ""
    },
    "stencil" : {
      "id" : "Arc"
    },
    "outgoing" : [ {
      "resourceId" : "sid-736273FB-416A-48F7-9CC5-589B4E759D7F"
    } ],
    "formats" : {
    },
    "glossaryLinks" : {
    }
  }, {
    "bounds" : {
      "lowerRight" : {
        "y" : 425,
        "x" : 375
      },
      "upperLeft" : {
        "y" : 395,
        "x" : 345
      }
    },
    "dockers" : [ ],
    "resourceId" : "sid-74B14C29-CFCE-458C-982E-7845CDE12E1C",
    "labels" : [ ],
    "layers" : [ ],
    "childShapes" : [ ],
    "properties" : {
      "exttype" : "Push",
      "id" : "",
      "title" : "I",
      "external" : "false",
      "locatortypes" : "",
      "locatornames" : "",
      "numberoftokens_drawing" : "0",
      "numberoftokens_text" : "",
      "numberOfTokens" : "0",
      "locatorexpr" : "",
      "href" : ""
    },
    "stencil" : {
      "id" : "Place"
    },
    "outgoing" : [ {
      "resourceId" : "sid-D15B6B5E-F063-4D1C-BA23-E24398C9DDC2"
    } ],
    "formats" : {
    },
    "glossaryLinks" : {
    }
  }, {
    "bounds" : {
      "lowerRight" : {
        "y" : 410,
        "x" : 344.97265625
      },
      "upperLeft" : {
        "y" : 410,
        "x" : 184
      }
    },
    "dockers" : [ {
      "y" : 15,
      "x" : 23.5
    }, {
      "y" : 15,
      "x" : 15
    } ],
    "resourceId" : "sid-975A1D1F-7914-494C-85A5-BFC2EBED4BE4",
    "labels" : [ ],
    "layers" : [ ],
    "target" : {
      "resourceId" : "sid-74B14C29-CFCE-458C-982E-7845CDE12E1C"
    },
    "childShapes" : [ ],
    "properties" : {
      "id" : "",
      "label" : "",
      "transformation" : ""
    },
    "stencil" : {
      "id" : "Arc"
    },
    "outgoing" : [ {
      "resourceId" : "sid-74B14C29-CFCE-458C-982E-7845CDE12E1C"
    } ],
    "formats" : {
    },
    "glossaryLinks" : {
    }
  }, {
    "bounds" : {
      "lowerRight" : {
        "y" : 465.25,
        "x" : 360
      },
      "upperLeft" : {
        "y" : 425.375,
        "x" : 360
      }
    },
    "dockers" : [ {
      "y" : 15,
      "x" : 15
    }, {
      "y" : 24.5,
      "x" : 34.5
    } ],
    "resourceId" : "sid-D15B6B5E-F063-4D1C-BA23-E24398C9DDC2",
    "labels" : [ ],
    "layers" : [ ],
    "target" : {
      "resourceId" : "sid-EBBA2827-2A2C-409B-9D11-1474A2F46B0D"
    },
    "childShapes" : [ ],
    "properties" : {
      "id" : "",
      "label" : "",
      "transformation" : ""
    },
    "stencil" : {
      "id" : "Arc"
    },
    "outgoing" : [ {
      "resourceId" : "sid-EBBA2827-2A2C-409B-9D11-1474A2F46B0D"
    } ],
    "formats" : {
    },
    "glossaryLinks" : {
    }
  }, {
    "bounds" : {
      "lowerRight" : {
        "y" : 559.3906423005891,
        "x" : 360.408180248827
      },
      "upperLeft" : {
        "y" : 514.5,
        "x" : 360.1441176470588
      }
    },
    "dockers" : [ {
      "y" : 24.5,
      "x" : 34.5
    }, {
      "y" : 15,
      "x" : 15
    } ],
    "resourceId" : "sid-E46CEA3B-181E-4421-A6B9-9F2C433CCACB",
    "labels" : [ ],
    "layers" : [ ],
    "target" : {
      "resourceId" : "sid-79AA36B1-363F-4722-BEB6-00E9B267A2FA"
    },
    "childShapes" : [ ],
    "properties" : {
      "id" : "",
      "label" : "",
      "transformation" : ""
    },
    "stencil" : {
      "id" : "Arc"
    },
    "outgoing" : [ {
      "resourceId" : "sid-79AA36B1-363F-4722-BEB6-00E9B267A2FA"
    } ],
    "formats" : {
    },
    "glossaryLinks" : {
    }
  }, {
    "bounds" : {
      "lowerRight" : {
        "y" : 410,
        "x" : 520.484375
      },
      "upperLeft" : {
        "y" : 410,
        "x" : 375.47265625
      }
    },
    "dockers" : [ {
      "y" : 15.000000000000002,
      "x" : 34.5
    }, {
      "y" : 15,
      "x" : 15
    } ],
    "resourceId" : "sid-30BEE3FE-0D41-4AA0-AF9A-83B1762450A0",
    "labels" : [ ],
    "layers" : [ ],
    "target" : {
      "resourceId" : "sid-74B14C29-CFCE-458C-982E-7845CDE12E1C"
    },
    "childShapes" : [ ],
    "properties" : {
      "id" : "",
      "label" : "",
      "transformation" : ""
    },
    "stencil" : {
      "id" : "Arc"
    },
    "outgoing" : [ {
      "resourceId" : "sid-74B14C29-CFCE-458C-982E-7845CDE12E1C"
    } ],
    "formats" : {
    },
    "glossaryLinks" : {
    }
  }, {
    "bounds" : {
      "lowerRight" : {
        "y" : 194.9609481455596,
        "x" : 274.21678413597346
      },
      "upperLeft" : {
        "y" : 133.2109268544404,
        "x" : 233.67384086402652
      }
    },
    "dockers" : [ {
      "y" : 15,
      "x" : 15
    }, {
      "y" : 24,
      "x" : 42.5
    } ],
    "resourceId" : "sid-CAA9776A-D3F4-4A36-AF9F-60DF046C546F",
    "labels" : [ ],
    "layers" : [ ],
    "target" : {
      "resourceId" : "sid-5E24F379-BB51-48A5-ACF9-742BBDDCC48C"
    },
    "childShapes" : [ ],
    "properties" : {
      "id" : "",
      "label" : "",
      "transformation" : ""
    },
    "stencil" : {
      "id" : "Arc"
    },
    "outgoing" : [ {
      "resourceId" : "sid-5E24F379-BB51-48A5-ACF9-742BBDDCC48C"
    } ],
    "formats" : {
    },
    "glossaryLinks" : {
    }
  }, {
    "bounds" : {
      "lowerRight" : {
        "y" : 190.3203231455596,
        "x" : 216.32615913597348
      },
      "upperLeft" : {
        "y" : 133.2109268544404,
        "x" : 178.83009086402652
      }
    },
    "dockers" : [ {
      "y" : 15,
      "x" : 15
    }, {
      "y" : 28.5,
      "x" : 42.5
    } ],
    "resourceId" : "sid-2314C220-7276-484A-A251-B8074DCE69C0",
    "labels" : [ ],
    "layers" : [ ],
    "target" : {
      "resourceId" : "sid-A45B93A1-D40A-4B40-B29F-A7A70A314304"
    },
    "childShapes" : [ ],
    "properties" : {
      "id" : "",
      "label" : "",
      "transformation" : ""
    },
    "stencil" : {
      "id" : "Arc"
    },
    "outgoing" : [ {
      "resourceId" : "sid-A45B93A1-D40A-4B40-B29F-A7A70A314304"
    } ],
    "formats" : {
    },
    "glossaryLinks" : {
    }
  }, {
    "bounds" : {
      "lowerRight" : {
        "y" : 189.94284391643512,
        "x" : 476.9797780201635
      },
      "upperLeft" : {
        "y" : 133.16653108356488,
        "x" : 442.3952219798365
      }
    },
    "dockers" : [ {
      "y" : 15,
      "x" : 15
    }, {
      "y" : 28.5,
      "x" : 42.5
    } ],
    "resourceId" : "sid-8877C6AA-AC27-4472-95A5-974B0ABA3AFD",
    "labels" : [ ],
    "layers" : [ ],
    "target" : {
      "resourceId" : "sid-EBE284A6-01C6-4AA1-8E8D-7FD1870254A6"
    },
    "childShapes" : [ ],
    "properties" : {
      "id" : "",
      "label" : "",
      "transformation" : ""
    },
    "stencil" : {
      "id" : "Arc"
    },
    "outgoing" : [ {
      "resourceId" : "sid-EBE284A6-01C6-4AA1-8E8D-7FD1870254A6"
    } ],
    "formats" : {
    },
    "glossaryLinks" : {
    }
  }, {
    "bounds" : {
      "lowerRight" : {
        "y" : 189.98174600690405,
        "x" : 534.7332205125207
      },
      "upperLeft" : {
        "y" : 132.35809774309595,
        "x" : 493.78240448747937
      }
    },
    "dockers" : [ {
      "y" : 15,
      "x" : 15
    }, {
      "y" : 28.5,
      "x" : 49.5
    } ],
    "resourceId" : "sid-FCFC7FAB-3DD8-4F56-9897-27046C3D80C6",
    "labels" : [ ],
    "layers" : [ ],
    "target" : {
      "resourceId" : "sid-6AEC9D15-5F97-417F-AC44-BEAFCD63479F"
    },
    "childShapes" : [ ],
    "properties" : {
      "id" : "",
      "label" : "",
      "transformation" : ""
    },
    "stencil" : {
      "id" : "Arc"
    },
    "outgoing" : [ {
      "resourceId" : "sid-6AEC9D15-5F97-417F-AC44-BEAFCD63479F"
    } ],
    "formats" : {
    },
    "glossaryLinks" : {
    }
  }, {
    "bounds" : {
      "lowerRight" : {
        "y" : 304.7968872534754,
        "x" : 160.42473706561125
      },
      "upperLeft" : {
        "y" : 247.5,
        "x" : 160.1410891089109
      }
    },
    "dockers" : [ {
      "y" : 28.5,
      "x" : 42.5
    }, {
      "y" : 15,
      "x" : 15.000000000000004
    } ],
    "resourceId" : "sid-CBBBEE45-C05B-46BF-BFBB-1F00A93588A3",
    "labels" : [ ],
    "layers" : [ ],
    "target" : {
      "resourceId" : "sid-4B28E8AB-1FE9-4C84-B83A-991E4FC194B2"
    },
    "childShapes" : [ ],
    "properties" : {
      "id" : "",
      "label" : "",
      "transformation" : ""
    },
    "stencil" : {
      "id" : "Arc"
    },
    "outgoing" : [ {
      "resourceId" : "sid-4B28E8AB-1FE9-4C84-B83A-991E4FC194B2"
    } ],
    "formats" : {
    },
    "glossaryLinks" : {
    }
  }, {
    "bounds" : {
      "lowerRight" : {
        "y" : 304.796875,
        "x" : 290
      },
      "upperLeft" : {
        "y" : 243,
        "x" : 290
      }
    },
    "dockers" : [ {
      "y" : 24,
      "x" : 42.5
    }, {
      "y" : 15,
      "x" : 15
    } ],
    "resourceId" : "sid-2A7D2618-7B86-4C29-BD2B-68C36F608738",
    "labels" : [ ],
    "layers" : [ ],
    "target" : {
      "resourceId" : "sid-52A6DB86-7DB0-4E68-9B9E-8B481BF5B073"
    },
    "childShapes" : [ ],
    "properties" : {
      "id" : "",
      "label" : "",
      "transformation" : ""
    },
    "stencil" : {
      "id" : "Arc"
    },
    "outgoing" : [ {
      "resourceId" : "sid-52A6DB86-7DB0-4E68-9B9E-8B481BF5B073"
    } ],
    "formats" : {
    },
    "glossaryLinks" : {
    }
  }, {
    "bounds" : {
      "lowerRight" : {
        "y" : 304.7265625,
        "x" : 425
      },
      "upperLeft" : {
        "y" : 247,
        "x" : 425
      }
    },
    "dockers" : [ {
      "y" : 28.5,
      "x" : 42.5
    }, {
      "y" : 15,
      "x" : 15
    } ],
    "resourceId" : "sid-98143310-5170-41D4-849B-D5858734BEF5",
    "labels" : [ ],
    "layers" : [ ],
    "target" : {
      "resourceId" : "sid-B85A5605-286F-4EC9-9292-B828B8742BF3"
    },
    "childShapes" : [ ],
    "properties" : {
      "id" : "",
      "label" : "",
      "transformation" : ""
    },
    "stencil" : {
      "id" : "Arc"
    },
    "outgoing" : [ {
      "resourceId" : "sid-B85A5605-286F-4EC9-9292-B828B8742BF3"
    } ],
    "formats" : {
    },
    "glossaryLinks" : {
    }
  }, {
    "bounds" : {
      "lowerRight" : {
        "y" : 304.7265625,
        "x" : 555
      },
      "upperLeft" : {
        "y" : 247,
        "x" : 555
      }
    },
    "dockers" : [ {
      "y" : 28.5,
      "x" : 49.5
    }, {
      "y" : 15,
      "x" : 15
    } ],
    "resourceId" : "sid-04DAF0AB-7232-4813-9CC0-D88018205CF5",
    "labels" : [ ],
    "layers" : [ ],
    "target" : {
      "resourceId" : "sid-174FF2FF-5405-4D6D-A0D7-B0F2FC103E9C"
    },
    "childShapes" : [ ],
    "properties" : {
      "id" : "",
      "label" : "",
      "transformation" : ""
    },
    "stencil" : {
      "id" : "Arc"
    },
    "outgoing" : [ {
      "resourceId" : "sid-174FF2FF-5405-4D6D-A0D7-B0F2FC103E9C"
    } ],
    "formats" : {
    },
    "glossaryLinks" : {
    }
  } ],
  "properties" : {
    "author" : "",
    "title" : "",
    "engine" : "false",
    "modificationdate" : "10/07/07",
    "documentation" : "",
    "language" : "English",
    "creationdate" : "10/07/07",
    "version" : ""
  },
  "stencilset" : {
    "url" : "/stencilsets/petrinets/petrinet.json?version=5.3.0",
    "namespace" : "http://b3mn.org/stencilset/petrinet#"
  },
  "ssextensions" : [ ],
  "offset" : {
    "y" : 9.044878005981445,
    "x" : 3
  },
  "stencil" : {
    "id" : "Diagram"
  },
  "formats" : {
  }
}