{
  "revision" : {
    "creationDate" : null,
    "elementCounts" : {
      "total" : 34,
      "Place" : 7,
      "Arc" : 20,
      "Transition" : 6,
      "Diagram" : 1
    },
    "connectedness" : 100,
    "isLastRevision" : "true",
    "revisionNumber" : 1
  },
  "model" : {
    "modelingLanguage" : "petrinet",
    "numberOfRevisions" : 1,
    "naturalLanguage" : "pt",
    "timestampModelCollection" : null,
    "directoryId" : "893399450",
    "groupName" : "PetriNet",
    "modelDate" : "2011-07-28",
    "modelName" : "petrinetz_aufgabe8_3",
    "modelId" : "695237101"
  }
}