{
  "revision" : {
    "creationDate" : null,
    "elementCounts" : {
      "total" : 23,
      "Place" : 6,
      "Arc" : 14,
      "VerticalEmptyTransition" : 2,
      "Diagram" : 1
    },
    "connectedness" : 100,
    "isLastRevision" : "true",
    "revisionNumber" : 5
  },
  "model" : {
    "modelingLanguage" : "petrinet",
    "numberOfRevisions" : 5,
    "naturalLanguage" : "pt",
    "timestampModelCollection" : null,
    "directoryId" : "1922882097",
    "groupName" : "PetriNet",
    "modelDate" : "2011-06-02",
    "modelName" : "New Process",
    "modelId" : "1335288459"
  }
}