{
  "bounds" : {
    "lowerRight" : {
      "y" : 1050,
      "x" : 1485
    },
    "upperLeft" : {
      "y" : 0,
      "x" : 0
    }
  },
  "resourceId" : "canvas",
  "childShapes" : [ {
    "bounds" : {
      "lowerRight" : {
        "y" : 85,
        "x" : 454.5
      },
      "upperLeft" : {
        "y" : 45,
        "x" : 395.5
      }
    },
    "dockers" : [ ],
    "resourceId" : "sid-D568AA37-55BC-4A11-A47E-3271835EC6AA",
    "labels" : [ ],
    "layers" : [ ],
    "childShapes" : [ ],
    "properties" : {
      "exttype" : "Push",
      "id" : "",
      "title" : "A",
      "external" : "false",
      "locatortypes" : "",
      "locatornames" : "",
      "numberoftokens_drawing" : "0",
      "numberoftokens_text" : "",
      "numberOfTokens" : "0",
      "locatorexpr" : "",
      "href" : ""
    },
    "stencil" : {
      "id" : "Place"
    },
    "outgoing" : [ {
      "resourceId" : "sid-5C972A57-C638-4E7E-8406-8F23866EBD7C"
    } ],
    "formats" : {
    },
    "glossaryLinks" : {
    }
  }, {
    "bounds" : {
      "lowerRight" : {
        "y" : 345,
        "x" : 165
      },
      "upperLeft" : {
        "y" : 315,
        "x" : 135
      }
    },
    "dockers" : [ ],
    "resourceId" : "sid-52D03D1C-890C-44D2-9930-37911DD9A5E0",
    "labels" : [ ],
    "layers" : [ ],
    "childShapes" : [ ],
    "properties" : {
      "exttype" : "Push",
      "id" : "",
      "title" : "B",
      "external" : "false",
      "locatortypes" : "",
      "locatornames" : "",
      "numberoftokens_drawing" : "0",
      "numberoftokens_text" : "",
      "numberOfTokens" : "0",
      "locatorexpr" : "",
      "href" : ""
    },
    "stencil" : {
      "id" : "Place"
    },
    "outgoing" : [ {
      "resourceId" : "sid-D2F266BF-7D52-4A3B-A62D-E6DA6FD74FD5"
    } ],
    "formats" : {
    },
    "glossaryLinks" : {
    }
  }, {
    "bounds" : {
      "lowerRight" : {
        "y" : 195,
        "x" : 440
      },
      "upperLeft" : {
        "y" : 165,
        "x" : 410
      }
    },
    "dockers" : [ ],
    "resourceId" : "sid-8A931BCD-CE71-4376-ACBA-EC156AB97200",
    "labels" : [ ],
    "layers" : [ ],
    "childShapes" : [ ],
    "properties" : {
      "exttype" : "Push",
      "id" : "",
      "title" : "C",
      "external" : "false",
      "locatortypes" : "",
      "locatornames" : "",
      "numberoftokens_drawing" : "0",
      "numberoftokens_text" : "",
      "numberOfTokens" : "0",
      "locatorexpr" : "",
      "href" : ""
    },
    "stencil" : {
      "id" : "Place"
    },
    "outgoing" : [ {
      "resourceId" : "sid-7C8D5659-4089-4086-AE0D-60695B9AEC15"
    } ],
    "formats" : {
    },
    "glossaryLinks" : {
    }
  }, {
    "bounds" : {
      "lowerRight" : {
        "y" : 315,
        "x" : 440
      },
      "upperLeft" : {
        "y" : 285,
        "x" : 410
      }
    },
    "dockers" : [ ],
    "resourceId" : "sid-8004D024-2FE1-4F09-960F-50F3911188BE",
    "labels" : [ ],
    "layers" : [ ],
    "childShapes" : [ ],
    "properties" : {
      "exttype" : "Push",
      "id" : "",
      "title" : "D",
      "external" : "false",
      "locatortypes" : "",
      "locatornames" : "",
      "numberoftokens_drawing" : "0",
      "numberoftokens_text" : "",
      "numberOfTokens" : "0",
      "locatorexpr" : "",
      "href" : ""
    },
    "stencil" : {
      "id" : "Place"
    },
    "outgoing" : [ {
      "resourceId" : "sid-ADB76D00-8464-46F1-B839-A8AED98B4300"
    } ],
    "formats" : {
    },
    "glossaryLinks" : {
    }
  }, {
    "bounds" : {
      "lowerRight" : {
        "y" : 248,
        "x" : 445
      },
      "upperLeft" : {
        "y" : 208,
        "x" : 405
      }
    },
    "dockers" : [ ],
    "resourceId" : "sid-BFAA7469-4CA8-42C7-B410-B8EDF4C887B3",
    "labels" : [ ],
    "layers" : [ ],
    "childShapes" : [ ],
    "properties" : {
      "id" : "",
      "title" : "E",
      "communicationtype" : "Default",
      "communicationchannel" : "",
      "guard" : "",
      "oform" : "",
      "omodel" : "",
      "firetype" : "Automatic",
      "href" : ""
    },
    "stencil" : {
      "id" : "Transition"
    },
    "outgoing" : [ {
      "resourceId" : "sid-9D8F18D3-EFD0-49A9-831C-74C0799B3CE6"
    } ],
    "formats" : {
    },
    "glossaryLinks" : {
    }
  }, {
    "bounds" : {
      "lowerRight" : {
        "y" : 207.5,
        "x" : 425
      },
      "upperLeft" : {
        "y" : 195.25,
        "x" : 425
      }
    },
    "dockers" : [ {
      "y" : 15,
      "x" : 15
    }, {
      "y" : 20,
      "x" : 20
    } ],
    "resourceId" : "sid-7C8D5659-4089-4086-AE0D-60695B9AEC15",
    "labels" : [ ],
    "layers" : [ ],
    "target" : {
      "resourceId" : "sid-BFAA7469-4CA8-42C7-B410-B8EDF4C887B3"
    },
    "childShapes" : [ ],
    "properties" : {
      "id" : "",
      "label" : "",
      "transformation" : ""
    },
    "stencil" : {
      "id" : "Arc"
    },
    "outgoing" : [ {
      "resourceId" : "sid-BFAA7469-4CA8-42C7-B410-B8EDF4C887B3"
    } ],
    "formats" : {
    },
    "glossaryLinks" : {
    }
  }, {
    "bounds" : {
      "lowerRight" : {
        "y" : 284.375,
        "x" : 425
      },
      "upperLeft" : {
        "y" : 248.125,
        "x" : 425
      }
    },
    "dockers" : [ {
      "y" : 20,
      "x" : 20
    }, {
      "y" : 15,
      "x" : 15
    } ],
    "resourceId" : "sid-9D8F18D3-EFD0-49A9-831C-74C0799B3CE6",
    "labels" : [ ],
    "layers" : [ ],
    "target" : {
      "resourceId" : "sid-8004D024-2FE1-4F09-960F-50F3911188BE"
    },
    "childShapes" : [ ],
    "properties" : {
      "id" : "",
      "label" : "",
      "transformation" : ""
    },
    "stencil" : {
      "id" : "Arc"
    },
    "outgoing" : [ {
      "resourceId" : "sid-8004D024-2FE1-4F09-960F-50F3911188BE"
    } ],
    "formats" : {
    },
    "glossaryLinks" : {
    }
  }, {
    "bounds" : {
      "lowerRight" : {
        "y" : 250,
        "x" : 134
      },
      "upperLeft" : {
        "y" : 210,
        "x" : 30
      }
    },
    "dockers" : [ ],
    "resourceId" : "sid-7C734CB0-D976-4795-A7FE-2951F937B152",
    "labels" : [ ],
    "layers" : [ ],
    "childShapes" : [ ],
    "properties" : {
      "id" : "",
      "title" : "F",
      "communicationtype" : "Default",
      "communicationchannel" : "",
      "guard" : "",
      "oform" : "",
      "omodel" : "",
      "firetype" : "Automatic",
      "href" : ""
    },
    "stencil" : {
      "id" : "Transition"
    },
    "outgoing" : [ {
      "resourceId" : "sid-05023419-4EDB-4074-8E1C-3EAE08263329"
    } ],
    "formats" : {
    },
    "glossaryLinks" : {
    }
  }, {
    "bounds" : {
      "lowerRight" : {
        "y" : 135,
        "x" : 489
      },
      "upperLeft" : {
        "y" : 105,
        "x" : 365
      }
    },
    "dockers" : [ ],
    "resourceId" : "sid-13C98589-7F79-46BC-8C84-82860FDE0984",
    "labels" : [ ],
    "layers" : [ ],
    "childShapes" : [ ],
    "properties" : {
      "id" : "",
      "title" : "G",
      "communicationtype" : "Default",
      "communicationchannel" : "",
      "guard" : "",
      "oform" : "",
      "omodel" : "",
      "firetype" : "Automatic",
      "href" : ""
    },
    "stencil" : {
      "id" : "Transition"
    },
    "outgoing" : [ {
      "resourceId" : "sid-55FF8E7C-8204-4A18-836A-FA31EB9D5F45"
    } ],
    "formats" : {
    },
    "glossaryLinks" : {
    }
  }, {
    "bounds" : {
      "lowerRight" : {
        "y" : 104.39128550205356,
        "x" : 426.43241038189285
      },
      "upperLeft" : {
        "y" : 85.76496449794644,
        "x" : 425.75508961810715
      }
    },
    "dockers" : [ {
      "y" : 20,
      "x" : 29.5
    }, {
      "y" : 15,
      "x" : 62
    } ],
    "resourceId" : "sid-5C972A57-C638-4E7E-8406-8F23866EBD7C",
    "labels" : [ ],
    "layers" : [ ],
    "target" : {
      "resourceId" : "sid-13C98589-7F79-46BC-8C84-82860FDE0984"
    },
    "childShapes" : [ ],
    "properties" : {
      "id" : "",
      "label" : "",
      "transformation" : ""
    },
    "stencil" : {
      "id" : "Arc"
    },
    "outgoing" : [ {
      "resourceId" : "sid-13C98589-7F79-46BC-8C84-82860FDE0984"
    } ],
    "formats" : {
    },
    "glossaryLinks" : {
    }
  }, {
    "bounds" : {
      "lowerRight" : {
        "y" : 164.93805509302084,
        "x" : 426.46668516976735
      },
      "upperLeft" : {
        "y" : 135.99944490697916,
        "x" : 425.50206483023265
      }
    },
    "dockers" : [ {
      "y" : 15,
      "x" : 62
    }, {
      "y" : 15,
      "x" : 15
    } ],
    "resourceId" : "sid-55FF8E7C-8204-4A18-836A-FA31EB9D5F45",
    "labels" : [ ],
    "layers" : [ ],
    "target" : {
      "resourceId" : "sid-8A931BCD-CE71-4376-ACBA-EC156AB97200"
    },
    "childShapes" : [ ],
    "properties" : {
      "id" : "",
      "label" : "",
      "transformation" : ""
    },
    "stencil" : {
      "id" : "Arc"
    },
    "outgoing" : [ {
      "resourceId" : "sid-8A931BCD-CE71-4376-ACBA-EC156AB97200"
    } ],
    "formats" : {
    },
    "glossaryLinks" : {
    }
  }, {
    "bounds" : {
      "lowerRight" : {
        "y" : 317.4543234979305,
        "x" : 141.46893997859272
      },
      "upperLeft" : {
        "y" : 250.35817650206954,
        "x" : 95.84356002140728
      }
    },
    "dockers" : [ {
      "y" : 20,
      "x" : 52
    }, {
      "y" : 15,
      "x" : 15
    } ],
    "resourceId" : "sid-05023419-4EDB-4074-8E1C-3EAE08263329",
    "labels" : [ ],
    "layers" : [ ],
    "target" : {
      "resourceId" : "sid-52D03D1C-890C-44D2-9930-37911DD9A5E0"
    },
    "childShapes" : [ ],
    "properties" : {
      "id" : "",
      "label" : "",
      "transformation" : ""
    },
    "stencil" : {
      "id" : "Arc"
    },
    "outgoing" : [ {
      "resourceId" : "sid-52D03D1C-890C-44D2-9930-37911DD9A5E0"
    } ],
    "formats" : {
    },
    "glossaryLinks" : {
    }
  }, {
    "bounds" : {
      "lowerRight" : {
        "y" : 370,
        "x" : 445
      },
      "upperLeft" : {
        "y" : 330,
        "x" : 405
      }
    },
    "dockers" : [ ],
    "resourceId" : "sid-D5E8A379-A8EF-46A3-9E54-C50B62B7813A",
    "labels" : [ ],
    "layers" : [ ],
    "childShapes" : [ ],
    "properties" : {
      "id" : "",
      "title" : "H",
      "communicationtype" : "Default",
      "communicationchannel" : "",
      "guard" : "",
      "oform" : "",
      "omodel" : "",
      "firetype" : "Automatic",
      "href" : ""
    },
    "stencil" : {
      "id" : "Transition"
    },
    "outgoing" : [ {
      "resourceId" : "sid-819E84B5-4CAE-48E7-B303-E80CC384F925"
    } ],
    "formats" : {
    },
    "glossaryLinks" : {
    }
  }, {
    "bounds" : {
      "lowerRight" : {
        "y" : 329.46875,
        "x" : 425
      },
      "upperLeft" : {
        "y" : 315.0625,
        "x" : 425
      }
    },
    "dockers" : [ {
      "y" : 15,
      "x" : 15
    }, {
      "y" : 20,
      "x" : 20
    } ],
    "resourceId" : "sid-ADB76D00-8464-46F1-B839-A8AED98B4300",
    "labels" : [ ],
    "layers" : [ ],
    "target" : {
      "resourceId" : "sid-D5E8A379-A8EF-46A3-9E54-C50B62B7813A"
    },
    "childShapes" : [ ],
    "properties" : {
      "id" : "",
      "label" : "",
      "transformation" : ""
    },
    "stencil" : {
      "id" : "Arc"
    },
    "outgoing" : [ {
      "resourceId" : "sid-D5E8A379-A8EF-46A3-9E54-C50B62B7813A"
    } ],
    "formats" : {
    },
    "glossaryLinks" : {
    }
  }, {
    "bounds" : {
      "lowerRight" : {
        "y" : 420,
        "x" : 440
      },
      "upperLeft" : {
        "y" : 390,
        "x" : 410
      }
    },
    "dockers" : [ ],
    "resourceId" : "sid-246EB901-5458-411F-9B31-455C38E3EC7C",
    "labels" : [ ],
    "layers" : [ ],
    "childShapes" : [ ],
    "properties" : {
      "exttype" : "Push",
      "id" : "",
      "title" : "I",
      "external" : "false",
      "locatortypes" : "",
      "locatornames" : "",
      "numberoftokens_drawing" : "0",
      "numberoftokens_text" : "",
      "numberOfTokens" : "0",
      "locatorexpr" : "",
      "href" : ""
    },
    "stencil" : {
      "id" : "Place"
    },
    "outgoing" : [ {
      "resourceId" : "sid-46187B45-4198-4F86-B707-BF15920A2456"
    } ],
    "formats" : {
    },
    "glossaryLinks" : {
    }
  }, {
    "bounds" : {
      "lowerRight" : {
        "y" : 389.390625,
        "x" : 425
      },
      "upperLeft" : {
        "y" : 370.765625,
        "x" : 425
      }
    },
    "dockers" : [ {
      "y" : 20,
      "x" : 20
    }, {
      "y" : 15,
      "x" : 15
    } ],
    "resourceId" : "sid-819E84B5-4CAE-48E7-B303-E80CC384F925",
    "labels" : [ ],
    "layers" : [ ],
    "target" : {
      "resourceId" : "sid-246EB901-5458-411F-9B31-455C38E3EC7C"
    },
    "childShapes" : [ ],
    "properties" : {
      "id" : "",
      "label" : "",
      "transformation" : ""
    },
    "stencil" : {
      "id" : "Arc"
    },
    "outgoing" : [ {
      "resourceId" : "sid-246EB901-5458-411F-9B31-455C38E3EC7C"
    } ],
    "formats" : {
    },
    "glossaryLinks" : {
    }
  }, {
    "bounds" : {
      "lowerRight" : {
        "y" : 425,
        "x" : 202
      },
      "upperLeft" : {
        "y" : 385,
        "x" : 98
      }
    },
    "dockers" : [ ],
    "resourceId" : "sid-225CC6EC-D98D-4967-9F15-D3290440EEDB",
    "labels" : [ ],
    "layers" : [ ],
    "childShapes" : [ ],
    "properties" : {
      "id" : "",
      "title" : "J",
      "communicationtype" : "Default",
      "communicationchannel" : "",
      "guard" : "",
      "oform" : "",
      "omodel" : "",
      "firetype" : "Automatic",
      "href" : ""
    },
    "stencil" : {
      "id" : "Transition"
    },
    "outgoing" : [ {
      "resourceId" : "sid-22FB5C03-01E3-47D0-B062-CDBE60EC1930"
    }, {
      "resourceId" : "sid-5DD6BFD1-0134-4ED5-B18B-9FC72D7404B4"
    } ],
    "formats" : {
    },
    "glossaryLinks" : {
    }
  }, {
    "bounds" : {
      "lowerRight" : {
        "y" : 384.078125,
        "x" : 150
      },
      "upperLeft" : {
        "y" : 345.0625,
        "x" : 150
      }
    },
    "dockers" : [ {
      "y" : 15,
      "x" : 15
    }, {
      "y" : 20,
      "x" : 52
    } ],
    "resourceId" : "sid-D2F266BF-7D52-4A3B-A62D-E6DA6FD74FD5",
    "labels" : [ ],
    "layers" : [ ],
    "target" : {
      "resourceId" : "sid-225CC6EC-D98D-4967-9F15-D3290440EEDB"
    },
    "childShapes" : [ ],
    "properties" : {
      "id" : "",
      "label" : "",
      "transformation" : ""
    },
    "stencil" : {
      "id" : "Arc"
    },
    "outgoing" : [ {
      "resourceId" : "sid-225CC6EC-D98D-4967-9F15-D3290440EEDB"
    } ],
    "formats" : {
    },
    "glossaryLinks" : {
    }
  }, {
    "bounds" : {
      "lowerRight" : {
        "y" : 405,
        "x" : 409.498046875
      },
      "upperLeft" : {
        "y" : 405,
        "x" : 202.5625
      }
    },
    "dockers" : [ {
      "y" : 15,
      "x" : 15
    }, {
      "y" : 20,
      "x" : 52
    } ],
    "resourceId" : "sid-46187B45-4198-4F86-B707-BF15920A2456",
    "labels" : [ ],
    "layers" : [ ],
    "target" : {
      "resourceId" : "sid-225CC6EC-D98D-4967-9F15-D3290440EEDB"
    },
    "childShapes" : [ ],
    "properties" : {
      "id" : "",
      "label" : "",
      "transformation" : ""
    },
    "stencil" : {
      "id" : "Arc"
    },
    "outgoing" : [ {
      "resourceId" : "sid-225CC6EC-D98D-4967-9F15-D3290440EEDB"
    } ],
    "formats" : {
    },
    "glossaryLinks" : {
    }
  }, {
    "bounds" : {
      "lowerRight" : {
        "y" : 248,
        "x" : 253
      },
      "upperLeft" : {
        "y" : 208,
        "x" : 165
      }
    },
    "dockers" : [ ],
    "resourceId" : "sid-9B94DD4C-26BB-493D-AD23-58A095959029",
    "labels" : [ ],
    "layers" : [ ],
    "childShapes" : [ ],
    "properties" : {
      "id" : "",
      "title" : "K",
      "communicationtype" : "Default",
      "communicationchannel" : "",
      "guard" : "",
      "oform" : "",
      "omodel" : "",
      "firetype" : "Automatic",
      "href" : ""
    },
    "stencil" : {
      "id" : "Transition"
    },
    "outgoing" : [ {
      "resourceId" : "sid-6FF9C7F2-94AF-444E-9276-07EA8E694154"
    } ],
    "formats" : {
    },
    "glossaryLinks" : {
    }
  }, {
    "bounds" : {
      "lowerRight" : {
        "y" : 165,
        "x" : 150
      },
      "upperLeft" : {
        "y" : 135,
        "x" : 120
      }
    },
    "dockers" : [ ],
    "resourceId" : "sid-CBCA8C82-F9BC-4692-A86E-F2C94CEAF83D",
    "labels" : [ ],
    "layers" : [ ],
    "childShapes" : [ ],
    "properties" : {
      "exttype" : "Push",
      "id" : "",
      "title" : "L",
      "external" : "false",
      "locatortypes" : "",
      "locatornames" : "",
      "numberoftokens_drawing" : "0",
      "numberoftokens_text" : "",
      "numberOfTokens" : "0",
      "locatorexpr" : "",
      "href" : ""
    },
    "stencil" : {
      "id" : "Place"
    },
    "outgoing" : [ {
      "resourceId" : "sid-325A5521-FEDC-45CE-AD6F-5F62D201099D"
    }, {
      "resourceId" : "sid-90FBCEAF-89BC-4BFE-B4BA-919A091BE2EE"
    } ],
    "formats" : {
    },
    "glossaryLinks" : {
    }
  }, {
    "bounds" : {
      "lowerRight" : {
        "y" : 207.77453630149077,
        "x" : 189.811739568081
      },
      "upperLeft" : {
        "y" : 161.08483869850923,
        "x" : 145.516385431919
      }
    },
    "dockers" : [ {
      "y" : 15,
      "x" : 15
    }, {
      "y" : 20,
      "x" : 44
    } ],
    "resourceId" : "sid-90FBCEAF-89BC-4BFE-B4BA-919A091BE2EE",
    "labels" : [ ],
    "layers" : [ ],
    "target" : {
      "resourceId" : "sid-9B94DD4C-26BB-493D-AD23-58A095959029"
    },
    "childShapes" : [ ],
    "properties" : {
      "id" : "",
      "label" : "",
      "transformation" : ""
    },
    "stencil" : {
      "id" : "Arc"
    },
    "outgoing" : [ {
      "resourceId" : "sid-9B94DD4C-26BB-493D-AD23-58A095959029"
    } ],
    "formats" : {
    },
    "glossaryLinks" : {
    }
  }, {
    "bounds" : {
      "lowerRight" : {
        "y" : 209.79135000767886,
        "x" : 126.16645688008724
      },
      "upperLeft" : {
        "y" : 163.33364999232114,
        "x" : 95.38823061991276
      }
    },
    "dockers" : [ {
      "y" : 15,
      "x" : 15
    }, {
      "y" : 20,
      "x" : 52
    } ],
    "resourceId" : "sid-325A5521-FEDC-45CE-AD6F-5F62D201099D",
    "labels" : [ ],
    "layers" : [ ],
    "target" : {
      "resourceId" : "sid-7C734CB0-D976-4795-A7FE-2951F937B152"
    },
    "childShapes" : [ ],
    "properties" : {
      "id" : "",
      "label" : "",
      "transformation" : ""
    },
    "stencil" : {
      "id" : "Arc"
    },
    "outgoing" : [ {
      "resourceId" : "sid-7C734CB0-D976-4795-A7FE-2951F937B152"
    } ],
    "formats" : {
    },
    "glossaryLinks" : {
    }
  }, {
    "bounds" : {
      "lowerRight" : {
        "y" : 316.38438010455803,
        "x" : 196.97586079577377
      },
      "upperLeft" : {
        "y" : 248.78749489544197,
        "x" : 157.87570170422623
      }
    },
    "dockers" : [ {
      "y" : 20,
      "x" : 44
    }, {
      "y" : 15,
      "x" : 15
    } ],
    "resourceId" : "sid-6FF9C7F2-94AF-444E-9276-07EA8E694154",
    "labels" : [ ],
    "layers" : [ ],
    "target" : {
      "resourceId" : "sid-52D03D1C-890C-44D2-9930-37911DD9A5E0"
    },
    "childShapes" : [ ],
    "properties" : {
      "id" : "",
      "label" : "",
      "transformation" : ""
    },
    "stencil" : {
      "id" : "Arc"
    },
    "outgoing" : [ {
      "resourceId" : "sid-52D03D1C-890C-44D2-9930-37911DD9A5E0"
    } ],
    "formats" : {
    },
    "glossaryLinks" : {
    }
  }, {
    "bounds" : {
      "lowerRight" : {
        "y" : 403.4389125443581,
        "x" : 119.125
      },
      "upperLeft" : {
        "y" : 150,
        "x" : 16
      }
    },
    "dockers" : [ {
      "y" : 20,
      "x" : 52
    }, {
      "y" : 401,
      "x" : 16
    }, {
      "y" : 150,
      "x" : 16
    }, {
      "y" : 15,
      "x" : 15
    } ],
    "resourceId" : "sid-5DD6BFD1-0134-4ED5-B18B-9FC72D7404B4",
    "labels" : [ ],
    "layers" : [ ],
    "target" : {
      "resourceId" : "sid-CBCA8C82-F9BC-4692-A86E-F2C94CEAF83D"
    },
    "childShapes" : [ ],
    "properties" : {
      "id" : "",
      "label" : "",
      "transformation" : ""
    },
    "stencil" : {
      "id" : "Arc"
    },
    "outgoing" : [ {
      "resourceId" : "sid-CBCA8C82-F9BC-4692-A86E-F2C94CEAF83D"
    } ],
    "formats" : {
    },
    "glossaryLinks" : {
    }
  }, {
    "bounds" : {
      "lowerRight" : {
        "y" : 467,
        "x" : 681
      },
      "upperLeft" : {
        "y" : 65,
        "x" : 150
      }
    },
    "dockers" : [ {
      "y" : 20,
      "x" : 52
    }, {
      "y" : 467,
      "x" : 150
    }, {
      "y" : 467,
      "x" : 681
    }, {
      "y" : 65,
      "x" : 681
    }, {
      "y" : 20,
      "x" : 29.5
    } ],
    "resourceId" : "sid-22FB5C03-01E3-47D0-B062-CDBE60EC1930",
    "labels" : [ ],
    "layers" : [ ],
    "target" : {
      "resourceId" : "sid-D568AA37-55BC-4A11-A47E-3271835EC6AA"
    },
    "childShapes" : [ ],
    "properties" : {
      "id" : "",
      "label" : "",
      "transformation" : ""
    },
    "stencil" : {
      "id" : "Arc"
    },
    "outgoing" : [ {
      "resourceId" : "sid-D568AA37-55BC-4A11-A47E-3271835EC6AA"
    } ],
    "formats" : {
    },
    "glossaryLinks" : {
    }
  } ],
  "properties" : {
    "author" : "",
    "title" : "",
    "engine" : "false",
    "modificationdate" : "10/07/07",
    "documentation" : "",
    "language" : "English",
    "creationdate" : "10/07/07",
    "version" : ""
  },
  "stencilset" : {
    "url" : "/stencilsets/petrinets/petrinet.json?version=4.3.2",
    "namespace" : "http://b3mn.org/stencilset/petrinet#"
  },
  "ssextensions" : [ ],
  "stencil" : {
    "id" : "Diagram"
  },
  "formats" : {
  }
}