{
  "revision" : {
    "creationDate" : null,
    "elementCounts" : {
      "total" : 27,
      "Place" : 6,
      "Arc" : 14,
      "Transition" : 6,
      "Diagram" : 1
    },
    "connectedness" : 100,
    "isLastRevision" : "true",
    "revisionNumber" : 8
  },
  "model" : {
    "modelingLanguage" : "petrinet",
    "numberOfRevisions" : 8,
    "naturalLanguage" : "de",
    "timestampModelCollection" : null,
    "directoryId" : "1696680919",
    "groupName" : "PetriNet",
    "modelDate" : "2012-08-30",
    "modelName" : "122209500",
    "modelId" : "122209500"
  }
}