{
  "revision" : {
    "creationDate" : null,
    "elementCounts" : {
      "total" : 21,
      "Place" : 5,
      "Arc" : 10,
      "Transition" : 5,
      "Diagram" : 1
    },
    "connectedness" : 60,
    "isLastRevision" : "false",
    "revisionNumber" : 1
  },
  "model" : {
    "modelingLanguage" : "petrinet",
    "numberOfRevisions" : 2,
    "naturalLanguage" : "de",
    "timestampModelCollection" : null,
    "directoryId" : "1072760899",
    "groupName" : "PetriNet",
    "modelDate" : "2010-08-18",
    "modelName" : "Activity 3.4 XOR-Join",
    "modelId" : "1609811354"
  }
}