{
  "revision" : {
    "creationDate" : null,
    "elementCounts" : {
      "total" : 57,
      "Place" : 11,
      "Arc" : 32,
      "Transition" : 13,
      "Diagram" : 1
    },
    "connectedness" : 100,
    "isLastRevision" : "false",
    "revisionNumber" : 2
  },
  "model" : {
    "modelingLanguage" : "petrinet",
    "numberOfRevisions" : 3,
    "naturalLanguage" : "de",
    "timestampModelCollection" : null,
    "directoryId" : "945195334",
    "groupName" : "PetriNet",
    "modelDate" : "2012-08-30",
    "modelName" : "446754032",
    "modelId" : "446754032"
  }
}