{
  "bounds" : {
    "lowerRight" : {
      "y" : 1050,
      "x" : 1485
    },
    "upperLeft" : {
      "y" : 0,
      "x" : 0
    }
  },
  "resourceId" : "canvas",
  "childShapes" : [ {
    "bounds" : {
      "lowerRight" : {
        "y" : 270,
        "x" : 225
      },
      "upperLeft" : {
        "y" : 240,
        "x" : 195
      }
    },
    "dockers" : [ ],
    "resourceId" : "sid-82F9949A-9530-43E0-9BB1-E14C1CFEB82F",
    "labels" : [ ],
    "layers" : [ ],
    "childShapes" : [ ],
    "properties" : {
      "exttype" : "Push",
      "id" : "",
      "title" : "",
      "external" : "false",
      "locatortypes" : "",
      "locatornames" : "",
      "numberoftokens_drawing" : "0",
      "numberoftokens_text" : "",
      "numberOfTokens" : "0",
      "locatorexpr" : "",
      "href" : ""
    },
    "stencil" : {
      "id" : "Place"
    },
    "outgoing" : [ {
      "resourceId" : "sid-6A18D0C0-9B83-407D-AE14-AABEA17EDE9B"
    } ],
    "formats" : {
    },
    "glossaryLinks" : {
    }
  }, {
    "bounds" : {
      "lowerRight" : {
        "y" : 275,
        "x" : 310
      },
      "upperLeft" : {
        "y" : 235,
        "x" : 270
      }
    },
    "dockers" : [ ],
    "resourceId" : "sid-AC8D49EC-D45A-4392-B709-CA36C2405E40",
    "labels" : [ ],
    "layers" : [ ],
    "childShapes" : [ ],
    "properties" : {
      "id" : "",
      "title" : "A",
      "communicationtype" : "Default",
      "communicationchannel" : "",
      "guard" : "",
      "oform" : "",
      "omodel" : "",
      "firetype" : "Automatic",
      "href" : ""
    },
    "stencil" : {
      "id" : "Transition"
    },
    "outgoing" : [ {
      "resourceId" : "sid-8BFDCB7F-4F1F-4A45-8937-9A7E70F863B6"
    }, {
      "resourceId" : "sid-EFBDC242-FF9D-4AEA-B00E-C7D28464D324"
    } ],
    "formats" : {
    },
    "glossaryLinks" : {
    }
  }, {
    "bounds" : {
      "lowerRight" : {
        "y" : 255,
        "x" : 269.625
      },
      "upperLeft" : {
        "y" : 255,
        "x" : 225.375
      }
    },
    "dockers" : [ {
      "y" : 15,
      "x" : 15
    }, {
      "y" : 20,
      "x" : 20
    } ],
    "resourceId" : "sid-6A18D0C0-9B83-407D-AE14-AABEA17EDE9B",
    "labels" : [ ],
    "layers" : [ ],
    "target" : {
      "resourceId" : "sid-AC8D49EC-D45A-4392-B709-CA36C2405E40"
    },
    "childShapes" : [ ],
    "properties" : {
      "id" : "",
      "label" : "",
      "transformation" : ""
    },
    "stencil" : {
      "id" : "Arc"
    },
    "outgoing" : [ {
      "resourceId" : "sid-AC8D49EC-D45A-4392-B709-CA36C2405E40"
    } ],
    "formats" : {
    },
    "glossaryLinks" : {
    }
  }, {
    "bounds" : {
      "lowerRight" : {
        "y" : 270,
        "x" : 385
      },
      "upperLeft" : {
        "y" : 240,
        "x" : 355
      }
    },
    "dockers" : [ ],
    "resourceId" : "sid-65768555-00CD-4E5F-931A-5791F1FE8528",
    "labels" : [ ],
    "layers" : [ ],
    "childShapes" : [ ],
    "properties" : {
      "exttype" : "Push",
      "id" : "",
      "title" : "",
      "external" : "false",
      "locatortypes" : "",
      "locatornames" : "",
      "numberoftokens_drawing" : "0",
      "numberoftokens_text" : "",
      "numberOfTokens" : "0",
      "locatorexpr" : "",
      "href" : ""
    },
    "stencil" : {
      "id" : "Place"
    },
    "outgoing" : [ {
      "resourceId" : "sid-8EABB698-E3F7-47D1-AF8C-F7810AC3E45E"
    } ],
    "formats" : {
    },
    "glossaryLinks" : {
    }
  }, {
    "bounds" : {
      "lowerRight" : {
        "y" : 255,
        "x" : 354.625
      },
      "upperLeft" : {
        "y" : 255,
        "x" : 311
      }
    },
    "dockers" : [ {
      "y" : 20,
      "x" : 20
    }, {
      "y" : 15,
      "x" : 15
    } ],
    "resourceId" : "sid-8BFDCB7F-4F1F-4A45-8937-9A7E70F863B6",
    "labels" : [ ],
    "layers" : [ ],
    "target" : {
      "resourceId" : "sid-65768555-00CD-4E5F-931A-5791F1FE8528"
    },
    "childShapes" : [ ],
    "properties" : {
      "id" : "",
      "label" : "",
      "transformation" : ""
    },
    "stencil" : {
      "id" : "Arc"
    },
    "outgoing" : [ {
      "resourceId" : "sid-65768555-00CD-4E5F-931A-5791F1FE8528"
    } ],
    "formats" : {
    },
    "glossaryLinks" : {
    }
  }, {
    "bounds" : {
      "lowerRight" : {
        "y" : 275,
        "x" : 470
      },
      "upperLeft" : {
        "y" : 235,
        "x" : 430
      }
    },
    "dockers" : [ ],
    "resourceId" : "sid-97C1FE8F-07A8-40A4-8303-144E3B1F2FFD",
    "labels" : [ ],
    "layers" : [ ],
    "childShapes" : [ ],
    "properties" : {
      "id" : "",
      "title" : "B",
      "communicationtype" : "Default",
      "communicationchannel" : "",
      "guard" : "",
      "oform" : "",
      "omodel" : "",
      "firetype" : "Automatic",
      "href" : ""
    },
    "stencil" : {
      "id" : "Transition"
    },
    "outgoing" : [ {
      "resourceId" : "sid-7439D5DF-2025-4975-B76E-86E5AB792AA7"
    } ],
    "formats" : {
    },
    "glossaryLinks" : {
    }
  }, {
    "bounds" : {
      "lowerRight" : {
        "y" : 255,
        "x" : 429.625
      },
      "upperLeft" : {
        "y" : 255,
        "x" : 385.375
      }
    },
    "dockers" : [ {
      "y" : 15,
      "x" : 15
    }, {
      "y" : 20,
      "x" : 20
    } ],
    "resourceId" : "sid-8EABB698-E3F7-47D1-AF8C-F7810AC3E45E",
    "labels" : [ ],
    "layers" : [ ],
    "target" : {
      "resourceId" : "sid-97C1FE8F-07A8-40A4-8303-144E3B1F2FFD"
    },
    "childShapes" : [ ],
    "properties" : {
      "id" : "",
      "label" : "",
      "transformation" : ""
    },
    "stencil" : {
      "id" : "Arc"
    },
    "outgoing" : [ {
      "resourceId" : "sid-97C1FE8F-07A8-40A4-8303-144E3B1F2FFD"
    } ],
    "formats" : {
    },
    "glossaryLinks" : {
    }
  }, {
    "bounds" : {
      "lowerRight" : {
        "y" : 270,
        "x" : 545
      },
      "upperLeft" : {
        "y" : 240,
        "x" : 515
      }
    },
    "dockers" : [ ],
    "resourceId" : "sid-9714F728-4052-4FF8-ADD6-17DD9B9515CF",
    "labels" : [ ],
    "layers" : [ ],
    "childShapes" : [ ],
    "properties" : {
      "exttype" : "Push",
      "id" : "",
      "title" : "",
      "external" : "false",
      "locatortypes" : "",
      "locatornames" : "",
      "numberoftokens_drawing" : "0",
      "numberoftokens_text" : "",
      "numberOfTokens" : "0",
      "locatorexpr" : "",
      "href" : ""
    },
    "stencil" : {
      "id" : "Place"
    },
    "outgoing" : [ {
      "resourceId" : "sid-2FA96662-A86E-4B22-855C-9867690F2FFF"
    }, {
      "resourceId" : "sid-E5590385-48C6-492D-9D5A-B7952E97AC6A"
    } ],
    "formats" : {
    },
    "glossaryLinks" : {
    }
  }, {
    "bounds" : {
      "lowerRight" : {
        "y" : 255,
        "x" : 514.625
      },
      "upperLeft" : {
        "y" : 255,
        "x" : 471
      }
    },
    "dockers" : [ {
      "y" : 20,
      "x" : 20
    }, {
      "y" : 15,
      "x" : 15
    } ],
    "resourceId" : "sid-7439D5DF-2025-4975-B76E-86E5AB792AA7",
    "labels" : [ ],
    "layers" : [ ],
    "target" : {
      "resourceId" : "sid-9714F728-4052-4FF8-ADD6-17DD9B9515CF"
    },
    "childShapes" : [ ],
    "properties" : {
      "id" : "",
      "label" : "",
      "transformation" : ""
    },
    "stencil" : {
      "id" : "Arc"
    },
    "outgoing" : [ {
      "resourceId" : "sid-9714F728-4052-4FF8-ADD6-17DD9B9515CF"
    } ],
    "formats" : {
    },
    "glossaryLinks" : {
    }
  }, {
    "bounds" : {
      "lowerRight" : {
        "y" : 275,
        "x" : 630
      },
      "upperLeft" : {
        "y" : 235,
        "x" : 590
      }
    },
    "dockers" : [ ],
    "resourceId" : "sid-F27B5196-052B-4904-8EAC-789BDAC0C78A",
    "labels" : [ ],
    "layers" : [ ],
    "childShapes" : [ ],
    "properties" : {
      "id" : "",
      "title" : "C",
      "communicationtype" : "Default",
      "communicationchannel" : "",
      "guard" : "",
      "oform" : "",
      "omodel" : "",
      "firetype" : "Automatic",
      "href" : ""
    },
    "stencil" : {
      "id" : "Transition"
    },
    "outgoing" : [ {
      "resourceId" : "sid-111C2A42-17BC-4201-8035-7CF63CE8F725"
    } ],
    "formats" : {
    },
    "glossaryLinks" : {
    }
  }, {
    "bounds" : {
      "lowerRight" : {
        "y" : 255,
        "x" : 589.625
      },
      "upperLeft" : {
        "y" : 255,
        "x" : 545.375
      }
    },
    "dockers" : [ {
      "y" : 15,
      "x" : 15
    }, {
      "y" : 20,
      "x" : 20
    } ],
    "resourceId" : "sid-2FA96662-A86E-4B22-855C-9867690F2FFF",
    "labels" : [ ],
    "layers" : [ ],
    "target" : {
      "resourceId" : "sid-F27B5196-052B-4904-8EAC-789BDAC0C78A"
    },
    "childShapes" : [ ],
    "properties" : {
      "id" : "",
      "label" : "",
      "transformation" : ""
    },
    "stencil" : {
      "id" : "Arc"
    },
    "outgoing" : [ {
      "resourceId" : "sid-F27B5196-052B-4904-8EAC-789BDAC0C78A"
    } ],
    "formats" : {
    },
    "glossaryLinks" : {
    }
  }, {
    "bounds" : {
      "lowerRight" : {
        "y" : 270,
        "x" : 705
      },
      "upperLeft" : {
        "y" : 240,
        "x" : 675
      }
    },
    "dockers" : [ ],
    "resourceId" : "sid-83B4E520-CFC3-4B7E-ACC2-0D4A6A49CB48",
    "labels" : [ ],
    "layers" : [ ],
    "childShapes" : [ ],
    "properties" : {
      "exttype" : "Push",
      "id" : "",
      "title" : "",
      "external" : "false",
      "locatortypes" : "",
      "locatornames" : "",
      "numberoftokens_drawing" : "0",
      "numberoftokens_text" : "",
      "numberOfTokens" : "0",
      "locatorexpr" : "",
      "href" : ""
    },
    "stencil" : {
      "id" : "Place"
    },
    "outgoing" : [ {
      "resourceId" : "sid-0FD3023F-DB72-41C7-B52B-E06972B945CD"
    }, {
      "resourceId" : "sid-10F48C85-592B-4A8A-8856-B7DAE7EB9379"
    } ],
    "formats" : {
    },
    "glossaryLinks" : {
    }
  }, {
    "bounds" : {
      "lowerRight" : {
        "y" : 255,
        "x" : 674.625
      },
      "upperLeft" : {
        "y" : 255,
        "x" : 631
      }
    },
    "dockers" : [ {
      "y" : 20,
      "x" : 20
    }, {
      "y" : 15,
      "x" : 15
    } ],
    "resourceId" : "sid-111C2A42-17BC-4201-8035-7CF63CE8F725",
    "labels" : [ ],
    "layers" : [ ],
    "target" : {
      "resourceId" : "sid-83B4E520-CFC3-4B7E-ACC2-0D4A6A49CB48"
    },
    "childShapes" : [ ],
    "properties" : {
      "id" : "",
      "label" : "",
      "transformation" : ""
    },
    "stencil" : {
      "id" : "Arc"
    },
    "outgoing" : [ {
      "resourceId" : "sid-83B4E520-CFC3-4B7E-ACC2-0D4A6A49CB48"
    } ],
    "formats" : {
    },
    "glossaryLinks" : {
    }
  }, {
    "bounds" : {
      "lowerRight" : {
        "y" : 275,
        "x" : 790
      },
      "upperLeft" : {
        "y" : 235,
        "x" : 750
      }
    },
    "dockers" : [ ],
    "resourceId" : "sid-AABBAD3D-E0B2-49CF-8CC8-520A18EB453F",
    "labels" : [ ],
    "layers" : [ ],
    "childShapes" : [ ],
    "properties" : {
      "id" : "",
      "title" : "D",
      "communicationtype" : "Default",
      "communicationchannel" : "",
      "guard" : "",
      "oform" : "",
      "omodel" : "",
      "firetype" : "Automatic",
      "href" : ""
    },
    "stencil" : {
      "id" : "Transition"
    },
    "outgoing" : [ {
      "resourceId" : "sid-3D166513-188C-4CA5-9D1B-DCC77706FE47"
    } ],
    "formats" : {
    },
    "glossaryLinks" : {
    }
  }, {
    "bounds" : {
      "lowerRight" : {
        "y" : 255,
        "x" : 749.625
      },
      "upperLeft" : {
        "y" : 255,
        "x" : 705.375
      }
    },
    "dockers" : [ {
      "y" : 15,
      "x" : 15
    }, {
      "y" : 20,
      "x" : 20
    } ],
    "resourceId" : "sid-0FD3023F-DB72-41C7-B52B-E06972B945CD",
    "labels" : [ ],
    "layers" : [ ],
    "target" : {
      "resourceId" : "sid-AABBAD3D-E0B2-49CF-8CC8-520A18EB453F"
    },
    "childShapes" : [ ],
    "properties" : {
      "id" : "",
      "label" : "",
      "transformation" : ""
    },
    "stencil" : {
      "id" : "Arc"
    },
    "outgoing" : [ {
      "resourceId" : "sid-AABBAD3D-E0B2-49CF-8CC8-520A18EB453F"
    } ],
    "formats" : {
    },
    "glossaryLinks" : {
    }
  }, {
    "bounds" : {
      "lowerRight" : {
        "y" : 270,
        "x" : 865
      },
      "upperLeft" : {
        "y" : 240,
        "x" : 835
      }
    },
    "dockers" : [ ],
    "resourceId" : "sid-FF2148BA-35FE-4398-857B-D7C9BC32A247",
    "labels" : [ ],
    "layers" : [ ],
    "childShapes" : [ ],
    "properties" : {
      "exttype" : "Push",
      "id" : "",
      "title" : "",
      "external" : "false",
      "locatortypes" : "",
      "locatornames" : "",
      "numberoftokens_drawing" : "0",
      "numberoftokens_text" : "",
      "numberOfTokens" : "0",
      "locatorexpr" : "",
      "href" : ""
    },
    "stencil" : {
      "id" : "Place"
    },
    "outgoing" : [ {
      "resourceId" : "sid-899E1E3F-C88B-414E-832B-81A1A5EB4191"
    }, {
      "resourceId" : "sid-81AD87DD-AC2D-4E25-BD73-24D28A80AFD0"
    } ],
    "formats" : {
    },
    "glossaryLinks" : {
    }
  }, {
    "bounds" : {
      "lowerRight" : {
        "y" : 255,
        "x" : 834.625
      },
      "upperLeft" : {
        "y" : 255,
        "x" : 791
      }
    },
    "dockers" : [ {
      "y" : 20,
      "x" : 20
    }, {
      "y" : 15,
      "x" : 15
    } ],
    "resourceId" : "sid-3D166513-188C-4CA5-9D1B-DCC77706FE47",
    "labels" : [ ],
    "layers" : [ ],
    "target" : {
      "resourceId" : "sid-FF2148BA-35FE-4398-857B-D7C9BC32A247"
    },
    "childShapes" : [ ],
    "properties" : {
      "id" : "",
      "label" : "",
      "transformation" : ""
    },
    "stencil" : {
      "id" : "Arc"
    },
    "outgoing" : [ {
      "resourceId" : "sid-FF2148BA-35FE-4398-857B-D7C9BC32A247"
    } ],
    "formats" : {
    },
    "glossaryLinks" : {
    }
  }, {
    "bounds" : {
      "lowerRight" : {
        "y" : 281.5,
        "x" : 971
      },
      "upperLeft" : {
        "y" : 228.5,
        "x" : 910
      }
    },
    "dockers" : [ ],
    "resourceId" : "sid-98862028-D573-45DC-906A-4094DEBE1631",
    "labels" : [ ],
    "layers" : [ ],
    "childShapes" : [ ],
    "properties" : {
      "id" : "",
      "title" : "E",
      "communicationtype" : "Default",
      "communicationchannel" : "",
      "guard" : "",
      "oform" : "",
      "omodel" : "",
      "firetype" : "Automatic",
      "href" : ""
    },
    "stencil" : {
      "id" : "Transition"
    },
    "outgoing" : [ {
      "resourceId" : "sid-8AF286E6-136B-492D-B56E-C96A39EE2D65"
    }, {
      "resourceId" : "sid-35788751-36C3-4484-9F2D-2D6E8B96DD06"
    } ],
    "formats" : {
    },
    "glossaryLinks" : {
    }
  }, {
    "bounds" : {
      "lowerRight" : {
        "y" : 255,
        "x" : 909.8046875
      },
      "upperLeft" : {
        "y" : 255,
        "x" : 865.140625
      }
    },
    "dockers" : [ {
      "y" : 15,
      "x" : 15
    }, {
      "y" : 26.5,
      "x" : 30.5
    } ],
    "resourceId" : "sid-899E1E3F-C88B-414E-832B-81A1A5EB4191",
    "labels" : [ ],
    "layers" : [ ],
    "target" : {
      "resourceId" : "sid-98862028-D573-45DC-906A-4094DEBE1631"
    },
    "childShapes" : [ ],
    "properties" : {
      "id" : "",
      "label" : "",
      "transformation" : ""
    },
    "stencil" : {
      "id" : "Arc"
    },
    "outgoing" : [ {
      "resourceId" : "sid-98862028-D573-45DC-906A-4094DEBE1631"
    } ],
    "formats" : {
    },
    "glossaryLinks" : {
    }
  }, {
    "bounds" : {
      "lowerRight" : {
        "y" : 270,
        "x" : 1025
      },
      "upperLeft" : {
        "y" : 240,
        "x" : 995
      }
    },
    "dockers" : [ ],
    "resourceId" : "sid-B058A751-9644-40E0-92A1-D69A5772B20E",
    "labels" : [ ],
    "layers" : [ ],
    "childShapes" : [ ],
    "properties" : {
      "exttype" : "Push",
      "id" : "",
      "title" : "",
      "external" : "false",
      "locatortypes" : "",
      "locatornames" : "",
      "numberoftokens_drawing" : "0",
      "numberoftokens_text" : "",
      "numberOfTokens" : "0",
      "locatorexpr" : "",
      "href" : ""
    },
    "stencil" : {
      "id" : "Place"
    },
    "outgoing" : [ ],
    "formats" : {
    },
    "glossaryLinks" : {
    }
  }, {
    "bounds" : {
      "lowerRight" : {
        "y" : 255,
        "x" : 994.8828125
      },
      "upperLeft" : {
        "y" : 255,
        "x" : 971.90625
      }
    },
    "dockers" : [ {
      "y" : 26.5,
      "x" : 30.5
    }, {
      "y" : 15,
      "x" : 15
    } ],
    "resourceId" : "sid-8AF286E6-136B-492D-B56E-C96A39EE2D65",
    "labels" : [ ],
    "layers" : [ ],
    "target" : {
      "resourceId" : "sid-B058A751-9644-40E0-92A1-D69A5772B20E"
    },
    "childShapes" : [ ],
    "properties" : {
      "id" : "",
      "label" : "",
      "transformation" : ""
    },
    "stencil" : {
      "id" : "Arc"
    },
    "outgoing" : [ {
      "resourceId" : "sid-B058A751-9644-40E0-92A1-D69A5772B20E"
    } ],
    "formats" : {
    },
    "glossaryLinks" : {
    }
  }, {
    "bounds" : {
      "lowerRight" : {
        "y" : 195,
        "x" : 305
      },
      "upperLeft" : {
        "y" : 165,
        "x" : 275
      }
    },
    "dockers" : [ ],
    "resourceId" : "sid-07EFB4DE-D3F6-41F6-8F1B-FBDCF5452E9C",
    "labels" : [ ],
    "layers" : [ ],
    "childShapes" : [ ],
    "properties" : {
      "exttype" : "Push",
      "id" : "",
      "title" : "",
      "external" : "false",
      "locatortypes" : "",
      "locatornames" : "",
      "numberoftokens_drawing" : "0",
      "numberoftokens_text" : "",
      "numberOfTokens" : "0",
      "locatorexpr" : "",
      "href" : ""
    },
    "stencil" : {
      "id" : "Place"
    },
    "outgoing" : [ {
      "resourceId" : "sid-56FD8C31-4CE5-4771-92BE-600511146FCA"
    } ],
    "formats" : {
    },
    "glossaryLinks" : {
    }
  }, {
    "bounds" : {
      "lowerRight" : {
        "y" : 234.078125,
        "x" : 290
      },
      "upperLeft" : {
        "y" : 195.0625,
        "x" : 290
      }
    },
    "dockers" : [ {
      "y" : 15,
      "x" : 15
    }, {
      "y" : 20,
      "x" : 20
    } ],
    "resourceId" : "sid-56FD8C31-4CE5-4771-92BE-600511146FCA",
    "labels" : [ ],
    "layers" : [ ],
    "target" : {
      "resourceId" : "sid-AC8D49EC-D45A-4392-B709-CA36C2405E40"
    },
    "childShapes" : [ ],
    "properties" : {
      "id" : "",
      "label" : "",
      "transformation" : ""
    },
    "stencil" : {
      "id" : "Arc"
    },
    "outgoing" : [ {
      "resourceId" : "sid-AC8D49EC-D45A-4392-B709-CA36C2405E40"
    } ],
    "formats" : {
    },
    "glossaryLinks" : {
    }
  }, {
    "bounds" : {
      "lowerRight" : {
        "y" : 228.21875,
        "x" : 940.5
      },
      "upperLeft" : {
        "y" : 180,
        "x" : 305.61083984375
      }
    },
    "dockers" : [ {
      "y" : 26.5,
      "x" : 30.5
    }, {
      "y" : 180,
      "x" : 940.5
    }, {
      "y" : 15,
      "x" : 15
    } ],
    "resourceId" : "sid-35788751-36C3-4484-9F2D-2D6E8B96DD06",
    "labels" : [ ],
    "layers" : [ ],
    "target" : {
      "resourceId" : "sid-07EFB4DE-D3F6-41F6-8F1B-FBDCF5452E9C"
    },
    "childShapes" : [ ],
    "properties" : {
      "id" : "",
      "label" : "",
      "transformation" : ""
    },
    "stencil" : {
      "id" : "Arc"
    },
    "outgoing" : [ {
      "resourceId" : "sid-07EFB4DE-D3F6-41F6-8F1B-FBDCF5452E9C"
    } ],
    "formats" : {
    },
    "glossaryLinks" : {
    }
  }, {
    "bounds" : {
      "lowerRight" : {
        "y" : 605,
        "x" : 305
      },
      "upperLeft" : {
        "y" : 575,
        "x" : 275
      }
    },
    "dockers" : [ ],
    "resourceId" : "sid-5EB16A5C-D22B-468D-BC58-D902D95E2D97",
    "labels" : [ ],
    "layers" : [ ],
    "childShapes" : [ ],
    "properties" : {
      "exttype" : "Push",
      "id" : "",
      "title" : "",
      "external" : "false",
      "locatortypes" : "",
      "locatornames" : "",
      "numberoftokens_drawing" : "0",
      "numberoftokens_text" : "",
      "numberOfTokens" : "0",
      "locatorexpr" : "",
      "href" : ""
    },
    "stencil" : {
      "id" : "Place"
    },
    "outgoing" : [ {
      "resourceId" : "sid-6ED4B3DF-4C29-4DBA-8EF9-531782453849"
    }, {
      "resourceId" : "sid-AD8FB747-BB71-4F40-A8DC-5CC4B93AB0C7"
    }, {
      "resourceId" : "sid-724EEA2E-ABA2-4544-8121-519E5ED2FB2E"
    } ],
    "formats" : {
    },
    "glossaryLinks" : {
    }
  }, {
    "bounds" : {
      "lowerRight" : {
        "y" : 574.60546875,
        "x" : 290
      },
      "upperLeft" : {
        "y" : 275.62890625,
        "x" : 290
      }
    },
    "dockers" : [ {
      "y" : 20,
      "x" : 20
    }, {
      "y" : 15,
      "x" : 15
    } ],
    "resourceId" : "sid-EFBDC242-FF9D-4AEA-B00E-C7D28464D324",
    "labels" : [ ],
    "layers" : [ ],
    "target" : {
      "resourceId" : "sid-5EB16A5C-D22B-468D-BC58-D902D95E2D97"
    },
    "childShapes" : [ ],
    "properties" : {
      "id" : "",
      "label" : "",
      "transformation" : ""
    },
    "stencil" : {
      "id" : "Arc"
    },
    "outgoing" : [ {
      "resourceId" : "sid-5EB16A5C-D22B-468D-BC58-D902D95E2D97"
    } ],
    "formats" : {
    },
    "glossaryLinks" : {
    }
  }, {
    "bounds" : {
      "lowerRight" : {
        "y" : 565,
        "x" : 508
      },
      "upperLeft" : {
        "y" : 525,
        "x" : 468
      }
    },
    "dockers" : [ ],
    "resourceId" : "sid-07033EEC-F3F4-4272-A1A4-257652CA5D21",
    "labels" : [ ],
    "layers" : [ ],
    "childShapes" : [ ],
    "properties" : {
      "id" : "",
      "title" : "F",
      "communicationtype" : "Default",
      "communicationchannel" : "",
      "guard" : "",
      "oform" : "",
      "omodel" : "",
      "firetype" : "Automatic",
      "href" : ""
    },
    "stencil" : {
      "id" : "Transition"
    },
    "outgoing" : [ {
      "resourceId" : "sid-5B671573-DA8C-4B43-9EB7-0D1B81E91065"
    } ],
    "formats" : {
    },
    "glossaryLinks" : {
    }
  }, {
    "bounds" : {
      "lowerRight" : {
        "y" : 586.614316396411,
        "x" : 467.68892964420854
      },
      "upperLeft" : {
        "y" : 549.616152353589,
        "x" : 304.89700785579146
      }
    },
    "dockers" : [ {
      "y" : 15,
      "x" : 15
    }, {
      "y" : 20,
      "x" : 20
    } ],
    "resourceId" : "sid-6ED4B3DF-4C29-4DBA-8EF9-531782453849",
    "labels" : [ ],
    "layers" : [ ],
    "target" : {
      "resourceId" : "sid-07033EEC-F3F4-4272-A1A4-257652CA5D21"
    },
    "childShapes" : [ ],
    "properties" : {
      "id" : "",
      "label" : "",
      "transformation" : ""
    },
    "stencil" : {
      "id" : "Arc"
    },
    "outgoing" : [ {
      "resourceId" : "sid-07033EEC-F3F4-4272-A1A4-257652CA5D21"
    } ],
    "formats" : {
    },
    "glossaryLinks" : {
    }
  }, {
    "bounds" : {
      "lowerRight" : {
        "y" : 645,
        "x" : 545
      },
      "upperLeft" : {
        "y" : 605,
        "x" : 430
      }
    },
    "dockers" : [ ],
    "resourceId" : "sid-7C07421F-4840-4A97-823A-D6B7C1EEA8E3",
    "labels" : [ ],
    "layers" : [ ],
    "childShapes" : [ ],
    "properties" : {
      "id" : "",
      "title" : "G",
      "communicationtype" : "Default",
      "communicationchannel" : "",
      "guard" : "",
      "oform" : "",
      "omodel" : "",
      "firetype" : "Automatic",
      "href" : ""
    },
    "stencil" : {
      "id" : "Transition"
    },
    "outgoing" : [ {
      "resourceId" : "sid-5AC7B9F6-256D-498A-9316-BF178D9931F0"
    } ],
    "formats" : {
    },
    "glossaryLinks" : {
    }
  }, {
    "bounds" : {
      "lowerRight" : {
        "y" : 614.7083161765142,
        "x" : 429.425498424616
      },
      "upperLeft" : {
        "y" : 592.6354338234858,
        "x" : 304.871376575384
      }
    },
    "dockers" : [ {
      "y" : 15,
      "x" : 15
    }, {
      "y" : 20,
      "x" : 57.5
    } ],
    "resourceId" : "sid-AD8FB747-BB71-4F40-A8DC-5CC4B93AB0C7",
    "labels" : [ ],
    "layers" : [ ],
    "target" : {
      "resourceId" : "sid-7C07421F-4840-4A97-823A-D6B7C1EEA8E3"
    },
    "childShapes" : [ ],
    "properties" : {
      "id" : "",
      "label" : "",
      "transformation" : ""
    },
    "stencil" : {
      "id" : "Arc"
    },
    "outgoing" : [ {
      "resourceId" : "sid-7C07421F-4840-4A97-823A-D6B7C1EEA8E3"
    } ],
    "formats" : {
    },
    "glossaryLinks" : {
    }
  }, {
    "bounds" : {
      "lowerRight" : {
        "y" : 605,
        "x" : 705
      },
      "upperLeft" : {
        "y" : 575,
        "x" : 675
      }
    },
    "dockers" : [ ],
    "resourceId" : "sid-0124A955-CD78-4C76-A59F-F2B18FC2D5A2",
    "labels" : [ ],
    "layers" : [ ],
    "childShapes" : [ ],
    "properties" : {
      "exttype" : "Push",
      "id" : "",
      "title" : "",
      "external" : "false",
      "locatortypes" : "",
      "locatornames" : "",
      "numberoftokens_drawing" : "0",
      "numberoftokens_text" : "",
      "numberOfTokens" : "0",
      "locatorexpr" : "",
      "href" : ""
    },
    "stencil" : {
      "id" : "Place"
    },
    "outgoing" : [ {
      "resourceId" : "sid-1F80ADCA-B921-4CFE-B65D-C8C38C5BAE86"
    }, {
      "resourceId" : "sid-AF7B7F79-6094-4A47-8D3A-0D3A9DFFF8B3"
    } ],
    "formats" : {
    },
    "glossaryLinks" : {
    }
  }, {
    "bounds" : {
      "lowerRight" : {
        "y" : 614.9859357147812,
        "x" : 674.7763289569483
      },
      "upperLeft" : {
        "y" : 592.6312517852188,
        "x" : 545.4385147930517
      }
    },
    "dockers" : [ {
      "y" : 20,
      "x" : 57.5
    }, {
      "y" : 15,
      "x" : 15
    } ],
    "resourceId" : "sid-5AC7B9F6-256D-498A-9316-BF178D9931F0",
    "labels" : [ ],
    "layers" : [ ],
    "target" : {
      "resourceId" : "sid-0124A955-CD78-4C76-A59F-F2B18FC2D5A2"
    },
    "childShapes" : [ ],
    "properties" : {
      "id" : "",
      "label" : "",
      "transformation" : ""
    },
    "stencil" : {
      "id" : "Arc"
    },
    "outgoing" : [ {
      "resourceId" : "sid-0124A955-CD78-4C76-A59F-F2B18FC2D5A2"
    } ],
    "formats" : {
    },
    "glossaryLinks" : {
    }
  }, {
    "bounds" : {
      "lowerRight" : {
        "y" : 586.6184954436077,
        "x" : 674.8208017690835
      },
      "upperLeft" : {
        "y" : 549.6119733063923,
        "x" : 508.70263573091654
      }
    },
    "dockers" : [ {
      "y" : 20,
      "x" : 20
    }, {
      "y" : 15,
      "x" : 15
    } ],
    "resourceId" : "sid-5B671573-DA8C-4B43-9EB7-0D1B81E91065",
    "labels" : [ ],
    "layers" : [ ],
    "target" : {
      "resourceId" : "sid-0124A955-CD78-4C76-A59F-F2B18FC2D5A2"
    },
    "childShapes" : [ ],
    "properties" : {
      "id" : "",
      "label" : "",
      "transformation" : ""
    },
    "stencil" : {
      "id" : "Arc"
    },
    "outgoing" : [ {
      "resourceId" : "sid-0124A955-CD78-4C76-A59F-F2B18FC2D5A2"
    } ],
    "formats" : {
    },
    "glossaryLinks" : {
    }
  }, {
    "bounds" : {
      "lowerRight" : {
        "y" : 590,
        "x" : 940.5
      },
      "upperLeft" : {
        "y" : 282.171875,
        "x" : 705.677734375
      }
    },
    "dockers" : [ {
      "y" : 15,
      "x" : 15
    }, {
      "y" : 590,
      "x" : 940.5
    }, {
      "y" : 26.5,
      "x" : 30.5
    } ],
    "resourceId" : "sid-1F80ADCA-B921-4CFE-B65D-C8C38C5BAE86",
    "labels" : [ ],
    "layers" : [ ],
    "target" : {
      "resourceId" : "sid-98862028-D573-45DC-906A-4094DEBE1631"
    },
    "childShapes" : [ ],
    "properties" : {
      "id" : "",
      "label" : "",
      "transformation" : ""
    },
    "stencil" : {
      "id" : "Arc"
    },
    "outgoing" : [ {
      "resourceId" : "sid-98862028-D573-45DC-906A-4094DEBE1631"
    } ],
    "formats" : {
    },
    "glossaryLinks" : {
    }
  }, {
    "bounds" : {
      "lowerRight" : {
        "y" : 340,
        "x" : 550
      },
      "upperLeft" : {
        "y" : 300,
        "x" : 510
      }
    },
    "dockers" : [ ],
    "resourceId" : "sid-9E7138EF-C97A-4499-94AF-A865281EAEC1",
    "labels" : [ ],
    "layers" : [ ],
    "childShapes" : [ ],
    "properties" : {
      "id" : "",
      "title" : "H",
      "communicationtype" : "Default",
      "communicationchannel" : "",
      "guard" : "",
      "oform" : "",
      "omodel" : "",
      "firetype" : "Automatic",
      "href" : ""
    },
    "stencil" : {
      "id" : "Transition"
    },
    "outgoing" : [ {
      "resourceId" : "sid-89139895-6459-4320-89A4-AA57BE1B9242"
    } ],
    "formats" : {
    },
    "glossaryLinks" : {
    }
  }, {
    "bounds" : {
      "lowerRight" : {
        "y" : 299.703125,
        "x" : 530
      },
      "upperLeft" : {
        "y" : 270.21875,
        "x" : 530
      }
    },
    "dockers" : [ {
      "y" : 15,
      "x" : 15
    }, {
      "y" : 20,
      "x" : 20
    } ],
    "resourceId" : "sid-E5590385-48C6-492D-9D5A-B7952E97AC6A",
    "labels" : [ ],
    "layers" : [ ],
    "target" : {
      "resourceId" : "sid-9E7138EF-C97A-4499-94AF-A865281EAEC1"
    },
    "childShapes" : [ ],
    "properties" : {
      "id" : "",
      "label" : "",
      "transformation" : ""
    },
    "stencil" : {
      "id" : "Arc"
    },
    "outgoing" : [ {
      "resourceId" : "sid-9E7138EF-C97A-4499-94AF-A865281EAEC1"
    } ],
    "formats" : {
    },
    "glossaryLinks" : {
    }
  }, {
    "bounds" : {
      "lowerRight" : {
        "y" : 340,
        "x" : 710
      },
      "upperLeft" : {
        "y" : 300,
        "x" : 670
      }
    },
    "dockers" : [ ],
    "resourceId" : "sid-2DE6C1CD-70C2-48FE-813F-311403E01188",
    "labels" : [ ],
    "layers" : [ ],
    "childShapes" : [ ],
    "properties" : {
      "id" : "",
      "title" : "I",
      "communicationtype" : "Default",
      "communicationchannel" : "",
      "guard" : "",
      "oform" : "",
      "omodel" : "",
      "firetype" : "Automatic",
      "href" : ""
    },
    "stencil" : {
      "id" : "Transition"
    },
    "outgoing" : [ {
      "resourceId" : "sid-4A055E07-8735-41F1-B364-F9913B15B02E"
    } ],
    "formats" : {
    },
    "glossaryLinks" : {
    }
  }, {
    "bounds" : {
      "lowerRight" : {
        "y" : 299.703125,
        "x" : 690
      },
      "upperLeft" : {
        "y" : 270.21875,
        "x" : 690
      }
    },
    "dockers" : [ {
      "y" : 15,
      "x" : 15
    }, {
      "y" : 20,
      "x" : 20
    } ],
    "resourceId" : "sid-10F48C85-592B-4A8A-8856-B7DAE7EB9379",
    "labels" : [ ],
    "layers" : [ ],
    "target" : {
      "resourceId" : "sid-2DE6C1CD-70C2-48FE-813F-311403E01188"
    },
    "childShapes" : [ ],
    "properties" : {
      "id" : "",
      "label" : "",
      "transformation" : ""
    },
    "stencil" : {
      "id" : "Arc"
    },
    "outgoing" : [ {
      "resourceId" : "sid-2DE6C1CD-70C2-48FE-813F-311403E01188"
    } ],
    "formats" : {
    },
    "glossaryLinks" : {
    }
  }, {
    "bounds" : {
      "lowerRight" : {
        "y" : 415,
        "x" : 870
      },
      "upperLeft" : {
        "y" : 375,
        "x" : 830
      }
    },
    "dockers" : [ ],
    "resourceId" : "sid-955AEAA7-5C0C-4EBD-8EDD-3D1CB3EFD21E",
    "labels" : [ ],
    "layers" : [ ],
    "childShapes" : [ ],
    "properties" : {
      "id" : "",
      "title" : "J",
      "communicationtype" : "Default",
      "communicationchannel" : "",
      "guard" : "",
      "oform" : "",
      "omodel" : "",
      "firetype" : "Automatic",
      "href" : ""
    },
    "stencil" : {
      "id" : "Transition"
    },
    "outgoing" : [ {
      "resourceId" : "sid-848876AB-FCD1-417F-B938-3EA51E30F8BD"
    } ],
    "formats" : {
    },
    "glossaryLinks" : {
    }
  }, {
    "bounds" : {
      "lowerRight" : {
        "y" : 374.3125,
        "x" : 850
      },
      "upperLeft" : {
        "y" : 270.21875,
        "x" : 850
      }
    },
    "dockers" : [ {
      "y" : 15,
      "x" : 15
    }, {
      "y" : 20,
      "x" : 20
    } ],
    "resourceId" : "sid-81AD87DD-AC2D-4E25-BD73-24D28A80AFD0",
    "labels" : [ ],
    "layers" : [ ],
    "target" : {
      "resourceId" : "sid-955AEAA7-5C0C-4EBD-8EDD-3D1CB3EFD21E"
    },
    "childShapes" : [ ],
    "properties" : {
      "id" : "",
      "label" : "",
      "transformation" : ""
    },
    "stencil" : {
      "id" : "Arc"
    },
    "outgoing" : [ {
      "resourceId" : "sid-955AEAA7-5C0C-4EBD-8EDD-3D1CB3EFD21E"
    } ],
    "formats" : {
    },
    "glossaryLinks" : {
    }
  }, {
    "bounds" : {
      "lowerRight" : {
        "y" : 495,
        "x" : 710
      },
      "upperLeft" : {
        "y" : 455,
        "x" : 670
      }
    },
    "dockers" : [ ],
    "resourceId" : "sid-906AF82D-0AB9-4A0F-B66D-1F45D82F9BBC",
    "labels" : [ ],
    "layers" : [ ],
    "childShapes" : [ ],
    "properties" : {
      "id" : "",
      "title" : "K",
      "communicationtype" : "Default",
      "communicationchannel" : "",
      "guard" : "",
      "oform" : "",
      "omodel" : "",
      "firetype" : "Automatic",
      "href" : ""
    },
    "stencil" : {
      "id" : "Transition"
    },
    "outgoing" : [ {
      "resourceId" : "sid-517F2FFF-B10E-4E38-BF7F-B784D80D4E3F"
    } ],
    "formats" : {
    },
    "glossaryLinks" : {
    }
  }, {
    "bounds" : {
      "lowerRight" : {
        "y" : 574.625,
        "x" : 690
      },
      "upperLeft" : {
        "y" : 495.765625,
        "x" : 690
      }
    },
    "dockers" : [ {
      "y" : 15,
      "x" : 15
    }, {
      "y" : 20,
      "x" : 20
    } ],
    "resourceId" : "sid-AF7B7F79-6094-4A47-8D3A-0D3A9DFFF8B3",
    "labels" : [ ],
    "layers" : [ ],
    "target" : {
      "resourceId" : "sid-906AF82D-0AB9-4A0F-B66D-1F45D82F9BBC"
    },
    "childShapes" : [ ],
    "properties" : {
      "id" : "",
      "label" : "",
      "transformation" : ""
    },
    "stencil" : {
      "id" : "Arc"
    },
    "outgoing" : [ {
      "resourceId" : "sid-906AF82D-0AB9-4A0F-B66D-1F45D82F9BBC"
    } ],
    "formats" : {
    },
    "glossaryLinks" : {
    }
  }, {
    "bounds" : {
      "lowerRight" : {
        "y" : 495,
        "x" : 508
      },
      "upperLeft" : {
        "y" : 455,
        "x" : 468
      }
    },
    "dockers" : [ ],
    "resourceId" : "sid-323795C1-ACDC-4477-8FEE-C7D8B459C445",
    "labels" : [ ],
    "layers" : [ ],
    "childShapes" : [ ],
    "properties" : {
      "id" : "",
      "title" : "L",
      "communicationtype" : "Default",
      "communicationchannel" : "",
      "guard" : "",
      "oform" : "",
      "omodel" : "",
      "firetype" : "Automatic",
      "href" : ""
    },
    "stencil" : {
      "id" : "Transition"
    },
    "outgoing" : [ {
      "resourceId" : "sid-C8FB46DE-EA80-4527-A183-8174388B39B5"
    } ],
    "formats" : {
    },
    "glossaryLinks" : {
    }
  }, {
    "bounds" : {
      "lowerRight" : {
        "y" : 582.3102591270638,
        "x" : 467.799334736162
      },
      "upperLeft" : {
        "y" : 486.7327096229362,
        "x" : 303.239727763838
      }
    },
    "dockers" : [ {
      "y" : 15,
      "x" : 15
    }, {
      "y" : 20,
      "x" : 20
    } ],
    "resourceId" : "sid-724EEA2E-ABA2-4544-8121-519E5ED2FB2E",
    "labels" : [ ],
    "layers" : [ ],
    "target" : {
      "resourceId" : "sid-323795C1-ACDC-4477-8FEE-C7D8B459C445"
    },
    "childShapes" : [ ],
    "properties" : {
      "id" : "",
      "label" : "",
      "transformation" : ""
    },
    "stencil" : {
      "id" : "Arc"
    },
    "outgoing" : [ {
      "resourceId" : "sid-323795C1-ACDC-4477-8FEE-C7D8B459C445"
    } ],
    "formats" : {
    },
    "glossaryLinks" : {
    }
  }, {
    "bounds" : {
      "lowerRight" : {
        "y" : 410,
        "x" : 705
      },
      "upperLeft" : {
        "y" : 380,
        "x" : 675
      }
    },
    "dockers" : [ ],
    "resourceId" : "sid-6337BB2C-582F-4DD3-8C6D-E3DF9DC5751D",
    "labels" : [ ],
    "layers" : [ ],
    "childShapes" : [ ],
    "properties" : {
      "exttype" : "Push",
      "id" : "",
      "title" : "",
      "external" : "false",
      "locatortypes" : "",
      "locatornames" : "",
      "numberoftokens_drawing" : "0",
      "numberoftokens_text" : "",
      "numberOfTokens" : "0",
      "locatorexpr" : "",
      "href" : ""
    },
    "stencil" : {
      "id" : "Place"
    },
    "outgoing" : [ {
      "resourceId" : "sid-8CDFE1B9-860D-4040-ADB7-57B51E626E19"
    } ],
    "formats" : {
    },
    "glossaryLinks" : {
    }
  }, {
    "bounds" : {
      "lowerRight" : {
        "y" : 388.4232223737693,
        "x" : 675.9695410640411
      },
      "upperLeft" : {
        "y" : 329.7994338762307,
        "x" : 550.9054589359589
      }
    },
    "dockers" : [ {
      "y" : 20,
      "x" : 20
    }, {
      "y" : 15,
      "x" : 15
    } ],
    "resourceId" : "sid-89139895-6459-4320-89A4-AA57BE1B9242",
    "labels" : [ ],
    "layers" : [ ],
    "target" : {
      "resourceId" : "sid-6337BB2C-582F-4DD3-8C6D-E3DF9DC5751D"
    },
    "childShapes" : [ ],
    "properties" : {
      "id" : "",
      "label" : "",
      "transformation" : ""
    },
    "stencil" : {
      "id" : "Arc"
    },
    "outgoing" : [ {
      "resourceId" : "sid-6337BB2C-582F-4DD3-8C6D-E3DF9DC5751D"
    } ],
    "formats" : {
    },
    "glossaryLinks" : {
    }
  }, {
    "bounds" : {
      "lowerRight" : {
        "y" : 379.9375,
        "x" : 690
      },
      "upperLeft" : {
        "y" : 340.921875,
        "x" : 690
      }
    },
    "dockers" : [ {
      "y" : 20,
      "x" : 20
    }, {
      "y" : 15,
      "x" : 15
    } ],
    "resourceId" : "sid-4A055E07-8735-41F1-B364-F9913B15B02E",
    "labels" : [ ],
    "layers" : [ ],
    "target" : {
      "resourceId" : "sid-6337BB2C-582F-4DD3-8C6D-E3DF9DC5751D"
    },
    "childShapes" : [ ],
    "properties" : {
      "id" : "",
      "label" : "",
      "transformation" : ""
    },
    "stencil" : {
      "id" : "Arc"
    },
    "outgoing" : [ {
      "resourceId" : "sid-6337BB2C-582F-4DD3-8C6D-E3DF9DC5751D"
    } ],
    "formats" : {
    },
    "glossaryLinks" : {
    }
  }, {
    "bounds" : {
      "lowerRight" : {
        "y" : 395,
        "x" : 829.625
      },
      "upperLeft" : {
        "y" : 395,
        "x" : 705.375
      }
    },
    "dockers" : [ {
      "y" : 20,
      "x" : 20
    }, {
      "y" : 15,
      "x" : 15
    } ],
    "resourceId" : "sid-848876AB-FCD1-417F-B938-3EA51E30F8BD",
    "labels" : [ ],
    "layers" : [ ],
    "target" : {
      "resourceId" : "sid-6337BB2C-582F-4DD3-8C6D-E3DF9DC5751D"
    },
    "childShapes" : [ ],
    "properties" : {
      "id" : "",
      "label" : "",
      "transformation" : ""
    },
    "stencil" : {
      "id" : "Arc"
    },
    "outgoing" : [ {
      "resourceId" : "sid-6337BB2C-582F-4DD3-8C6D-E3DF9DC5751D"
    } ],
    "formats" : {
    },
    "glossaryLinks" : {
    }
  }, {
    "bounds" : {
      "lowerRight" : {
        "y" : 467.144004672408,
        "x" : 669.378012265071
      },
      "upperLeft" : {
        "y" : 440.355995327592,
        "x" : 599.059487734929
      }
    },
    "dockers" : [ {
      "y" : 20,
      "x" : 20
    }, {
      "y" : 15,
      "x" : 15
    } ],
    "resourceId" : "sid-517F2FFF-B10E-4E38-BF7F-B784D80D4E3F",
    "labels" : [ ],
    "layers" : [ ],
    "target" : {
      "resourceId" : "sid-CA5F45F8-8326-4B4A-B7D8-A01B2C16D621"
    },
    "childShapes" : [ ],
    "properties" : {
      "id" : "",
      "label" : "",
      "transformation" : ""
    },
    "stencil" : {
      "id" : "Arc"
    },
    "outgoing" : [ {
      "resourceId" : "sid-CA5F45F8-8326-4B4A-B7D8-A01B2C16D621"
    } ],
    "formats" : {
    },
    "glossaryLinks" : {
    }
  }, {
    "bounds" : {
      "lowerRight" : {
        "y" : 415,
        "x" : 390
      },
      "upperLeft" : {
        "y" : 375,
        "x" : 350
      }
    },
    "dockers" : [ ],
    "resourceId" : "sid-F21BFC72-AE0B-46EB-B286-46B35B6E1F96",
    "labels" : [ ],
    "layers" : [ ],
    "childShapes" : [ ],
    "properties" : {
      "id" : "",
      "title" : "M",
      "communicationtype" : "Default",
      "communicationchannel" : "",
      "guard" : "",
      "oform" : "",
      "omodel" : "",
      "firetype" : "Automatic",
      "href" : ""
    },
    "stencil" : {
      "id" : "Transition"
    },
    "outgoing" : [ {
      "resourceId" : "sid-1ACAD651-9B21-474E-A450-DBD78E45193F"
    }, {
      "resourceId" : "sid-19CF9EDC-38E5-4C8E-B724-A785065C8245"
    } ],
    "formats" : {
    },
    "glossaryLinks" : {
    }
  }, {
    "bounds" : {
      "lowerRight" : {
        "y" : 575.3638938816252,
        "x" : 361.49544364374367
      },
      "upperLeft" : {
        "y" : 415.72985611837476,
        "x" : 296.00455635625633
      }
    },
    "dockers" : [ {
      "y" : 20,
      "x" : 20
    }, {
      "y" : 15,
      "x" : 15
    } ],
    "resourceId" : "sid-1ACAD651-9B21-474E-A450-DBD78E45193F",
    "labels" : [ ],
    "layers" : [ ],
    "target" : {
      "resourceId" : "sid-5EB16A5C-D22B-468D-BC58-D902D95E2D97"
    },
    "childShapes" : [ ],
    "properties" : {
      "id" : "",
      "label" : "",
      "transformation" : ""
    },
    "stencil" : {
      "id" : "Arc"
    },
    "outgoing" : [ {
      "resourceId" : "sid-5EB16A5C-D22B-468D-BC58-D902D95E2D97"
    } ],
    "formats" : {
    },
    "glossaryLinks" : {
    }
  }, {
    "bounds" : {
      "lowerRight" : {
        "y" : 374.3125,
        "x" : 370
      },
      "upperLeft" : {
        "y" : 270.21875,
        "x" : 370
      }
    },
    "dockers" : [ {
      "y" : 20,
      "x" : 20
    }, {
      "y" : 15,
      "x" : 15
    } ],
    "resourceId" : "sid-19CF9EDC-38E5-4C8E-B724-A785065C8245",
    "labels" : [ ],
    "layers" : [ ],
    "target" : {
      "resourceId" : "sid-65768555-00CD-4E5F-931A-5791F1FE8528"
    },
    "childShapes" : [ ],
    "properties" : {
      "id" : "",
      "label" : "",
      "transformation" : ""
    },
    "stencil" : {
      "id" : "Arc"
    },
    "outgoing" : [ {
      "resourceId" : "sid-65768555-00CD-4E5F-931A-5791F1FE8528"
    } ],
    "formats" : {
    },
    "glossaryLinks" : {
    }
  }, {
    "bounds" : {
      "lowerRight" : {
        "y" : 395,
        "x" : 674.625
      },
      "upperLeft" : {
        "y" : 395,
        "x" : 391
      }
    },
    "dockers" : [ {
      "y" : 15,
      "x" : 15
    }, {
      "y" : 20,
      "x" : 20
    } ],
    "resourceId" : "sid-8CDFE1B9-860D-4040-ADB7-57B51E626E19",
    "labels" : [ ],
    "layers" : [ ],
    "target" : {
      "resourceId" : "sid-F21BFC72-AE0B-46EB-B286-46B35B6E1F96"
    },
    "childShapes" : [ ],
    "properties" : {
      "id" : "",
      "label" : "",
      "transformation" : ""
    },
    "stencil" : {
      "id" : "Arc"
    },
    "outgoing" : [ {
      "resourceId" : "sid-F21BFC72-AE0B-46EB-B286-46B35B6E1F96"
    } ],
    "formats" : {
    },
    "glossaryLinks" : {
    }
  }, {
    "bounds" : {
      "lowerRight" : {
        "y" : 450,
        "x" : 600
      },
      "upperLeft" : {
        "y" : 420,
        "x" : 570
      }
    },
    "dockers" : [ ],
    "resourceId" : "sid-CA5F45F8-8326-4B4A-B7D8-A01B2C16D621",
    "labels" : [ ],
    "layers" : [ ],
    "childShapes" : [ ],
    "properties" : {
      "exttype" : "Push",
      "id" : "",
      "title" : "",
      "external" : "false",
      "locatortypes" : "",
      "locatornames" : "",
      "numberoftokens_drawing" : "0",
      "numberoftokens_text" : "",
      "numberOfTokens" : "0",
      "locatorexpr" : "",
      "href" : ""
    },
    "stencil" : {
      "id" : "Place"
    },
    "outgoing" : [ {
      "resourceId" : "sid-DDB55B34-9691-4B31-A19A-FF82A50617F4"
    } ],
    "formats" : {
    },
    "glossaryLinks" : {
    }
  }, {
    "bounds" : {
      "lowerRight" : {
        "y" : 466.4937708897777,
        "x" : 570.434894407711
      },
      "upperLeft" : {
        "y" : 441.0062291102223,
        "x" : 508.62760559228906
      }
    },
    "dockers" : [ {
      "y" : 20,
      "x" : 20
    }, {
      "y" : 15,
      "x" : 15
    } ],
    "resourceId" : "sid-C8FB46DE-EA80-4527-A183-8174388B39B5",
    "labels" : [ ],
    "layers" : [ ],
    "target" : {
      "resourceId" : "sid-CA5F45F8-8326-4B4A-B7D8-A01B2C16D621"
    },
    "childShapes" : [ ],
    "properties" : {
      "id" : "",
      "label" : "",
      "transformation" : ""
    },
    "stencil" : {
      "id" : "Arc"
    },
    "outgoing" : [ {
      "resourceId" : "sid-CA5F45F8-8326-4B4A-B7D8-A01B2C16D621"
    } ],
    "formats" : {
    },
    "glossaryLinks" : {
    }
  }, {
    "bounds" : {
      "lowerRight" : {
        "y" : 432.160842083817,
        "x" : 569.7395262005164
      },
      "upperLeft" : {
        "y" : 398.776657916183,
        "x" : 390.2995362994836
      }
    },
    "dockers" : [ {
      "y" : 15,
      "x" : 15
    }, {
      "y" : 20,
      "x" : 20
    } ],
    "resourceId" : "sid-DDB55B34-9691-4B31-A19A-FF82A50617F4",
    "labels" : [ ],
    "layers" : [ ],
    "target" : {
      "resourceId" : "sid-F21BFC72-AE0B-46EB-B286-46B35B6E1F96"
    },
    "childShapes" : [ ],
    "properties" : {
      "id" : "",
      "label" : "",
      "transformation" : ""
    },
    "stencil" : {
      "id" : "Arc"
    },
    "outgoing" : [ {
      "resourceId" : "sid-F21BFC72-AE0B-46EB-B286-46B35B6E1F96"
    } ],
    "formats" : {
    },
    "glossaryLinks" : {
    }
  } ],
  "properties" : {
    "author" : "",
    "title" : "",
    "engine" : "false",
    "modificationdate" : "10/07/07",
    "documentation" : "",
    "language" : "English",
    "creationdate" : "10/07/07",
    "version" : ""
  },
  "stencilset" : {
    "url" : "/stencilsets/petrinets/petrinet.json?version=4.3.2",
    "namespace" : "http://b3mn.org/stencilset/petrinet#"
  },
  "ssextensions" : [ ],
  "stencil" : {
    "id" : "Diagram"
  },
  "formats" : {
  }
}