{
  "revision" : {
    "creationDate" : null,
    "elementCounts" : {
      "total" : 67,
      "Place" : 12,
      "Arc" : 38,
      "Transition" : 10,
      "VerticalEmptyTransition" : 6,
      "Diagram" : 1
    },
    "connectedness" : 54,
    "isLastRevision" : "false",
    "revisionNumber" : 11
  },
  "model" : {
    "modelingLanguage" : "petrinet",
    "numberOfRevisions" : 12,
    "naturalLanguage" : "de",
    "timestampModelCollection" : null,
    "directoryId" : "1435838119",
    "groupName" : "PetriNet",
    "modelDate" : "2012-08-30",
    "modelName" : "20922625",
    "modelId" : "20922625"
  }
}