{
  "revision" : {
    "creationDate" : null,
    "elementCounts" : {
      "total" : 31,
      "Place" : 6,
      "Arc" : 17,
      "VerticalEmptyTransition" : 3,
      "Transition" : 4,
      "Diagram" : 1
    },
    "connectedness" : 100,
    "isLastRevision" : "false",
    "revisionNumber" : 8
  },
  "model" : {
    "modelingLanguage" : "petrinet",
    "numberOfRevisions" : 12,
    "naturalLanguage" : "de",
    "timestampModelCollection" : null,
    "directoryId" : "1435838119",
    "groupName" : "PetriNet",
    "modelDate" : "2012-08-30",
    "modelName" : "20922625",
    "modelId" : "20922625"
  }
}