{
  "bounds" : {
    "lowerRight" : {
      "y" : 1050,
      "x" : 1485
    },
    "upperLeft" : {
      "y" : 0,
      "x" : 0
    }
  },
  "resourceId" : "canvas",
  "childShapes" : [ {
    "bounds" : {
      "lowerRight" : {
        "y" : 250,
        "x" : 162
      },
      "upperLeft" : {
        "y" : 210,
        "x" : 122
      }
    },
    "dockers" : [ ],
    "resourceId" : "sid-BF90567B-FF8F-48AD-8B03-EBB415FBA933",
    "labels" : [ ],
    "layers" : [ ],
    "childShapes" : [ ],
    "properties" : {
      "id" : "",
      "title" : "A",
      "communicationtype" : "Default",
      "communicationchannel" : "",
      "guard" : "",
      "oform" : "",
      "omodel" : "",
      "firetype" : "Automatic",
      "href" : ""
    },
    "stencil" : {
      "id" : "Transition"
    },
    "outgoing" : [ {
      "resourceId" : "sid-90BC572D-EDAE-41B2-B0E4-39B7955D2E4D"
    } ],
    "formats" : {
    },
    "glossaryLinks" : {
    }
  }, {
    "bounds" : {
      "lowerRight" : {
        "y" : 250,
        "x" : 505
      },
      "upperLeft" : {
        "y" : 210,
        "x" : 465
      }
    },
    "dockers" : [ ],
    "resourceId" : "sid-94827F02-18DA-44F6-A9BB-0F966E7801A0",
    "labels" : [ ],
    "layers" : [ ],
    "childShapes" : [ ],
    "properties" : {
      "id" : "",
      "title" : "B",
      "communicationtype" : "Default",
      "communicationchannel" : "",
      "guard" : "",
      "oform" : "",
      "omodel" : "",
      "firetype" : "Automatic",
      "href" : ""
    },
    "stencil" : {
      "id" : "Transition"
    },
    "outgoing" : [ {
      "resourceId" : "sid-AE942FF9-2743-401C-B406-FD70343D4D68"
    } ],
    "formats" : {
    },
    "glossaryLinks" : {
    }
  }, {
    "bounds" : {
      "lowerRight" : {
        "y" : 110,
        "x" : 335
      },
      "upperLeft" : {
        "y" : 60,
        "x" : 325
      }
    },
    "dockers" : [ ],
    "resourceId" : "sid-B44C9154-C359-43FF-A584-328E1D25D07E",
    "labels" : [ ],
    "layers" : [ ],
    "childShapes" : [ ],
    "properties" : {
      "id" : "",
      "title" : "",
      "guard" : "",
      "oform" : "",
      "omodel" : "",
      "firetype" : "Automatic",
      "href" : ""
    },
    "stencil" : {
      "id" : "VerticalEmptyTransition"
    },
    "outgoing" : [ {
      "resourceId" : "sid-DEC6FF49-117B-4D15-A4C8-E81FCC004E97"
    } ],
    "formats" : {
    },
    "glossaryLinks" : {
    }
  }, {
    "bounds" : {
      "lowerRight" : {
        "y" : 195,
        "x" : 345
      },
      "upperLeft" : {
        "y" : 165,
        "x" : 315
      }
    },
    "dockers" : [ ],
    "resourceId" : "sid-46FF145C-E57F-4FF1-AE55-CBCAE4316000",
    "labels" : [ ],
    "layers" : [ ],
    "childShapes" : [ ],
    "properties" : {
      "exttype" : "Push",
      "id" : "",
      "title" : "",
      "external" : "false",
      "locatortypes" : "",
      "locatornames" : "",
      "numberoftokens_drawing" : "0",
      "numberoftokens_text" : "",
      "numberOfTokens" : "0",
      "locatorexpr" : "",
      "href" : ""
    },
    "stencil" : {
      "id" : "Place"
    },
    "outgoing" : [ {
      "resourceId" : "sid-92FAAC25-2C35-4ECB-BE12-E63D7195EA0A"
    }, {
      "resourceId" : "sid-95E89242-BB9A-4490-9854-F0B1D10BB877"
    }, {
      "resourceId" : "sid-27756F74-F189-45BF-97BA-ED27CF776CC3"
    }, {
      "resourceId" : "sid-28687E4D-81D0-4786-8C16-8810B6E328B5"
    } ],
    "formats" : {
    },
    "glossaryLinks" : {
    }
  }, {
    "bounds" : {
      "lowerRight" : {
        "y" : 164.15625,
        "x" : 330
      },
      "upperLeft" : {
        "y" : 110.4921875,
        "x" : 330
      }
    },
    "dockers" : [ {
      "y" : 25,
      "x" : 5
    }, {
      "y" : 15,
      "x" : 15
    } ],
    "resourceId" : "sid-DEC6FF49-117B-4D15-A4C8-E81FCC004E97",
    "labels" : [ ],
    "layers" : [ ],
    "target" : {
      "resourceId" : "sid-46FF145C-E57F-4FF1-AE55-CBCAE4316000"
    },
    "childShapes" : [ ],
    "properties" : {
      "id" : "",
      "label" : "",
      "transformation" : ""
    },
    "stencil" : {
      "id" : "Arc"
    },
    "outgoing" : [ {
      "resourceId" : "sid-46FF145C-E57F-4FF1-AE55-CBCAE4316000"
    } ],
    "formats" : {
    },
    "glossaryLinks" : {
    }
  }, {
    "bounds" : {
      "lowerRight" : {
        "y" : 245,
        "x" : 75
      },
      "upperLeft" : {
        "y" : 215,
        "x" : 45
      }
    },
    "dockers" : [ ],
    "resourceId" : "sid-8EDBBC73-5B20-4721-B0D3-9A3BC1B2B43F",
    "labels" : [ ],
    "layers" : [ ],
    "childShapes" : [ ],
    "properties" : {
      "exttype" : "Push",
      "id" : "",
      "title" : "",
      "external" : "false",
      "locatortypes" : "",
      "locatornames" : "",
      "numberoftokens_drawing" : "0",
      "numberoftokens_text" : "",
      "numberOfTokens" : "0",
      "locatorexpr" : "",
      "href" : ""
    },
    "stencil" : {
      "id" : "Place"
    },
    "outgoing" : [ {
      "resourceId" : "sid-31C46DEF-08A3-47A8-ACE3-F0F994CDB0F2"
    } ],
    "formats" : {
    },
    "glossaryLinks" : {
    }
  }, {
    "bounds" : {
      "lowerRight" : {
        "y" : 230,
        "x" : 121.78125
      },
      "upperLeft" : {
        "y" : 230,
        "x" : 75.09375
      }
    },
    "dockers" : [ {
      "y" : 15,
      "x" : 15
    }, {
      "y" : 20,
      "x" : 20
    } ],
    "resourceId" : "sid-31C46DEF-08A3-47A8-ACE3-F0F994CDB0F2",
    "labels" : [ ],
    "layers" : [ ],
    "target" : {
      "resourceId" : "sid-BF90567B-FF8F-48AD-8B03-EBB415FBA933"
    },
    "childShapes" : [ ],
    "properties" : {
      "id" : "",
      "label" : "",
      "transformation" : ""
    },
    "stencil" : {
      "id" : "Arc"
    },
    "outgoing" : [ {
      "resourceId" : "sid-BF90567B-FF8F-48AD-8B03-EBB415FBA933"
    } ],
    "formats" : {
    },
    "glossaryLinks" : {
    }
  }, {
    "bounds" : {
      "lowerRight" : {
        "y" : 245,
        "x" : 630
      },
      "upperLeft" : {
        "y" : 215,
        "x" : 600
      }
    },
    "dockers" : [ ],
    "resourceId" : "sid-683FFCD4-150C-4919-BBF4-A154EB23508F",
    "labels" : [ ],
    "layers" : [ ],
    "childShapes" : [ ],
    "properties" : {
      "exttype" : "Push",
      "id" : "",
      "title" : "",
      "external" : "false",
      "locatortypes" : "",
      "locatornames" : "",
      "numberoftokens_drawing" : "0",
      "numberoftokens_text" : "",
      "numberOfTokens" : "0",
      "locatorexpr" : "",
      "href" : ""
    },
    "stencil" : {
      "id" : "Place"
    },
    "outgoing" : [ {
      "resourceId" : "sid-E0714803-31CD-48CE-952F-758174238592"
    } ],
    "formats" : {
    },
    "glossaryLinks" : {
    }
  }, {
    "bounds" : {
      "lowerRight" : {
        "y" : 230,
        "x" : 599.78125
      },
      "upperLeft" : {
        "y" : 230,
        "x" : 505.296875
      }
    },
    "dockers" : [ {
      "y" : 15,
      "x" : 15
    }, {
      "y" : 20,
      "x" : 20
    } ],
    "resourceId" : "sid-E0714803-31CD-48CE-952F-758174238592",
    "labels" : [ ],
    "layers" : [ ],
    "target" : {
      "resourceId" : "sid-94827F02-18DA-44F6-A9BB-0F966E7801A0"
    },
    "childShapes" : [ ],
    "properties" : {
      "id" : "",
      "label" : "",
      "transformation" : ""
    },
    "stencil" : {
      "id" : "Arc"
    },
    "outgoing" : [ {
      "resourceId" : "sid-94827F02-18DA-44F6-A9BB-0F966E7801A0"
    } ],
    "formats" : {
    },
    "glossaryLinks" : {
    }
  }, {
    "bounds" : {
      "lowerRight" : {
        "y" : 340,
        "x" : 305
      },
      "upperLeft" : {
        "y" : 300,
        "x" : 240
      }
    },
    "dockers" : [ ],
    "resourceId" : "sid-FFFF98BE-725D-40A9-8043-497C2389519A",
    "labels" : [ ],
    "layers" : [ ],
    "childShapes" : [ ],
    "properties" : {
      "id" : "",
      "title" : "C",
      "communicationtype" : "Default",
      "communicationchannel" : "",
      "guard" : "",
      "oform" : "",
      "omodel" : "",
      "firetype" : "Automatic",
      "href" : ""
    },
    "stencil" : {
      "id" : "Transition"
    },
    "outgoing" : [ {
      "resourceId" : "sid-C038CE84-457D-4D2D-820F-E7B8AE2E070F"
    } ],
    "formats" : {
    },
    "glossaryLinks" : {
    }
  }, {
    "bounds" : {
      "lowerRight" : {
        "y" : 299.3874801816215,
        "x" : 324.22945614602315
      },
      "upperLeft" : {
        "y" : 194.05001981837844,
        "x" : 280.96585635397685
      }
    },
    "dockers" : [ {
      "y" : 15,
      "x" : 15
    }, {
      "y" : 20,
      "x" : 32.5
    } ],
    "resourceId" : "sid-92FAAC25-2C35-4ECB-BE12-E63D7195EA0A",
    "labels" : [ ],
    "layers" : [ ],
    "target" : {
      "resourceId" : "sid-FFFF98BE-725D-40A9-8043-497C2389519A"
    },
    "childShapes" : [ ],
    "properties" : {
      "id" : "",
      "label" : "",
      "transformation" : ""
    },
    "stencil" : {
      "id" : "Arc"
    },
    "outgoing" : [ {
      "resourceId" : "sid-FFFF98BE-725D-40A9-8043-497C2389519A"
    } ],
    "formats" : {
    },
    "glossaryLinks" : {
    }
  }, {
    "bounds" : {
      "lowerRight" : {
        "y" : 245,
        "x" : 240
      },
      "upperLeft" : {
        "y" : 215,
        "x" : 210
      }
    },
    "dockers" : [ ],
    "resourceId" : "sid-D520A923-6B66-4823-8B85-EEEEBBBB96B7",
    "labels" : [ ],
    "layers" : [ ],
    "childShapes" : [ ],
    "properties" : {
      "exttype" : "Push",
      "id" : "",
      "title" : "",
      "external" : "false",
      "locatortypes" : "",
      "locatornames" : "",
      "numberoftokens_drawing" : "0",
      "numberoftokens_text" : "",
      "numberOfTokens" : "0",
      "locatorexpr" : "",
      "href" : ""
    },
    "stencil" : {
      "id" : "Place"
    },
    "outgoing" : [ {
      "resourceId" : "sid-C05D5081-0097-4EAA-A4C2-8C34833D5714"
    } ],
    "formats" : {
    },
    "glossaryLinks" : {
    }
  }, {
    "bounds" : {
      "lowerRight" : {
        "y" : 230,
        "x" : 209.734375
      },
      "upperLeft" : {
        "y" : 230,
        "x" : 162.453125
      }
    },
    "dockers" : [ {
      "y" : 20,
      "x" : 20
    }, {
      "y" : 15,
      "x" : 15
    } ],
    "resourceId" : "sid-90BC572D-EDAE-41B2-B0E4-39B7955D2E4D",
    "labels" : [ ],
    "layers" : [ ],
    "target" : {
      "resourceId" : "sid-D520A923-6B66-4823-8B85-EEEEBBBB96B7"
    },
    "childShapes" : [ ],
    "properties" : {
      "id" : "",
      "label" : "",
      "transformation" : ""
    },
    "stencil" : {
      "id" : "Arc"
    },
    "outgoing" : [ {
      "resourceId" : "sid-D520A923-6B66-4823-8B85-EEEEBBBB96B7"
    } ],
    "formats" : {
    },
    "glossaryLinks" : {
    }
  }, {
    "bounds" : {
      "lowerRight" : {
        "y" : 245,
        "x" : 420
      },
      "upperLeft" : {
        "y" : 215,
        "x" : 390
      }
    },
    "dockers" : [ ],
    "resourceId" : "sid-CE8AD0F4-0F25-4699-8056-D03378C4673D",
    "labels" : [ ],
    "layers" : [ ],
    "childShapes" : [ ],
    "properties" : {
      "exttype" : "Push",
      "id" : "",
      "title" : "",
      "external" : "false",
      "locatortypes" : "",
      "locatornames" : "",
      "numberoftokens_drawing" : "0",
      "numberoftokens_text" : "",
      "numberOfTokens" : "0",
      "locatorexpr" : "",
      "href" : ""
    },
    "stencil" : {
      "id" : "Place"
    },
    "outgoing" : [ {
      "resourceId" : "sid-490CD76F-716C-4E4D-B42C-8B43D1ADEE23"
    } ],
    "formats" : {
    },
    "glossaryLinks" : {
    }
  }, {
    "bounds" : {
      "lowerRight" : {
        "y" : 230,
        "x" : 464.625
      },
      "upperLeft" : {
        "y" : 230,
        "x" : 420.375
      }
    },
    "dockers" : [ {
      "y" : 20,
      "x" : 20
    }, {
      "y" : 15,
      "x" : 15
    } ],
    "resourceId" : "sid-AE942FF9-2743-401C-B406-FD70343D4D68",
    "labels" : [ ],
    "layers" : [ ],
    "target" : {
      "resourceId" : "sid-CE8AD0F4-0F25-4699-8056-D03378C4673D"
    },
    "childShapes" : [ ],
    "properties" : {
      "id" : "",
      "label" : "",
      "transformation" : ""
    },
    "stencil" : {
      "id" : "Arc"
    },
    "outgoing" : [ {
      "resourceId" : "sid-CE8AD0F4-0F25-4699-8056-D03378C4673D"
    } ],
    "formats" : {
    },
    "glossaryLinks" : {
    }
  }, {
    "bounds" : {
      "lowerRight" : {
        "y" : 340,
        "x" : 395
      },
      "upperLeft" : {
        "y" : 300,
        "x" : 330
      }
    },
    "dockers" : [ ],
    "resourceId" : "sid-DECD5399-E82A-4F2D-87F6-2BFE5DF0FC1A",
    "labels" : [ ],
    "layers" : [ ],
    "childShapes" : [ ],
    "properties" : {
      "id" : "",
      "title" : "D",
      "communicationtype" : "Default",
      "communicationchannel" : "",
      "guard" : "",
      "oform" : "",
      "omodel" : "",
      "firetype" : "Automatic",
      "href" : ""
    },
    "stencil" : {
      "id" : "Transition"
    },
    "outgoing" : [ {
      "resourceId" : "sid-1CA76D1D-3FA0-4F72-9F2A-1E55C017D678"
    } ],
    "formats" : {
    },
    "glossaryLinks" : {
    }
  }, {
    "bounds" : {
      "lowerRight" : {
        "y" : 299.408251353254,
        "x" : 398.2643999445922
      },
      "upperLeft" : {
        "y" : 244.263623646746,
        "x" : 372.2238813054078
      }
    },
    "dockers" : [ {
      "y" : 15,
      "x" : 15
    }, {
      "y" : 20,
      "x" : 32.5
    } ],
    "resourceId" : "sid-490CD76F-716C-4E4D-B42C-8B43D1ADEE23",
    "labels" : [ ],
    "layers" : [ ],
    "target" : {
      "resourceId" : "sid-DECD5399-E82A-4F2D-87F6-2BFE5DF0FC1A"
    },
    "childShapes" : [ ],
    "properties" : {
      "id" : "",
      "label" : "",
      "transformation" : ""
    },
    "stencil" : {
      "id" : "Arc"
    },
    "outgoing" : [ {
      "resourceId" : "sid-DECD5399-E82A-4F2D-87F6-2BFE5DF0FC1A"
    } ],
    "formats" : {
    },
    "glossaryLinks" : {
    }
  }, {
    "bounds" : {
      "lowerRight" : {
        "y" : 299.428115247153,
        "x" : 261.6426163804419
      },
      "upperLeft" : {
        "y" : 243.54063475284698,
        "x" : 232.14644611955814
      }
    },
    "dockers" : [ {
      "y" : 15,
      "x" : 15
    }, {
      "y" : 20,
      "x" : 32.5
    } ],
    "resourceId" : "sid-C05D5081-0097-4EAA-A4C2-8C34833D5714",
    "labels" : [ ],
    "layers" : [ ],
    "target" : {
      "resourceId" : "sid-FFFF98BE-725D-40A9-8043-497C2389519A"
    },
    "childShapes" : [ ],
    "properties" : {
      "id" : "",
      "label" : "",
      "transformation" : ""
    },
    "stencil" : {
      "id" : "Arc"
    },
    "outgoing" : [ {
      "resourceId" : "sid-FFFF98BE-725D-40A9-8043-497C2389519A"
    } ],
    "formats" : {
    },
    "glossaryLinks" : {
    }
  }, {
    "bounds" : {
      "lowerRight" : {
        "y" : 420,
        "x" : 305
      },
      "upperLeft" : {
        "y" : 390,
        "x" : 275
      }
    },
    "dockers" : [ ],
    "resourceId" : "sid-EDB29EBD-CEF9-4242-BB8F-5C0F0362312C",
    "labels" : [ ],
    "layers" : [ ],
    "childShapes" : [ ],
    "properties" : {
      "exttype" : "Push",
      "id" : "",
      "title" : "",
      "external" : "false",
      "locatortypes" : "",
      "locatornames" : "",
      "numberoftokens_drawing" : "0",
      "numberoftokens_text" : "",
      "numberOfTokens" : "0",
      "locatorexpr" : "",
      "href" : ""
    },
    "stencil" : {
      "id" : "Place"
    },
    "outgoing" : [ ],
    "formats" : {
    },
    "glossaryLinks" : {
    }
  }, {
    "bounds" : {
      "lowerRight" : {
        "y" : 389.4111679567433,
        "x" : 286.7905345793295
      },
      "upperLeft" : {
        "y" : 340.9013320432567,
        "x" : 276.8032154206705
      }
    },
    "dockers" : [ {
      "y" : 20,
      "x" : 32.5
    }, {
      "y" : 15,
      "x" : 15
    } ],
    "resourceId" : "sid-C038CE84-457D-4D2D-820F-E7B8AE2E070F",
    "labels" : [ ],
    "layers" : [ ],
    "target" : {
      "resourceId" : "sid-EDB29EBD-CEF9-4242-BB8F-5C0F0362312C"
    },
    "childShapes" : [ ],
    "properties" : {
      "id" : "",
      "label" : "",
      "transformation" : ""
    },
    "stencil" : {
      "id" : "Arc"
    },
    "outgoing" : [ {
      "resourceId" : "sid-EDB29EBD-CEF9-4242-BB8F-5C0F0362312C"
    } ],
    "formats" : {
    },
    "glossaryLinks" : {
    }
  }, {
    "bounds" : {
      "lowerRight" : {
        "y" : 420,
        "x" : 365
      },
      "upperLeft" : {
        "y" : 390,
        "x" : 335
      }
    },
    "dockers" : [ ],
    "resourceId" : "sid-CDECF60C-C43A-46A8-AEB0-BB272267DBDD",
    "labels" : [ ],
    "layers" : [ ],
    "childShapes" : [ ],
    "properties" : {
      "exttype" : "Push",
      "id" : "",
      "title" : "",
      "external" : "false",
      "locatortypes" : "",
      "locatornames" : "",
      "numberoftokens_drawing" : "0",
      "numberoftokens_text" : "",
      "numberOfTokens" : "0",
      "locatorexpr" : "",
      "href" : ""
    },
    "stencil" : {
      "id" : "Place"
    },
    "outgoing" : [ ],
    "formats" : {
    },
    "glossaryLinks" : {
    }
  }, {
    "bounds" : {
      "lowerRight" : {
        "y" : 299.33840279975664,
        "x" : 357.70355779280067
      },
      "upperLeft" : {
        "y" : 195.19284720024336,
        "x" : 333.52691095719933
      }
    },
    "dockers" : [ {
      "y" : 15,
      "x" : 15
    }, {
      "y" : 20,
      "x" : 32.5
    } ],
    "resourceId" : "sid-95E89242-BB9A-4490-9854-F0B1D10BB877",
    "labels" : [ ],
    "layers" : [ ],
    "target" : {
      "resourceId" : "sid-DECD5399-E82A-4F2D-87F6-2BFE5DF0FC1A"
    },
    "childShapes" : [ ],
    "properties" : {
      "id" : "",
      "label" : "",
      "transformation" : ""
    },
    "stencil" : {
      "id" : "Arc"
    },
    "outgoing" : [ {
      "resourceId" : "sid-DECD5399-E82A-4F2D-87F6-2BFE5DF0FC1A"
    } ],
    "formats" : {
    },
    "glossaryLinks" : {
    }
  }, {
    "bounds" : {
      "lowerRight" : {
        "y" : 389.40126586463515,
        "x" : 359.42481850950514
      },
      "upperLeft" : {
        "y" : 340.91123413536485,
        "x" : 352.29393149049486
      }
    },
    "dockers" : [ {
      "y" : 20,
      "x" : 32.5
    }, {
      "y" : 15,
      "x" : 15
    } ],
    "resourceId" : "sid-1CA76D1D-3FA0-4F72-9F2A-1E55C017D678",
    "labels" : [ ],
    "layers" : [ ],
    "target" : {
      "resourceId" : "sid-CDECF60C-C43A-46A8-AEB0-BB272267DBDD"
    },
    "childShapes" : [ ],
    "properties" : {
      "id" : "",
      "label" : "",
      "transformation" : ""
    },
    "stencil" : {
      "id" : "Arc"
    },
    "outgoing" : [ {
      "resourceId" : "sid-CDECF60C-C43A-46A8-AEB0-BB272267DBDD"
    } ],
    "formats" : {
    },
    "glossaryLinks" : {
    }
  }, {
    "bounds" : {
      "lowerRight" : {
        "y" : 299.33840279975664,
        "x" : 357.70355779280067
      },
      "upperLeft" : {
        "y" : 195.19284720024336,
        "x" : 333.52691095719933
      }
    },
    "dockers" : [ {
      "y" : 15,
      "x" : 15
    }, {
      "y" : 20,
      "x" : 32.5
    } ],
    "resourceId" : "sid-27756F74-F189-45BF-97BA-ED27CF776CC3",
    "labels" : [ ],
    "layers" : [ ],
    "target" : {
      "resourceId" : "sid-DECD5399-E82A-4F2D-87F6-2BFE5DF0FC1A"
    },
    "childShapes" : [ ],
    "properties" : {
      "id" : "",
      "label" : "",
      "transformation" : ""
    },
    "stencil" : {
      "id" : "Arc"
    },
    "outgoing" : [ {
      "resourceId" : "sid-DECD5399-E82A-4F2D-87F6-2BFE5DF0FC1A"
    } ],
    "formats" : {
    },
    "glossaryLinks" : {
    }
  }, {
    "bounds" : {
      "lowerRight" : {
        "y" : 299.33840279975664,
        "x" : 357.70355779280067
      },
      "upperLeft" : {
        "y" : 195.19284720024336,
        "x" : 333.52691095719933
      }
    },
    "dockers" : [ {
      "y" : 15,
      "x" : 15
    }, {
      "y" : 20,
      "x" : 32.5
    } ],
    "resourceId" : "sid-28687E4D-81D0-4786-8C16-8810B6E328B5",
    "labels" : [ ],
    "layers" : [ ],
    "target" : {
      "resourceId" : "sid-DECD5399-E82A-4F2D-87F6-2BFE5DF0FC1A"
    },
    "childShapes" : [ ],
    "properties" : {
      "id" : "",
      "label" : "",
      "transformation" : ""
    },
    "stencil" : {
      "id" : "Arc"
    },
    "outgoing" : [ {
      "resourceId" : "sid-DECD5399-E82A-4F2D-87F6-2BFE5DF0FC1A"
    } ],
    "formats" : {
    },
    "glossaryLinks" : {
    }
  }, {
    "bounds" : {
      "lowerRight" : {
        "y" : 390,
        "x" : 120
      },
      "upperLeft" : {
        "y" : 360,
        "x" : 90
      }
    },
    "dockers" : [ ],
    "resourceId" : "sid-2BC34F1C-6C8B-4C5F-86D5-3C6D9DF42751",
    "labels" : [ ],
    "layers" : [ ],
    "childShapes" : [ ],
    "properties" : {
      "exttype" : "Push",
      "id" : "",
      "title" : "",
      "external" : "false",
      "locatortypes" : "",
      "locatornames" : "",
      "numberoftokens_drawing" : "0",
      "numberoftokens_text" : "",
      "numberOfTokens" : "0",
      "locatorexpr" : "",
      "href" : ""
    },
    "stencil" : {
      "id" : "Place"
    },
    "outgoing" : [ {
      "resourceId" : "sid-BD1FF556-313C-4B29-9E3D-CBD2C88A4F1F"
    }, {
      "resourceId" : "sid-B92C3A32-AB69-4C2F-90B0-3CE5FFFFBC48"
    }, {
      "resourceId" : "sid-624CE9EF-31A0-42DC-A0B9-65EA4E61DBEF"
    }, {
      "resourceId" : "sid-B5E2554C-E2FF-4860-82DF-7144E287DE02"
    } ],
    "formats" : {
    },
    "glossaryLinks" : {
    }
  }, {
    "bounds" : {
      "lowerRight" : {
        "y" : 520,
        "x" : 125
      },
      "upperLeft" : {
        "y" : 480,
        "x" : 85
      }
    },
    "dockers" : [ ],
    "resourceId" : "sid-38E057F1-4B10-408E-AD50-76E1B13531F2",
    "labels" : [ ],
    "layers" : [ ],
    "childShapes" : [ ],
    "properties" : {
      "id" : "",
      "title" : "",
      "communicationtype" : "Default",
      "communicationchannel" : "",
      "guard" : "",
      "oform" : "",
      "omodel" : "",
      "firetype" : "Automatic",
      "href" : ""
    },
    "stencil" : {
      "id" : "Transition"
    },
    "outgoing" : [ {
      "resourceId" : "sid-B792D0A3-E0EA-4762-A04E-DB1119651458"
    } ],
    "formats" : {
    },
    "glossaryLinks" : {
    }
  }, {
    "bounds" : {
      "lowerRight" : {
        "y" : 479.46875,
        "x" : 105
      },
      "upperLeft" : {
        "y" : 390.6484375,
        "x" : 105
      }
    },
    "dockers" : [ {
      "y" : 15,
      "x" : 15
    }, {
      "y" : 20,
      "x" : 20
    } ],
    "resourceId" : "sid-BD1FF556-313C-4B29-9E3D-CBD2C88A4F1F",
    "labels" : [ ],
    "layers" : [ ],
    "target" : {
      "resourceId" : "sid-38E057F1-4B10-408E-AD50-76E1B13531F2"
    },
    "childShapes" : [ ],
    "properties" : {
      "id" : "",
      "label" : "",
      "transformation" : ""
    },
    "stencil" : {
      "id" : "Arc"
    },
    "outgoing" : [ {
      "resourceId" : "sid-38E057F1-4B10-408E-AD50-76E1B13531F2"
    } ],
    "formats" : {
    },
    "glossaryLinks" : {
    }
  }, {
    "bounds" : {
      "lowerRight" : {
        "y" : 515,
        "x" : 200
      },
      "upperLeft" : {
        "y" : 485,
        "x" : 170
      }
    },
    "dockers" : [ ],
    "resourceId" : "sid-7A8E66AF-2CA7-427C-BFB6-8FCECC37D859",
    "labels" : [ ],
    "layers" : [ ],
    "childShapes" : [ ],
    "properties" : {
      "exttype" : "Push",
      "id" : "",
      "title" : "",
      "external" : "false",
      "locatortypes" : "",
      "locatornames" : "",
      "numberoftokens_drawing" : "0",
      "numberoftokens_text" : "",
      "numberOfTokens" : "0",
      "locatorexpr" : "",
      "href" : ""
    },
    "stencil" : {
      "id" : "Place"
    },
    "outgoing" : [ ],
    "formats" : {
    },
    "glossaryLinks" : {
    }
  }, {
    "bounds" : {
      "lowerRight" : {
        "y" : 500,
        "x" : 169.625
      },
      "upperLeft" : {
        "y" : 500,
        "x" : 126
      }
    },
    "dockers" : [ {
      "y" : 20,
      "x" : 20
    }, {
      "y" : 15,
      "x" : 15
    } ],
    "resourceId" : "sid-B792D0A3-E0EA-4762-A04E-DB1119651458",
    "labels" : [ ],
    "layers" : [ ],
    "target" : {
      "resourceId" : "sid-7A8E66AF-2CA7-427C-BFB6-8FCECC37D859"
    },
    "childShapes" : [ ],
    "properties" : {
      "id" : "",
      "label" : "",
      "transformation" : ""
    },
    "stencil" : {
      "id" : "Arc"
    },
    "outgoing" : [ {
      "resourceId" : "sid-7A8E66AF-2CA7-427C-BFB6-8FCECC37D859"
    } ],
    "formats" : {
    },
    "glossaryLinks" : {
    }
  }, {
    "bounds" : {
      "lowerRight" : {
        "y" : 479.46875,
        "x" : 112
      },
      "upperLeft" : {
        "y" : 388.6953125,
        "x" : 112
      }
    },
    "dockers" : [ {
      "y" : 15,
      "x" : 22
    }, {
      "y" : 20,
      "x" : 27
    } ],
    "resourceId" : "sid-B92C3A32-AB69-4C2F-90B0-3CE5FFFFBC48",
    "labels" : [ ],
    "layers" : [ ],
    "target" : {
      "resourceId" : "sid-38E057F1-4B10-408E-AD50-76E1B13531F2"
    },
    "childShapes" : [ ],
    "properties" : {
      "id" : "",
      "label" : "",
      "transformation" : ""
    },
    "stencil" : {
      "id" : "Arc"
    },
    "outgoing" : [ {
      "resourceId" : "sid-38E057F1-4B10-408E-AD50-76E1B13531F2"
    } ],
    "formats" : {
    },
    "glossaryLinks" : {
    }
  }, {
    "bounds" : {
      "lowerRight" : {
        "y" : 479.46875,
        "x" : 99
      },
      "upperLeft" : {
        "y" : 389.671875,
        "x" : 99
      }
    },
    "dockers" : [ {
      "y" : 15,
      "x" : 9
    }, {
      "y" : 20,
      "x" : 14
    } ],
    "resourceId" : "sid-624CE9EF-31A0-42DC-A0B9-65EA4E61DBEF",
    "labels" : [ ],
    "layers" : [ ],
    "target" : {
      "resourceId" : "sid-38E057F1-4B10-408E-AD50-76E1B13531F2"
    },
    "childShapes" : [ ],
    "properties" : {
      "id" : "",
      "label" : "",
      "transformation" : ""
    },
    "stencil" : {
      "id" : "Arc"
    },
    "outgoing" : [ {
      "resourceId" : "sid-38E057F1-4B10-408E-AD50-76E1B13531F2"
    } ],
    "formats" : {
    },
    "glossaryLinks" : {
    }
  }, {
    "bounds" : {
      "lowerRight" : {
        "y" : 479.46875,
        "x" : 94
      },
      "upperLeft" : {
        "y" : 385.765625,
        "x" : 94
      }
    },
    "dockers" : [ {
      "y" : 15,
      "x" : 4
    }, {
      "y" : 20,
      "x" : 9
    } ],
    "resourceId" : "sid-B5E2554C-E2FF-4860-82DF-7144E287DE02",
    "labels" : [ ],
    "layers" : [ ],
    "target" : {
      "resourceId" : "sid-38E057F1-4B10-408E-AD50-76E1B13531F2"
    },
    "childShapes" : [ ],
    "properties" : {
      "id" : "",
      "label" : "",
      "transformation" : ""
    },
    "stencil" : {
      "id" : "Arc"
    },
    "outgoing" : [ {
      "resourceId" : "sid-38E057F1-4B10-408E-AD50-76E1B13531F2"
    } ],
    "formats" : {
    },
    "glossaryLinks" : {
    }
  }, {
    "bounds" : {
      "lowerRight" : {
        "y" : 515,
        "x" : 45
      },
      "upperLeft" : {
        "y" : 485,
        "x" : 15
      }
    },
    "dockers" : [ ],
    "resourceId" : "sid-6DA6F3C9-F4A8-4BC5-BD80-B34E86AF3343",
    "labels" : [ ],
    "layers" : [ ],
    "childShapes" : [ ],
    "properties" : {
      "exttype" : "Push",
      "id" : "",
      "title" : "",
      "external" : "false",
      "locatortypes" : "",
      "locatornames" : "",
      "numberoftokens_drawing" : "0",
      "numberoftokens_text" : "",
      "numberOfTokens" : "0",
      "locatorexpr" : "",
      "href" : ""
    },
    "stencil" : {
      "id" : "Place"
    },
    "outgoing" : [ {
      "resourceId" : "sid-B0931A2B-EBCC-441D-8E05-E5001A520110"
    } ],
    "formats" : {
    },
    "glossaryLinks" : {
    }
  }, {
    "bounds" : {
      "lowerRight" : {
        "y" : 500,
        "x" : 84.078125
      },
      "upperLeft" : {
        "y" : 500,
        "x" : 45.0625
      }
    },
    "dockers" : [ {
      "y" : 15,
      "x" : 15
    }, {
      "y" : 20,
      "x" : 20
    } ],
    "resourceId" : "sid-B0931A2B-EBCC-441D-8E05-E5001A520110",
    "labels" : [ ],
    "layers" : [ ],
    "target" : {
      "resourceId" : "sid-38E057F1-4B10-408E-AD50-76E1B13531F2"
    },
    "childShapes" : [ ],
    "properties" : {
      "id" : "",
      "label" : "",
      "transformation" : ""
    },
    "stencil" : {
      "id" : "Arc"
    },
    "outgoing" : [ {
      "resourceId" : "sid-38E057F1-4B10-408E-AD50-76E1B13531F2"
    } ],
    "formats" : {
    },
    "glossaryLinks" : {
    }
  } ],
  "properties" : {
    "author" : "",
    "title" : "",
    "engine" : "false",
    "modificationdate" : "10/07/07",
    "documentation" : "",
    "language" : "English",
    "creationdate" : "10/07/07",
    "version" : ""
  },
  "stencilset" : {
    "url" : "/stencilsets/petrinets/petrinet.json?version=4.3.2",
    "namespace" : "http://b3mn.org/stencilset/petrinet#"
  },
  "ssextensions" : [ ],
  "stencil" : {
    "id" : "Diagram"
  },
  "formats" : {
  }
}