{
  "bounds" : {
    "lowerRight" : {
      "y" : 1050,
      "x" : 1485
    },
    "upperLeft" : {
      "y" : 0,
      "x" : 0
    }
  },
  "resourceId" : "canvas",
  "childShapes" : [ {
    "bounds" : {
      "lowerRight" : {
        "y" : 205,
        "x" : 230.5
      },
      "upperLeft" : {
        "y" : 165,
        "x" : 190.5
      }
    },
    "dockers" : [ ],
    "resourceId" : "sid-BF90567B-FF8F-48AD-8B03-EBB415FBA933",
    "labels" : [ ],
    "layers" : [ ],
    "childShapes" : [ ],
    "properties" : {
      "id" : "",
      "title" : "A",
      "communicationtype" : "Default",
      "communicationchannel" : "",
      "guard" : "",
      "oform" : "",
      "omodel" : "",
      "firetype" : "Automatic",
      "href" : ""
    },
    "stencil" : {
      "id" : "Transition"
    },
    "outgoing" : [ {
      "resourceId" : "sid-90BC572D-EDAE-41B2-B0E4-39B7955D2E4D"
    } ],
    "formats" : {
    },
    "glossaryLinks" : {
    }
  }, {
    "bounds" : {
      "lowerRight" : {
        "y" : 205,
        "x" : 290.5
      },
      "upperLeft" : {
        "y" : 165,
        "x" : 250.5
      }
    },
    "dockers" : [ ],
    "resourceId" : "sid-94827F02-18DA-44F6-A9BB-0F966E7801A0",
    "labels" : [ ],
    "layers" : [ ],
    "childShapes" : [ ],
    "properties" : {
      "id" : "",
      "title" : "B",
      "communicationtype" : "Default",
      "communicationchannel" : "",
      "guard" : "",
      "oform" : "",
      "omodel" : "",
      "firetype" : "Automatic",
      "href" : ""
    },
    "stencil" : {
      "id" : "Transition"
    },
    "outgoing" : [ {
      "resourceId" : "sid-AE942FF9-2743-401C-B406-FD70343D4D68"
    } ],
    "formats" : {
    },
    "glossaryLinks" : {
    }
  }, {
    "bounds" : {
      "lowerRight" : {
        "y" : 130,
        "x" : 320.5
      },
      "upperLeft" : {
        "y" : 80,
        "x" : 310.5
      }
    },
    "dockers" : [ ],
    "resourceId" : "sid-B44C9154-C359-43FF-A584-328E1D25D07E",
    "labels" : [ ],
    "layers" : [ ],
    "childShapes" : [ ],
    "properties" : {
      "id" : "",
      "title" : "",
      "guard" : "",
      "oform" : "",
      "omodel" : "",
      "firetype" : "Automatic",
      "href" : ""
    },
    "stencil" : {
      "id" : "VerticalEmptyTransition"
    },
    "outgoing" : [ {
      "resourceId" : "sid-DEC6FF49-117B-4D15-A4C8-E81FCC004E97"
    } ],
    "formats" : {
    },
    "glossaryLinks" : {
    }
  }, {
    "bounds" : {
      "lowerRight" : {
        "y" : 60,
        "x" : 265.5
      },
      "upperLeft" : {
        "y" : 30,
        "x" : 235.5
      }
    },
    "dockers" : [ ],
    "resourceId" : "sid-46FF145C-E57F-4FF1-AE55-CBCAE4316000",
    "labels" : [ ],
    "layers" : [ ],
    "childShapes" : [ ],
    "properties" : {
      "exttype" : "Push",
      "id" : "",
      "title" : "",
      "external" : "false",
      "locatortypes" : "",
      "locatornames" : "",
      "numberoftokens_drawing" : "0",
      "numberoftokens_text" : "",
      "numberOfTokens" : "0",
      "locatorexpr" : "",
      "href" : ""
    },
    "stencil" : {
      "id" : "Place"
    },
    "outgoing" : [ {
      "resourceId" : "sid-92FAAC25-2C35-4ECB-BE12-E63D7195EA0A"
    }, {
      "resourceId" : "sid-95E89242-BB9A-4490-9854-F0B1D10BB877"
    }, {
      "resourceId" : "sid-E8805768-0C48-4A38-9E7B-381C90295ACF"
    }, {
      "resourceId" : "sid-B6F5F8EC-9F40-4237-8CC5-244D487EEC55"
    }, {
      "resourceId" : "sid-113883FA-80BB-4A9C-BF87-91047406AA75"
    }, {
      "resourceId" : "sid-D566BFF4-48D1-40A5-93F4-B659ED6DE53C"
    } ],
    "formats" : {
    },
    "glossaryLinks" : {
    }
  }, {
    "bounds" : {
      "lowerRight" : {
        "y" : 100.10296989726693,
        "x" : 310.19488405537254
      },
      "upperLeft" : {
        "y" : 55.52203010273307,
        "x" : 261.89886594462746
      }
    },
    "dockers" : [ {
      "y" : 25,
      "x" : 5
    }, {
      "y" : 15,
      "x" : 15
    } ],
    "resourceId" : "sid-DEC6FF49-117B-4D15-A4C8-E81FCC004E97",
    "labels" : [ ],
    "layers" : [ ],
    "target" : {
      "resourceId" : "sid-46FF145C-E57F-4FF1-AE55-CBCAE4316000"
    },
    "childShapes" : [ ],
    "properties" : {
      "id" : "",
      "label" : "",
      "transformation" : ""
    },
    "stencil" : {
      "id" : "Arc"
    },
    "outgoing" : [ {
      "resourceId" : "sid-46FF145C-E57F-4FF1-AE55-CBCAE4316000"
    } ],
    "formats" : {
    },
    "glossaryLinks" : {
    }
  }, {
    "bounds" : {
      "lowerRight" : {
        "y" : 120,
        "x" : 225.5
      },
      "upperLeft" : {
        "y" : 90,
        "x" : 195.5
      }
    },
    "dockers" : [ ],
    "resourceId" : "sid-8EDBBC73-5B20-4721-B0D3-9A3BC1B2B43F",
    "labels" : [ ],
    "layers" : [ ],
    "childShapes" : [ ],
    "properties" : {
      "exttype" : "Push",
      "id" : "",
      "title" : "",
      "external" : "false",
      "locatortypes" : "",
      "locatornames" : "",
      "numberoftokens_drawing" : "0",
      "numberoftokens_text" : "",
      "numberOfTokens" : "0",
      "locatorexpr" : "",
      "href" : ""
    },
    "stencil" : {
      "id" : "Place"
    },
    "outgoing" : [ {
      "resourceId" : "sid-31C46DEF-08A3-47A8-ACE3-F0F994CDB0F2"
    }, {
      "resourceId" : "sid-1D5258FE-27E0-4D1D-9722-73849D267E29"
    } ],
    "formats" : {
    },
    "glossaryLinks" : {
    }
  }, {
    "bounds" : {
      "lowerRight" : {
        "y" : 164.625,
        "x" : 210.5
      },
      "upperLeft" : {
        "y" : 120.375,
        "x" : 210.5
      }
    },
    "dockers" : [ {
      "y" : 15,
      "x" : 15
    }, {
      "y" : 20,
      "x" : 20
    } ],
    "resourceId" : "sid-31C46DEF-08A3-47A8-ACE3-F0F994CDB0F2",
    "labels" : [ ],
    "layers" : [ ],
    "target" : {
      "resourceId" : "sid-BF90567B-FF8F-48AD-8B03-EBB415FBA933"
    },
    "childShapes" : [ ],
    "properties" : {
      "id" : "",
      "label" : "",
      "transformation" : ""
    },
    "stencil" : {
      "id" : "Arc"
    },
    "outgoing" : [ {
      "resourceId" : "sid-BF90567B-FF8F-48AD-8B03-EBB415FBA933"
    } ],
    "formats" : {
    },
    "glossaryLinks" : {
    }
  }, {
    "bounds" : {
      "lowerRight" : {
        "y" : 205,
        "x" : 95
      },
      "upperLeft" : {
        "y" : 165,
        "x" : 30
      }
    },
    "dockers" : [ ],
    "resourceId" : "sid-FFFF98BE-725D-40A9-8043-497C2389519A",
    "labels" : [ ],
    "layers" : [ ],
    "childShapes" : [ ],
    "properties" : {
      "id" : "",
      "title" : "C",
      "communicationtype" : "Default",
      "communicationchannel" : "",
      "guard" : "",
      "oform" : "",
      "omodel" : "",
      "firetype" : "Automatic",
      "href" : ""
    },
    "stencil" : {
      "id" : "Transition"
    },
    "outgoing" : [ {
      "resourceId" : "sid-CA78D5A0-1726-4891-8FCC-EBCD6A848A3E"
    } ],
    "formats" : {
    },
    "glossaryLinks" : {
    }
  }, {
    "bounds" : {
      "lowerRight" : {
        "y" : 200,
        "x" : 160.5
      },
      "upperLeft" : {
        "y" : 170,
        "x" : 130.5
      }
    },
    "dockers" : [ ],
    "resourceId" : "sid-D520A923-6B66-4823-8B85-EEEEBBBB96B7",
    "labels" : [ ],
    "layers" : [ ],
    "childShapes" : [ ],
    "properties" : {
      "exttype" : "Push",
      "id" : "",
      "title" : "",
      "external" : "false",
      "locatortypes" : "",
      "locatornames" : "",
      "numberoftokens_drawing" : "0",
      "numberoftokens_text" : "",
      "numberOfTokens" : "0",
      "locatorexpr" : "",
      "href" : ""
    },
    "stencil" : {
      "id" : "Place"
    },
    "outgoing" : [ {
      "resourceId" : "sid-C05D5081-0097-4EAA-A4C2-8C34833D5714"
    } ],
    "formats" : {
    },
    "glossaryLinks" : {
    }
  }, {
    "bounds" : {
      "lowerRight" : {
        "y" : 200,
        "x" : 355.5
      },
      "upperLeft" : {
        "y" : 170,
        "x" : 325.5
      }
    },
    "dockers" : [ ],
    "resourceId" : "sid-CE8AD0F4-0F25-4699-8056-D03378C4673D",
    "labels" : [ ],
    "layers" : [ ],
    "childShapes" : [ ],
    "properties" : {
      "exttype" : "Push",
      "id" : "",
      "title" : "",
      "external" : "false",
      "locatortypes" : "",
      "locatornames" : "",
      "numberoftokens_drawing" : "0",
      "numberoftokens_text" : "",
      "numberOfTokens" : "0",
      "locatorexpr" : "",
      "href" : ""
    },
    "stencil" : {
      "id" : "Place"
    },
    "outgoing" : [ {
      "resourceId" : "sid-490CD76F-716C-4E4D-B42C-8B43D1ADEE23"
    } ],
    "formats" : {
    },
    "glossaryLinks" : {
    }
  }, {
    "bounds" : {
      "lowerRight" : {
        "y" : 185,
        "x" : 325.28125
      },
      "upperLeft" : {
        "y" : 185,
        "x" : 291.1875
      }
    },
    "dockers" : [ {
      "y" : 20,
      "x" : 20
    }, {
      "y" : 15,
      "x" : 15
    } ],
    "resourceId" : "sid-AE942FF9-2743-401C-B406-FD70343D4D68",
    "labels" : [ ],
    "layers" : [ ],
    "target" : {
      "resourceId" : "sid-CE8AD0F4-0F25-4699-8056-D03378C4673D"
    },
    "childShapes" : [ ],
    "properties" : {
      "id" : "",
      "label" : "",
      "transformation" : ""
    },
    "stencil" : {
      "id" : "Arc"
    },
    "outgoing" : [ {
      "resourceId" : "sid-CE8AD0F4-0F25-4699-8056-D03378C4673D"
    } ],
    "formats" : {
    },
    "glossaryLinks" : {
    }
  }, {
    "bounds" : {
      "lowerRight" : {
        "y" : 220,
        "x" : 450.5
      },
      "upperLeft" : {
        "y" : 180,
        "x" : 385.5
      }
    },
    "dockers" : [ ],
    "resourceId" : "sid-DECD5399-E82A-4F2D-87F6-2BFE5DF0FC1A",
    "labels" : [ ],
    "layers" : [ ],
    "childShapes" : [ ],
    "properties" : {
      "id" : "",
      "title" : "D",
      "communicationtype" : "Default",
      "communicationchannel" : "",
      "guard" : "",
      "oform" : "",
      "omodel" : "",
      "firetype" : "Automatic",
      "href" : ""
    },
    "stencil" : {
      "id" : "Transition"
    },
    "outgoing" : [ {
      "resourceId" : "sid-4F9D7B85-A0B3-43CB-A21D-7BE4034B87A9"
    } ],
    "formats" : {
    },
    "glossaryLinks" : {
    }
  }, {
    "bounds" : {
      "lowerRight" : {
        "y" : 193.59904059343413,
        "x" : 384.92837639940973
      },
      "upperLeft" : {
        "y" : 188.00252190656587,
        "x" : 356.01302985059027
      }
    },
    "dockers" : [ {
      "y" : 15,
      "x" : 15
    }, {
      "y" : 20,
      "x" : 32.5
    } ],
    "resourceId" : "sid-490CD76F-716C-4E4D-B42C-8B43D1ADEE23",
    "labels" : [ ],
    "layers" : [ ],
    "target" : {
      "resourceId" : "sid-DECD5399-E82A-4F2D-87F6-2BFE5DF0FC1A"
    },
    "childShapes" : [ ],
    "properties" : {
      "id" : "",
      "label" : "",
      "transformation" : ""
    },
    "stencil" : {
      "id" : "Arc"
    },
    "outgoing" : [ {
      "resourceId" : "sid-DECD5399-E82A-4F2D-87F6-2BFE5DF0FC1A"
    } ],
    "formats" : {
    },
    "glossaryLinks" : {
    }
  }, {
    "bounds" : {
      "lowerRight" : {
        "y" : 185,
        "x" : 130.234375
      },
      "upperLeft" : {
        "y" : 185,
        "x" : 95.921875
      }
    },
    "dockers" : [ {
      "y" : 15,
      "x" : 15
    }, {
      "y" : 20,
      "x" : 32.5
    } ],
    "resourceId" : "sid-C05D5081-0097-4EAA-A4C2-8C34833D5714",
    "labels" : [ ],
    "layers" : [ ],
    "target" : {
      "resourceId" : "sid-FFFF98BE-725D-40A9-8043-497C2389519A"
    },
    "childShapes" : [ ],
    "properties" : {
      "id" : "",
      "label" : "",
      "transformation" : ""
    },
    "stencil" : {
      "id" : "Arc"
    },
    "outgoing" : [ {
      "resourceId" : "sid-FFFF98BE-725D-40A9-8043-497C2389519A"
    } ],
    "formats" : {
    },
    "glossaryLinks" : {
    }
  }, {
    "bounds" : {
      "lowerRight" : {
        "y" : 164.825,
        "x" : 255.36875
      },
      "upperLeft" : {
        "y" : 117.05,
        "x" : 219.5375
      }
    },
    "dockers" : [ {
      "y" : 15,
      "x" : 15
    }, {
      "y" : 20,
      "x" : 20
    } ],
    "resourceId" : "sid-1D5258FE-27E0-4D1D-9722-73849D267E29",
    "labels" : [ ],
    "layers" : [ ],
    "target" : {
      "resourceId" : "sid-94827F02-18DA-44F6-A9BB-0F966E7801A0"
    },
    "childShapes" : [ ],
    "properties" : {
      "id" : "",
      "label" : "",
      "transformation" : ""
    },
    "stencil" : {
      "id" : "Arc"
    },
    "outgoing" : [ {
      "resourceId" : "sid-94827F02-18DA-44F6-A9BB-0F966E7801A0"
    } ],
    "formats" : {
    },
    "glossaryLinks" : {
    }
  }, {
    "bounds" : {
      "lowerRight" : {
        "y" : 167.02448296563452,
        "x" : 196.90154348642386
      },
      "upperLeft" : {
        "y" : 112.35051703436548,
        "x" : 95.75470651357612
      }
    },
    "dockers" : [ {
      "y" : 20,
      "x" : 32.5
    }, {
      "y" : 15,
      "x" : 15
    } ],
    "resourceId" : "sid-CA78D5A0-1726-4891-8FCC-EBCD6A848A3E",
    "labels" : [ ],
    "layers" : [ ],
    "target" : {
      "resourceId" : "sid-8EDBBC73-5B20-4721-B0D3-9A3BC1B2B43F"
    },
    "childShapes" : [ ],
    "properties" : {
      "id" : "",
      "label" : "",
      "transformation" : ""
    },
    "stencil" : {
      "id" : "Arc"
    },
    "outgoing" : [ {
      "resourceId" : "sid-8EDBBC73-5B20-4721-B0D3-9A3BC1B2B43F"
    } ],
    "formats" : {
    },
    "glossaryLinks" : {
    }
  }, {
    "bounds" : {
      "lowerRight" : {
        "y" : 184.73997253066344,
        "x" : 384.668887369607
      },
      "upperLeft" : {
        "y" : 111.35377746933656,
        "x" : 224.37798763039302
      }
    },
    "dockers" : [ {
      "y" : 20,
      "x" : 32.5
    }, {
      "y" : 15,
      "x" : 15
    } ],
    "resourceId" : "sid-4F9D7B85-A0B3-43CB-A21D-7BE4034B87A9",
    "labels" : [ ],
    "layers" : [ ],
    "target" : {
      "resourceId" : "sid-8EDBBC73-5B20-4721-B0D3-9A3BC1B2B43F"
    },
    "childShapes" : [ ],
    "properties" : {
      "id" : "",
      "label" : "",
      "transformation" : ""
    },
    "stencil" : {
      "id" : "Arc"
    },
    "outgoing" : [ {
      "resourceId" : "sid-8EDBBC73-5B20-4721-B0D3-9A3BC1B2B43F"
    } ],
    "formats" : {
    },
    "glossaryLinks" : {
    }
  }, {
    "bounds" : {
      "lowerRight" : {
        "y" : 185,
        "x" : 190.203125
      },
      "upperLeft" : {
        "y" : 185,
        "x" : 160.71875
      }
    },
    "dockers" : [ {
      "y" : 20,
      "x" : 20
    }, {
      "y" : 15,
      "x" : 15
    } ],
    "resourceId" : "sid-90BC572D-EDAE-41B2-B0E4-39B7955D2E4D",
    "labels" : [ ],
    "layers" : [ ],
    "target" : {
      "resourceId" : "sid-D520A923-6B66-4823-8B85-EEEEBBBB96B7"
    },
    "childShapes" : [ ],
    "properties" : {
      "id" : "",
      "label" : "",
      "transformation" : ""
    },
    "stencil" : {
      "id" : "Arc"
    },
    "outgoing" : [ {
      "resourceId" : "sid-D520A923-6B66-4823-8B85-EEEEBBBB96B7"
    } ],
    "formats" : {
    },
    "glossaryLinks" : {
    }
  }, {
    "bounds" : {
      "lowerRight" : {
        "y" : 164.3125,
        "x" : 234.9453125
      },
      "upperLeft" : {
        "y" : 45,
        "x" : 43.5
      }
    },
    "dockers" : [ {
      "y" : 15,
      "x" : 15
    }, {
      "y" : 45,
      "x" : 43.5
    }, {
      "y" : 20,
      "x" : 13.5
    } ],
    "resourceId" : "sid-E8805768-0C48-4A38-9E7B-381C90295ACF",
    "labels" : [ ],
    "layers" : [ ],
    "target" : {
      "resourceId" : "sid-FFFF98BE-725D-40A9-8043-497C2389519A"
    },
    "childShapes" : [ ],
    "properties" : {
      "id" : "",
      "label" : "",
      "transformation" : ""
    },
    "stencil" : {
      "id" : "Arc"
    },
    "outgoing" : [ {
      "resourceId" : "sid-FFFF98BE-725D-40A9-8043-497C2389519A"
    } ],
    "formats" : {
    },
    "glossaryLinks" : {
    }
  }, {
    "bounds" : {
      "lowerRight" : {
        "y" : 164.78125,
        "x" : 234.81656348566065
      },
      "upperLeft" : {
        "y" : 46.4181830890626,
        "x" : 62.5
      }
    },
    "dockers" : [ {
      "y" : 15,
      "x" : 15
    }, {
      "y" : 62,
      "x" : 62.5
    }, {
      "y" : 20,
      "x" : 32.5
    } ],
    "resourceId" : "sid-92FAAC25-2C35-4ECB-BE12-E63D7195EA0A",
    "labels" : [ ],
    "layers" : [ ],
    "target" : {
      "resourceId" : "sid-FFFF98BE-725D-40A9-8043-497C2389519A"
    },
    "childShapes" : [ ],
    "properties" : {
      "id" : "",
      "label" : "",
      "transformation" : ""
    },
    "stencil" : {
      "id" : "Arc"
    },
    "outgoing" : [ {
      "resourceId" : "sid-FFFF98BE-725D-40A9-8043-497C2389519A"
    } ],
    "formats" : {
    },
    "glossaryLinks" : {
    }
  }, {
    "bounds" : {
      "lowerRight" : {
        "y" : 164.40625,
        "x" : 234.81604997720117
      },
      "upperLeft" : {
        "y" : 47.38469415551327,
        "x" : 79.5
      }
    },
    "dockers" : [ {
      "y" : 15,
      "x" : 15
    }, {
      "y" : 71,
      "x" : 79.5
    }, {
      "y" : 20,
      "x" : 49.5
    } ],
    "resourceId" : "sid-B6F5F8EC-9F40-4237-8CC5-244D487EEC55",
    "labels" : [ ],
    "layers" : [ ],
    "target" : {
      "resourceId" : "sid-FFFF98BE-725D-40A9-8043-497C2389519A"
    },
    "childShapes" : [ ],
    "properties" : {
      "id" : "",
      "label" : "",
      "transformation" : ""
    },
    "stencil" : {
      "id" : "Arc"
    },
    "outgoing" : [ {
      "resourceId" : "sid-FFFF98BE-725D-40A9-8043-497C2389519A"
    } ],
    "formats" : {
    },
    "glossaryLinks" : {
    }
  }, {
    "bounds" : {
      "lowerRight" : {
        "y" : 179.625,
        "x" : 440.5
      },
      "upperLeft" : {
        "y" : 45,
        "x" : 266.34375
      }
    },
    "dockers" : [ {
      "y" : 15,
      "x" : 15
    }, {
      "y" : 45,
      "x" : 440.5
    }, {
      "y" : 20,
      "x" : 55
    } ],
    "resourceId" : "sid-113883FA-80BB-4A9C-BF87-91047406AA75",
    "labels" : [ ],
    "layers" : [ ],
    "target" : {
      "resourceId" : "sid-DECD5399-E82A-4F2D-87F6-2BFE5DF0FC1A"
    },
    "childShapes" : [ ],
    "properties" : {
      "id" : "",
      "label" : "",
      "transformation" : ""
    },
    "stencil" : {
      "id" : "Arc"
    },
    "outgoing" : [ {
      "resourceId" : "sid-DECD5399-E82A-4F2D-87F6-2BFE5DF0FC1A"
    } ],
    "formats" : {
    },
    "glossaryLinks" : {
    }
  }, {
    "bounds" : {
      "lowerRight" : {
        "y" : 179.875,
        "x" : 423.5
      },
      "upperLeft" : {
        "y" : 46.008768171899156,
        "x" : 266.3651721580503
      }
    },
    "dockers" : [ {
      "y" : 15,
      "x" : 15
    }, {
      "y" : 56,
      "x" : 423.5
    }, {
      "y" : 20,
      "x" : 38
    } ],
    "resourceId" : "sid-D566BFF4-48D1-40A5-93F4-B659ED6DE53C",
    "labels" : [ ],
    "layers" : [ ],
    "target" : {
      "resourceId" : "sid-DECD5399-E82A-4F2D-87F6-2BFE5DF0FC1A"
    },
    "childShapes" : [ ],
    "properties" : {
      "id" : "",
      "label" : "",
      "transformation" : ""
    },
    "stencil" : {
      "id" : "Arc"
    },
    "outgoing" : [ {
      "resourceId" : "sid-DECD5399-E82A-4F2D-87F6-2BFE5DF0FC1A"
    } ],
    "formats" : {
    },
    "glossaryLinks" : {
    }
  }, {
    "bounds" : {
      "lowerRight" : {
        "y" : 179.59375,
        "x" : 404.5
      },
      "upperLeft" : {
        "y" : 46.703473099248264,
        "x" : 265.93146219319016
      }
    },
    "dockers" : [ {
      "y" : 15,
      "x" : 15
    }, {
      "y" : 61.999999999999986,
      "x" : 404.5
    }, {
      "y" : 20,
      "x" : 19
    } ],
    "resourceId" : "sid-95E89242-BB9A-4490-9854-F0B1D10BB877",
    "labels" : [ ],
    "layers" : [ ],
    "target" : {
      "resourceId" : "sid-DECD5399-E82A-4F2D-87F6-2BFE5DF0FC1A"
    },
    "childShapes" : [ ],
    "properties" : {
      "id" : "",
      "label" : "",
      "transformation" : ""
    },
    "stencil" : {
      "id" : "Arc"
    },
    "outgoing" : [ {
      "resourceId" : "sid-DECD5399-E82A-4F2D-87F6-2BFE5DF0FC1A"
    } ],
    "formats" : {
    },
    "glossaryLinks" : {
    }
  }, {
    "bounds" : {
      "lowerRight" : {
        "y" : 389.3125,
        "x" : 234.9453125
      },
      "upperLeft" : {
        "y" : 270,
        "x" : 43.5
      }
    },
    "dockers" : [ {
      "y" : 15,
      "x" : 15
    }, {
      "y" : 270,
      "x" : 43.5
    }, {
      "y" : 20,
      "x" : 13.5
    } ],
    "resourceId" : "sid-614C13BA-60CF-4722-8DD6-B1495B5FE37D",
    "labels" : [ ],
    "layers" : [ ],
    "target" : {
      "resourceId" : "sid-F512324D-5DFF-4911-8B40-05E937581774"
    },
    "childShapes" : [ ],
    "properties" : {
      "id" : "",
      "label" : "",
      "transformation" : ""
    },
    "stencil" : {
      "id" : "Arc"
    },
    "outgoing" : [ {
      "resourceId" : "sid-F512324D-5DFF-4911-8B40-05E937581774"
    } ],
    "formats" : {
    },
    "glossaryLinks" : {
    }
  }, {
    "bounds" : {
      "lowerRight" : {
        "y" : 430,
        "x" : 290.5
      },
      "upperLeft" : {
        "y" : 390,
        "x" : 250.5
      }
    },
    "dockers" : [ ],
    "resourceId" : "sid-CB263F47-6760-445B-BDB9-FCAFD97A28E4",
    "labels" : [ ],
    "layers" : [ ],
    "childShapes" : [ ],
    "properties" : {
      "id" : "",
      "title" : "E",
      "communicationtype" : "Default",
      "communicationchannel" : "",
      "guard" : "",
      "oform" : "",
      "omodel" : "",
      "firetype" : "Automatic",
      "href" : ""
    },
    "stencil" : {
      "id" : "Transition"
    },
    "outgoing" : [ {
      "resourceId" : "sid-7AC50395-CD40-4FD9-AD59-EDB8570AC1F7"
    } ],
    "formats" : {
    },
    "glossaryLinks" : {
    }
  }, {
    "bounds" : {
      "lowerRight" : {
        "y" : 355,
        "x" : 320.5
      },
      "upperLeft" : {
        "y" : 305,
        "x" : 310.5
      }
    },
    "dockers" : [ ],
    "resourceId" : "sid-9064E761-2FFB-4F73-8480-AF642C1CE178",
    "labels" : [ ],
    "layers" : [ ],
    "childShapes" : [ ],
    "properties" : {
      "id" : "",
      "title" : "",
      "guard" : "",
      "oform" : "",
      "omodel" : "",
      "firetype" : "Automatic",
      "href" : ""
    },
    "stencil" : {
      "id" : "VerticalEmptyTransition"
    },
    "outgoing" : [ {
      "resourceId" : "sid-1FD2BE42-33CE-429E-8B0B-0261EF281755"
    } ],
    "formats" : {
    },
    "glossaryLinks" : {
    }
  }, {
    "bounds" : {
      "lowerRight" : {
        "y" : 285,
        "x" : 265.5
      },
      "upperLeft" : {
        "y" : 255,
        "x" : 235.5
      }
    },
    "dockers" : [ ],
    "resourceId" : "sid-8C82253F-04A1-426F-A24D-F1B3EC1C4887",
    "labels" : [ ],
    "layers" : [ ],
    "childShapes" : [ ],
    "properties" : {
      "exttype" : "Push",
      "id" : "",
      "title" : "",
      "external" : "false",
      "locatortypes" : "",
      "locatornames" : "",
      "numberoftokens_drawing" : "0",
      "numberoftokens_text" : "",
      "numberOfTokens" : "0",
      "locatorexpr" : "",
      "href" : ""
    },
    "stencil" : {
      "id" : "Place"
    },
    "outgoing" : [ {
      "resourceId" : "sid-EA916434-B674-45D1-8814-240C65F3ECED"
    }, {
      "resourceId" : "sid-16BA9CFB-99D7-451F-9E00-3C5124B71C44"
    }, {
      "resourceId" : "sid-614C13BA-60CF-4722-8DD6-B1495B5FE37D"
    }, {
      "resourceId" : "sid-B3ABEA85-56C8-4369-B65D-C37413D94292"
    }, {
      "resourceId" : "sid-D434132F-FBE2-47E6-9D6F-D6A30BA2664E"
    }, {
      "resourceId" : "sid-FAD18A05-46C3-422F-9F2D-4BE94B40004F"
    } ],
    "formats" : {
    },
    "glossaryLinks" : {
    }
  }, {
    "bounds" : {
      "lowerRight" : {
        "y" : 325.1029698972669,
        "x" : 310.19488405537254
      },
      "upperLeft" : {
        "y" : 280.5220301027331,
        "x" : 261.89886594462746
      }
    },
    "dockers" : [ {
      "y" : 25,
      "x" : 5
    }, {
      "y" : 15,
      "x" : 15
    } ],
    "resourceId" : "sid-1FD2BE42-33CE-429E-8B0B-0261EF281755",
    "labels" : [ ],
    "layers" : [ ],
    "target" : {
      "resourceId" : "sid-8C82253F-04A1-426F-A24D-F1B3EC1C4887"
    },
    "childShapes" : [ ],
    "properties" : {
      "id" : "",
      "label" : "",
      "transformation" : ""
    },
    "stencil" : {
      "id" : "Arc"
    },
    "outgoing" : [ {
      "resourceId" : "sid-8C82253F-04A1-426F-A24D-F1B3EC1C4887"
    } ],
    "formats" : {
    },
    "glossaryLinks" : {
    }
  }, {
    "bounds" : {
      "lowerRight" : {
        "y" : 345,
        "x" : 225.5
      },
      "upperLeft" : {
        "y" : 315,
        "x" : 195.5
      }
    },
    "dockers" : [ ],
    "resourceId" : "sid-B789D2DD-B91D-4831-9B2C-776F604777BB",
    "labels" : [ ],
    "layers" : [ ],
    "childShapes" : [ ],
    "properties" : {
      "exttype" : "Push",
      "id" : "",
      "title" : "",
      "external" : "false",
      "locatortypes" : "",
      "locatornames" : "",
      "numberoftokens_drawing" : "0",
      "numberoftokens_text" : "",
      "numberOfTokens" : "0",
      "locatorexpr" : "",
      "href" : ""
    },
    "stencil" : {
      "id" : "Place"
    },
    "outgoing" : [ {
      "resourceId" : "sid-5D300C3C-250F-43F9-89FB-652CDAEF71D6"
    }, {
      "resourceId" : "sid-6F6B840E-A2BD-43BA-8759-8C0732E4C2F4"
    } ],
    "formats" : {
    },
    "glossaryLinks" : {
    }
  }, {
    "bounds" : {
      "lowerRight" : {
        "y" : 389.625,
        "x" : 210.5
      },
      "upperLeft" : {
        "y" : 345.375,
        "x" : 210.5
      }
    },
    "dockers" : [ {
      "y" : 15,
      "x" : 15
    }, {
      "y" : 20,
      "x" : 20
    } ],
    "resourceId" : "sid-5D300C3C-250F-43F9-89FB-652CDAEF71D6",
    "labels" : [ ],
    "layers" : [ ],
    "target" : {
      "resourceId" : "sid-4BBC7761-093A-45A5-A192-B15BCAA5AC09"
    },
    "childShapes" : [ ],
    "properties" : {
      "id" : "",
      "label" : "",
      "transformation" : ""
    },
    "stencil" : {
      "id" : "Arc"
    },
    "outgoing" : [ {
      "resourceId" : "sid-4BBC7761-093A-45A5-A192-B15BCAA5AC09"
    } ],
    "formats" : {
    },
    "glossaryLinks" : {
    }
  }, {
    "bounds" : {
      "lowerRight" : {
        "y" : 430,
        "x" : 95
      },
      "upperLeft" : {
        "y" : 390,
        "x" : 30
      }
    },
    "dockers" : [ ],
    "resourceId" : "sid-F512324D-5DFF-4911-8B40-05E937581774",
    "labels" : [ ],
    "layers" : [ ],
    "childShapes" : [ ],
    "properties" : {
      "id" : "",
      "title" : "F",
      "communicationtype" : "Default",
      "communicationchannel" : "",
      "guard" : "",
      "oform" : "",
      "omodel" : "",
      "firetype" : "Automatic",
      "href" : ""
    },
    "stencil" : {
      "id" : "Transition"
    },
    "outgoing" : [ {
      "resourceId" : "sid-43B347A0-4D63-4C9E-B072-64340D6B737B"
    } ],
    "formats" : {
    },
    "glossaryLinks" : {
    }
  }, {
    "bounds" : {
      "lowerRight" : {
        "y" : 425,
        "x" : 160.5
      },
      "upperLeft" : {
        "y" : 395,
        "x" : 130.5
      }
    },
    "dockers" : [ ],
    "resourceId" : "sid-B218D46E-AB1A-42F4-A4D0-0F2E8B2C0C1B",
    "labels" : [ ],
    "layers" : [ ],
    "childShapes" : [ ],
    "properties" : {
      "exttype" : "Push",
      "id" : "",
      "title" : "",
      "external" : "false",
      "locatortypes" : "",
      "locatornames" : "",
      "numberoftokens_drawing" : "0",
      "numberoftokens_text" : "",
      "numberOfTokens" : "0",
      "locatorexpr" : "",
      "href" : ""
    },
    "stencil" : {
      "id" : "Place"
    },
    "outgoing" : [ {
      "resourceId" : "sid-1D59A769-5A6E-45B9-9548-F514CD511C75"
    } ],
    "formats" : {
    },
    "glossaryLinks" : {
    }
  }, {
    "bounds" : {
      "lowerRight" : {
        "y" : 425,
        "x" : 355.5
      },
      "upperLeft" : {
        "y" : 395,
        "x" : 325.5
      }
    },
    "dockers" : [ ],
    "resourceId" : "sid-DD885733-E3FD-4107-B3BF-9A00CBA27925",
    "labels" : [ ],
    "layers" : [ ],
    "childShapes" : [ ],
    "properties" : {
      "exttype" : "Push",
      "id" : "",
      "title" : "",
      "external" : "false",
      "locatortypes" : "",
      "locatornames" : "",
      "numberoftokens_drawing" : "0",
      "numberoftokens_text" : "",
      "numberOfTokens" : "0",
      "locatorexpr" : "",
      "href" : ""
    },
    "stencil" : {
      "id" : "Place"
    },
    "outgoing" : [ {
      "resourceId" : "sid-53D34E3B-8681-4464-8EA1-9919327B60D1"
    } ],
    "formats" : {
    },
    "glossaryLinks" : {
    }
  }, {
    "bounds" : {
      "lowerRight" : {
        "y" : 410,
        "x" : 325.28125
      },
      "upperLeft" : {
        "y" : 410,
        "x" : 291.1875
      }
    },
    "dockers" : [ {
      "y" : 20,
      "x" : 20
    }, {
      "y" : 15,
      "x" : 15
    } ],
    "resourceId" : "sid-7AC50395-CD40-4FD9-AD59-EDB8570AC1F7",
    "labels" : [ ],
    "layers" : [ ],
    "target" : {
      "resourceId" : "sid-DD885733-E3FD-4107-B3BF-9A00CBA27925"
    },
    "childShapes" : [ ],
    "properties" : {
      "id" : "",
      "label" : "",
      "transformation" : ""
    },
    "stencil" : {
      "id" : "Arc"
    },
    "outgoing" : [ {
      "resourceId" : "sid-DD885733-E3FD-4107-B3BF-9A00CBA27925"
    } ],
    "formats" : {
    },
    "glossaryLinks" : {
    }
  }, {
    "bounds" : {
      "lowerRight" : {
        "y" : 445,
        "x" : 450.5
      },
      "upperLeft" : {
        "y" : 405,
        "x" : 385.5
      }
    },
    "dockers" : [ ],
    "resourceId" : "sid-9F3DDE89-F79D-4088-A135-97C986F0A60C",
    "labels" : [ ],
    "layers" : [ ],
    "childShapes" : [ ],
    "properties" : {
      "id" : "",
      "title" : "G",
      "communicationtype" : "Default",
      "communicationchannel" : "",
      "guard" : "",
      "oform" : "",
      "omodel" : "",
      "firetype" : "Automatic",
      "href" : ""
    },
    "stencil" : {
      "id" : "Transition"
    },
    "outgoing" : [ {
      "resourceId" : "sid-757167AF-A3B4-430F-AD4A-4241AE852876"
    } ],
    "formats" : {
    },
    "glossaryLinks" : {
    }
  }, {
    "bounds" : {
      "lowerRight" : {
        "y" : 418.59904059343415,
        "x" : 384.92837639940973
      },
      "upperLeft" : {
        "y" : 413.00252190656585,
        "x" : 356.01302985059027
      }
    },
    "dockers" : [ {
      "y" : 15,
      "x" : 15
    }, {
      "y" : 20,
      "x" : 32.5
    } ],
    "resourceId" : "sid-53D34E3B-8681-4464-8EA1-9919327B60D1",
    "labels" : [ ],
    "layers" : [ ],
    "target" : {
      "resourceId" : "sid-9F3DDE89-F79D-4088-A135-97C986F0A60C"
    },
    "childShapes" : [ ],
    "properties" : {
      "id" : "",
      "label" : "",
      "transformation" : ""
    },
    "stencil" : {
      "id" : "Arc"
    },
    "outgoing" : [ {
      "resourceId" : "sid-9F3DDE89-F79D-4088-A135-97C986F0A60C"
    } ],
    "formats" : {
    },
    "glossaryLinks" : {
    }
  }, {
    "bounds" : {
      "lowerRight" : {
        "y" : 410,
        "x" : 130.234375
      },
      "upperLeft" : {
        "y" : 410,
        "x" : 95.921875
      }
    },
    "dockers" : [ {
      "y" : 15,
      "x" : 15
    }, {
      "y" : 20,
      "x" : 32.5
    } ],
    "resourceId" : "sid-1D59A769-5A6E-45B9-9548-F514CD511C75",
    "labels" : [ ],
    "layers" : [ ],
    "target" : {
      "resourceId" : "sid-F512324D-5DFF-4911-8B40-05E937581774"
    },
    "childShapes" : [ ],
    "properties" : {
      "id" : "",
      "label" : "",
      "transformation" : ""
    },
    "stencil" : {
      "id" : "Arc"
    },
    "outgoing" : [ {
      "resourceId" : "sid-F512324D-5DFF-4911-8B40-05E937581774"
    } ],
    "formats" : {
    },
    "glossaryLinks" : {
    }
  }, {
    "bounds" : {
      "lowerRight" : {
        "y" : 389.825,
        "x" : 255.36875
      },
      "upperLeft" : {
        "y" : 342.05,
        "x" : 219.5375
      }
    },
    "dockers" : [ {
      "y" : 15,
      "x" : 15
    }, {
      "y" : 20,
      "x" : 20
    } ],
    "resourceId" : "sid-6F6B840E-A2BD-43BA-8759-8C0732E4C2F4",
    "labels" : [ ],
    "layers" : [ ],
    "target" : {
      "resourceId" : "sid-CB263F47-6760-445B-BDB9-FCAFD97A28E4"
    },
    "childShapes" : [ ],
    "properties" : {
      "id" : "",
      "label" : "",
      "transformation" : ""
    },
    "stencil" : {
      "id" : "Arc"
    },
    "outgoing" : [ {
      "resourceId" : "sid-CB263F47-6760-445B-BDB9-FCAFD97A28E4"
    } ],
    "formats" : {
    },
    "glossaryLinks" : {
    }
  }, {
    "bounds" : {
      "lowerRight" : {
        "y" : 392.02448296563455,
        "x" : 196.90154348642386
      },
      "upperLeft" : {
        "y" : 337.35051703436545,
        "x" : 95.75470651357612
      }
    },
    "dockers" : [ {
      "y" : 20,
      "x" : 32.5
    }, {
      "y" : 15,
      "x" : 15
    } ],
    "resourceId" : "sid-43B347A0-4D63-4C9E-B072-64340D6B737B",
    "labels" : [ ],
    "layers" : [ ],
    "target" : {
      "resourceId" : "sid-B789D2DD-B91D-4831-9B2C-776F604777BB"
    },
    "childShapes" : [ ],
    "properties" : {
      "id" : "",
      "label" : "",
      "transformation" : ""
    },
    "stencil" : {
      "id" : "Arc"
    },
    "outgoing" : [ {
      "resourceId" : "sid-B789D2DD-B91D-4831-9B2C-776F604777BB"
    } ],
    "formats" : {
    },
    "glossaryLinks" : {
    }
  }, {
    "bounds" : {
      "lowerRight" : {
        "y" : 409.7399725306634,
        "x" : 384.668887369607
      },
      "upperLeft" : {
        "y" : 336.3537774693366,
        "x" : 224.37798763039302
      }
    },
    "dockers" : [ {
      "y" : 20,
      "x" : 32.5
    }, {
      "y" : 15,
      "x" : 15
    } ],
    "resourceId" : "sid-757167AF-A3B4-430F-AD4A-4241AE852876",
    "labels" : [ ],
    "layers" : [ ],
    "target" : {
      "resourceId" : "sid-B789D2DD-B91D-4831-9B2C-776F604777BB"
    },
    "childShapes" : [ ],
    "properties" : {
      "id" : "",
      "label" : "",
      "transformation" : ""
    },
    "stencil" : {
      "id" : "Arc"
    },
    "outgoing" : [ {
      "resourceId" : "sid-B789D2DD-B91D-4831-9B2C-776F604777BB"
    } ],
    "formats" : {
    },
    "glossaryLinks" : {
    }
  }, {
    "bounds" : {
      "lowerRight" : {
        "y" : 410,
        "x" : 190.203125
      },
      "upperLeft" : {
        "y" : 410,
        "x" : 160.71875
      }
    },
    "dockers" : [ {
      "y" : 20,
      "x" : 20
    }, {
      "y" : 15,
      "x" : 15
    } ],
    "resourceId" : "sid-96254C6E-F47D-4C5D-A041-EC66C3FFF5B6",
    "labels" : [ ],
    "layers" : [ ],
    "target" : {
      "resourceId" : "sid-B218D46E-AB1A-42F4-A4D0-0F2E8B2C0C1B"
    },
    "childShapes" : [ ],
    "properties" : {
      "id" : "",
      "label" : "",
      "transformation" : ""
    },
    "stencil" : {
      "id" : "Arc"
    },
    "outgoing" : [ {
      "resourceId" : "sid-B218D46E-AB1A-42F4-A4D0-0F2E8B2C0C1B"
    } ],
    "formats" : {
    },
    "glossaryLinks" : {
    }
  }, {
    "bounds" : {
      "lowerRight" : {
        "y" : 430,
        "x" : 230.5
      },
      "upperLeft" : {
        "y" : 390,
        "x" : 190.5
      }
    },
    "dockers" : [ ],
    "resourceId" : "sid-4BBC7761-093A-45A5-A192-B15BCAA5AC09",
    "labels" : [ ],
    "layers" : [ ],
    "childShapes" : [ ],
    "properties" : {
      "id" : "",
      "title" : "H",
      "communicationtype" : "Default",
      "communicationchannel" : "",
      "guard" : "",
      "oform" : "",
      "omodel" : "",
      "firetype" : "Automatic",
      "href" : ""
    },
    "stencil" : {
      "id" : "Transition"
    },
    "outgoing" : [ {
      "resourceId" : "sid-96254C6E-F47D-4C5D-A041-EC66C3FFF5B6"
    } ],
    "formats" : {
    },
    "glossaryLinks" : {
    }
  }, {
    "bounds" : {
      "lowerRight" : {
        "y" : 389.78125,
        "x" : 234.81656348566065
      },
      "upperLeft" : {
        "y" : 271.4181830890626,
        "x" : 62.5
      }
    },
    "dockers" : [ {
      "y" : 15,
      "x" : 15
    }, {
      "y" : 287,
      "x" : 62.5
    }, {
      "y" : 20,
      "x" : 32.5
    } ],
    "resourceId" : "sid-EA916434-B674-45D1-8814-240C65F3ECED",
    "labels" : [ ],
    "layers" : [ ],
    "target" : {
      "resourceId" : "sid-F512324D-5DFF-4911-8B40-05E937581774"
    },
    "childShapes" : [ ],
    "properties" : {
      "id" : "",
      "label" : "",
      "transformation" : ""
    },
    "stencil" : {
      "id" : "Arc"
    },
    "outgoing" : [ {
      "resourceId" : "sid-F512324D-5DFF-4911-8B40-05E937581774"
    } ],
    "formats" : {
    },
    "glossaryLinks" : {
    }
  }, {
    "bounds" : {
      "lowerRight" : {
        "y" : 389.40625,
        "x" : 234.81604997720117
      },
      "upperLeft" : {
        "y" : 272.3846941555133,
        "x" : 79.5
      }
    },
    "dockers" : [ {
      "y" : 15,
      "x" : 15
    }, {
      "y" : 296,
      "x" : 79.5
    }, {
      "y" : 20,
      "x" : 49.5
    } ],
    "resourceId" : "sid-B3ABEA85-56C8-4369-B65D-C37413D94292",
    "labels" : [ ],
    "layers" : [ ],
    "target" : {
      "resourceId" : "sid-F512324D-5DFF-4911-8B40-05E937581774"
    },
    "childShapes" : [ ],
    "properties" : {
      "id" : "",
      "label" : "",
      "transformation" : ""
    },
    "stencil" : {
      "id" : "Arc"
    },
    "outgoing" : [ {
      "resourceId" : "sid-F512324D-5DFF-4911-8B40-05E937581774"
    } ],
    "formats" : {
    },
    "glossaryLinks" : {
    }
  }, {
    "bounds" : {
      "lowerRight" : {
        "y" : 404.625,
        "x" : 440.5
      },
      "upperLeft" : {
        "y" : 270,
        "x" : 266.34375
      }
    },
    "dockers" : [ {
      "y" : 15,
      "x" : 15
    }, {
      "y" : 270,
      "x" : 440.5
    }, {
      "y" : 20,
      "x" : 55
    } ],
    "resourceId" : "sid-D434132F-FBE2-47E6-9D6F-D6A30BA2664E",
    "labels" : [ ],
    "layers" : [ ],
    "target" : {
      "resourceId" : "sid-9F3DDE89-F79D-4088-A135-97C986F0A60C"
    },
    "childShapes" : [ ],
    "properties" : {
      "id" : "",
      "label" : "",
      "transformation" : ""
    },
    "stencil" : {
      "id" : "Arc"
    },
    "outgoing" : [ {
      "resourceId" : "sid-9F3DDE89-F79D-4088-A135-97C986F0A60C"
    } ],
    "formats" : {
    },
    "glossaryLinks" : {
    }
  }, {
    "bounds" : {
      "lowerRight" : {
        "y" : 404.875,
        "x" : 423.5
      },
      "upperLeft" : {
        "y" : 271.00876817189913,
        "x" : 266.3651721580503
      }
    },
    "dockers" : [ {
      "y" : 15,
      "x" : 15
    }, {
      "y" : 281,
      "x" : 423.5
    }, {
      "y" : 20,
      "x" : 38
    } ],
    "resourceId" : "sid-FAD18A05-46C3-422F-9F2D-4BE94B40004F",
    "labels" : [ ],
    "layers" : [ ],
    "target" : {
      "resourceId" : "sid-9F3DDE89-F79D-4088-A135-97C986F0A60C"
    },
    "childShapes" : [ ],
    "properties" : {
      "id" : "",
      "label" : "",
      "transformation" : ""
    },
    "stencil" : {
      "id" : "Arc"
    },
    "outgoing" : [ {
      "resourceId" : "sid-9F3DDE89-F79D-4088-A135-97C986F0A60C"
    } ],
    "formats" : {
    },
    "glossaryLinks" : {
    }
  }, {
    "bounds" : {
      "lowerRight" : {
        "y" : 404.59375,
        "x" : 404.5
      },
      "upperLeft" : {
        "y" : 271.70347309924824,
        "x" : 265.93146219319016
      }
    },
    "dockers" : [ {
      "y" : 15,
      "x" : 15
    }, {
      "y" : 287,
      "x" : 404.5
    }, {
      "y" : 20,
      "x" : 19
    } ],
    "resourceId" : "sid-16BA9CFB-99D7-451F-9E00-3C5124B71C44",
    "labels" : [ ],
    "layers" : [ ],
    "target" : {
      "resourceId" : "sid-9F3DDE89-F79D-4088-A135-97C986F0A60C"
    },
    "childShapes" : [ ],
    "properties" : {
      "id" : "",
      "label" : "",
      "transformation" : ""
    },
    "stencil" : {
      "id" : "Arc"
    },
    "outgoing" : [ {
      "resourceId" : "sid-9F3DDE89-F79D-4088-A135-97C986F0A60C"
    } ],
    "formats" : {
    },
    "glossaryLinks" : {
    }
  } ],
  "properties" : {
    "author" : "",
    "title" : "",
    "engine" : "false",
    "modificationdate" : "10/07/07",
    "documentation" : "",
    "language" : "English",
    "creationdate" : "10/07/07",
    "version" : ""
  },
  "stencilset" : {
    "url" : "/stencilsets/petrinets/petrinet.json?version=4.3.2",
    "namespace" : "http://b3mn.org/stencilset/petrinet#"
  },
  "ssextensions" : [ ],
  "stencil" : {
    "id" : "Diagram"
  },
  "formats" : {
  }
}