{
  "revision" : {
    "creationDate" : null,
    "elementCounts" : {
      "total" : 61,
      "Place" : 14,
      "Arc" : 33,
      "Transition" : 13,
      "Diagram" : 1
    },
    "connectedness" : 100,
    "isLastRevision" : "false",
    "revisionNumber" : 2
  },
  "model" : {
    "modelingLanguage" : "petrinet",
    "numberOfRevisions" : 5,
    "naturalLanguage" : "de",
    "timestampModelCollection" : null,
    "directoryId" : "1384302831",
    "groupName" : "PetriNet",
    "modelDate" : "2012-08-30",
    "modelName" : "2092646551",
    "modelId" : "2092646551"
  }
}