{
  "bounds" : {
    "lowerRight" : {
      "y" : 1050,
      "x" : 1485
    },
    "upperLeft" : {
      "y" : 0,
      "x" : 0
    }
  },
  "resourceId" : "canvas",
  "childShapes" : [ {
    "bounds" : {
      "lowerRight" : {
        "y" : 300,
        "x" : 165
      },
      "upperLeft" : {
        "y" : 270,
        "x" : 135
      }
    },
    "dockers" : [ ],
    "resourceId" : "sid-3E143BD2-BE25-4366-B516-F45B359BBC3A",
    "labels" : [ ],
    "layers" : [ ],
    "childShapes" : [ ],
    "properties" : {
      "exttype" : "Push",
      "id" : "",
      "title" : "A",
      "external" : "false",
      "locatortypes" : "",
      "locatornames" : "",
      "numberoftokens_drawing" : "0",
      "numberoftokens_text" : "",
      "numberOfTokens" : "0",
      "locatorexpr" : "",
      "href" : ""
    },
    "stencil" : {
      "id" : "Place"
    },
    "outgoing" : [ {
      "resourceId" : "sid-CF8B0FD2-21C9-4126-A58A-8C17AD79EA4F"
    }, {
      "resourceId" : "sid-84066BDD-CBEA-4555-AF7A-23108E079C56"
    } ],
    "formats" : {
    },
    "glossaryLinks" : {
    }
  }, {
    "bounds" : {
      "lowerRight" : {
        "y" : 235,
        "x" : 260
      },
      "upperLeft" : {
        "y" : 195,
        "x" : 220
      }
    },
    "dockers" : [ ],
    "resourceId" : "sid-BC70CFCC-C3F3-466A-AD3C-6E72DB9B74C1",
    "labels" : [ ],
    "layers" : [ ],
    "childShapes" : [ ],
    "properties" : {
      "id" : "",
      "title" : "B",
      "communicationtype" : "Default",
      "communicationchannel" : "",
      "guard" : "",
      "oform" : "",
      "omodel" : "",
      "firetype" : "Automatic",
      "href" : ""
    },
    "stencil" : {
      "id" : "Transition"
    },
    "outgoing" : [ {
      "resourceId" : "sid-66CEF00F-9B4C-4AD3-B601-D77C847E2313"
    } ],
    "formats" : {
    },
    "glossaryLinks" : {
    }
  }, {
    "bounds" : {
      "lowerRight" : {
        "y" : 370,
        "x" : 260
      },
      "upperLeft" : {
        "y" : 330,
        "x" : 220
      }
    },
    "dockers" : [ ],
    "resourceId" : "sid-99B726FC-8BC8-44F7-8DC1-A4081116389C",
    "labels" : [ ],
    "layers" : [ ],
    "childShapes" : [ ],
    "properties" : {
      "id" : "",
      "title" : "C",
      "communicationtype" : "Default",
      "communicationchannel" : "",
      "guard" : "",
      "oform" : "",
      "omodel" : "",
      "firetype" : "Automatic",
      "href" : ""
    },
    "stencil" : {
      "id" : "Transition"
    },
    "outgoing" : [ {
      "resourceId" : "sid-26C3FF73-0046-4C90-BFC1-26D11C78464A"
    } ],
    "formats" : {
    },
    "glossaryLinks" : {
    }
  }, {
    "bounds" : {
      "lowerRight" : {
        "y" : 365,
        "x" : 350
      },
      "upperLeft" : {
        "y" : 335,
        "x" : 320
      }
    },
    "dockers" : [ ],
    "resourceId" : "sid-D1D29789-F5E5-4C96-8814-095501D73C66",
    "labels" : [ ],
    "layers" : [ ],
    "childShapes" : [ ],
    "properties" : {
      "exttype" : "Push",
      "id" : "",
      "title" : "D",
      "external" : "false",
      "locatortypes" : "",
      "locatornames" : "",
      "numberoftokens_drawing" : "0",
      "numberoftokens_text" : "",
      "numberOfTokens" : "0",
      "locatorexpr" : "",
      "href" : ""
    },
    "stencil" : {
      "id" : "Place"
    },
    "outgoing" : [ {
      "resourceId" : "sid-39B4E088-29AF-4ED9-B086-F3B1B5B82EA2"
    } ],
    "formats" : {
    },
    "glossaryLinks" : {
    }
  }, {
    "bounds" : {
      "lowerRight" : {
        "y" : 350,
        "x" : 319.15625
      },
      "upperLeft" : {
        "y" : 350,
        "x" : 260.296875
      }
    },
    "dockers" : [ {
      "y" : 20,
      "x" : 20
    }, {
      "y" : 15,
      "x" : 15
    } ],
    "resourceId" : "sid-26C3FF73-0046-4C90-BFC1-26D11C78464A",
    "labels" : [ ],
    "layers" : [ ],
    "target" : {
      "resourceId" : "sid-D1D29789-F5E5-4C96-8814-095501D73C66"
    },
    "childShapes" : [ ],
    "properties" : {
      "id" : "",
      "label" : "",
      "transformation" : ""
    },
    "stencil" : {
      "id" : "Arc"
    },
    "outgoing" : [ {
      "resourceId" : "sid-D1D29789-F5E5-4C96-8814-095501D73C66"
    } ],
    "formats" : {
    },
    "glossaryLinks" : {
    }
  }, {
    "bounds" : {
      "lowerRight" : {
        "y" : 370,
        "x" : 445
      },
      "upperLeft" : {
        "y" : 330,
        "x" : 405
      }
    },
    "dockers" : [ ],
    "resourceId" : "sid-125CC627-2D9E-47A4-A8BC-EA72EB6B14DD",
    "labels" : [ ],
    "layers" : [ ],
    "childShapes" : [ ],
    "properties" : {
      "id" : "",
      "title" : "E",
      "communicationtype" : "Default",
      "communicationchannel" : "",
      "guard" : "",
      "oform" : "",
      "omodel" : "",
      "firetype" : "Automatic",
      "href" : ""
    },
    "stencil" : {
      "id" : "Transition"
    },
    "outgoing" : [ {
      "resourceId" : "sid-4BC07056-2398-4C7E-A112-4F5D9298AF5B"
    }, {
      "resourceId" : "sid-14EE78EF-0784-4B7D-8B55-E73EB6C75D2E"
    } ],
    "formats" : {
    },
    "glossaryLinks" : {
    }
  }, {
    "bounds" : {
      "lowerRight" : {
        "y" : 350,
        "x" : 404.3125
      },
      "upperLeft" : {
        "y" : 350,
        "x" : 350.0625
      }
    },
    "dockers" : [ {
      "y" : 15,
      "x" : 15
    }, {
      "y" : 20,
      "x" : 20
    } ],
    "resourceId" : "sid-39B4E088-29AF-4ED9-B086-F3B1B5B82EA2",
    "labels" : [ ],
    "layers" : [ ],
    "target" : {
      "resourceId" : "sid-125CC627-2D9E-47A4-A8BC-EA72EB6B14DD"
    },
    "childShapes" : [ ],
    "properties" : {
      "id" : "",
      "label" : "",
      "transformation" : ""
    },
    "stencil" : {
      "id" : "Arc"
    },
    "outgoing" : [ {
      "resourceId" : "sid-125CC627-2D9E-47A4-A8BC-EA72EB6B14DD"
    } ],
    "formats" : {
    },
    "glossaryLinks" : {
    }
  }, {
    "bounds" : {
      "lowerRight" : {
        "y" : 365,
        "x" : 540
      },
      "upperLeft" : {
        "y" : 335,
        "x" : 510
      }
    },
    "dockers" : [ ],
    "resourceId" : "sid-BEE5BD86-F499-4F2E-8E67-D877313DAA4B",
    "labels" : [ ],
    "layers" : [ ],
    "childShapes" : [ ],
    "properties" : {
      "exttype" : "Push",
      "id" : "",
      "title" : "F",
      "external" : "false",
      "locatortypes" : "",
      "locatornames" : "",
      "numberoftokens_drawing" : "0",
      "numberoftokens_text" : "",
      "numberOfTokens" : "0",
      "locatorexpr" : "",
      "href" : ""
    },
    "stencil" : {
      "id" : "Place"
    },
    "outgoing" : [ {
      "resourceId" : "sid-0810EC7C-7EF5-4F2B-A383-13FA3182F6EA"
    } ],
    "formats" : {
    },
    "glossaryLinks" : {
    }
  }, {
    "bounds" : {
      "lowerRight" : {
        "y" : 350,
        "x" : 509.9375
      },
      "upperLeft" : {
        "y" : 350,
        "x" : 445.53125
      }
    },
    "dockers" : [ {
      "y" : 20,
      "x" : 20
    }, {
      "y" : 15,
      "x" : 15
    } ],
    "resourceId" : "sid-4BC07056-2398-4C7E-A112-4F5D9298AF5B",
    "labels" : [ ],
    "layers" : [ ],
    "target" : {
      "resourceId" : "sid-BEE5BD86-F499-4F2E-8E67-D877313DAA4B"
    },
    "childShapes" : [ ],
    "properties" : {
      "id" : "",
      "label" : "",
      "transformation" : ""
    },
    "stencil" : {
      "id" : "Arc"
    },
    "outgoing" : [ {
      "resourceId" : "sid-BEE5BD86-F499-4F2E-8E67-D877313DAA4B"
    } ],
    "formats" : {
    },
    "glossaryLinks" : {
    }
  }, {
    "bounds" : {
      "lowerRight" : {
        "y" : 450,
        "x" : 540
      },
      "upperLeft" : {
        "y" : 420,
        "x" : 510
      }
    },
    "dockers" : [ ],
    "resourceId" : "sid-4A528AFD-7BA6-4595-98D9-B4BE9A922805",
    "labels" : [ ],
    "layers" : [ ],
    "childShapes" : [ ],
    "properties" : {
      "exttype" : "Push",
      "id" : "",
      "title" : "G",
      "external" : "false",
      "locatortypes" : "",
      "locatornames" : "",
      "numberoftokens_drawing" : "0",
      "numberoftokens_text" : "",
      "numberOfTokens" : "0",
      "locatorexpr" : "",
      "href" : ""
    },
    "stencil" : {
      "id" : "Place"
    },
    "outgoing" : [ {
      "resourceId" : "sid-425BDC8A-5539-47A3-9A5E-8A30EB43748A"
    } ],
    "formats" : {
    },
    "glossaryLinks" : {
    }
  }, {
    "bounds" : {
      "lowerRight" : {
        "y" : 370,
        "x" : 640
      },
      "upperLeft" : {
        "y" : 330,
        "x" : 600
      }
    },
    "dockers" : [ ],
    "resourceId" : "sid-DEBBB56E-988A-4D48-8130-D00110BC0428",
    "labels" : [ ],
    "layers" : [ ],
    "childShapes" : [ ],
    "properties" : {
      "id" : "",
      "title" : "H",
      "communicationtype" : "Default",
      "communicationchannel" : "",
      "guard" : "",
      "oform" : "",
      "omodel" : "",
      "firetype" : "Automatic",
      "href" : ""
    },
    "stencil" : {
      "id" : "Transition"
    },
    "outgoing" : [ {
      "resourceId" : "sid-0D311526-99A3-4BD5-8AEC-9E2ED67CD999"
    } ],
    "formats" : {
    },
    "glossaryLinks" : {
    }
  }, {
    "bounds" : {
      "lowerRight" : {
        "y" : 350,
        "x" : 599.703125
      },
      "upperLeft" : {
        "y" : 350,
        "x" : 540.84375
      }
    },
    "dockers" : [ {
      "y" : 15,
      "x" : 15
    }, {
      "y" : 20,
      "x" : 20
    } ],
    "resourceId" : "sid-0810EC7C-7EF5-4F2B-A383-13FA3182F6EA",
    "labels" : [ ],
    "layers" : [ ],
    "target" : {
      "resourceId" : "sid-DEBBB56E-988A-4D48-8130-D00110BC0428"
    },
    "childShapes" : [ ],
    "properties" : {
      "id" : "",
      "label" : "",
      "transformation" : ""
    },
    "stencil" : {
      "id" : "Arc"
    },
    "outgoing" : [ {
      "resourceId" : "sid-DEBBB56E-988A-4D48-8130-D00110BC0428"
    } ],
    "formats" : {
    },
    "glossaryLinks" : {
    }
  }, {
    "bounds" : {
      "lowerRight" : {
        "y" : 230,
        "x" : 735
      },
      "upperLeft" : {
        "y" : 200,
        "x" : 705
      }
    },
    "dockers" : [ ],
    "resourceId" : "sid-45928DF6-B80F-492E-B3B6-4A54F019ED73",
    "labels" : [ ],
    "layers" : [ ],
    "childShapes" : [ ],
    "properties" : {
      "exttype" : "Push",
      "id" : "",
      "title" : "I",
      "external" : "false",
      "locatortypes" : "",
      "locatornames" : "",
      "numberoftokens_drawing" : "0",
      "numberoftokens_text" : "",
      "numberOfTokens" : "0",
      "locatorexpr" : "",
      "href" : ""
    },
    "stencil" : {
      "id" : "Place"
    },
    "outgoing" : [ {
      "resourceId" : "sid-A2115031-42EB-4E1A-A69A-BC5AB27962B0"
    } ],
    "formats" : {
    },
    "glossaryLinks" : {
    }
  }, {
    "bounds" : {
      "lowerRight" : {
        "y" : 329.6847240566552,
        "x" : 710.8110224493743
      },
      "upperLeft" : {
        "y" : 227.40511969334474,
        "x" : 635.0483525506257
      }
    },
    "dockers" : [ {
      "y" : 20,
      "x" : 20
    }, {
      "y" : 15,
      "x" : 15
    } ],
    "resourceId" : "sid-0D311526-99A3-4BD5-8AEC-9E2ED67CD999",
    "labels" : [ ],
    "layers" : [ ],
    "target" : {
      "resourceId" : "sid-45928DF6-B80F-492E-B3B6-4A54F019ED73"
    },
    "childShapes" : [ ],
    "properties" : {
      "id" : "",
      "label" : "",
      "transformation" : ""
    },
    "stencil" : {
      "id" : "Arc"
    },
    "outgoing" : [ {
      "resourceId" : "sid-45928DF6-B80F-492E-B3B6-4A54F019ED73"
    } ],
    "formats" : {
    },
    "glossaryLinks" : {
    }
  }, {
    "bounds" : {
      "lowerRight" : {
        "y" : 455,
        "x" : 640
      },
      "upperLeft" : {
        "y" : 415,
        "x" : 600
      }
    },
    "dockers" : [ ],
    "resourceId" : "sid-250C6736-C012-4776-9BF1-08B7B8B5D734",
    "labels" : [ ],
    "layers" : [ ],
    "childShapes" : [ ],
    "properties" : {
      "id" : "",
      "title" : "J",
      "communicationtype" : "Default",
      "communicationchannel" : "",
      "guard" : "",
      "oform" : "",
      "omodel" : "",
      "firetype" : "Automatic",
      "href" : ""
    },
    "stencil" : {
      "id" : "Transition"
    },
    "outgoing" : [ {
      "resourceId" : "sid-FDA72EB3-1864-4B22-AF9F-591FCA6F2BDC"
    } ],
    "formats" : {
    },
    "glossaryLinks" : {
    }
  }, {
    "bounds" : {
      "lowerRight" : {
        "y" : 435,
        "x" : 599.703125
      },
      "upperLeft" : {
        "y" : 435,
        "x" : 540.84375
      }
    },
    "dockers" : [ {
      "y" : 15,
      "x" : 15
    }, {
      "y" : 20,
      "x" : 20
    } ],
    "resourceId" : "sid-425BDC8A-5539-47A3-9A5E-8A30EB43748A",
    "labels" : [ ],
    "layers" : [ ],
    "target" : {
      "resourceId" : "sid-250C6736-C012-4776-9BF1-08B7B8B5D734"
    },
    "childShapes" : [ ],
    "properties" : {
      "id" : "",
      "label" : "",
      "transformation" : ""
    },
    "stencil" : {
      "id" : "Arc"
    },
    "outgoing" : [ {
      "resourceId" : "sid-250C6736-C012-4776-9BF1-08B7B8B5D734"
    } ],
    "formats" : {
    },
    "glossaryLinks" : {
    }
  }, {
    "bounds" : {
      "lowerRight" : {
        "y" : 450,
        "x" : 735
      },
      "upperLeft" : {
        "y" : 420,
        "x" : 705
      }
    },
    "dockers" : [ ],
    "resourceId" : "sid-2CC449A7-6FC6-486C-8412-D3C2D69B1685",
    "labels" : [ ],
    "layers" : [ ],
    "childShapes" : [ ],
    "properties" : {
      "exttype" : "Push",
      "id" : "",
      "title" : "K",
      "external" : "false",
      "locatortypes" : "",
      "locatornames" : "",
      "numberoftokens_drawing" : "0",
      "numberoftokens_text" : "",
      "numberOfTokens" : "0",
      "locatorexpr" : "",
      "href" : ""
    },
    "stencil" : {
      "id" : "Place"
    },
    "outgoing" : [ {
      "resourceId" : "sid-02012833-F5E1-4E31-8B55-F88C4697A4C8"
    } ],
    "formats" : {
    },
    "glossaryLinks" : {
    }
  }, {
    "bounds" : {
      "lowerRight" : {
        "y" : 435,
        "x" : 704.9375
      },
      "upperLeft" : {
        "y" : 435,
        "x" : 640.53125
      }
    },
    "dockers" : [ {
      "y" : 20,
      "x" : 20
    }, {
      "y" : 15,
      "x" : 15
    } ],
    "resourceId" : "sid-FDA72EB3-1864-4B22-AF9F-591FCA6F2BDC",
    "labels" : [ ],
    "layers" : [ ],
    "target" : {
      "resourceId" : "sid-2CC449A7-6FC6-486C-8412-D3C2D69B1685"
    },
    "childShapes" : [ ],
    "properties" : {
      "id" : "",
      "label" : "",
      "transformation" : ""
    },
    "stencil" : {
      "id" : "Arc"
    },
    "outgoing" : [ {
      "resourceId" : "sid-2CC449A7-6FC6-486C-8412-D3C2D69B1685"
    } ],
    "formats" : {
    },
    "glossaryLinks" : {
    }
  }, {
    "bounds" : {
      "lowerRight" : {
        "y" : 230,
        "x" : 350
      },
      "upperLeft" : {
        "y" : 200,
        "x" : 320
      }
    },
    "dockers" : [ ],
    "resourceId" : "sid-563D22C1-F9C5-46EC-80A2-609A29496EA8",
    "labels" : [ ],
    "layers" : [ ],
    "childShapes" : [ ],
    "properties" : {
      "exttype" : "Push",
      "id" : "",
      "title" : "L",
      "external" : "false",
      "locatortypes" : "",
      "locatornames" : "",
      "numberoftokens_drawing" : "0",
      "numberoftokens_text" : "",
      "numberOfTokens" : "0",
      "locatorexpr" : "",
      "href" : ""
    },
    "stencil" : {
      "id" : "Place"
    },
    "outgoing" : [ {
      "resourceId" : "sid-78C7DDC5-BD43-4435-8AC0-04E51C2587CF"
    } ],
    "formats" : {
    },
    "glossaryLinks" : {
    }
  }, {
    "bounds" : {
      "lowerRight" : {
        "y" : 215,
        "x" : 319.15625
      },
      "upperLeft" : {
        "y" : 215,
        "x" : 260.296875
      }
    },
    "dockers" : [ {
      "y" : 20,
      "x" : 20
    }, {
      "y" : 15,
      "x" : 15
    } ],
    "resourceId" : "sid-66CEF00F-9B4C-4AD3-B601-D77C847E2313",
    "labels" : [ ],
    "layers" : [ ],
    "target" : {
      "resourceId" : "sid-563D22C1-F9C5-46EC-80A2-609A29496EA8"
    },
    "childShapes" : [ ],
    "properties" : {
      "id" : "",
      "label" : "",
      "transformation" : ""
    },
    "stencil" : {
      "id" : "Arc"
    },
    "outgoing" : [ {
      "resourceId" : "sid-563D22C1-F9C5-46EC-80A2-609A29496EA8"
    } ],
    "formats" : {
    },
    "glossaryLinks" : {
    }
  }, {
    "bounds" : {
      "lowerRight" : {
        "y" : 235,
        "x" : 445
      },
      "upperLeft" : {
        "y" : 195,
        "x" : 405
      }
    },
    "dockers" : [ ],
    "resourceId" : "sid-F55F12A0-A30F-47D3-8142-FCEE48655F92",
    "labels" : [ ],
    "layers" : [ ],
    "childShapes" : [ ],
    "properties" : {
      "id" : "",
      "title" : "M",
      "communicationtype" : "Default",
      "communicationchannel" : "",
      "guard" : "",
      "oform" : "",
      "omodel" : "",
      "firetype" : "Automatic",
      "href" : ""
    },
    "stencil" : {
      "id" : "Transition"
    },
    "outgoing" : [ {
      "resourceId" : "sid-35C60927-2AA3-492B-8835-2161FDB7162A"
    } ],
    "formats" : {
    },
    "glossaryLinks" : {
    }
  }, {
    "bounds" : {
      "lowerRight" : {
        "y" : 215,
        "x" : 404.3125
      },
      "upperLeft" : {
        "y" : 215,
        "x" : 350.0625
      }
    },
    "dockers" : [ {
      "y" : 15,
      "x" : 15
    }, {
      "y" : 20,
      "x" : 20
    } ],
    "resourceId" : "sid-78C7DDC5-BD43-4435-8AC0-04E51C2587CF",
    "labels" : [ ],
    "layers" : [ ],
    "target" : {
      "resourceId" : "sid-F55F12A0-A30F-47D3-8142-FCEE48655F92"
    },
    "childShapes" : [ ],
    "properties" : {
      "id" : "",
      "label" : "",
      "transformation" : ""
    },
    "stencil" : {
      "id" : "Arc"
    },
    "outgoing" : [ {
      "resourceId" : "sid-F55F12A0-A30F-47D3-8142-FCEE48655F92"
    } ],
    "formats" : {
    },
    "glossaryLinks" : {
    }
  }, {
    "bounds" : {
      "lowerRight" : {
        "y" : 230,
        "x" : 550
      },
      "upperLeft" : {
        "y" : 200,
        "x" : 520
      }
    },
    "dockers" : [ ],
    "resourceId" : "sid-7C6CD08F-96A5-4A5D-AF37-91728E32C490",
    "labels" : [ ],
    "layers" : [ ],
    "childShapes" : [ ],
    "properties" : {
      "exttype" : "Push",
      "id" : "",
      "title" : "N",
      "external" : "false",
      "locatortypes" : "",
      "locatornames" : "",
      "numberoftokens_drawing" : "0",
      "numberoftokens_text" : "",
      "numberOfTokens" : "0",
      "locatorexpr" : "",
      "href" : ""
    },
    "stencil" : {
      "id" : "Place"
    },
    "outgoing" : [ {
      "resourceId" : "sid-C8CF58E3-FDBE-4F71-A3F5-0085C090F91D"
    }, {
      "resourceId" : "sid-310CF900-5696-40E9-85A4-285429D89962"
    } ],
    "formats" : {
    },
    "glossaryLinks" : {
    }
  }, {
    "bounds" : {
      "lowerRight" : {
        "y" : 215,
        "x" : 519.390625
      },
      "upperLeft" : {
        "y" : 215,
        "x" : 445.765625
      }
    },
    "dockers" : [ {
      "y" : 20,
      "x" : 20
    }, {
      "y" : 15,
      "x" : 15
    } ],
    "resourceId" : "sid-35C60927-2AA3-492B-8835-2161FDB7162A",
    "labels" : [ ],
    "layers" : [ ],
    "target" : {
      "resourceId" : "sid-7C6CD08F-96A5-4A5D-AF37-91728E32C490"
    },
    "childShapes" : [ ],
    "properties" : {
      "id" : "",
      "label" : "",
      "transformation" : ""
    },
    "stencil" : {
      "id" : "Arc"
    },
    "outgoing" : [ {
      "resourceId" : "sid-7C6CD08F-96A5-4A5D-AF37-91728E32C490"
    } ],
    "formats" : {
    },
    "glossaryLinks" : {
    }
  }, {
    "bounds" : {
      "lowerRight" : {
        "y" : 175,
        "x" : 445
      },
      "upperLeft" : {
        "y" : 135,
        "x" : 405
      }
    },
    "dockers" : [ ],
    "resourceId" : "sid-D3853051-2389-4974-BA69-CD3F5C69C7B8",
    "labels" : [ ],
    "layers" : [ ],
    "childShapes" : [ ],
    "properties" : {
      "id" : "",
      "title" : "O",
      "communicationtype" : "Default",
      "communicationchannel" : "",
      "guard" : "",
      "oform" : "",
      "omodel" : "",
      "firetype" : "Automatic",
      "href" : ""
    },
    "stencil" : {
      "id" : "Transition"
    },
    "outgoing" : [ {
      "resourceId" : "sid-43AA6847-0241-4190-8EAB-F7DDF2C86A23"
    } ],
    "formats" : {
    },
    "glossaryLinks" : {
    }
  }, {
    "bounds" : {
      "lowerRight" : {
        "y" : 235,
        "x" : 640
      },
      "upperLeft" : {
        "y" : 195,
        "x" : 600
      }
    },
    "dockers" : [ ],
    "resourceId" : "sid-048140A0-E6DD-4DF5-A16F-101F83598F4C",
    "labels" : [ ],
    "layers" : [ ],
    "childShapes" : [ ],
    "properties" : {
      "id" : "",
      "title" : "P",
      "communicationtype" : "Default",
      "communicationchannel" : "",
      "guard" : "",
      "oform" : "",
      "omodel" : "",
      "firetype" : "Automatic",
      "href" : ""
    },
    "stencil" : {
      "id" : "Transition"
    },
    "outgoing" : [ {
      "resourceId" : "sid-25882531-36E1-4765-A056-5FD0F0FE8651"
    }, {
      "resourceId" : "sid-88BEF017-FFB6-48A8-85CF-70FC91F5D524"
    } ],
    "formats" : {
    },
    "glossaryLinks" : {
    }
  }, {
    "bounds" : {
      "lowerRight" : {
        "y" : 215,
        "x" : 599.078125
      },
      "upperLeft" : {
        "y" : 215,
        "x" : 550.609375
      }
    },
    "dockers" : [ {
      "y" : 15,
      "x" : 15
    }, {
      "y" : 20,
      "x" : 20
    } ],
    "resourceId" : "sid-310CF900-5696-40E9-85A4-285429D89962",
    "labels" : [ ],
    "layers" : [ ],
    "target" : {
      "resourceId" : "sid-048140A0-E6DD-4DF5-A16F-101F83598F4C"
    },
    "childShapes" : [ ],
    "properties" : {
      "id" : "",
      "label" : "",
      "transformation" : ""
    },
    "stencil" : {
      "id" : "Arc"
    },
    "outgoing" : [ {
      "resourceId" : "sid-048140A0-E6DD-4DF5-A16F-101F83598F4C"
    } ],
    "formats" : {
    },
    "glossaryLinks" : {
    }
  }, {
    "bounds" : {
      "lowerRight" : {
        "y" : 421.1990085225374,
        "x" : 713.7268220556988
      },
      "upperLeft" : {
        "y" : 235.67599147746262,
        "x" : 629.3981779443012
      }
    },
    "dockers" : [ {
      "y" : 20,
      "x" : 20
    }, {
      "y" : 15,
      "x" : 15
    } ],
    "resourceId" : "sid-25882531-36E1-4765-A056-5FD0F0FE8651",
    "labels" : [ ],
    "layers" : [ ],
    "target" : {
      "resourceId" : "sid-2CC449A7-6FC6-486C-8412-D3C2D69B1685"
    },
    "childShapes" : [ ],
    "properties" : {
      "id" : "",
      "label" : "",
      "transformation" : ""
    },
    "stencil" : {
      "id" : "Arc"
    },
    "outgoing" : [ {
      "resourceId" : "sid-2CC449A7-6FC6-486C-8412-D3C2D69B1685"
    } ],
    "formats" : {
    },
    "glossaryLinks" : {
    }
  }, {
    "bounds" : {
      "lowerRight" : {
        "y" : 215,
        "x" : 704.9375
      },
      "upperLeft" : {
        "y" : 215,
        "x" : 640.53125
      }
    },
    "dockers" : [ {
      "y" : 20,
      "x" : 20
    }, {
      "y" : 15,
      "x" : 15
    } ],
    "resourceId" : "sid-88BEF017-FFB6-48A8-85CF-70FC91F5D524",
    "labels" : [ ],
    "layers" : [ ],
    "target" : {
      "resourceId" : "sid-45928DF6-B80F-492E-B3B6-4A54F019ED73"
    },
    "childShapes" : [ ],
    "properties" : {
      "id" : "",
      "label" : "",
      "transformation" : ""
    },
    "stencil" : {
      "id" : "Arc"
    },
    "outgoing" : [ {
      "resourceId" : "sid-45928DF6-B80F-492E-B3B6-4A54F019ED73"
    } ],
    "formats" : {
    },
    "glossaryLinks" : {
    }
  }, {
    "bounds" : {
      "lowerRight" : {
        "y" : 235,
        "x" : 835
      },
      "upperLeft" : {
        "y" : 195,
        "x" : 795
      }
    },
    "dockers" : [ ],
    "resourceId" : "sid-DBFD06B6-E306-4A75-83A1-61CD5545392C",
    "labels" : [ ],
    "layers" : [ ],
    "childShapes" : [ ],
    "properties" : {
      "id" : "",
      "title" : "Q",
      "communicationtype" : "Default",
      "communicationchannel" : "",
      "guard" : "",
      "oform" : "",
      "omodel" : "",
      "firetype" : "Automatic",
      "href" : ""
    },
    "stencil" : {
      "id" : "Transition"
    },
    "outgoing" : [ {
      "resourceId" : "sid-4C4FC7FC-8418-4FC4-81E8-C2476D7F56EB"
    } ],
    "formats" : {
    },
    "glossaryLinks" : {
    }
  }, {
    "bounds" : {
      "lowerRight" : {
        "y" : 215,
        "x" : 794.703125
      },
      "upperLeft" : {
        "y" : 215,
        "x" : 735.84375
      }
    },
    "dockers" : [ {
      "y" : 15,
      "x" : 15
    }, {
      "y" : 20,
      "x" : 20
    } ],
    "resourceId" : "sid-A2115031-42EB-4E1A-A69A-BC5AB27962B0",
    "labels" : [ ],
    "layers" : [ ],
    "target" : {
      "resourceId" : "sid-DBFD06B6-E306-4A75-83A1-61CD5545392C"
    },
    "childShapes" : [ ],
    "properties" : {
      "id" : "",
      "label" : "",
      "transformation" : ""
    },
    "stencil" : {
      "id" : "Arc"
    },
    "outgoing" : [ {
      "resourceId" : "sid-DBFD06B6-E306-4A75-83A1-61CD5545392C"
    } ],
    "formats" : {
    },
    "glossaryLinks" : {
    }
  }, {
    "bounds" : {
      "lowerRight" : {
        "y" : 455,
        "x" : 835
      },
      "upperLeft" : {
        "y" : 415,
        "x" : 795
      }
    },
    "dockers" : [ ],
    "resourceId" : "sid-ECAD959F-85BF-47FE-9CEF-F4380572810E",
    "labels" : [ ],
    "layers" : [ ],
    "childShapes" : [ ],
    "properties" : {
      "id" : "",
      "title" : "R",
      "communicationtype" : "Default",
      "communicationchannel" : "",
      "guard" : "",
      "oform" : "",
      "omodel" : "",
      "firetype" : "Automatic",
      "href" : ""
    },
    "stencil" : {
      "id" : "Transition"
    },
    "outgoing" : [ {
      "resourceId" : "sid-E3C15F86-88FA-4957-9752-29A2810F068D"
    } ],
    "formats" : {
    },
    "glossaryLinks" : {
    }
  }, {
    "bounds" : {
      "lowerRight" : {
        "y" : 435,
        "x" : 794.703125
      },
      "upperLeft" : {
        "y" : 435,
        "x" : 735.84375
      }
    },
    "dockers" : [ {
      "y" : 15,
      "x" : 15
    }, {
      "y" : 20,
      "x" : 20
    } ],
    "resourceId" : "sid-02012833-F5E1-4E31-8B55-F88C4697A4C8",
    "labels" : [ ],
    "layers" : [ ],
    "target" : {
      "resourceId" : "sid-ECAD959F-85BF-47FE-9CEF-F4380572810E"
    },
    "childShapes" : [ ],
    "properties" : {
      "id" : "",
      "label" : "",
      "transformation" : ""
    },
    "stencil" : {
      "id" : "Arc"
    },
    "outgoing" : [ {
      "resourceId" : "sid-ECAD959F-85BF-47FE-9CEF-F4380572810E"
    } ],
    "formats" : {
    },
    "glossaryLinks" : {
    }
  }, {
    "bounds" : {
      "lowerRight" : {
        "y" : 230,
        "x" : 930
      },
      "upperLeft" : {
        "y" : 200,
        "x" : 900
      }
    },
    "dockers" : [ ],
    "resourceId" : "sid-5080FA2A-4FA2-4F71-9E4D-3BEBE402F8D1",
    "labels" : [ ],
    "layers" : [ ],
    "childShapes" : [ ],
    "properties" : {
      "exttype" : "Push",
      "id" : "",
      "title" : "S",
      "external" : "false",
      "locatortypes" : "",
      "locatornames" : "",
      "numberoftokens_drawing" : "0",
      "numberoftokens_text" : "",
      "numberOfTokens" : "0",
      "locatorexpr" : "",
      "href" : ""
    },
    "stencil" : {
      "id" : "Place"
    },
    "outgoing" : [ {
      "resourceId" : "sid-9FE0EB14-219E-4B12-817D-B37544035D29"
    } ],
    "formats" : {
    },
    "glossaryLinks" : {
    }
  }, {
    "bounds" : {
      "lowerRight" : {
        "y" : 215,
        "x" : 899.9375
      },
      "upperLeft" : {
        "y" : 215,
        "x" : 835.53125
      }
    },
    "dockers" : [ {
      "y" : 20,
      "x" : 20
    }, {
      "y" : 15,
      "x" : 15
    } ],
    "resourceId" : "sid-4C4FC7FC-8418-4FC4-81E8-C2476D7F56EB",
    "labels" : [ ],
    "layers" : [ ],
    "target" : {
      "resourceId" : "sid-5080FA2A-4FA2-4F71-9E4D-3BEBE402F8D1"
    },
    "childShapes" : [ ],
    "properties" : {
      "id" : "",
      "label" : "",
      "transformation" : ""
    },
    "stencil" : {
      "id" : "Arc"
    },
    "outgoing" : [ {
      "resourceId" : "sid-5080FA2A-4FA2-4F71-9E4D-3BEBE402F8D1"
    } ],
    "formats" : {
    },
    "glossaryLinks" : {
    }
  }, {
    "bounds" : {
      "lowerRight" : {
        "y" : 450,
        "x" : 930
      },
      "upperLeft" : {
        "y" : 420,
        "x" : 900
      }
    },
    "dockers" : [ ],
    "resourceId" : "sid-EE1F7A95-7997-41AF-8592-523F4EF8C89C",
    "labels" : [ ],
    "layers" : [ ],
    "childShapes" : [ ],
    "properties" : {
      "exttype" : "Push",
      "id" : "",
      "title" : "T",
      "external" : "false",
      "locatortypes" : "",
      "locatornames" : "",
      "numberoftokens_drawing" : "0",
      "numberoftokens_text" : "",
      "numberOfTokens" : "0",
      "locatorexpr" : "",
      "href" : ""
    },
    "stencil" : {
      "id" : "Place"
    },
    "outgoing" : [ {
      "resourceId" : "sid-26AAEB8F-B310-41FF-9CB4-CECDF9994CB8"
    } ],
    "formats" : {
    },
    "glossaryLinks" : {
    }
  }, {
    "bounds" : {
      "lowerRight" : {
        "y" : 435,
        "x" : 899.9375
      },
      "upperLeft" : {
        "y" : 435,
        "x" : 835.53125
      }
    },
    "dockers" : [ {
      "y" : 20,
      "x" : 20
    }, {
      "y" : 15,
      "x" : 15
    } ],
    "resourceId" : "sid-E3C15F86-88FA-4957-9752-29A2810F068D",
    "labels" : [ ],
    "layers" : [ ],
    "target" : {
      "resourceId" : "sid-EE1F7A95-7997-41AF-8592-523F4EF8C89C"
    },
    "childShapes" : [ ],
    "properties" : {
      "id" : "",
      "label" : "",
      "transformation" : ""
    },
    "stencil" : {
      "id" : "Arc"
    },
    "outgoing" : [ {
      "resourceId" : "sid-EE1F7A95-7997-41AF-8592-523F4EF8C89C"
    } ],
    "formats" : {
    },
    "glossaryLinks" : {
    }
  }, {
    "bounds" : {
      "lowerRight" : {
        "y" : 340,
        "x" : 1022
      },
      "upperLeft" : {
        "y" : 300,
        "x" : 968
      }
    },
    "dockers" : [ ],
    "resourceId" : "sid-54B5FAC8-C03D-4C60-B085-06AF3FCE9F0D",
    "labels" : [ ],
    "layers" : [ ],
    "childShapes" : [ ],
    "properties" : {
      "id" : "",
      "title" : "U",
      "communicationtype" : "Default",
      "communicationchannel" : "",
      "guard" : "",
      "oform" : "",
      "omodel" : "",
      "firetype" : "Automatic",
      "href" : ""
    },
    "stencil" : {
      "id" : "Transition"
    },
    "outgoing" : [ {
      "resourceId" : "sid-6C36C3DA-CCDE-4072-9736-228FF2509C90"
    }, {
      "resourceId" : "sid-4EA5C92A-F9D4-43C6-B2BA-5263CCA19903"
    } ],
    "formats" : {
    },
    "glossaryLinks" : {
    }
  }, {
    "bounds" : {
      "lowerRight" : {
        "y" : 335,
        "x" : 1360
      },
      "upperLeft" : {
        "y" : 305,
        "x" : 1330
      }
    },
    "dockers" : [ ],
    "resourceId" : "sid-4F59755C-3B19-418E-B0D0-FC51CD3DBC82",
    "labels" : [ ],
    "layers" : [ ],
    "childShapes" : [ ],
    "properties" : {
      "exttype" : "Push",
      "id" : "",
      "title" : "V",
      "external" : "false",
      "locatortypes" : "",
      "locatornames" : "",
      "numberoftokens_drawing" : "0",
      "numberoftokens_text" : "",
      "numberOfTokens" : "0",
      "locatorexpr" : "",
      "href" : ""
    },
    "stencil" : {
      "id" : "Place"
    },
    "outgoing" : [ ],
    "formats" : {
    },
    "glossaryLinks" : {
    }
  }, {
    "bounds" : {
      "lowerRight" : {
        "y" : 320,
        "x" : 1329.625
      },
      "upperLeft" : {
        "y" : 320,
        "x" : 1286
      }
    },
    "dockers" : [ {
      "y" : 20,
      "x" : 20
    }, {
      "y" : 15,
      "x" : 15
    } ],
    "resourceId" : "sid-CAB9782A-E515-45E8-ADAB-7192099BDCB6",
    "labels" : [ ],
    "layers" : [ ],
    "target" : {
      "resourceId" : "sid-4F59755C-3B19-418E-B0D0-FC51CD3DBC82"
    },
    "childShapes" : [ ],
    "properties" : {
      "id" : "",
      "label" : "",
      "transformation" : ""
    },
    "stencil" : {
      "id" : "Arc"
    },
    "outgoing" : [ {
      "resourceId" : "sid-4F59755C-3B19-418E-B0D0-FC51CD3DBC82"
    } ],
    "formats" : {
    },
    "glossaryLinks" : {
    }
  }, {
    "bounds" : {
      "lowerRight" : {
        "y" : 335,
        "x" : 1100
      },
      "upperLeft" : {
        "y" : 305,
        "x" : 1070
      }
    },
    "dockers" : [ ],
    "resourceId" : "sid-39664E30-46D7-4EB4-9911-502D573BCDE2",
    "labels" : [ ],
    "layers" : [ ],
    "childShapes" : [ ],
    "properties" : {
      "exttype" : "Push",
      "id" : "",
      "title" : "W",
      "external" : "false",
      "locatortypes" : "",
      "locatornames" : "",
      "numberoftokens_drawing" : "0",
      "numberoftokens_text" : "",
      "numberOfTokens" : "0",
      "locatorexpr" : "",
      "href" : ""
    },
    "stencil" : {
      "id" : "Place"
    },
    "outgoing" : [ {
      "resourceId" : "sid-785A0FA6-C714-4CE3-A397-8AE5F98ED1A6"
    } ],
    "formats" : {
    },
    "glossaryLinks" : {
    }
  }, {
    "bounds" : {
      "lowerRight" : {
        "y" : 340,
        "x" : 1285
      },
      "upperLeft" : {
        "y" : 300,
        "x" : 1245
      }
    },
    "dockers" : [ ],
    "resourceId" : "sid-4FC962E0-5ACF-448C-9AC6-C510EADC0A0D",
    "labels" : [ ],
    "layers" : [ ],
    "childShapes" : [ ],
    "properties" : {
      "id" : "",
      "title" : "X",
      "communicationtype" : "Default",
      "communicationchannel" : "",
      "guard" : "",
      "oform" : "",
      "omodel" : "",
      "firetype" : "Automatic",
      "href" : ""
    },
    "stencil" : {
      "id" : "Transition"
    },
    "outgoing" : [ {
      "resourceId" : "sid-CAB9782A-E515-45E8-ADAB-7192099BDCB6"
    } ],
    "formats" : {
    },
    "glossaryLinks" : {
    }
  }, {
    "bounds" : {
      "lowerRight" : {
        "y" : 230,
        "x" : 1010
      },
      "upperLeft" : {
        "y" : 200,
        "x" : 980
      }
    },
    "dockers" : [ ],
    "resourceId" : "sid-37FAF66F-3A37-47EE-9391-843DAF75C092",
    "labels" : [ ],
    "layers" : [ ],
    "childShapes" : [ ],
    "properties" : {
      "exttype" : "Push",
      "id" : "",
      "title" : "",
      "external" : "false",
      "locatortypes" : "",
      "locatornames" : "",
      "numberoftokens_drawing" : "0",
      "numberoftokens_text" : "",
      "numberOfTokens" : "0",
      "locatorexpr" : "",
      "href" : ""
    },
    "stencil" : {
      "id" : "Place"
    },
    "outgoing" : [ {
      "resourceId" : "sid-E1C5B7A1-0B2A-4633-BC00-5CAD14E8E6C9"
    }, {
      "resourceId" : "sid-B298B45B-7AEA-4FBA-8CC6-5ABC0FFB1425"
    } ],
    "formats" : {
    },
    "glossaryLinks" : {
    }
  }, {
    "bounds" : {
      "lowerRight" : {
        "y" : 235,
        "x" : 1105
      },
      "upperLeft" : {
        "y" : 195,
        "x" : 1065
      }
    },
    "dockers" : [ ],
    "resourceId" : "sid-6410C1F2-F90D-4F22-9414-C9BB697FCB1C",
    "labels" : [ ],
    "layers" : [ ],
    "childShapes" : [ ],
    "properties" : {
      "id" : "",
      "title" : "Y",
      "communicationtype" : "Default",
      "communicationchannel" : "",
      "guard" : "",
      "oform" : "",
      "omodel" : "",
      "firetype" : "Automatic",
      "href" : ""
    },
    "stencil" : {
      "id" : "Transition"
    },
    "outgoing" : [ {
      "resourceId" : "sid-BF0A3D76-F262-43AD-AA56-B26977D7E04A"
    }, {
      "resourceId" : "sid-D3B064AE-5CE0-442E-A451-3B54FD52E45E"
    } ],
    "formats" : {
    },
    "glossaryLinks" : {
    }
  }, {
    "bounds" : {
      "lowerRight" : {
        "y" : 304.234375,
        "x" : 1085
      },
      "upperLeft" : {
        "y" : 235.6875,
        "x" : 1085
      }
    },
    "dockers" : [ {
      "y" : 20,
      "x" : 20
    }, {
      "y" : 15,
      "x" : 15
    } ],
    "resourceId" : "sid-BF0A3D76-F262-43AD-AA56-B26977D7E04A",
    "labels" : [ ],
    "layers" : [ ],
    "target" : {
      "resourceId" : "sid-39664E30-46D7-4EB4-9911-502D573BCDE2"
    },
    "childShapes" : [ ],
    "properties" : {
      "id" : "",
      "label" : "",
      "transformation" : ""
    },
    "stencil" : {
      "id" : "Arc"
    },
    "outgoing" : [ {
      "resourceId" : "sid-39664E30-46D7-4EB4-9911-502D573BCDE2"
    } ],
    "formats" : {
    },
    "glossaryLinks" : {
    }
  }, {
    "bounds" : {
      "lowerRight" : {
        "y" : 299.3125,
        "x" : 995
      },
      "upperLeft" : {
        "y" : 230.765625,
        "x" : 995
      }
    },
    "dockers" : [ {
      "y" : 20,
      "x" : 27
    }, {
      "y" : 15,
      "x" : 15
    } ],
    "resourceId" : "sid-4EA5C92A-F9D4-43C6-B2BA-5263CCA19903",
    "labels" : [ ],
    "layers" : [ ],
    "target" : {
      "resourceId" : "sid-37FAF66F-3A37-47EE-9391-843DAF75C092"
    },
    "childShapes" : [ ],
    "properties" : {
      "id" : "",
      "label" : "",
      "transformation" : ""
    },
    "stencil" : {
      "id" : "Arc"
    },
    "outgoing" : [ {
      "resourceId" : "sid-37FAF66F-3A37-47EE-9391-843DAF75C092"
    } ],
    "formats" : {
    },
    "glossaryLinks" : {
    }
  }, {
    "bounds" : {
      "lowerRight" : {
        "y" : 230,
        "x" : 1180
      },
      "upperLeft" : {
        "y" : 200,
        "x" : 1150
      }
    },
    "dockers" : [ ],
    "resourceId" : "sid-1974957D-AA8E-4BF0-A3EA-AAC848083AEC",
    "labels" : [ ],
    "layers" : [ ],
    "childShapes" : [ ],
    "properties" : {
      "exttype" : "Push",
      "id" : "",
      "title" : "Z",
      "external" : "false",
      "locatortypes" : "",
      "locatornames" : "",
      "numberoftokens_drawing" : "0",
      "numberoftokens_text" : "",
      "numberOfTokens" : "0",
      "locatorexpr" : "",
      "href" : ""
    },
    "stencil" : {
      "id" : "Place"
    },
    "outgoing" : [ {
      "resourceId" : "sid-B5B7E035-BD8B-4AED-8964-2B120100C355"
    } ],
    "formats" : {
    },
    "glossaryLinks" : {
    }
  }, {
    "bounds" : {
      "lowerRight" : {
        "y" : 215,
        "x" : 1149.625
      },
      "upperLeft" : {
        "y" : 215,
        "x" : 1106
      }
    },
    "dockers" : [ {
      "y" : 15,
      "x" : 15
    }, {
      "y" : 20,
      "x" : 20
    } ],
    "resourceId" : "sid-B5B7E035-BD8B-4AED-8964-2B120100C355",
    "labels" : [ ],
    "layers" : [ ],
    "target" : {
      "resourceId" : "sid-6410C1F2-F90D-4F22-9414-C9BB697FCB1C"
    },
    "childShapes" : [ ],
    "properties" : {
      "id" : "",
      "label" : "",
      "transformation" : ""
    },
    "stencil" : {
      "id" : "Arc"
    },
    "outgoing" : [ {
      "resourceId" : "sid-6410C1F2-F90D-4F22-9414-C9BB697FCB1C"
    } ],
    "formats" : {
    },
    "glossaryLinks" : {
    }
  }, {
    "bounds" : {
      "lowerRight" : {
        "y" : 209.6582569369133,
        "x" : 1064.649253203294
      },
      "upperLeft" : {
        "y" : 199,
        "x" : 1009.6897934234885
      }
    },
    "dockers" : [ {
      "y" : 20,
      "x" : 20
    }, {
      "y" : 199,
      "x" : 1039
    }, {
      "y" : 15,
      "x" : 15
    } ],
    "resourceId" : "sid-D3B064AE-5CE0-442E-A451-3B54FD52E45E",
    "labels" : [ ],
    "layers" : [ ],
    "target" : {
      "resourceId" : "sid-37FAF66F-3A37-47EE-9391-843DAF75C092"
    },
    "childShapes" : [ ],
    "properties" : {
      "id" : "",
      "label" : "",
      "transformation" : ""
    },
    "stencil" : {
      "id" : "Arc"
    },
    "outgoing" : [ {
      "resourceId" : "sid-37FAF66F-3A37-47EE-9391-843DAF75C092"
    } ],
    "formats" : {
    },
    "glossaryLinks" : {
    }
  }, {
    "bounds" : {
      "lowerRight" : {
        "y" : 230,
        "x" : 1064.9535907887814
      },
      "upperLeft" : {
        "y" : 220.0168721563183,
        "x" : 1009.3817001814458
      }
    },
    "dockers" : [ {
      "y" : 15,
      "x" : 15
    }, {
      "y" : 230,
      "x" : 1038
    }, {
      "y" : 20,
      "x" : 20
    } ],
    "resourceId" : "sid-E1C5B7A1-0B2A-4633-BC00-5CAD14E8E6C9",
    "labels" : [ ],
    "layers" : [ ],
    "target" : {
      "resourceId" : "sid-6410C1F2-F90D-4F22-9414-C9BB697FCB1C"
    },
    "childShapes" : [ ],
    "properties" : {
      "id" : "",
      "label" : "",
      "transformation" : ""
    },
    "stencil" : {
      "id" : "Arc"
    },
    "outgoing" : [ {
      "resourceId" : "sid-6410C1F2-F90D-4F22-9414-C9BB697FCB1C"
    } ],
    "formats" : {
    },
    "glossaryLinks" : {
    }
  }, {
    "bounds" : {
      "lowerRight" : {
        "y" : 320,
        "x" : 1069.9375
      },
      "upperLeft" : {
        "y" : 320,
        "x" : 1022.71875
      }
    },
    "dockers" : [ {
      "y" : 20,
      "x" : 27
    }, {
      "y" : 15,
      "x" : 15
    } ],
    "resourceId" : "sid-6C36C3DA-CCDE-4072-9736-228FF2509C90",
    "labels" : [ ],
    "layers" : [ ],
    "target" : {
      "resourceId" : "sid-39664E30-46D7-4EB4-9911-502D573BCDE2"
    },
    "childShapes" : [ ],
    "properties" : {
      "id" : "",
      "label" : "",
      "transformation" : ""
    },
    "stencil" : {
      "id" : "Arc"
    },
    "outgoing" : [ {
      "resourceId" : "sid-39664E30-46D7-4EB4-9911-502D573BCDE2"
    } ],
    "formats" : {
    },
    "glossaryLinks" : {
    }
  }, {
    "bounds" : {
      "lowerRight" : {
        "y" : 299.3125,
        "x" : 1265
      },
      "upperLeft" : {
        "y" : 140,
        "x" : 995
      }
    },
    "dockers" : [ {
      "y" : 15,
      "x" : 15
    }, {
      "y" : 140,
      "x" : 995
    }, {
      "y" : 140,
      "x" : 1265
    }, {
      "y" : 20,
      "x" : 20
    } ],
    "resourceId" : "sid-B298B45B-7AEA-4FBA-8CC6-5ABC0FFB1425",
    "labels" : [ ],
    "layers" : [ ],
    "target" : {
      "resourceId" : "sid-4FC962E0-5ACF-448C-9AC6-C510EADC0A0D"
    },
    "childShapes" : [ ],
    "properties" : {
      "id" : "",
      "label" : "",
      "transformation" : ""
    },
    "stencil" : {
      "id" : "Arc"
    },
    "outgoing" : [ {
      "resourceId" : "sid-4FC962E0-5ACF-448C-9AC6-C510EADC0A0D"
    } ],
    "formats" : {
    },
    "glossaryLinks" : {
    }
  }, {
    "bounds" : {
      "lowerRight" : {
        "y" : 320,
        "x" : 1244.3125
      },
      "upperLeft" : {
        "y" : 320,
        "x" : 1100.0625
      }
    },
    "dockers" : [ {
      "y" : 15,
      "x" : 15
    }, {
      "y" : 20,
      "x" : 20
    } ],
    "resourceId" : "sid-785A0FA6-C714-4CE3-A397-8AE5F98ED1A6",
    "labels" : [ {
      "to" : 1,
      "ref" : "text",
      "orientation" : "ll",
      "distance" : 7,
      "align" : "left",
      "from" : 0,
      "valign" : "bottom",
      "y" : 320,
      "x" : 1194
    } ],
    "layers" : [ ],
    "target" : {
      "resourceId" : "sid-4FC962E0-5ACF-448C-9AC6-C510EADC0A0D"
    },
    "childShapes" : [ ],
    "properties" : {
      "id" : "",
      "label" : "",
      "transformation" : ""
    },
    "stencil" : {
      "id" : "Arc"
    },
    "outgoing" : [ {
      "resourceId" : "sid-4FC962E0-5ACF-448C-9AC6-C510EADC0A0D"
    } ],
    "formats" : {
    },
    "glossaryLinks" : {
    }
  }, {
    "bounds" : {
      "lowerRight" : {
        "y" : 199.9375,
        "x" : 404.3125
      },
      "upperLeft" : {
        "y" : 155,
        "x" : 335
      }
    },
    "dockers" : [ {
      "y" : 20,
      "x" : 20
    }, {
      "y" : 155,
      "x" : 335
    }, {
      "y" : 15,
      "x" : 15
    } ],
    "resourceId" : "sid-43AA6847-0241-4190-8EAB-F7DDF2C86A23",
    "labels" : [ ],
    "layers" : [ ],
    "target" : {
      "resourceId" : "sid-563D22C1-F9C5-46EC-80A2-609A29496EA8"
    },
    "childShapes" : [ ],
    "properties" : {
      "id" : "",
      "label" : "",
      "transformation" : ""
    },
    "stencil" : {
      "id" : "Arc"
    },
    "outgoing" : [ {
      "resourceId" : "sid-563D22C1-F9C5-46EC-80A2-609A29496EA8"
    } ],
    "formats" : {
    },
    "glossaryLinks" : {
    }
  }, {
    "bounds" : {
      "lowerRight" : {
        "y" : 199.9375,
        "x" : 535
      },
      "upperLeft" : {
        "y" : 155,
        "x" : 445.765625
      }
    },
    "dockers" : [ {
      "y" : 15,
      "x" : 15
    }, {
      "y" : 155,
      "x" : 535
    }, {
      "y" : 20,
      "x" : 20
    } ],
    "resourceId" : "sid-C8CF58E3-FDBE-4F71-A3F5-0085C090F91D",
    "labels" : [ ],
    "layers" : [ ],
    "target" : {
      "resourceId" : "sid-D3853051-2389-4974-BA69-CD3F5C69C7B8"
    },
    "childShapes" : [ ],
    "properties" : {
      "id" : "",
      "label" : "",
      "transformation" : ""
    },
    "stencil" : {
      "id" : "Arc"
    },
    "outgoing" : [ {
      "resourceId" : "sid-D3853051-2389-4974-BA69-CD3F5C69C7B8"
    } ],
    "formats" : {
    },
    "glossaryLinks" : {
    }
  }, {
    "bounds" : {
      "lowerRight" : {
        "y" : 269.78125,
        "x" : 219.3125
      },
      "upperLeft" : {
        "y" : 215,
        "x" : 150
      }
    },
    "dockers" : [ {
      "y" : 15,
      "x" : 15
    }, {
      "y" : 215,
      "x" : 150
    }, {
      "y" : 20,
      "x" : 20
    } ],
    "resourceId" : "sid-CF8B0FD2-21C9-4126-A58A-8C17AD79EA4F",
    "labels" : [ ],
    "layers" : [ ],
    "target" : {
      "resourceId" : "sid-BC70CFCC-C3F3-466A-AD3C-6E72DB9B74C1"
    },
    "childShapes" : [ ],
    "properties" : {
      "id" : "",
      "label" : "",
      "transformation" : ""
    },
    "stencil" : {
      "id" : "Arc"
    },
    "outgoing" : [ {
      "resourceId" : "sid-BC70CFCC-C3F3-466A-AD3C-6E72DB9B74C1"
    } ],
    "formats" : {
    },
    "glossaryLinks" : {
    }
  }, {
    "bounds" : {
      "lowerRight" : {
        "y" : 350,
        "x" : 219.3125
      },
      "upperLeft" : {
        "y" : 300.21875,
        "x" : 150
      }
    },
    "dockers" : [ {
      "y" : 15,
      "x" : 15
    }, {
      "y" : 350,
      "x" : 150
    }, {
      "y" : 20,
      "x" : 20
    } ],
    "resourceId" : "sid-84066BDD-CBEA-4555-AF7A-23108E079C56",
    "labels" : [ ],
    "layers" : [ ],
    "target" : {
      "resourceId" : "sid-99B726FC-8BC8-44F7-8DC1-A4081116389C"
    },
    "childShapes" : [ ],
    "properties" : {
      "id" : "",
      "label" : "",
      "transformation" : ""
    },
    "stencil" : {
      "id" : "Arc"
    },
    "outgoing" : [ {
      "resourceId" : "sid-99B726FC-8BC8-44F7-8DC1-A4081116389C"
    } ],
    "formats" : {
    },
    "glossaryLinks" : {
    }
  }, {
    "bounds" : {
      "lowerRight" : {
        "y" : 435,
        "x" : 509.9375
      },
      "upperLeft" : {
        "y" : 370.921875,
        "x" : 425
      }
    },
    "dockers" : [ {
      "y" : 20,
      "x" : 20
    }, {
      "y" : 435,
      "x" : 425
    }, {
      "y" : 15,
      "x" : 15
    } ],
    "resourceId" : "sid-14EE78EF-0784-4B7D-8B55-E73EB6C75D2E",
    "labels" : [ ],
    "layers" : [ ],
    "target" : {
      "resourceId" : "sid-4A528AFD-7BA6-4595-98D9-B4BE9A922805"
    },
    "childShapes" : [ ],
    "properties" : {
      "id" : "",
      "label" : "",
      "transformation" : ""
    },
    "stencil" : {
      "id" : "Arc"
    },
    "outgoing" : [ {
      "resourceId" : "sid-4A528AFD-7BA6-4595-98D9-B4BE9A922805"
    } ],
    "formats" : {
    },
    "glossaryLinks" : {
    }
  }, {
    "bounds" : {
      "lowerRight" : {
        "y" : 435,
        "x" : 995
      },
      "upperLeft" : {
        "y" : 340.765625,
        "x" : 930.375
      }
    },
    "dockers" : [ {
      "y" : 15,
      "x" : 15
    }, {
      "y" : 435,
      "x" : 995
    }, {
      "y" : 20,
      "x" : 27
    } ],
    "resourceId" : "sid-26AAEB8F-B310-41FF-9CB4-CECDF9994CB8",
    "labels" : [ ],
    "layers" : [ ],
    "target" : {
      "resourceId" : "sid-54B5FAC8-C03D-4C60-B085-06AF3FCE9F0D"
    },
    "childShapes" : [ ],
    "properties" : {
      "id" : "",
      "label" : "",
      "transformation" : ""
    },
    "stencil" : {
      "id" : "Arc"
    },
    "outgoing" : [ {
      "resourceId" : "sid-54B5FAC8-C03D-4C60-B085-06AF3FCE9F0D"
    } ],
    "formats" : {
    },
    "glossaryLinks" : {
    }
  }, {
    "bounds" : {
      "lowerRight" : {
        "y" : 320,
        "x" : 967.75
      },
      "upperLeft" : {
        "y" : 230.765625,
        "x" : 915
      }
    },
    "dockers" : [ {
      "y" : 15,
      "x" : 15
    }, {
      "y" : 320,
      "x" : 915
    }, {
      "y" : 20,
      "x" : 27
    } ],
    "resourceId" : "sid-9FE0EB14-219E-4B12-817D-B37544035D29",
    "labels" : [ ],
    "layers" : [ ],
    "target" : {
      "resourceId" : "sid-54B5FAC8-C03D-4C60-B085-06AF3FCE9F0D"
    },
    "childShapes" : [ ],
    "properties" : {
      "id" : "",
      "label" : "",
      "transformation" : ""
    },
    "stencil" : {
      "id" : "Arc"
    },
    "outgoing" : [ {
      "resourceId" : "sid-54B5FAC8-C03D-4C60-B085-06AF3FCE9F0D"
    } ],
    "formats" : {
    },
    "glossaryLinks" : {
    }
  } ],
  "properties" : {
    "author" : "",
    "title" : "",
    "engine" : "false",
    "modificationdate" : "10/07/07",
    "documentation" : "",
    "language" : "English",
    "creationdate" : "10/07/07",
    "version" : ""
  },
  "stencilset" : {
    "url" : "/stencilsets/petrinets/petrinet.json?version=4.1.0",
    "namespace" : "http://b3mn.org/stencilset/petrinet#"
  },
  "ssextensions" : [ ],
  "stencil" : {
    "id" : "Diagram"
  },
  "formats" : {
  }
}