{
  "revision" : {
    "creationDate" : null,
    "elementCounts" : {
      "total" : 33,
      "Place" : 7,
      "Arc" : 18,
      "Transition" : 7,
      "Diagram" : 1
    },
    "connectedness" : 86,
    "isLastRevision" : "true",
    "revisionNumber" : 1
  },
  "model" : {
    "modelingLanguage" : "petrinet",
    "numberOfRevisions" : 1,
    "naturalLanguage" : "de",
    "timestampModelCollection" : null,
    "directoryId" : "221291129",
    "groupName" : "PetriNet",
    "modelDate" : "2010-05-09",
    "modelName" : "Getr?nkeautomat",
    "modelId" : "1377714092"
  }
}