{
  "bounds" : {
    "lowerRight" : {
      "y" : 1050,
      "x" : 1485
    },
    "upperLeft" : {
      "y" : 0,
      "x" : 0
    }
  },
  "resourceId" : "canvas",
  "childShapes" : [ {
    "bounds" : {
      "lowerRight" : {
        "y" : 335,
        "x" : 345
      },
      "upperLeft" : {
        "y" : 305,
        "x" : 315
      }
    },
    "dockers" : [ ],
    "resourceId" : "sid-F6591150-3CA0-4BB7-9C85-FA4017AFA214",
    "labels" : [ ],
    "layers" : [ ],
    "childShapes" : [ ],
    "properties" : {
      "exttype" : "Push",
      "id" : "",
      "title" : "",
      "external" : "false",
      "locatortypes" : "",
      "locatornames" : "",
      "numberoftokens_drawing" : "0",
      "numberoftokens_text" : "",
      "numberOfTokens" : "0",
      "locatorexpr" : "",
      "href" : ""
    },
    "stencil" : {
      "id" : "Place"
    },
    "outgoing" : [ {
      "resourceId" : "sid-558A1FED-31B2-43EE-B23A-EBC0329D36C2"
    }, {
      "resourceId" : "sid-F53AC321-477B-44C5-AE3E-CF34C8C89B87"
    }, {
      "resourceId" : "sid-35B0752E-739E-4BF9-B817-957B7A0C426D"
    }, {
      "resourceId" : "sid-C333E9D9-6446-4A19-B878-720E7FF75643"
    }, {
      "resourceId" : "sid-75ECC8D5-EA3C-4B3E-A7F2-6560722383B0"
    } ],
    "formats" : {
    },
    "glossaryLinks" : {
    }
  }, {
    "bounds" : {
      "lowerRight" : {
        "y" : 160,
        "x" : 520
      },
      "upperLeft" : {
        "y" : 120,
        "x" : 480
      }
    },
    "dockers" : [ ],
    "resourceId" : "sid-FD17DB2E-1666-4C74-8505-5DD0E162FA3E",
    "labels" : [ ],
    "layers" : [ ],
    "childShapes" : [ ],
    "properties" : {
      "id" : "",
      "title" : "A",
      "communicationtype" : "Default",
      "communicationchannel" : "",
      "guard" : "",
      "oform" : "",
      "omodel" : "",
      "firetype" : "Automatic",
      "href" : ""
    },
    "stencil" : {
      "id" : "Transition"
    },
    "outgoing" : [ {
      "resourceId" : "sid-B2060480-06A1-423F-B832-47F34BB06794"
    }, {
      "resourceId" : "sid-F1B78798-EEBA-42A6-8510-25AA5D58A14F"
    } ],
    "formats" : {
    },
    "glossaryLinks" : {
    }
  }, {
    "bounds" : {
      "lowerRight" : {
        "y" : 250,
        "x" : 520
      },
      "upperLeft" : {
        "y" : 210,
        "x" : 480
      }
    },
    "dockers" : [ ],
    "resourceId" : "sid-7D527536-F656-4363-A28E-18A735CE8C05",
    "labels" : [ ],
    "layers" : [ ],
    "childShapes" : [ ],
    "properties" : {
      "id" : "",
      "title" : "B",
      "communicationtype" : "Default",
      "communicationchannel" : "",
      "guard" : "",
      "oform" : "",
      "omodel" : "",
      "firetype" : "Automatic",
      "href" : ""
    },
    "stencil" : {
      "id" : "Transition"
    },
    "outgoing" : [ {
      "resourceId" : "sid-FACA5C9E-1655-48A1-94BF-C9AE1D4B52F8"
    }, {
      "resourceId" : "sid-76FFEE0F-0945-4804-BFCB-6431F49E52E7"
    } ],
    "formats" : {
    },
    "glossaryLinks" : {
    }
  }, {
    "bounds" : {
      "lowerRight" : {
        "y" : 340,
        "x" : 520
      },
      "upperLeft" : {
        "y" : 300,
        "x" : 480
      }
    },
    "dockers" : [ ],
    "resourceId" : "sid-8D1E9124-7C59-4E17-97C6-EF01FCDDAD4F",
    "labels" : [ ],
    "layers" : [ ],
    "childShapes" : [ ],
    "properties" : {
      "id" : "",
      "title" : "C",
      "communicationtype" : "Default",
      "communicationchannel" : "",
      "guard" : "",
      "oform" : "",
      "omodel" : "",
      "firetype" : "Automatic",
      "href" : ""
    },
    "stencil" : {
      "id" : "Transition"
    },
    "outgoing" : [ {
      "resourceId" : "sid-8CE174EF-39CC-4A93-8215-D5FA191F28FB"
    }, {
      "resourceId" : "sid-796B94EA-0BDB-4401-99B8-C1D23D67147E"
    } ],
    "formats" : {
    },
    "glossaryLinks" : {
    }
  }, {
    "bounds" : {
      "lowerRight" : {
        "y" : 430,
        "x" : 520
      },
      "upperLeft" : {
        "y" : 390,
        "x" : 480
      }
    },
    "dockers" : [ ],
    "resourceId" : "sid-F1893B60-651C-435A-8CD1-35C790AF5537",
    "labels" : [ ],
    "layers" : [ ],
    "childShapes" : [ ],
    "properties" : {
      "id" : "",
      "title" : "D",
      "communicationtype" : "Default",
      "communicationchannel" : "",
      "guard" : "",
      "oform" : "",
      "omodel" : "",
      "firetype" : "Automatic",
      "href" : ""
    },
    "stencil" : {
      "id" : "Transition"
    },
    "outgoing" : [ {
      "resourceId" : "sid-C83B84FD-33A1-4093-9C36-4806AD1CB29F"
    }, {
      "resourceId" : "sid-391E5CF7-D05B-45FC-9FDE-C3B46FD6B2DC"
    } ],
    "formats" : {
    },
    "glossaryLinks" : {
    }
  }, {
    "bounds" : {
      "lowerRight" : {
        "y" : 520,
        "x" : 520
      },
      "upperLeft" : {
        "y" : 480,
        "x" : 480
      }
    },
    "dockers" : [ ],
    "resourceId" : "sid-560FB8F6-1858-4008-8DF2-58269BD4ED9C",
    "labels" : [ ],
    "layers" : [ ],
    "childShapes" : [ ],
    "properties" : {
      "id" : "",
      "title" : "E",
      "communicationtype" : "Default",
      "communicationchannel" : "",
      "guard" : "",
      "oform" : "",
      "omodel" : "",
      "firetype" : "Automatic",
      "href" : ""
    },
    "stencil" : {
      "id" : "Transition"
    },
    "outgoing" : [ {
      "resourceId" : "sid-6833E5F3-6AC0-4FD3-A2EC-1F8051613FBB"
    }, {
      "resourceId" : "sid-4ACE9AB1-55EE-4531-A344-572D83226F48"
    } ],
    "formats" : {
    },
    "glossaryLinks" : {
    }
  }, {
    "bounds" : {
      "lowerRight" : {
        "y" : 320,
        "x" : 479.078125
      },
      "upperLeft" : {
        "y" : 320,
        "x" : 345.609375
      }
    },
    "dockers" : [ {
      "y" : 15,
      "x" : 15
    }, {
      "y" : 20,
      "x" : 20
    } ],
    "resourceId" : "sid-558A1FED-31B2-43EE-B23A-EBC0329D36C2",
    "labels" : [ ],
    "layers" : [ ],
    "target" : {
      "resourceId" : "sid-8D1E9124-7C59-4E17-97C6-EF01FCDDAD4F"
    },
    "childShapes" : [ ],
    "properties" : {
      "id" : "",
      "label" : "",
      "transformation" : ""
    },
    "stencil" : {
      "id" : "Arc"
    },
    "outgoing" : [ {
      "resourceId" : "sid-8D1E9124-7C59-4E17-97C6-EF01FCDDAD4F"
    } ],
    "formats" : {
    },
    "glossaryLinks" : {
    }
  }, {
    "bounds" : {
      "lowerRight" : {
        "y" : 312.852424779581,
        "x" : 479.19433708365295
      },
      "upperLeft" : {
        "y" : 241.01476272041904,
        "x" : 343.50097541634705
      }
    },
    "dockers" : [ {
      "y" : 15,
      "x" : 15
    }, {
      "y" : 20,
      "x" : 20
    } ],
    "resourceId" : "sid-F53AC321-477B-44C5-AE3E-CF34C8C89B87",
    "labels" : [ ],
    "layers" : [ ],
    "target" : {
      "resourceId" : "sid-7D527536-F656-4363-A28E-18A735CE8C05"
    },
    "childShapes" : [ ],
    "properties" : {
      "id" : "",
      "label" : "",
      "transformation" : ""
    },
    "stencil" : {
      "id" : "Arc"
    },
    "outgoing" : [ {
      "resourceId" : "sid-7D527536-F656-4363-A28E-18A735CE8C05"
    } ],
    "formats" : {
    },
    "glossaryLinks" : {
    }
  }, {
    "bounds" : {
      "lowerRight" : {
        "y" : 308.72611184745017,
        "x" : 481.1111111111111
      },
      "upperLeft" : {
        "y" : 160,
        "x" : 340.6475610329637
      }
    },
    "dockers" : [ {
      "y" : 15,
      "x" : 15
    }, {
      "y" : 20,
      "x" : 20
    } ],
    "resourceId" : "sid-35B0752E-739E-4BF9-B817-957B7A0C426D",
    "labels" : [ ],
    "layers" : [ ],
    "target" : {
      "resourceId" : "sid-FD17DB2E-1666-4C74-8505-5DD0E162FA3E"
    },
    "childShapes" : [ ],
    "properties" : {
      "id" : "",
      "label" : "",
      "transformation" : ""
    },
    "stencil" : {
      "id" : "Arc"
    },
    "outgoing" : [ {
      "resourceId" : "sid-FD17DB2E-1666-4C74-8505-5DD0E162FA3E"
    } ],
    "formats" : {
    },
    "glossaryLinks" : {
    }
  }, {
    "bounds" : {
      "lowerRight" : {
        "y" : 398.985237279581,
        "x" : 479.19433708365295
      },
      "upperLeft" : {
        "y" : 327.147575220419,
        "x" : 343.50097541634705
      }
    },
    "dockers" : [ {
      "y" : 15,
      "x" : 15
    }, {
      "y" : 20,
      "x" : 20
    } ],
    "resourceId" : "sid-C333E9D9-6446-4A19-B878-720E7FF75643",
    "labels" : [ ],
    "layers" : [ ],
    "target" : {
      "resourceId" : "sid-F1893B60-651C-435A-8CD1-35C790AF5537"
    },
    "childShapes" : [ ],
    "properties" : {
      "id" : "",
      "label" : "",
      "transformation" : ""
    },
    "stencil" : {
      "id" : "Arc"
    },
    "outgoing" : [ {
      "resourceId" : "sid-F1893B60-651C-435A-8CD1-35C790AF5537"
    } ],
    "formats" : {
    },
    "glossaryLinks" : {
    }
  }, {
    "bounds" : {
      "lowerRight" : {
        "y" : 479.58548684745017,
        "x" : 480.7196264670363
      },
      "upperLeft" : {
        "y" : 331.27388815254983,
        "x" : 340.6475610329637
      }
    },
    "dockers" : [ {
      "y" : 15,
      "x" : 15
    }, {
      "y" : 20,
      "x" : 20
    } ],
    "resourceId" : "sid-75ECC8D5-EA3C-4B3E-A7F2-6560722383B0",
    "labels" : [ ],
    "layers" : [ ],
    "target" : {
      "resourceId" : "sid-560FB8F6-1858-4008-8DF2-58269BD4ED9C"
    },
    "childShapes" : [ ],
    "properties" : {
      "id" : "",
      "label" : "",
      "transformation" : ""
    },
    "stencil" : {
      "id" : "Arc"
    },
    "outgoing" : [ {
      "resourceId" : "sid-560FB8F6-1858-4008-8DF2-58269BD4ED9C"
    } ],
    "formats" : {
    },
    "glossaryLinks" : {
    }
  }, {
    "bounds" : {
      "lowerRight" : {
        "y" : 479.58548684745017,
        "x" : 480.7196264670363
      },
      "upperLeft" : {
        "y" : 331.27388815254983,
        "x" : 340.6475610329637
      }
    },
    "dockers" : [ {
      "y" : 20,
      "x" : 20
    }, {
      "y" : 15,
      "x" : 15
    } ],
    "resourceId" : "sid-6833E5F3-6AC0-4FD3-A2EC-1F8051613FBB",
    "labels" : [ ],
    "layers" : [ ],
    "target" : {
      "resourceId" : "sid-F6591150-3CA0-4BB7-9C85-FA4017AFA214"
    },
    "childShapes" : [ ],
    "properties" : {
      "id" : "",
      "label" : "",
      "transformation" : ""
    },
    "stencil" : {
      "id" : "Arc"
    },
    "outgoing" : [ {
      "resourceId" : "sid-F6591150-3CA0-4BB7-9C85-FA4017AFA214"
    } ],
    "formats" : {
    },
    "glossaryLinks" : {
    }
  }, {
    "bounds" : {
      "lowerRight" : {
        "y" : 398.985237279581,
        "x" : 479.19433708365295
      },
      "upperLeft" : {
        "y" : 327.147575220419,
        "x" : 343.50097541634705
      }
    },
    "dockers" : [ {
      "y" : 20,
      "x" : 20
    }, {
      "y" : 15,
      "x" : 15
    } ],
    "resourceId" : "sid-C83B84FD-33A1-4093-9C36-4806AD1CB29F",
    "labels" : [ ],
    "layers" : [ ],
    "target" : {
      "resourceId" : "sid-F6591150-3CA0-4BB7-9C85-FA4017AFA214"
    },
    "childShapes" : [ ],
    "properties" : {
      "id" : "",
      "label" : "",
      "transformation" : ""
    },
    "stencil" : {
      "id" : "Arc"
    },
    "outgoing" : [ {
      "resourceId" : "sid-F6591150-3CA0-4BB7-9C85-FA4017AFA214"
    } ],
    "formats" : {
    },
    "glossaryLinks" : {
    }
  }, {
    "bounds" : {
      "lowerRight" : {
        "y" : 320,
        "x" : 479.078125
      },
      "upperLeft" : {
        "y" : 320,
        "x" : 345.609375
      }
    },
    "dockers" : [ {
      "y" : 20,
      "x" : 20
    }, {
      "y" : 15,
      "x" : 15
    } ],
    "resourceId" : "sid-8CE174EF-39CC-4A93-8215-D5FA191F28FB",
    "labels" : [ ],
    "layers" : [ ],
    "target" : {
      "resourceId" : "sid-F6591150-3CA0-4BB7-9C85-FA4017AFA214"
    },
    "childShapes" : [ ],
    "properties" : {
      "id" : "",
      "label" : "",
      "transformation" : ""
    },
    "stencil" : {
      "id" : "Arc"
    },
    "outgoing" : [ {
      "resourceId" : "sid-F6591150-3CA0-4BB7-9C85-FA4017AFA214"
    } ],
    "formats" : {
    },
    "glossaryLinks" : {
    }
  }, {
    "bounds" : {
      "lowerRight" : {
        "y" : 312.852424779581,
        "x" : 479.19433708365295
      },
      "upperLeft" : {
        "y" : 241.01476272041901,
        "x" : 343.50097541634705
      }
    },
    "dockers" : [ {
      "y" : 20,
      "x" : 20
    }, {
      "y" : 15,
      "x" : 15
    } ],
    "resourceId" : "sid-FACA5C9E-1655-48A1-94BF-C9AE1D4B52F8",
    "labels" : [ ],
    "layers" : [ ],
    "target" : {
      "resourceId" : "sid-F6591150-3CA0-4BB7-9C85-FA4017AFA214"
    },
    "childShapes" : [ ],
    "properties" : {
      "id" : "",
      "label" : "",
      "transformation" : ""
    },
    "stencil" : {
      "id" : "Arc"
    },
    "outgoing" : [ {
      "resourceId" : "sid-F6591150-3CA0-4BB7-9C85-FA4017AFA214"
    } ],
    "formats" : {
    },
    "glossaryLinks" : {
    }
  }, {
    "bounds" : {
      "lowerRight" : {
        "y" : 308.72611184745017,
        "x" : 481.1111111111111
      },
      "upperLeft" : {
        "y" : 160,
        "x" : 340.6475610329637
      }
    },
    "dockers" : [ {
      "y" : 20,
      "x" : 20
    }, {
      "y" : 15,
      "x" : 15
    } ],
    "resourceId" : "sid-B2060480-06A1-423F-B832-47F34BB06794",
    "labels" : [ ],
    "layers" : [ ],
    "target" : {
      "resourceId" : "sid-F6591150-3CA0-4BB7-9C85-FA4017AFA214"
    },
    "childShapes" : [ ],
    "properties" : {
      "id" : "",
      "label" : "",
      "transformation" : ""
    },
    "stencil" : {
      "id" : "Arc"
    },
    "outgoing" : [ {
      "resourceId" : "sid-F6591150-3CA0-4BB7-9C85-FA4017AFA214"
    } ],
    "formats" : {
    },
    "glossaryLinks" : {
    }
  }, {
    "bounds" : {
      "lowerRight" : {
        "y" : 335,
        "x" : 675
      },
      "upperLeft" : {
        "y" : 305,
        "x" : 645
      }
    },
    "dockers" : [ ],
    "resourceId" : "sid-A1113D59-C0A3-499D-BD03-EE15F98C6459",
    "labels" : [ ],
    "layers" : [ ],
    "childShapes" : [ ],
    "properties" : {
      "exttype" : "Push",
      "id" : "",
      "title" : "",
      "external" : "false",
      "locatortypes" : "",
      "locatornames" : "",
      "numberoftokens_drawing" : "0",
      "numberoftokens_text" : "",
      "numberOfTokens" : "0",
      "locatorexpr" : "",
      "href" : ""
    },
    "stencil" : {
      "id" : "Place"
    },
    "outgoing" : [ {
      "resourceId" : "sid-631CA67D-763C-478E-A681-EDD1569E417F"
    }, {
      "resourceId" : "sid-208CA937-CECF-49F0-84CC-9B5708CF0DFE"
    } ],
    "formats" : {
    },
    "glossaryLinks" : {
    }
  }, {
    "bounds" : {
      "lowerRight" : {
        "y" : 308.70571568131635,
        "x" : 649.9606361611701
      },
      "upperLeft" : {
        "y" : 160,
        "x" : 517.7777777777778
      }
    },
    "dockers" : [ {
      "y" : 20,
      "x" : 20
    }, {
      "y" : 15,
      "x" : 15
    } ],
    "resourceId" : "sid-F1B78798-EEBA-42A6-8510-25AA5D58A14F",
    "labels" : [ ],
    "layers" : [ ],
    "target" : {
      "resourceId" : "sid-A1113D59-C0A3-499D-BD03-EE15F98C6459"
    },
    "childShapes" : [ ],
    "properties" : {
      "id" : "",
      "label" : "",
      "transformation" : ""
    },
    "stencil" : {
      "id" : "Arc"
    },
    "outgoing" : [ {
      "resourceId" : "sid-A1113D59-C0A3-499D-BD03-EE15F98C6459"
    } ],
    "formats" : {
    },
    "glossaryLinks" : {
    }
  }, {
    "bounds" : {
      "lowerRight" : {
        "y" : 312.47848876036744,
        "x" : 646.6284244628755
      },
      "upperLeft" : {
        "y" : 241.25,
        "x" : 520
      }
    },
    "dockers" : [ {
      "y" : 20,
      "x" : 20
    }, {
      "y" : 15,
      "x" : 15
    } ],
    "resourceId" : "sid-76FFEE0F-0945-4804-BFCB-6431F49E52E7",
    "labels" : [ ],
    "layers" : [ ],
    "target" : {
      "resourceId" : "sid-A1113D59-C0A3-499D-BD03-EE15F98C6459"
    },
    "childShapes" : [ ],
    "properties" : {
      "id" : "",
      "label" : "",
      "transformation" : ""
    },
    "stencil" : {
      "id" : "Arc"
    },
    "outgoing" : [ {
      "resourceId" : "sid-A1113D59-C0A3-499D-BD03-EE15F98C6459"
    } ],
    "formats" : {
    },
    "glossaryLinks" : {
    }
  }, {
    "bounds" : {
      "lowerRight" : {
        "y" : 320,
        "x" : 644.625
      },
      "upperLeft" : {
        "y" : 320,
        "x" : 520
      }
    },
    "dockers" : [ {
      "y" : 20,
      "x" : 20
    }, {
      "y" : 15,
      "x" : 15
    } ],
    "resourceId" : "sid-796B94EA-0BDB-4401-99B8-C1D23D67147E",
    "labels" : [ ],
    "layers" : [ ],
    "target" : {
      "resourceId" : "sid-A1113D59-C0A3-499D-BD03-EE15F98C6459"
    },
    "childShapes" : [ ],
    "properties" : {
      "id" : "",
      "label" : "",
      "transformation" : ""
    },
    "stencil" : {
      "id" : "Arc"
    },
    "outgoing" : [ {
      "resourceId" : "sid-A1113D59-C0A3-499D-BD03-EE15F98C6459"
    } ],
    "formats" : {
    },
    "glossaryLinks" : {
    }
  }, {
    "bounds" : {
      "lowerRight" : {
        "y" : 398.75,
        "x" : 646.6284244628755
      },
      "upperLeft" : {
        "y" : 327.52151123963256,
        "x" : 520
      }
    },
    "dockers" : [ {
      "y" : 20,
      "x" : 20
    }, {
      "y" : 15,
      "x" : 15
    } ],
    "resourceId" : "sid-391E5CF7-D05B-45FC-9FDE-C3B46FD6B2DC",
    "labels" : [ ],
    "layers" : [ ],
    "target" : {
      "resourceId" : "sid-A1113D59-C0A3-499D-BD03-EE15F98C6459"
    },
    "childShapes" : [ ],
    "properties" : {
      "id" : "",
      "label" : "",
      "transformation" : ""
    },
    "stencil" : {
      "id" : "Arc"
    },
    "outgoing" : [ {
      "resourceId" : "sid-A1113D59-C0A3-499D-BD03-EE15F98C6459"
    } ],
    "formats" : {
    },
    "glossaryLinks" : {
    }
  }, {
    "bounds" : {
      "lowerRight" : {
        "y" : 479.56509068131635,
        "x" : 649.9606361611701
      },
      "upperLeft" : {
        "y" : 331.29428431868365,
        "x" : 518.1643638388299
      }
    },
    "dockers" : [ {
      "y" : 20,
      "x" : 20
    }, {
      "y" : 15,
      "x" : 15
    } ],
    "resourceId" : "sid-4ACE9AB1-55EE-4531-A344-572D83226F48",
    "labels" : [ ],
    "layers" : [ ],
    "target" : {
      "resourceId" : "sid-A1113D59-C0A3-499D-BD03-EE15F98C6459"
    },
    "childShapes" : [ ],
    "properties" : {
      "id" : "",
      "label" : "",
      "transformation" : ""
    },
    "stencil" : {
      "id" : "Arc"
    },
    "outgoing" : [ {
      "resourceId" : "sid-A1113D59-C0A3-499D-BD03-EE15F98C6459"
    } ],
    "formats" : {
    },
    "glossaryLinks" : {
    }
  }, {
    "bounds" : {
      "lowerRight" : {
        "y" : 364,
        "x" : 851
      },
      "upperLeft" : {
        "y" : 276,
        "x" : 765
      }
    },
    "dockers" : [ ],
    "resourceId" : "sid-B478353D-0E42-4FA0-8C32-10E8FB4ECEEE",
    "labels" : [ ],
    "layers" : [ ],
    "childShapes" : [ ],
    "properties" : {
      "id" : "",
      "title" : "F",
      "communicationtype" : "Default",
      "communicationchannel" : "",
      "guard" : "",
      "oform" : "",
      "omodel" : "",
      "firetype" : "Automatic",
      "href" : ""
    },
    "stencil" : {
      "id" : "Transition"
    },
    "outgoing" : [ {
      "resourceId" : "sid-E18B38CB-8144-40DA-B44E-E8AB412F3C80"
    } ],
    "formats" : {
    },
    "glossaryLinks" : {
    }
  }, {
    "bounds" : {
      "lowerRight" : {
        "y" : 320,
        "x" : 764.21875
      },
      "upperLeft" : {
        "y" : 320,
        "x" : 675.453125
      }
    },
    "dockers" : [ {
      "y" : 15,
      "x" : 15
    }, {
      "y" : 44,
      "x" : 43
    } ],
    "resourceId" : "sid-631CA67D-763C-478E-A681-EDD1569E417F",
    "labels" : [ ],
    "layers" : [ ],
    "target" : {
      "resourceId" : "sid-B478353D-0E42-4FA0-8C32-10E8FB4ECEEE"
    },
    "childShapes" : [ ],
    "properties" : {
      "id" : "",
      "label" : "",
      "transformation" : ""
    },
    "stencil" : {
      "id" : "Arc"
    },
    "outgoing" : [ {
      "resourceId" : "sid-B478353D-0E42-4FA0-8C32-10E8FB4ECEEE"
    } ],
    "formats" : {
    },
    "glossaryLinks" : {
    }
  }, {
    "bounds" : {
      "lowerRight" : {
        "y" : 435,
        "x" : 823
      },
      "upperLeft" : {
        "y" : 405,
        "x" : 793
      }
    },
    "dockers" : [ ],
    "resourceId" : "sid-D45EBB72-E313-42C0-9F65-2A593D8D2551",
    "labels" : [ ],
    "layers" : [ ],
    "childShapes" : [ ],
    "properties" : {
      "exttype" : "Push",
      "id" : "",
      "title" : "",
      "external" : "false",
      "locatortypes" : "",
      "locatornames" : "",
      "numberoftokens_drawing" : "0",
      "numberoftokens_text" : "",
      "numberOfTokens" : "0",
      "locatorexpr" : "",
      "href" : ""
    },
    "stencil" : {
      "id" : "Place"
    },
    "outgoing" : [ {
      "resourceId" : "sid-C55B943B-6E23-43A3-A3D8-20AD17F138CA"
    } ],
    "formats" : {
    },
    "glossaryLinks" : {
    }
  }, {
    "bounds" : {
      "lowerRight" : {
        "y" : 404.9375,
        "x" : 808
      },
      "upperLeft" : {
        "y" : 364,
        "x" : 808
      }
    },
    "dockers" : [ {
      "y" : 44,
      "x" : 43
    }, {
      "y" : 15,
      "x" : 15
    } ],
    "resourceId" : "sid-E18B38CB-8144-40DA-B44E-E8AB412F3C80",
    "labels" : [ ],
    "layers" : [ ],
    "target" : {
      "resourceId" : "sid-D45EBB72-E313-42C0-9F65-2A593D8D2551"
    },
    "childShapes" : [ ],
    "properties" : {
      "id" : "",
      "label" : "",
      "transformation" : ""
    },
    "stencil" : {
      "id" : "Arc"
    },
    "outgoing" : [ {
      "resourceId" : "sid-D45EBB72-E313-42C0-9F65-2A593D8D2551"
    } ],
    "formats" : {
    },
    "glossaryLinks" : {
    }
  }, {
    "bounds" : {
      "lowerRight" : {
        "y" : 449.5,
        "x" : 703
      },
      "upperLeft" : {
        "y" : 390.5,
        "x" : 617
      }
    },
    "dockers" : [ ],
    "resourceId" : "sid-B6ACCE01-1434-479F-9E79-C892604681C3",
    "labels" : [ ],
    "layers" : [ ],
    "childShapes" : [ ],
    "properties" : {
      "id" : "",
      "title" : "G",
      "communicationtype" : "Default",
      "communicationchannel" : "",
      "guard" : "",
      "oform" : "",
      "omodel" : "",
      "firetype" : "Automatic",
      "href" : ""
    },
    "stencil" : {
      "id" : "Transition"
    },
    "outgoing" : [ {
      "resourceId" : "sid-D940F8BF-4A40-40BC-8899-9AC6F498B0B2"
    } ],
    "formats" : {
    },
    "glossaryLinks" : {
    }
  }, {
    "bounds" : {
      "lowerRight" : {
        "y" : 420,
        "x" : 792.546875
      },
      "upperLeft" : {
        "y" : 420,
        "x" : 703
      }
    },
    "dockers" : [ {
      "y" : 15,
      "x" : 15
    }, {
      "y" : 29.5,
      "x" : 43
    } ],
    "resourceId" : "sid-C55B943B-6E23-43A3-A3D8-20AD17F138CA",
    "labels" : [ ],
    "layers" : [ ],
    "target" : {
      "resourceId" : "sid-B6ACCE01-1434-479F-9E79-C892604681C3"
    },
    "childShapes" : [ ],
    "properties" : {
      "id" : "",
      "label" : "",
      "transformation" : ""
    },
    "stencil" : {
      "id" : "Arc"
    },
    "outgoing" : [ {
      "resourceId" : "sid-B6ACCE01-1434-479F-9E79-C892604681C3"
    } ],
    "formats" : {
    },
    "glossaryLinks" : {
    }
  }, {
    "bounds" : {
      "lowerRight" : {
        "y" : 390.09375,
        "x" : 660
      },
      "upperLeft" : {
        "y" : 335.0625,
        "x" : 660
      }
    },
    "dockers" : [ {
      "y" : 15,
      "x" : 15
    }, {
      "y" : 29.5,
      "x" : 43
    } ],
    "resourceId" : "sid-208CA937-CECF-49F0-84CC-9B5708CF0DFE",
    "labels" : [ ],
    "layers" : [ ],
    "target" : {
      "resourceId" : "sid-B6ACCE01-1434-479F-9E79-C892604681C3"
    },
    "childShapes" : [ ],
    "properties" : {
      "id" : "",
      "label" : "",
      "transformation" : ""
    },
    "stencil" : {
      "id" : "Arc"
    },
    "outgoing" : [ {
      "resourceId" : "sid-B6ACCE01-1434-479F-9E79-C892604681C3"
    } ],
    "formats" : {
    },
    "glossaryLinks" : {
    }
  }, {
    "bounds" : {
      "lowerRight" : {
        "y" : 540,
        "x" : 675
      },
      "upperLeft" : {
        "y" : 510,
        "x" : 645
      }
    },
    "dockers" : [ ],
    "resourceId" : "sid-23A87ED5-F73A-490E-9BC1-B660B57E2E7E",
    "labels" : [ ],
    "layers" : [ ],
    "childShapes" : [ ],
    "properties" : {
      "exttype" : "Push",
      "id" : "",
      "title" : "",
      "external" : "false",
      "locatortypes" : "",
      "locatornames" : "",
      "numberoftokens_drawing" : "0",
      "numberoftokens_text" : "",
      "numberOfTokens" : "0",
      "locatorexpr" : "",
      "href" : ""
    },
    "stencil" : {
      "id" : "Place"
    },
    "outgoing" : [ ],
    "formats" : {
    },
    "glossaryLinks" : {
    }
  }, {
    "bounds" : {
      "lowerRight" : {
        "y" : 509.234375,
        "x" : 660
      },
      "upperLeft" : {
        "y" : 449.5,
        "x" : 660
      }
    },
    "dockers" : [ {
      "y" : 29.5,
      "x" : 43
    }, {
      "y" : 15,
      "x" : 15
    } ],
    "resourceId" : "sid-D940F8BF-4A40-40BC-8899-9AC6F498B0B2",
    "labels" : [ ],
    "layers" : [ ],
    "target" : {
      "resourceId" : "sid-23A87ED5-F73A-490E-9BC1-B660B57E2E7E"
    },
    "childShapes" : [ ],
    "properties" : {
      "id" : "",
      "label" : "",
      "transformation" : ""
    },
    "stencil" : {
      "id" : "Arc"
    },
    "outgoing" : [ {
      "resourceId" : "sid-23A87ED5-F73A-490E-9BC1-B660B57E2E7E"
    } ],
    "formats" : {
    },
    "glossaryLinks" : {
    }
  } ],
  "properties" : {
    "author" : "",
    "title" : "",
    "engine" : "false",
    "modificationdate" : "10/07/07",
    "documentation" : "",
    "language" : "English",
    "creationdate" : "10/07/07",
    "version" : ""
  },
  "stencilset" : {
    "url" : "/stencilsets/petrinets/petrinet.json?version=5.2.1",
    "namespace" : "http://b3mn.org/stencilset/petrinet#"
  },
  "ssextensions" : [ ],
  "offset" : {
    "y" : 3,
    "x" : 0
  },
  "stencil" : {
    "id" : "Diagram"
  },
  "formats" : {
  }
}