{
  "revision" : {
    "creationDate" : null,
    "elementCounts" : {
      "total" : 49,
      "Place" : 11,
      "Arc" : 25,
      "Transition" : 12,
      "Diagram" : 1
    },
    "connectedness" : 65,
    "isLastRevision" : "true",
    "revisionNumber" : 1
  },
  "model" : {
    "modelingLanguage" : "petrinet",
    "numberOfRevisions" : 1,
    "naturalLanguage" : "de",
    "timestampModelCollection" : null,
    "directoryId" : "405641323",
    "groupName" : "PetriNet",
    "modelDate" : "2012-06-06",
    "modelName" : "ProzessBank",
    "modelId" : "2036772765"
  }
}