{
  "revision" : {
    "creationDate" : null,
    "elementCounts" : {
      "total" : 37,
      "Place" : 9,
      "Arc" : 19,
      "Transition" : 5,
      "VerticalEmptyTransition" : 3,
      "Diagram" : 1
    },
    "connectedness" : 100,
    "isLastRevision" : "true",
    "revisionNumber" : 3
  },
  "model" : {
    "modelingLanguage" : "petrinet",
    "numberOfRevisions" : 3,
    "naturalLanguage" : "de",
    "timestampModelCollection" : null,
    "directoryId" : "347330127",
    "groupName" : "PetriNet",
    "modelDate" : "2010-11-30",
    "modelName" : "aufgabe 1 vereinfacht",
    "modelId" : "218440187"
  }
}