{
  "revision" : {
    "creationDate" : null,
    "elementCounts" : {
      "total" : 50,
      "Place" : 16,
      "Arc" : 24,
      "Transition" : 9,
      "Diagram" : 1
    },
    "connectedness" : 72,
    "isLastRevision" : "false",
    "revisionNumber" : 1
  },
  "model" : {
    "modelingLanguage" : "petrinet",
    "numberOfRevisions" : 4,
    "naturalLanguage" : "de",
    "timestampModelCollection" : null,
    "directoryId" : "69540404",
    "groupName" : "PetriNet",
    "modelDate" : "2012-08-30",
    "modelName" : "212479779",
    "modelId" : "212479779"
  }
}