{
  "revision" : {
    "creationDate" : null,
    "elementCounts" : {
      "total" : 30,
      "Place" : 9,
      "Arc" : 14,
      "Transition" : 6,
      "Diagram" : 1
    },
    "connectedness" : 100,
    "isLastRevision" : "true",
    "revisionNumber" : 2
  },
  "model" : {
    "modelingLanguage" : "petrinet",
    "numberOfRevisions" : 2,
    "naturalLanguage" : "fr",
    "timestampModelCollection" : null,
    "directoryId" : "394652916",
    "groupName" : "PetriNet",
    "modelDate" : "2012-06-22",
    "modelName" : "5b",
    "modelId" : "2051794525"
  }
}