{
  "revision" : {
    "creationDate" : null,
    "elementCounts" : {
      "total" : 37,
      "Place" : 9,
      "Arc" : 19,
      "Transition" : 8,
      "Diagram" : 1
    },
    "connectedness" : 100,
    "isLastRevision" : "true",
    "revisionNumber" : 1
  },
  "model" : {
    "modelingLanguage" : "petrinet",
    "numberOfRevisions" : 1,
    "naturalLanguage" : "de",
    "timestampModelCollection" : null,
    "directoryId" : "92619634",
    "groupName" : "PetriNet",
    "modelDate" : "2010-05-12",
    "modelName" : "stenaechtner_aufgabe3",
    "modelId" : "1104257866"
  }
}