{
  "revision" : {
    "creationDate" : null,
    "elementCounts" : {
      "total" : 37,
      "Place" : 9,
      "Arc" : 19,
      "Transition" : 8,
      "Diagram" : 1
    },
    "connectedness" : 100,
    "isLastRevision" : "true",
    "revisionNumber" : 4
  },
  "model" : {
    "modelingLanguage" : "petrinet",
    "numberOfRevisions" : 4,
    "naturalLanguage" : "de",
    "timestampModelCollection" : null,
    "directoryId" : "266874151",
    "groupName" : "PetriNet",
    "modelDate" : "2012-08-30",
    "modelName" : "935696028",
    "modelId" : "935696028"
  }
}