{
  "bounds" : {
    "lowerRight" : {
      "y" : 1050,
      "x" : 1485
    },
    "upperLeft" : {
      "y" : 0,
      "x" : 0
    }
  },
  "resourceId" : "canvas",
  "childShapes" : [ {
    "bounds" : {
      "lowerRight" : {
        "y" : 240,
        "x" : 405
      },
      "upperLeft" : {
        "y" : 210,
        "x" : 375
      }
    },
    "dockers" : [ ],
    "resourceId" : "sid-1C67983E-7440-426E-AAAF-3F1BEB9B36B4",
    "labels" : [ ],
    "layers" : [ ],
    "childShapes" : [ ],
    "properties" : {
      "exttype" : "Push",
      "id" : "",
      "title" : "",
      "external" : "false",
      "locatortypes" : "",
      "locatornames" : "",
      "numberoftokens_drawing" : "0",
      "numberoftokens_text" : "",
      "numberOfTokens" : "0",
      "locatorexpr" : "",
      "href" : ""
    },
    "stencil" : {
      "id" : "Place"
    },
    "outgoing" : [ {
      "resourceId" : "sid-1FD6FD39-F180-4C3C-BAC8-2E008172E96F"
    } ],
    "formats" : {
    },
    "glossaryLinks" : {
    }
  }, {
    "bounds" : {
      "lowerRight" : {
        "y" : 245,
        "x" : 475
      },
      "upperLeft" : {
        "y" : 205,
        "x" : 435
      }
    },
    "dockers" : [ ],
    "resourceId" : "sid-5C4BF3E7-CED3-4E08-B6C2-27F63B890AD8",
    "labels" : [ ],
    "layers" : [ ],
    "childShapes" : [ ],
    "properties" : {
      "id" : "",
      "title" : "A",
      "communicationtype" : "Default",
      "communicationchannel" : "",
      "guard" : "",
      "oform" : "",
      "omodel" : "",
      "firetype" : "Automatic",
      "href" : ""
    },
    "stencil" : {
      "id" : "Transition"
    },
    "outgoing" : [ {
      "resourceId" : "sid-1C4A9C3B-8D27-405B-85AA-93E4F4034E18"
    } ],
    "formats" : {
    },
    "glossaryLinks" : {
    }
  }, {
    "bounds" : {
      "lowerRight" : {
        "y" : 405,
        "x" : 405
      },
      "upperLeft" : {
        "y" : 375,
        "x" : 375
      }
    },
    "dockers" : [ ],
    "resourceId" : "sid-98481077-5D15-48D2-B83D-18079489F548",
    "labels" : [ ],
    "layers" : [ ],
    "childShapes" : [ ],
    "properties" : {
      "exttype" : "Push",
      "id" : "",
      "title" : "",
      "external" : "false",
      "locatortypes" : "",
      "locatornames" : "",
      "numberoftokens_drawing" : "0",
      "numberoftokens_text" : "",
      "numberOfTokens" : "0",
      "locatorexpr" : "",
      "href" : ""
    },
    "stencil" : {
      "id" : "Place"
    },
    "outgoing" : [ {
      "resourceId" : "sid-AB38BBBE-3676-49E8-BA1D-32D4B9380376"
    }, {
      "resourceId" : "sid-ABD0ED71-FBCF-42B7-BCFB-AAED4155EBAE"
    } ],
    "formats" : {
    },
    "glossaryLinks" : {
    }
  }, {
    "bounds" : {
      "lowerRight" : {
        "y" : 379,
        "x" : 615.5
      },
      "upperLeft" : {
        "y" : 311,
        "x" : 534.5
      }
    },
    "dockers" : [ ],
    "resourceId" : "sid-D70DE930-BDA7-403B-8241-F29AB2294F83",
    "labels" : [ ],
    "layers" : [ ],
    "childShapes" : [ ],
    "properties" : {
      "id" : "",
      "title" : "B",
      "communicationtype" : "Default",
      "communicationchannel" : "",
      "guard" : "",
      "oform" : "",
      "omodel" : "",
      "firetype" : "Automatic",
      "href" : ""
    },
    "stencil" : {
      "id" : "Transition"
    },
    "outgoing" : [ {
      "resourceId" : "sid-B9790FB8-A01E-4CFD-8F0B-37913389C840"
    } ],
    "formats" : {
    },
    "glossaryLinks" : {
    }
  }, {
    "bounds" : {
      "lowerRight" : {
        "y" : 240,
        "x" : 525
      },
      "upperLeft" : {
        "y" : 210,
        "x" : 495
      }
    },
    "dockers" : [ ],
    "resourceId" : "sid-D6638D58-974B-4FF5-B50D-CD8621B519B3",
    "labels" : [ ],
    "layers" : [ ],
    "childShapes" : [ ],
    "properties" : {
      "exttype" : "Push",
      "id" : "",
      "title" : "",
      "external" : "false",
      "locatortypes" : "",
      "locatornames" : "",
      "numberoftokens_drawing" : "0",
      "numberoftokens_text" : "",
      "numberOfTokens" : "0",
      "locatorexpr" : "",
      "href" : ""
    },
    "stencil" : {
      "id" : "Place"
    },
    "outgoing" : [ {
      "resourceId" : "sid-9ED4D79C-24AB-4C95-921D-6770FD298EA5"
    } ],
    "formats" : {
    },
    "glossaryLinks" : {
    }
  }, {
    "bounds" : {
      "lowerRight" : {
        "y" : 360,
        "x" : 810
      },
      "upperLeft" : {
        "y" : 330,
        "x" : 780
      }
    },
    "dockers" : [ ],
    "resourceId" : "sid-09F83EFB-BB9E-4F28-A184-CB939CAEC76A",
    "labels" : [ ],
    "layers" : [ ],
    "childShapes" : [ ],
    "properties" : {
      "exttype" : "Push",
      "id" : "",
      "title" : "",
      "external" : "false",
      "locatortypes" : "",
      "locatornames" : "",
      "numberoftokens_drawing" : "0",
      "numberoftokens_text" : "",
      "numberOfTokens" : "0",
      "locatorexpr" : "",
      "href" : ""
    },
    "stencil" : {
      "id" : "Place"
    },
    "outgoing" : [ {
      "resourceId" : "sid-2C01821C-5C3F-450F-B6C7-D4ECB75F69BE"
    } ],
    "formats" : {
    },
    "glossaryLinks" : {
    }
  }, {
    "bounds" : {
      "lowerRight" : {
        "y" : 345,
        "x" : 779.390625
      },
      "upperLeft" : {
        "y" : 345,
        "x" : 615.5
      }
    },
    "dockers" : [ {
      "y" : 34,
      "x" : 40.5
    }, {
      "y" : 15,
      "x" : 15
    } ],
    "resourceId" : "sid-B9790FB8-A01E-4CFD-8F0B-37913389C840",
    "labels" : [ ],
    "layers" : [ ],
    "target" : {
      "resourceId" : "sid-09F83EFB-BB9E-4F28-A184-CB939CAEC76A"
    },
    "childShapes" : [ ],
    "properties" : {
      "id" : "",
      "label" : "",
      "transformation" : ""
    },
    "stencil" : {
      "id" : "Arc"
    },
    "outgoing" : [ {
      "resourceId" : "sid-09F83EFB-BB9E-4F28-A184-CB939CAEC76A"
    } ],
    "formats" : {
    },
    "glossaryLinks" : {
    }
  }, {
    "bounds" : {
      "lowerRight" : {
        "y" : 385.48766848227166,
        "x" : 534.4243393956077
      },
      "upperLeft" : {
        "y" : 345.6451440177284,
        "x" : 404.6926527918922
      }
    },
    "dockers" : [ {
      "y" : 15,
      "x" : 15
    }, {
      "y" : 34,
      "x" : 2.025
    } ],
    "resourceId" : "sid-AB38BBBE-3676-49E8-BA1D-32D4B9380376",
    "labels" : [ ],
    "layers" : [ ],
    "target" : {
      "resourceId" : "sid-D70DE930-BDA7-403B-8241-F29AB2294F83"
    },
    "childShapes" : [ ],
    "properties" : {
      "id" : "",
      "label" : "",
      "transformation" : ""
    },
    "stencil" : {
      "id" : "Arc"
    },
    "outgoing" : [ {
      "resourceId" : "sid-D70DE930-BDA7-403B-8241-F29AB2294F83"
    } ],
    "formats" : {
    },
    "glossaryLinks" : {
    }
  }, {
    "bounds" : {
      "lowerRight" : {
        "y" : 300,
        "x" : 105
      },
      "upperLeft" : {
        "y" : 270,
        "x" : 75
      }
    },
    "dockers" : [ ],
    "resourceId" : "sid-76B9A7FE-D69D-4BBF-8062-DE19F0F245A7",
    "labels" : [ ],
    "layers" : [ ],
    "childShapes" : [ ],
    "properties" : {
      "exttype" : "Push",
      "id" : "",
      "title" : "",
      "external" : "false",
      "locatortypes" : "",
      "locatornames" : "",
      "numberoftokens_drawing" : "0",
      "numberoftokens_text" : "",
      "numberOfTokens" : "0",
      "locatorexpr" : "",
      "href" : ""
    },
    "stencil" : {
      "id" : "Place"
    },
    "outgoing" : [ {
      "resourceId" : "sid-4D773007-8623-48B9-87F7-5BC9CE5C8F3A"
    } ],
    "formats" : {
    },
    "glossaryLinks" : {
    }
  }, {
    "bounds" : {
      "lowerRight" : {
        "y" : 305,
        "x" : 205
      },
      "upperLeft" : {
        "y" : 265,
        "x" : 165
      }
    },
    "dockers" : [ ],
    "resourceId" : "sid-3AE6002B-5C62-4CE1-981C-3D608442BD4B",
    "labels" : [ ],
    "layers" : [ ],
    "childShapes" : [ ],
    "properties" : {
      "id" : "",
      "title" : "C",
      "communicationtype" : "Default",
      "communicationchannel" : "",
      "guard" : "",
      "oform" : "",
      "omodel" : "",
      "firetype" : "Automatic",
      "href" : ""
    },
    "stencil" : {
      "id" : "Transition"
    },
    "outgoing" : [ {
      "resourceId" : "sid-5518F3A5-0FC1-4B33-9F72-EBD5D1D670D8"
    }, {
      "resourceId" : "sid-E71AC546-F001-40B9-8FFD-4D6018DB535E"
    } ],
    "formats" : {
    },
    "glossaryLinks" : {
    }
  }, {
    "bounds" : {
      "lowerRight" : {
        "y" : 285,
        "x" : 164.703125
      },
      "upperLeft" : {
        "y" : 285,
        "x" : 105.84375
      }
    },
    "dockers" : [ {
      "y" : 15,
      "x" : 15
    }, {
      "y" : 20,
      "x" : 20
    } ],
    "resourceId" : "sid-4D773007-8623-48B9-87F7-5BC9CE5C8F3A",
    "labels" : [ ],
    "layers" : [ ],
    "target" : {
      "resourceId" : "sid-3AE6002B-5C62-4CE1-981C-3D608442BD4B"
    },
    "childShapes" : [ ],
    "properties" : {
      "id" : "",
      "label" : "",
      "transformation" : ""
    },
    "stencil" : {
      "id" : "Arc"
    },
    "outgoing" : [ {
      "resourceId" : "sid-3AE6002B-5C62-4CE1-981C-3D608442BD4B"
    } ],
    "formats" : {
    },
    "glossaryLinks" : {
    }
  }, {
    "bounds" : {
      "lowerRight" : {
        "y" : 279.1463414634146,
        "x" : 375.4269813429917
      },
      "upperLeft" : {
        "y" : 229.26527375327072,
        "x" : 205
      }
    },
    "dockers" : [ {
      "y" : 20,
      "x" : 20
    }, {
      "y" : 15,
      "x" : 15
    } ],
    "resourceId" : "sid-5518F3A5-0FC1-4B33-9F72-EBD5D1D670D8",
    "labels" : [ ],
    "layers" : [ ],
    "target" : {
      "resourceId" : "sid-1C67983E-7440-426E-AAAF-3F1BEB9B36B4"
    },
    "childShapes" : [ ],
    "properties" : {
      "id" : "",
      "label" : "",
      "transformation" : ""
    },
    "stencil" : {
      "id" : "Arc"
    },
    "outgoing" : [ {
      "resourceId" : "sid-1C67983E-7440-426E-AAAF-3F1BEB9B36B4"
    } ],
    "formats" : {
    },
    "glossaryLinks" : {
    }
  }, {
    "bounds" : {
      "lowerRight" : {
        "y" : 382.98162413019435,
        "x" : 376.2974566351413
      },
      "upperLeft" : {
        "y" : 295.2439024390244,
        "x" : 205
      }
    },
    "dockers" : [ {
      "y" : 20,
      "x" : 20
    }, {
      "y" : 15,
      "x" : 15
    } ],
    "resourceId" : "sid-E71AC546-F001-40B9-8FFD-4D6018DB535E",
    "labels" : [ ],
    "layers" : [ ],
    "target" : {
      "resourceId" : "sid-98481077-5D15-48D2-B83D-18079489F548"
    },
    "childShapes" : [ ],
    "properties" : {
      "id" : "",
      "label" : "",
      "transformation" : ""
    },
    "stencil" : {
      "id" : "Arc"
    },
    "outgoing" : [ {
      "resourceId" : "sid-98481077-5D15-48D2-B83D-18079489F548"
    } ],
    "formats" : {
    },
    "glossaryLinks" : {
    }
  }, {
    "bounds" : {
      "lowerRight" : {
        "y" : 225,
        "x" : 494.390625
      },
      "upperLeft" : {
        "y" : 225,
        "x" : 475
      }
    },
    "dockers" : [ {
      "y" : 20,
      "x" : 20
    }, {
      "y" : 15,
      "x" : 15
    } ],
    "resourceId" : "sid-1C4A9C3B-8D27-405B-85AA-93E4F4034E18",
    "labels" : [ ],
    "layers" : [ ],
    "target" : {
      "resourceId" : "sid-D6638D58-974B-4FF5-B50D-CD8621B519B3"
    },
    "childShapes" : [ ],
    "properties" : {
      "id" : "",
      "label" : "",
      "transformation" : ""
    },
    "stencil" : {
      "id" : "Arc"
    },
    "outgoing" : [ {
      "resourceId" : "sid-D6638D58-974B-4FF5-B50D-CD8621B519B3"
    } ],
    "formats" : {
    },
    "glossaryLinks" : {
    }
  }, {
    "bounds" : {
      "lowerRight" : {
        "y" : 225,
        "x" : 434.703125
      },
      "upperLeft" : {
        "y" : 225,
        "x" : 405.21875
      }
    },
    "dockers" : [ {
      "y" : 15,
      "x" : 15
    }, {
      "y" : 20,
      "x" : 20
    } ],
    "resourceId" : "sid-1FD6FD39-F180-4C3C-BAC8-2E008172E96F",
    "labels" : [ ],
    "layers" : [ ],
    "target" : {
      "resourceId" : "sid-5C4BF3E7-CED3-4E08-B6C2-27F63B890AD8"
    },
    "childShapes" : [ ],
    "properties" : {
      "id" : "",
      "label" : "",
      "transformation" : ""
    },
    "stencil" : {
      "id" : "Arc"
    },
    "outgoing" : [ {
      "resourceId" : "sid-5C4BF3E7-CED3-4E08-B6C2-27F63B890AD8"
    } ],
    "formats" : {
    },
    "glossaryLinks" : {
    }
  }, {
    "bounds" : {
      "lowerRight" : {
        "y" : 245,
        "x" : 595
      },
      "upperLeft" : {
        "y" : 205,
        "x" : 555
      }
    },
    "dockers" : [ ],
    "resourceId" : "sid-20582691-DA6E-4AC6-94A9-0F2451500B89",
    "labels" : [ ],
    "layers" : [ ],
    "childShapes" : [ ],
    "properties" : {
      "id" : "",
      "title" : "D",
      "communicationtype" : "Default",
      "communicationchannel" : "",
      "guard" : "",
      "oform" : "",
      "omodel" : "",
      "firetype" : "Automatic",
      "href" : ""
    },
    "stencil" : {
      "id" : "Transition"
    },
    "outgoing" : [ {
      "resourceId" : "sid-6663610C-63DC-40B9-870E-1FF8F3F1ADE2"
    } ],
    "formats" : {
    },
    "glossaryLinks" : {
    }
  }, {
    "bounds" : {
      "lowerRight" : {
        "y" : 225,
        "x" : 554.703125
      },
      "upperLeft" : {
        "y" : 225,
        "x" : 525.21875
      }
    },
    "dockers" : [ {
      "y" : 15,
      "x" : 15
    }, {
      "y" : 20,
      "x" : 20
    } ],
    "resourceId" : "sid-9ED4D79C-24AB-4C95-921D-6770FD298EA5",
    "labels" : [ ],
    "layers" : [ ],
    "target" : {
      "resourceId" : "sid-20582691-DA6E-4AC6-94A9-0F2451500B89"
    },
    "childShapes" : [ ],
    "properties" : {
      "id" : "",
      "label" : "",
      "transformation" : ""
    },
    "stencil" : {
      "id" : "Arc"
    },
    "outgoing" : [ {
      "resourceId" : "sid-20582691-DA6E-4AC6-94A9-0F2451500B89"
    } ],
    "formats" : {
    },
    "glossaryLinks" : {
    }
  }, {
    "bounds" : {
      "lowerRight" : {
        "y" : 240,
        "x" : 660
      },
      "upperLeft" : {
        "y" : 210,
        "x" : 630
      }
    },
    "dockers" : [ ],
    "resourceId" : "sid-177E2AB9-66CC-471B-8529-003EB7380489",
    "labels" : [ ],
    "layers" : [ ],
    "childShapes" : [ ],
    "properties" : {
      "exttype" : "Push",
      "id" : "",
      "title" : "",
      "external" : "false",
      "locatortypes" : "",
      "locatornames" : "",
      "numberoftokens_drawing" : "0",
      "numberoftokens_text" : "",
      "numberOfTokens" : "0",
      "locatorexpr" : "",
      "href" : ""
    },
    "stencil" : {
      "id" : "Place"
    },
    "outgoing" : [ {
      "resourceId" : "sid-867234BF-B41C-40B9-8F5E-314B7F1D3472"
    } ],
    "formats" : {
    },
    "glossaryLinks" : {
    }
  }, {
    "bounds" : {
      "lowerRight" : {
        "y" : 245,
        "x" : 745
      },
      "upperLeft" : {
        "y" : 205,
        "x" : 705
      }
    },
    "dockers" : [ ],
    "resourceId" : "sid-CC438346-16DA-478A-B1B2-340DC2AAAE15",
    "labels" : [ ],
    "layers" : [ ],
    "childShapes" : [ ],
    "properties" : {
      "id" : "",
      "title" : "E",
      "communicationtype" : "Default",
      "communicationchannel" : "",
      "guard" : "",
      "oform" : "",
      "omodel" : "",
      "firetype" : "Automatic",
      "href" : ""
    },
    "stencil" : {
      "id" : "Transition"
    },
    "outgoing" : [ {
      "resourceId" : "sid-EB9A5BA0-322D-4703-B4AB-0439B93B742D"
    } ],
    "formats" : {
    },
    "glossaryLinks" : {
    }
  }, {
    "bounds" : {
      "lowerRight" : {
        "y" : 225,
        "x" : 629.78125
      },
      "upperLeft" : {
        "y" : 225,
        "x" : 595
      }
    },
    "dockers" : [ {
      "y" : 20,
      "x" : 20
    }, {
      "y" : 15,
      "x" : 15
    } ],
    "resourceId" : "sid-6663610C-63DC-40B9-870E-1FF8F3F1ADE2",
    "labels" : [ ],
    "layers" : [ ],
    "target" : {
      "resourceId" : "sid-177E2AB9-66CC-471B-8529-003EB7380489"
    },
    "childShapes" : [ ],
    "properties" : {
      "id" : "",
      "label" : "",
      "transformation" : ""
    },
    "stencil" : {
      "id" : "Arc"
    },
    "outgoing" : [ {
      "resourceId" : "sid-177E2AB9-66CC-471B-8529-003EB7380489"
    } ],
    "formats" : {
    },
    "glossaryLinks" : {
    }
  }, {
    "bounds" : {
      "lowerRight" : {
        "y" : 225,
        "x" : 704.625
      },
      "upperLeft" : {
        "y" : 225,
        "x" : 660.375
      }
    },
    "dockers" : [ {
      "y" : 15,
      "x" : 15
    }, {
      "y" : 20,
      "x" : 20
    } ],
    "resourceId" : "sid-867234BF-B41C-40B9-8F5E-314B7F1D3472",
    "labels" : [ ],
    "layers" : [ ],
    "target" : {
      "resourceId" : "sid-CC438346-16DA-478A-B1B2-340DC2AAAE15"
    },
    "childShapes" : [ ],
    "properties" : {
      "id" : "",
      "label" : "",
      "transformation" : ""
    },
    "stencil" : {
      "id" : "Arc"
    },
    "outgoing" : [ {
      "resourceId" : "sid-CC438346-16DA-478A-B1B2-340DC2AAAE15"
    } ],
    "formats" : {
    },
    "glossaryLinks" : {
    }
  }, {
    "bounds" : {
      "lowerRight" : {
        "y" : 240,
        "x" : 810
      },
      "upperLeft" : {
        "y" : 210,
        "x" : 780
      }
    },
    "dockers" : [ ],
    "resourceId" : "sid-05A7AFF4-B735-4201-99D3-D1BE102B7F21",
    "labels" : [ ],
    "layers" : [ ],
    "childShapes" : [ ],
    "properties" : {
      "exttype" : "Push",
      "id" : "",
      "title" : "",
      "external" : "false",
      "locatortypes" : "",
      "locatornames" : "",
      "numberoftokens_drawing" : "0",
      "numberoftokens_text" : "",
      "numberOfTokens" : "0",
      "locatorexpr" : "",
      "href" : ""
    },
    "stencil" : {
      "id" : "Place"
    },
    "outgoing" : [ {
      "resourceId" : "sid-B143D891-D106-46FE-A48C-B69A38BA98AD"
    }, {
      "resourceId" : "sid-9B286049-249D-4FA7-AB69-D9661D80B465"
    } ],
    "formats" : {
    },
    "glossaryLinks" : {
    }
  }, {
    "bounds" : {
      "lowerRight" : {
        "y" : 225,
        "x" : 779.78125
      },
      "upperLeft" : {
        "y" : 225,
        "x" : 745
      }
    },
    "dockers" : [ {
      "y" : 20,
      "x" : 20
    }, {
      "y" : 15,
      "x" : 15
    } ],
    "resourceId" : "sid-EB9A5BA0-322D-4703-B4AB-0439B93B742D",
    "labels" : [ ],
    "layers" : [ ],
    "target" : {
      "resourceId" : "sid-05A7AFF4-B735-4201-99D3-D1BE102B7F21"
    },
    "childShapes" : [ ],
    "properties" : {
      "id" : "",
      "label" : "",
      "transformation" : ""
    },
    "stencil" : {
      "id" : "Arc"
    },
    "outgoing" : [ {
      "resourceId" : "sid-05A7AFF4-B735-4201-99D3-D1BE102B7F21"
    } ],
    "formats" : {
    },
    "glossaryLinks" : {
    }
  }, {
    "bounds" : {
      "lowerRight" : {
        "y" : 379,
        "x" : 979
      },
      "upperLeft" : {
        "y" : 311,
        "x" : 898
      }
    },
    "dockers" : [ ],
    "resourceId" : "sid-2681B7C2-7217-4AB4-93F5-58E0A57C42D3",
    "labels" : [ ],
    "layers" : [ ],
    "childShapes" : [ ],
    "properties" : {
      "id" : "",
      "title" : "F",
      "communicationtype" : "Default",
      "communicationchannel" : "",
      "guard" : "",
      "oform" : "",
      "omodel" : "",
      "firetype" : "Automatic",
      "href" : ""
    },
    "stencil" : {
      "id" : "Transition"
    },
    "outgoing" : [ {
      "resourceId" : "sid-AE116E1B-8A65-4212-88BF-D5AA3F01D223"
    } ],
    "formats" : {
    },
    "glossaryLinks" : {
    }
  }, {
    "bounds" : {
      "lowerRight" : {
        "y" : 476,
        "x" : 644.5
      },
      "upperLeft" : {
        "y" : 420,
        "x" : 506.5
      }
    },
    "dockers" : [ ],
    "resourceId" : "sid-8E49CFF7-8FB1-49C7-9150-85C5EB14C198",
    "labels" : [ ],
    "layers" : [ ],
    "childShapes" : [ ],
    "properties" : {
      "id" : "",
      "title" : "G",
      "communicationtype" : "Default",
      "communicationchannel" : "",
      "guard" : "",
      "oform" : "",
      "omodel" : "",
      "firetype" : "Automatic",
      "href" : ""
    },
    "stencil" : {
      "id" : "Transition"
    },
    "outgoing" : [ {
      "resourceId" : "sid-BD556E44-857F-4631-9DAE-B45D67EF4126"
    } ],
    "formats" : {
    },
    "glossaryLinks" : {
    }
  }, {
    "bounds" : {
      "lowerRight" : {
        "y" : 447.1042461836425,
        "x" : 505.6853263203102
      },
      "upperLeft" : {
        "y" : 396.7863788163575,
        "x" : 403.7482674296898
      }
    },
    "dockers" : [ {
      "y" : 15,
      "x" : 15
    }, {
      "y" : 28,
      "x" : 1
    } ],
    "resourceId" : "sid-ABD0ED71-FBCF-42B7-BCFB-AAED4155EBAE",
    "labels" : [ ],
    "layers" : [ ],
    "target" : {
      "resourceId" : "sid-8E49CFF7-8FB1-49C7-9150-85C5EB14C198"
    },
    "childShapes" : [ ],
    "properties" : {
      "id" : "",
      "label" : "",
      "transformation" : ""
    },
    "stencil" : {
      "id" : "Arc"
    },
    "outgoing" : [ {
      "resourceId" : "sid-8E49CFF7-8FB1-49C7-9150-85C5EB14C198"
    } ],
    "formats" : {
    },
    "glossaryLinks" : {
    }
  }, {
    "bounds" : {
      "lowerRight" : {
        "y" : 463,
        "x" : 810
      },
      "upperLeft" : {
        "y" : 433,
        "x" : 780
      }
    },
    "dockers" : [ ],
    "resourceId" : "sid-EBBB1651-D152-403F-A9C3-7B97993F41B5",
    "labels" : [ ],
    "layers" : [ ],
    "childShapes" : [ ],
    "properties" : {
      "exttype" : "Push",
      "id" : "",
      "title" : "",
      "external" : "false",
      "locatortypes" : "",
      "locatornames" : "",
      "numberoftokens_drawing" : "0",
      "numberoftokens_text" : "",
      "numberOfTokens" : "0",
      "locatorexpr" : "",
      "href" : ""
    },
    "stencil" : {
      "id" : "Place"
    },
    "outgoing" : [ {
      "resourceId" : "sid-4D272EB9-576B-4F61-AB3F-2704B6DC8114"
    } ],
    "formats" : {
    },
    "glossaryLinks" : {
    }
  }, {
    "bounds" : {
      "lowerRight" : {
        "y" : 448,
        "x" : 779.423828125
      },
      "upperLeft" : {
        "y" : 448,
        "x" : 644.5
      }
    },
    "dockers" : [ {
      "y" : 28,
      "x" : 69
    }, {
      "y" : 15,
      "x" : 15
    } ],
    "resourceId" : "sid-BD556E44-857F-4631-9DAE-B45D67EF4126",
    "labels" : [ ],
    "layers" : [ ],
    "target" : {
      "resourceId" : "sid-EBBB1651-D152-403F-A9C3-7B97993F41B5"
    },
    "childShapes" : [ ],
    "properties" : {
      "id" : "",
      "label" : "",
      "transformation" : ""
    },
    "stencil" : {
      "id" : "Arc"
    },
    "outgoing" : [ {
      "resourceId" : "sid-EBBB1651-D152-403F-A9C3-7B97993F41B5"
    } ],
    "formats" : {
    },
    "glossaryLinks" : {
    }
  }, {
    "bounds" : {
      "lowerRight" : {
        "y" : 482,
        "x" : 978.5
      },
      "upperLeft" : {
        "y" : 414,
        "x" : 897.5
      }
    },
    "dockers" : [ ],
    "resourceId" : "sid-3DF88EF4-2E20-4264-80C8-3F990497F477",
    "labels" : [ ],
    "layers" : [ ],
    "childShapes" : [ ],
    "properties" : {
      "id" : "",
      "title" : "H",
      "communicationtype" : "Default",
      "communicationchannel" : "",
      "guard" : "",
      "oform" : "",
      "omodel" : "",
      "firetype" : "Automatic",
      "href" : ""
    },
    "stencil" : {
      "id" : "Transition"
    },
    "outgoing" : [ {
      "resourceId" : "sid-7CE7B0B8-A10D-4AE4-9F23-1EDF4CFD09ED"
    } ],
    "formats" : {
    },
    "glossaryLinks" : {
    }
  }, {
    "bounds" : {
      "lowerRight" : {
        "y" : 448,
        "x" : 896.78125
      },
      "upperLeft" : {
        "y" : 448,
        "x" : 810.5234375
      }
    },
    "dockers" : [ {
      "y" : 15,
      "x" : 15
    }, {
      "y" : 34,
      "x" : 40.5
    } ],
    "resourceId" : "sid-4D272EB9-576B-4F61-AB3F-2704B6DC8114",
    "labels" : [ ],
    "layers" : [ ],
    "target" : {
      "resourceId" : "sid-3DF88EF4-2E20-4264-80C8-3F990497F477"
    },
    "childShapes" : [ ],
    "properties" : {
      "id" : "",
      "label" : "",
      "transformation" : ""
    },
    "stencil" : {
      "id" : "Arc"
    },
    "outgoing" : [ {
      "resourceId" : "sid-3DF88EF4-2E20-4264-80C8-3F990497F477"
    } ],
    "formats" : {
    },
    "glossaryLinks" : {
    }
  }, {
    "bounds" : {
      "lowerRight" : {
        "y" : 345,
        "x" : 897.140625
      },
      "upperLeft" : {
        "y" : 345,
        "x" : 810.57421875
      }
    },
    "dockers" : [ {
      "y" : 15,
      "x" : 15
    }, {
      "y" : 34,
      "x" : 40.5
    } ],
    "resourceId" : "sid-2C01821C-5C3F-450F-B6C7-D4ECB75F69BE",
    "labels" : [ ],
    "layers" : [ ],
    "target" : {
      "resourceId" : "sid-2681B7C2-7217-4AB4-93F5-58E0A57C42D3"
    },
    "childShapes" : [ ],
    "properties" : {
      "id" : "",
      "label" : "",
      "transformation" : ""
    },
    "stencil" : {
      "id" : "Arc"
    },
    "outgoing" : [ {
      "resourceId" : "sid-2681B7C2-7217-4AB4-93F5-58E0A57C42D3"
    } ],
    "formats" : {
    },
    "glossaryLinks" : {
    }
  }, {
    "bounds" : {
      "lowerRight" : {
        "y" : 413.1855525730161,
        "x" : 897.6750404391987
      },
      "upperLeft" : {
        "y" : 238.37453677392696,
        "x" : 802.2972185449022
      }
    },
    "dockers" : [ {
      "y" : 15,
      "x" : 15
    }, {
      "y" : 413.1855525730161,
      "x" : 897.6750404391987
    } ],
    "resourceId" : "sid-9B286049-249D-4FA7-AB69-D9661D80B465",
    "labels" : [ ],
    "layers" : [ ],
    "childShapes" : [ ],
    "properties" : {
      "id" : "",
      "label" : "",
      "transformation" : ""
    },
    "stencil" : {
      "id" : "Arc"
    },
    "outgoing" : [ ],
    "formats" : {
    },
    "glossaryLinks" : {
    }
  }, {
    "bounds" : {
      "lowerRight" : {
        "y" : 310.25,
        "x" : 938.5
      },
      "upperLeft" : {
        "y" : 225,
        "x" : 810.57421875
      }
    },
    "dockers" : [ {
      "y" : 15,
      "x" : 15
    }, {
      "y" : 225,
      "x" : 938.5
    }, {
      "y" : 34,
      "x" : 40.5
    } ],
    "resourceId" : "sid-B143D891-D106-46FE-A48C-B69A38BA98AD",
    "labels" : [ ],
    "layers" : [ ],
    "target" : {
      "resourceId" : "sid-2681B7C2-7217-4AB4-93F5-58E0A57C42D3"
    },
    "childShapes" : [ ],
    "properties" : {
      "id" : "",
      "label" : "",
      "transformation" : ""
    },
    "stencil" : {
      "id" : "Arc"
    },
    "outgoing" : [ {
      "resourceId" : "sid-2681B7C2-7217-4AB4-93F5-58E0A57C42D3"
    } ],
    "formats" : {
    },
    "glossaryLinks" : {
    }
  }, {
    "bounds" : {
      "lowerRight" : {
        "y" : 405,
        "x" : 1185
      },
      "upperLeft" : {
        "y" : 375,
        "x" : 1155
      }
    },
    "dockers" : [ ],
    "resourceId" : "sid-488BA128-A800-4795-8C54-354D0AD069BA",
    "labels" : [ ],
    "layers" : [ ],
    "childShapes" : [ ],
    "properties" : {
      "exttype" : "Push",
      "id" : "",
      "title" : "",
      "external" : "false",
      "locatortypes" : "",
      "locatornames" : "",
      "numberoftokens_drawing" : "0",
      "numberoftokens_text" : "",
      "numberOfTokens" : "0",
      "locatorexpr" : "",
      "href" : ""
    },
    "stencil" : {
      "id" : "Place"
    },
    "outgoing" : [ ],
    "formats" : {
    },
    "glossaryLinks" : {
    }
  }, {
    "bounds" : {
      "lowerRight" : {
        "y" : 437.875,
        "x" : 1154.5298574998546
      },
      "upperLeft" : {
        "y" : 393.86753562503634,
        "x" : 978.5
      }
    },
    "dockers" : [ {
      "y" : 34,
      "x" : 40.5
    }, {
      "y" : 15,
      "x" : 15
    } ],
    "resourceId" : "sid-7CE7B0B8-A10D-4AE4-9F23-1EDF4CFD09ED",
    "labels" : [ ],
    "layers" : [ ],
    "target" : {
      "resourceId" : "sid-488BA128-A800-4795-8C54-354D0AD069BA"
    },
    "childShapes" : [ ],
    "properties" : {
      "id" : "",
      "label" : "",
      "transformation" : ""
    },
    "stencil" : {
      "id" : "Arc"
    },
    "outgoing" : [ {
      "resourceId" : "sid-488BA128-A800-4795-8C54-354D0AD069BA"
    } ],
    "formats" : {
    },
    "glossaryLinks" : {
    }
  }, {
    "bounds" : {
      "lowerRight" : {
        "y" : 386.99668708855097,
        "x" : 1154.5496235777678
      },
      "upperLeft" : {
        "y" : 352.8725701943845,
        "x" : 979
      }
    },
    "dockers" : [ {
      "y" : 34,
      "x" : 40.5
    }, {
      "y" : 15,
      "x" : 15
    } ],
    "resourceId" : "sid-AE116E1B-8A65-4212-88BF-D5AA3F01D223",
    "labels" : [ ],
    "layers" : [ ],
    "target" : {
      "resourceId" : "sid-488BA128-A800-4795-8C54-354D0AD069BA"
    },
    "childShapes" : [ ],
    "properties" : {
      "id" : "",
      "label" : "",
      "transformation" : ""
    },
    "stencil" : {
      "id" : "Arc"
    },
    "outgoing" : [ {
      "resourceId" : "sid-488BA128-A800-4795-8C54-354D0AD069BA"
    } ],
    "formats" : {
    },
    "glossaryLinks" : {
    }
  } ],
  "properties" : {
    "author" : "",
    "title" : "",
    "engine" : "false",
    "modificationdate" : "10/07/07",
    "documentation" : "",
    "language" : "English",
    "creationdate" : "10/07/07",
    "version" : ""
  },
  "stencilset" : {
    "url" : "/stencilsets/petrinets/petrinet.json?version=5.2.1",
    "namespace" : "http://b3mn.org/stencilset/petrinet#"
  },
  "ssextensions" : [ ],
  "stencil" : {
    "id" : "Diagram"
  },
  "formats" : {
  }
}