{
  "bounds" : {
    "lowerRight" : {
      "y" : 1050,
      "x" : 1485
    },
    "upperLeft" : {
      "y" : 0,
      "x" : 0
    }
  },
  "resourceId" : "canvas",
  "childShapes" : [ {
    "bounds" : {
      "lowerRight" : {
        "y" : 287,
        "x" : 542
      },
      "upperLeft" : {
        "y" : 225,
        "x" : 465
      }
    },
    "dockers" : [ ],
    "resourceId" : "sid-975F3B99-ED6B-4FCC-BAE1-0F0957012E65",
    "labels" : [ ],
    "layers" : [ ],
    "childShapes" : [ ],
    "properties" : {
      "id" : "",
      "title" : "A",
      "communicationtype" : "Default",
      "communicationchannel" : "",
      "guard" : "",
      "oform" : "",
      "omodel" : "",
      "firetype" : "Automatic",
      "href" : ""
    },
    "stencil" : {
      "id" : "Transition"
    },
    "outgoing" : [ {
      "resourceId" : "sid-0A12FC24-D81F-4BE6-BD5C-0F330CE701D0"
    } ],
    "formats" : {
    },
    "glossaryLinks" : {
    }
  }, {
    "bounds" : {
      "lowerRight" : {
        "y" : 300,
        "x" : 300
      },
      "upperLeft" : {
        "y" : 270,
        "x" : 270
      }
    },
    "dockers" : [ ],
    "resourceId" : "sid-2B3024D9-9546-4842-A4F9-1E8533CD1D81",
    "labels" : [ ],
    "layers" : [ ],
    "childShapes" : [ ],
    "properties" : {
      "exttype" : "Push",
      "id" : "",
      "title" : "B",
      "external" : "false",
      "locatortypes" : "",
      "locatornames" : "",
      "numberoftokens_drawing" : "0",
      "numberoftokens_text" : "",
      "numberOfTokens" : "0",
      "locatorexpr" : "",
      "href" : ""
    },
    "stencil" : {
      "id" : "Place"
    },
    "outgoing" : [ {
      "resourceId" : "sid-B4B07A79-F2C1-4332-B28F-1DDEF60F1B8D"
    }, {
      "resourceId" : "sid-B3E786A5-F7D3-4B82-AA4B-30DF6D2F3C74"
    } ],
    "formats" : {
    },
    "glossaryLinks" : {
    }
  }, {
    "bounds" : {
      "lowerRight" : {
        "y" : 282.94264940397335,
        "x" : 464.9540055307992
      },
      "upperLeft" : {
        "y" : 261.11594434602665,
        "x" : 300.5010725942008
      }
    },
    "dockers" : [ {
      "y" : 15,
      "x" : 15
    }, {
      "y" : 31,
      "x" : 38.5
    } ],
    "resourceId" : "sid-B4B07A79-F2C1-4332-B28F-1DDEF60F1B8D",
    "labels" : [ ],
    "layers" : [ ],
    "target" : {
      "resourceId" : "sid-975F3B99-ED6B-4FCC-BAE1-0F0957012E65"
    },
    "childShapes" : [ ],
    "properties" : {
      "id" : "",
      "label" : "",
      "transformation" : ""
    },
    "stencil" : {
      "id" : "Arc"
    },
    "outgoing" : [ {
      "resourceId" : "sid-975F3B99-ED6B-4FCC-BAE1-0F0957012E65"
    } ],
    "formats" : {
    },
    "glossaryLinks" : {
    }
  }, {
    "bounds" : {
      "lowerRight" : {
        "y" : 195,
        "x" : 345
      },
      "upperLeft" : {
        "y" : 165,
        "x" : 315
      }
    },
    "dockers" : [ ],
    "resourceId" : "sid-D63283C1-9F0F-41FE-9A21-1A731101D030",
    "labels" : [ ],
    "layers" : [ ],
    "childShapes" : [ ],
    "properties" : {
      "exttype" : "Push",
      "id" : "",
      "title" : "C",
      "external" : "false",
      "locatortypes" : "",
      "locatornames" : "",
      "numberoftokens_drawing" : "0",
      "numberoftokens_text" : "",
      "numberOfTokens" : "0",
      "locatorexpr" : "",
      "href" : ""
    },
    "stencil" : {
      "id" : "Place"
    },
    "outgoing" : [ {
      "resourceId" : "sid-8682FBD2-B509-48A2-B897-F15E082FBB02"
    } ],
    "formats" : {
    },
    "glossaryLinks" : {
    }
  }, {
    "bounds" : {
      "lowerRight" : {
        "y" : 238.97376577917595,
        "x" : 464.6308995090398
      },
      "upperLeft" : {
        "y" : 186.33873422082405,
        "x" : 344.4706629909602
      }
    },
    "dockers" : [ {
      "y" : 15,
      "x" : 15
    }, {
      "y" : 31,
      "x" : 38.5
    } ],
    "resourceId" : "sid-8682FBD2-B509-48A2-B897-F15E082FBB02",
    "labels" : [ ],
    "layers" : [ ],
    "target" : {
      "resourceId" : "sid-975F3B99-ED6B-4FCC-BAE1-0F0957012E65"
    },
    "childShapes" : [ ],
    "properties" : {
      "id" : "",
      "label" : "",
      "transformation" : ""
    },
    "stencil" : {
      "id" : "Arc"
    },
    "outgoing" : [ {
      "resourceId" : "sid-975F3B99-ED6B-4FCC-BAE1-0F0957012E65"
    } ],
    "formats" : {
    },
    "glossaryLinks" : {
    }
  }, {
    "bounds" : {
      "lowerRight" : {
        "y" : 377,
        "x" : 542
      },
      "upperLeft" : {
        "y" : 315,
        "x" : 465
      }
    },
    "dockers" : [ ],
    "resourceId" : "sid-1CC0F718-BF31-4CB0-9FC7-19A0D6B7255B",
    "labels" : [ ],
    "layers" : [ ],
    "childShapes" : [ ],
    "properties" : {
      "id" : "",
      "title" : "D",
      "communicationtype" : "Default",
      "communicationchannel" : "",
      "guard" : "",
      "oform" : "",
      "omodel" : "",
      "firetype" : "Automatic",
      "href" : ""
    },
    "stencil" : {
      "id" : "Transition"
    },
    "outgoing" : [ {
      "resourceId" : "sid-A32271A8-6FA4-4E2C-8B52-DD0F4755AD6C"
    } ],
    "formats" : {
    },
    "glossaryLinks" : {
    }
  }, {
    "bounds" : {
      "lowerRight" : {
        "y" : 335.2467309264812,
        "x" : 464.9821427448548
      },
      "upperLeft" : {
        "y" : 289.0813940735188,
        "x" : 299.6194197551452
      }
    },
    "dockers" : [ {
      "y" : 15,
      "x" : 15
    }, {
      "y" : 31,
      "x" : 38.5
    } ],
    "resourceId" : "sid-B3E786A5-F7D3-4B82-AA4B-30DF6D2F3C74",
    "labels" : [ ],
    "layers" : [ ],
    "target" : {
      "resourceId" : "sid-1CC0F718-BF31-4CB0-9FC7-19A0D6B7255B"
    },
    "childShapes" : [ ],
    "properties" : {
      "id" : "",
      "label" : "",
      "transformation" : ""
    },
    "stencil" : {
      "id" : "Arc"
    },
    "outgoing" : [ {
      "resourceId" : "sid-1CC0F718-BF31-4CB0-9FC7-19A0D6B7255B"
    } ],
    "formats" : {
    },
    "glossaryLinks" : {
    }
  }, {
    "bounds" : {
      "lowerRight" : {
        "y" : 390,
        "x" : 345
      },
      "upperLeft" : {
        "y" : 360,
        "x" : 315
      }
    },
    "dockers" : [ ],
    "resourceId" : "sid-4E102E5B-03E7-4A47-BF33-AF9D6FB12F22",
    "labels" : [ ],
    "layers" : [ ],
    "childShapes" : [ ],
    "properties" : {
      "exttype" : "Push",
      "id" : "",
      "title" : "E",
      "external" : "false",
      "locatortypes" : "",
      "locatornames" : "",
      "numberoftokens_drawing" : "0",
      "numberoftokens_text" : "",
      "numberOfTokens" : "0",
      "locatorexpr" : "",
      "href" : ""
    },
    "stencil" : {
      "id" : "Place"
    },
    "outgoing" : [ {
      "resourceId" : "sid-84E72D23-7E11-4B61-B75E-FEDA44D1D000"
    } ],
    "formats" : {
    },
    "glossaryLinks" : {
    }
  }, {
    "bounds" : {
      "lowerRight" : {
        "y" : 260,
        "x" : 630
      },
      "upperLeft" : {
        "y" : 230,
        "x" : 600
      }
    },
    "dockers" : [ ],
    "resourceId" : "sid-A4FC1AA8-0950-48A0-9920-B42C11C82F30",
    "labels" : [ ],
    "layers" : [ ],
    "childShapes" : [ ],
    "properties" : {
      "exttype" : "Push",
      "id" : "",
      "title" : "",
      "external" : "false",
      "locatortypes" : "",
      "locatornames" : "",
      "numberoftokens_drawing" : "0",
      "numberoftokens_text" : "",
      "numberOfTokens" : "0",
      "locatorexpr" : "",
      "href" : ""
    },
    "stencil" : {
      "id" : "Place"
    },
    "outgoing" : [ {
      "resourceId" : "sid-D5974A46-C898-4624-8BD4-26CD57FD0D66"
    } ],
    "formats" : {
    },
    "glossaryLinks" : {
    }
  }, {
    "bounds" : {
      "lowerRight" : {
        "y" : 252.2017937219731,
        "x" : 600.0673311390138
      },
      "upperLeft" : {
        "y" : 246.47317809390896,
        "x" : 542
      }
    },
    "dockers" : [ {
      "y" : 31,
      "x" : 38.5
    }, {
      "y" : 15,
      "x" : 15
    } ],
    "resourceId" : "sid-0A12FC24-D81F-4BE6-BD5C-0F330CE701D0",
    "labels" : [ ],
    "layers" : [ ],
    "target" : {
      "resourceId" : "sid-A4FC1AA8-0950-48A0-9920-B42C11C82F30"
    },
    "childShapes" : [ ],
    "properties" : {
      "id" : "",
      "label" : "",
      "transformation" : ""
    },
    "stencil" : {
      "id" : "Arc"
    },
    "outgoing" : [ {
      "resourceId" : "sid-A4FC1AA8-0950-48A0-9920-B42C11C82F30"
    } ],
    "formats" : {
    },
    "glossaryLinks" : {
    }
  }, {
    "bounds" : {
      "lowerRight" : {
        "y" : 350,
        "x" : 630
      },
      "upperLeft" : {
        "y" : 320,
        "x" : 600
      }
    },
    "dockers" : [ ],
    "resourceId" : "sid-2B3103FF-A779-45C0-81AB-B14DCB95C7B2",
    "labels" : [ ],
    "layers" : [ ],
    "childShapes" : [ ],
    "properties" : {
      "exttype" : "Push",
      "id" : "",
      "title" : "",
      "external" : "false",
      "locatortypes" : "",
      "locatornames" : "",
      "numberoftokens_drawing" : "0",
      "numberoftokens_text" : "",
      "numberOfTokens" : "0",
      "locatorexpr" : "",
      "href" : ""
    },
    "stencil" : {
      "id" : "Place"
    },
    "outgoing" : [ {
      "resourceId" : "sid-30B32782-4ED5-4D66-9635-E260870890D4"
    } ],
    "formats" : {
    },
    "glossaryLinks" : {
    }
  }, {
    "bounds" : {
      "lowerRight" : {
        "y" : 342.2017937219731,
        "x" : 600.0673311390138
      },
      "upperLeft" : {
        "y" : 336.4731780939089,
        "x" : 542
      }
    },
    "dockers" : [ {
      "y" : 31,
      "x" : 38.5
    }, {
      "y" : 15,
      "x" : 15
    } ],
    "resourceId" : "sid-A32271A8-6FA4-4E2C-8B52-DD0F4755AD6C",
    "labels" : [ ],
    "layers" : [ ],
    "target" : {
      "resourceId" : "sid-2B3103FF-A779-45C0-81AB-B14DCB95C7B2"
    },
    "childShapes" : [ ],
    "properties" : {
      "id" : "",
      "label" : "",
      "transformation" : ""
    },
    "stencil" : {
      "id" : "Arc"
    },
    "outgoing" : [ {
      "resourceId" : "sid-2B3103FF-A779-45C0-81AB-B14DCB95C7B2"
    } ],
    "formats" : {
    },
    "glossaryLinks" : {
    }
  }, {
    "bounds" : {
      "lowerRight" : {
        "y" : 265,
        "x" : 752
      },
      "upperLeft" : {
        "y" : 225,
        "x" : 675
      }
    },
    "dockers" : [ ],
    "resourceId" : "sid-C51BBB2D-A05C-4C5F-8552-EC949815C122",
    "labels" : [ ],
    "layers" : [ ],
    "childShapes" : [ ],
    "properties" : {
      "id" : "",
      "title" : "F",
      "communicationtype" : "Default",
      "communicationchannel" : "",
      "guard" : "",
      "oform" : "",
      "omodel" : "",
      "firetype" : "Automatic",
      "href" : ""
    },
    "stencil" : {
      "id" : "Transition"
    },
    "outgoing" : [ {
      "resourceId" : "sid-76BFA1BC-FF75-4BCC-96CB-D149786E33C3"
    }, {
      "resourceId" : "sid-4EF409BC-5674-4AEE-8058-0E4A444E95A8"
    } ],
    "formats" : {
    },
    "glossaryLinks" : {
    }
  }, {
    "bounds" : {
      "lowerRight" : {
        "y" : 355,
        "x" : 827
      },
      "upperLeft" : {
        "y" : 315,
        "x" : 750
      }
    },
    "dockers" : [ ],
    "resourceId" : "sid-FA5F65AE-E86A-4E43-B028-98BCEBAD287D",
    "labels" : [ ],
    "layers" : [ ],
    "childShapes" : [ ],
    "properties" : {
      "id" : "",
      "title" : "G",
      "communicationtype" : "Default",
      "communicationchannel" : "",
      "guard" : "",
      "oform" : "",
      "omodel" : "",
      "firetype" : "Automatic",
      "href" : ""
    },
    "stencil" : {
      "id" : "Transition"
    },
    "outgoing" : [ {
      "resourceId" : "sid-F5460125-F5D4-49A4-B936-7373183A5E2E"
    }, {
      "resourceId" : "sid-AC79A45E-213F-430C-9914-88A7B08E0944"
    } ],
    "formats" : {
    },
    "glossaryLinks" : {
    }
  }, {
    "bounds" : {
      "lowerRight" : {
        "y" : 335,
        "x" : 749.546875
      },
      "upperLeft" : {
        "y" : 335,
        "x" : 630.91015625
      }
    },
    "dockers" : [ {
      "y" : 15,
      "x" : 15
    }, {
      "y" : 20,
      "x" : 38.5
    } ],
    "resourceId" : "sid-30B32782-4ED5-4D66-9635-E260870890D4",
    "labels" : [ ],
    "layers" : [ ],
    "target" : {
      "resourceId" : "sid-FA5F65AE-E86A-4E43-B028-98BCEBAD287D"
    },
    "childShapes" : [ ],
    "properties" : {
      "id" : "",
      "label" : "",
      "transformation" : ""
    },
    "stencil" : {
      "id" : "Arc"
    },
    "outgoing" : [ {
      "resourceId" : "sid-FA5F65AE-E86A-4E43-B028-98BCEBAD287D"
    } ],
    "formats" : {
    },
    "glossaryLinks" : {
    }
  }, {
    "bounds" : {
      "lowerRight" : {
        "y" : 510,
        "x" : 300
      },
      "upperLeft" : {
        "y" : 480,
        "x" : 270
      }
    },
    "dockers" : [ ],
    "resourceId" : "sid-FA16D0C8-F986-4170-8CD0-A7D2DBE02E2F",
    "labels" : [ ],
    "layers" : [ ],
    "childShapes" : [ ],
    "properties" : {
      "exttype" : "Push",
      "id" : "",
      "title" : "H",
      "external" : "false",
      "locatortypes" : "",
      "locatornames" : "",
      "numberoftokens_drawing" : "0",
      "numberoftokens_text" : "",
      "numberOfTokens" : "0",
      "locatorexpr" : "",
      "href" : ""
    },
    "stencil" : {
      "id" : "Place"
    },
    "outgoing" : [ {
      "resourceId" : "sid-27641366-2132-484D-96B2-344A176B7ACE"
    } ],
    "formats" : {
    },
    "glossaryLinks" : {
    }
  }, {
    "bounds" : {
      "lowerRight" : {
        "y" : 515,
        "x" : 542
      },
      "upperLeft" : {
        "y" : 475,
        "x" : 465
      }
    },
    "dockers" : [ ],
    "resourceId" : "sid-FE3AEC2F-13F6-413D-92D6-D2BA207CEA2F",
    "labels" : [ ],
    "layers" : [ ],
    "childShapes" : [ ],
    "properties" : {
      "id" : "",
      "title" : "I",
      "communicationtype" : "Default",
      "communicationchannel" : "",
      "guard" : "",
      "oform" : "",
      "omodel" : "",
      "firetype" : "Automatic",
      "href" : ""
    },
    "stencil" : {
      "id" : "Transition"
    },
    "outgoing" : [ {
      "resourceId" : "sid-B005754F-EEA3-45D5-975F-0CFEE63641B9"
    } ],
    "formats" : {
    },
    "glossaryLinks" : {
    }
  }, {
    "bounds" : {
      "lowerRight" : {
        "y" : 495,
        "x" : 464.9453125
      },
      "upperLeft" : {
        "y" : 495,
        "x" : 300.509765625
      }
    },
    "dockers" : [ {
      "y" : 15,
      "x" : 15
    }, {
      "y" : 20,
      "x" : 38.5
    } ],
    "resourceId" : "sid-27641366-2132-484D-96B2-344A176B7ACE",
    "labels" : [ ],
    "layers" : [ ],
    "target" : {
      "resourceId" : "sid-FE3AEC2F-13F6-413D-92D6-D2BA207CEA2F"
    },
    "childShapes" : [ ],
    "properties" : {
      "id" : "",
      "label" : "",
      "transformation" : ""
    },
    "stencil" : {
      "id" : "Arc"
    },
    "outgoing" : [ {
      "resourceId" : "sid-FE3AEC2F-13F6-413D-92D6-D2BA207CEA2F"
    } ],
    "formats" : {
    },
    "glossaryLinks" : {
    }
  }, {
    "bounds" : {
      "lowerRight" : {
        "y" : 510,
        "x" : 630
      },
      "upperLeft" : {
        "y" : 480,
        "x" : 600
      }
    },
    "dockers" : [ ],
    "resourceId" : "sid-CFF4D939-9C7D-47EB-ABD4-27A14002B765",
    "labels" : [ ],
    "layers" : [ ],
    "childShapes" : [ ],
    "properties" : {
      "exttype" : "Push",
      "id" : "",
      "title" : "J",
      "external" : "false",
      "locatortypes" : "",
      "locatornames" : "",
      "numberoftokens_drawing" : "0",
      "numberoftokens_text" : "",
      "numberOfTokens" : "0",
      "locatorexpr" : "",
      "href" : ""
    },
    "stencil" : {
      "id" : "Place"
    },
    "outgoing" : [ {
      "resourceId" : "sid-91DD447F-AB12-493D-8190-2C673686B305"
    }, {
      "resourceId" : "sid-54A2405A-FDC2-4A4E-8FAB-197DCC4BA47D"
    } ],
    "formats" : {
    },
    "glossaryLinks" : {
    }
  }, {
    "bounds" : {
      "lowerRight" : {
        "y" : 495,
        "x" : 599.19140625
      },
      "upperLeft" : {
        "y" : 495,
        "x" : 542
      }
    },
    "dockers" : [ {
      "y" : 20,
      "x" : 38.5
    }, {
      "y" : 15,
      "x" : 15
    } ],
    "resourceId" : "sid-B005754F-EEA3-45D5-975F-0CFEE63641B9",
    "labels" : [ ],
    "layers" : [ ],
    "target" : {
      "resourceId" : "sid-CFF4D939-9C7D-47EB-ABD4-27A14002B765"
    },
    "childShapes" : [ ],
    "properties" : {
      "id" : "",
      "label" : "",
      "transformation" : ""
    },
    "stencil" : {
      "id" : "Arc"
    },
    "outgoing" : [ {
      "resourceId" : "sid-CFF4D939-9C7D-47EB-ABD4-27A14002B765"
    } ],
    "formats" : {
    },
    "glossaryLinks" : {
    }
  }, {
    "bounds" : {
      "lowerRight" : {
        "y" : 480.50871995660907,
        "x" : 685.4735930735932
      },
      "upperLeft" : {
        "y" : 265,
        "x" : 619.4402285777975
      }
    },
    "dockers" : [ {
      "y" : 15,
      "x" : 15
    }, {
      "y" : 39,
      "x" : 10.780000000000044
    } ],
    "resourceId" : "sid-91DD447F-AB12-493D-8190-2C673686B305",
    "labels" : [ ],
    "layers" : [ ],
    "target" : {
      "resourceId" : "sid-C51BBB2D-A05C-4C5F-8552-EC949815C122"
    },
    "childShapes" : [ ],
    "properties" : {
      "id" : "",
      "label" : "",
      "transformation" : ""
    },
    "stencil" : {
      "id" : "Arc"
    },
    "outgoing" : [ {
      "resourceId" : "sid-C51BBB2D-A05C-4C5F-8552-EC949815C122"
    } ],
    "formats" : {
    },
    "glossaryLinks" : {
    }
  }, {
    "bounds" : {
      "lowerRight" : {
        "y" : 495,
        "x" : 790
      },
      "upperLeft" : {
        "y" : 355,
        "x" : 630.35546875
      }
    },
    "dockers" : [ {
      "y" : 15,
      "x" : 15
    }, {
      "y" : 495,
      "x" : 790
    }, {
      "y" : 39,
      "x" : 38.5
    } ],
    "resourceId" : "sid-54A2405A-FDC2-4A4E-8FAB-197DCC4BA47D",
    "labels" : [ ],
    "layers" : [ ],
    "target" : {
      "resourceId" : "sid-FA5F65AE-E86A-4E43-B028-98BCEBAD287D"
    },
    "childShapes" : [ ],
    "properties" : {
      "id" : "",
      "label" : "",
      "transformation" : ""
    },
    "stencil" : {
      "id" : "Arc"
    },
    "outgoing" : [ {
      "resourceId" : "sid-FA5F65AE-E86A-4E43-B028-98BCEBAD287D"
    } ],
    "formats" : {
    },
    "glossaryLinks" : {
    }
  }, {
    "bounds" : {
      "lowerRight" : {
        "y" : 245,
        "x" : 674.0234375
      },
      "upperLeft" : {
        "y" : 245,
        "x" : 630.62109375
      }
    },
    "dockers" : [ {
      "y" : 15,
      "x" : 15
    }, {
      "y" : 20,
      "x" : 38.5
    } ],
    "resourceId" : "sid-D5974A46-C898-4624-8BD4-26CD57FD0D66",
    "labels" : [ ],
    "layers" : [ ],
    "target" : {
      "resourceId" : "sid-C51BBB2D-A05C-4C5F-8552-EC949815C122"
    },
    "childShapes" : [ ],
    "properties" : {
      "id" : "",
      "label" : "",
      "transformation" : ""
    },
    "stencil" : {
      "id" : "Arc"
    },
    "outgoing" : [ {
      "resourceId" : "sid-C51BBB2D-A05C-4C5F-8552-EC949815C122"
    } ],
    "formats" : {
    },
    "glossaryLinks" : {
    }
  }, {
    "bounds" : {
      "lowerRight" : {
        "y" : 314.5,
        "x" : 788.5
      },
      "upperLeft" : {
        "y" : 127,
        "x" : 285
      }
    },
    "dockers" : [ {
      "y" : 20,
      "x" : 38.5
    }, {
      "y" : 127,
      "x" : 788.5
    }, {
      "y" : 127,
      "x" : 285
    }, {
      "y" : 15,
      "x" : 15
    } ],
    "resourceId" : "sid-F5460125-F5D4-49A4-B936-7373183A5E2E",
    "labels" : [ ],
    "layers" : [ ],
    "target" : {
      "resourceId" : "sid-2B3024D9-9546-4842-A4F9-1E8533CD1D81"
    },
    "childShapes" : [ ],
    "properties" : {
      "id" : "",
      "label" : "",
      "transformation" : ""
    },
    "stencil" : {
      "id" : "Arc"
    },
    "outgoing" : [ {
      "resourceId" : "sid-2B3024D9-9546-4842-A4F9-1E8533CD1D81"
    } ],
    "formats" : {
    },
    "glossaryLinks" : {
    }
  }, {
    "bounds" : {
      "lowerRight" : {
        "y" : 269.2915762377253,
        "x" : 713.5
      },
      "upperLeft" : {
        "y" : 140,
        "x" : 288.0333507954737
      }
    },
    "dockers" : [ {
      "y" : 20,
      "x" : 38.5
    }, {
      "y" : 140,
      "x" : 713.5
    }, {
      "y" : 140,
      "x" : 313
    }, {
      "y" : 15,
      "x" : 15
    } ],
    "resourceId" : "sid-76BFA1BC-FF75-4BCC-96CB-D149786E33C3",
    "labels" : [ ],
    "layers" : [ ],
    "target" : {
      "resourceId" : "sid-2B3024D9-9546-4842-A4F9-1E8533CD1D81"
    },
    "childShapes" : [ ],
    "properties" : {
      "id" : "",
      "label" : "",
      "transformation" : ""
    },
    "stencil" : {
      "id" : "Arc"
    },
    "outgoing" : [ {
      "resourceId" : "sid-2B3024D9-9546-4842-A4F9-1E8533CD1D81"
    } ],
    "formats" : {
    },
    "glossaryLinks" : {
    }
  }, {
    "bounds" : {
      "lowerRight" : {
        "y" : 375,
        "x" : 464.8164951519372
      },
      "upperLeft" : {
        "y" : 360.8585647760771,
        "x" : 345.546875
      }
    },
    "dockers" : [ {
      "y" : 15,
      "x" : 15
    }, {
      "y" : 375,
      "x" : 428
    }, {
      "y" : 31,
      "x" : 38.5
    } ],
    "resourceId" : "sid-84E72D23-7E11-4B61-B75E-FEDA44D1D000",
    "labels" : [ ],
    "layers" : [ ],
    "target" : {
      "resourceId" : "sid-1CC0F718-BF31-4CB0-9FC7-19A0D6B7255B"
    },
    "childShapes" : [ ],
    "properties" : {
      "id" : "",
      "label" : "",
      "transformation" : ""
    },
    "stencil" : {
      "id" : "Arc"
    },
    "outgoing" : [ {
      "resourceId" : "sid-1CC0F718-BF31-4CB0-9FC7-19A0D6B7255B"
    } ],
    "formats" : {
    },
    "glossaryLinks" : {
    }
  }, {
    "bounds" : {
      "lowerRight" : {
        "y" : 260,
        "x" : 945
      },
      "upperLeft" : {
        "y" : 230,
        "x" : 915
      }
    },
    "dockers" : [ ],
    "resourceId" : "sid-A31EC2F7-31A3-45DC-A768-65295675DBB8",
    "labels" : [ ],
    "layers" : [ ],
    "childShapes" : [ ],
    "properties" : {
      "exttype" : "Push",
      "id" : "",
      "title" : "K",
      "external" : "false",
      "locatortypes" : "",
      "locatornames" : "",
      "numberoftokens_drawing" : "0",
      "numberoftokens_text" : "",
      "numberOfTokens" : "0",
      "locatorexpr" : "",
      "href" : ""
    },
    "stencil" : {
      "id" : "Place"
    },
    "outgoing" : [ ],
    "formats" : {
    },
    "glossaryLinks" : {
    }
  }, {
    "bounds" : {
      "lowerRight" : {
        "y" : 245,
        "x" : 914.623046875
      },
      "upperLeft" : {
        "y" : 245,
        "x" : 752
      }
    },
    "dockers" : [ {
      "y" : 20,
      "x" : 38.5
    }, {
      "y" : 15,
      "x" : 15
    } ],
    "resourceId" : "sid-4EF409BC-5674-4AEE-8058-0E4A444E95A8",
    "labels" : [ ],
    "layers" : [ ],
    "target" : {
      "resourceId" : "sid-A31EC2F7-31A3-45DC-A768-65295675DBB8"
    },
    "childShapes" : [ ],
    "properties" : {
      "id" : "",
      "label" : "",
      "transformation" : ""
    },
    "stencil" : {
      "id" : "Arc"
    },
    "outgoing" : [ {
      "resourceId" : "sid-A31EC2F7-31A3-45DC-A768-65295675DBB8"
    } ],
    "formats" : {
    },
    "glossaryLinks" : {
    }
  }, {
    "bounds" : {
      "lowerRight" : {
        "y" : 314.7758174469449,
        "x" : 916.9960595138078
      },
      "upperLeft" : {
        "y" : 253.27105755305504,
        "x" : 820.2969092361922
      }
    },
    "dockers" : [ {
      "y" : 20,
      "x" : 38.5
    }, {
      "y" : 15,
      "x" : 15
    } ],
    "resourceId" : "sid-AC79A45E-213F-430C-9914-88A7B08E0944",
    "labels" : [ ],
    "layers" : [ ],
    "target" : {
      "resourceId" : "sid-A31EC2F7-31A3-45DC-A768-65295675DBB8"
    },
    "childShapes" : [ ],
    "properties" : {
      "id" : "",
      "label" : "",
      "transformation" : ""
    },
    "stencil" : {
      "id" : "Arc"
    },
    "outgoing" : [ {
      "resourceId" : "sid-A31EC2F7-31A3-45DC-A768-65295675DBB8"
    } ],
    "formats" : {
    },
    "glossaryLinks" : {
    }
  }, {
    "bounds" : {
      "lowerRight" : {
        "y" : 580,
        "x" : 300
      },
      "upperLeft" : {
        "y" : 550,
        "x" : 270
      }
    },
    "dockers" : [ ],
    "resourceId" : "sid-29AAD7E5-08BB-4395-87F7-5234FD64575F",
    "labels" : [ ],
    "layers" : [ ],
    "childShapes" : [ ],
    "properties" : {
      "exttype" : "Push",
      "id" : "",
      "title" : "L",
      "external" : "false",
      "locatortypes" : "",
      "locatornames" : "",
      "numberoftokens_drawing" : "0",
      "numberoftokens_text" : "",
      "numberOfTokens" : "0",
      "locatorexpr" : "",
      "href" : ""
    },
    "stencil" : {
      "id" : "Place"
    },
    "outgoing" : [ {
      "resourceId" : "sid-0A04235C-7471-4944-A444-F66FC1C9A9D3"
    } ],
    "formats" : {
    },
    "glossaryLinks" : {
    }
  }, {
    "bounds" : {
      "lowerRight" : {
        "y" : 585,
        "x" : 542
      },
      "upperLeft" : {
        "y" : 545,
        "x" : 465
      }
    },
    "dockers" : [ ],
    "resourceId" : "sid-52E91E3A-2C5C-4076-A9AA-6B7A79081A37",
    "labels" : [ ],
    "layers" : [ ],
    "childShapes" : [ ],
    "properties" : {
      "id" : "",
      "title" : "M",
      "communicationtype" : "Default",
      "communicationchannel" : "",
      "guard" : "",
      "oform" : "",
      "omodel" : "",
      "firetype" : "Automatic",
      "href" : ""
    },
    "stencil" : {
      "id" : "Transition"
    },
    "outgoing" : [ {
      "resourceId" : "sid-79ED4815-12C3-40A9-8042-ACEB6C9F17C9"
    } ],
    "formats" : {
    },
    "glossaryLinks" : {
    }
  }, {
    "bounds" : {
      "lowerRight" : {
        "y" : 565,
        "x" : 464.9453125
      },
      "upperLeft" : {
        "y" : 565,
        "x" : 300.509765625
      }
    },
    "dockers" : [ {
      "y" : 15,
      "x" : 15
    }, {
      "y" : 20,
      "x" : 38.5
    } ],
    "resourceId" : "sid-0A04235C-7471-4944-A444-F66FC1C9A9D3",
    "labels" : [ ],
    "layers" : [ ],
    "target" : {
      "resourceId" : "sid-52E91E3A-2C5C-4076-A9AA-6B7A79081A37"
    },
    "childShapes" : [ ],
    "properties" : {
      "id" : "",
      "label" : "",
      "transformation" : ""
    },
    "stencil" : {
      "id" : "Arc"
    },
    "outgoing" : [ {
      "resourceId" : "sid-52E91E3A-2C5C-4076-A9AA-6B7A79081A37"
    } ],
    "formats" : {
    },
    "glossaryLinks" : {
    }
  }, {
    "bounds" : {
      "lowerRight" : {
        "y" : 544.7807952162469,
        "x" : 601.9577577373077
      },
      "upperLeft" : {
        "y" : 503.18795478375307,
        "x" : 535.7063047626923
      }
    },
    "dockers" : [ {
      "y" : 20,
      "x" : 38.5
    }, {
      "y" : 15,
      "x" : 15
    } ],
    "resourceId" : "sid-79ED4815-12C3-40A9-8042-ACEB6C9F17C9",
    "labels" : [ ],
    "layers" : [ ],
    "target" : {
      "resourceId" : "sid-CFF4D939-9C7D-47EB-ABD4-27A14002B765"
    },
    "childShapes" : [ ],
    "properties" : {
      "id" : "",
      "label" : "",
      "transformation" : ""
    },
    "stencil" : {
      "id" : "Arc"
    },
    "outgoing" : [ {
      "resourceId" : "sid-CFF4D939-9C7D-47EB-ABD4-27A14002B765"
    } ],
    "formats" : {
    },
    "glossaryLinks" : {
    }
  }, {
    "bounds" : {
      "lowerRight" : {
        "y" : 650,
        "x" : 300
      },
      "upperLeft" : {
        "y" : 620,
        "x" : 270
      }
    },
    "dockers" : [ ],
    "resourceId" : "sid-E26BF9FC-516B-4132-B783-C21926295354",
    "labels" : [ ],
    "layers" : [ ],
    "childShapes" : [ ],
    "properties" : {
      "exttype" : "Push",
      "id" : "",
      "title" : "N",
      "external" : "false",
      "locatortypes" : "",
      "locatornames" : "",
      "numberoftokens_drawing" : "0",
      "numberoftokens_text" : "",
      "numberOfTokens" : "0",
      "locatorexpr" : "",
      "href" : ""
    },
    "stencil" : {
      "id" : "Place"
    },
    "outgoing" : [ {
      "resourceId" : "sid-96D830D4-79C8-4273-861B-45A03B340865"
    } ],
    "formats" : {
    },
    "glossaryLinks" : {
    }
  }, {
    "bounds" : {
      "lowerRight" : {
        "y" : 655,
        "x" : 542
      },
      "upperLeft" : {
        "y" : 615,
        "x" : 465
      }
    },
    "dockers" : [ ],
    "resourceId" : "sid-765C8913-1C76-4869-A333-844F9A7E97F8",
    "labels" : [ ],
    "layers" : [ ],
    "childShapes" : [ ],
    "properties" : {
      "id" : "",
      "title" : "O",
      "communicationtype" : "Default",
      "communicationchannel" : "",
      "guard" : "",
      "oform" : "",
      "omodel" : "",
      "firetype" : "Automatic",
      "href" : ""
    },
    "stencil" : {
      "id" : "Transition"
    },
    "outgoing" : [ {
      "resourceId" : "sid-6B2C58D8-B017-4189-9ED3-795D19444844"
    } ],
    "formats" : {
    },
    "glossaryLinks" : {
    }
  }, {
    "bounds" : {
      "lowerRight" : {
        "y" : 635,
        "x" : 464.9453125
      },
      "upperLeft" : {
        "y" : 635,
        "x" : 300.509765625
      }
    },
    "dockers" : [ {
      "y" : 15,
      "x" : 15
    }, {
      "y" : 20,
      "x" : 38.5
    } ],
    "resourceId" : "sid-96D830D4-79C8-4273-861B-45A03B340865",
    "labels" : [ ],
    "layers" : [ ],
    "target" : {
      "resourceId" : "sid-765C8913-1C76-4869-A333-844F9A7E97F8"
    },
    "childShapes" : [ ],
    "properties" : {
      "id" : "",
      "label" : "",
      "transformation" : ""
    },
    "stencil" : {
      "id" : "Arc"
    },
    "outgoing" : [ {
      "resourceId" : "sid-765C8913-1C76-4869-A333-844F9A7E97F8"
    } ],
    "formats" : {
    },
    "glossaryLinks" : {
    }
  }, {
    "bounds" : {
      "lowerRight" : {
        "y" : 710,
        "x" : 300
      },
      "upperLeft" : {
        "y" : 680,
        "x" : 270
      }
    },
    "dockers" : [ ],
    "resourceId" : "sid-FF60700C-5719-4AD7-83BE-449CEE7EBCCE",
    "labels" : [ ],
    "layers" : [ ],
    "childShapes" : [ ],
    "properties" : {
      "exttype" : "Push",
      "id" : "",
      "title" : "P",
      "external" : "false",
      "locatortypes" : "",
      "locatornames" : "",
      "numberoftokens_drawing" : "0",
      "numberoftokens_text" : "",
      "numberOfTokens" : "0",
      "locatorexpr" : "",
      "href" : ""
    },
    "stencil" : {
      "id" : "Place"
    },
    "outgoing" : [ {
      "resourceId" : "sid-2F3F3CCB-371B-4199-9484-A5173AF0CC59"
    } ],
    "formats" : {
    },
    "glossaryLinks" : {
    }
  }, {
    "bounds" : {
      "lowerRight" : {
        "y" : 715,
        "x" : 542
      },
      "upperLeft" : {
        "y" : 675,
        "x" : 465
      }
    },
    "dockers" : [ ],
    "resourceId" : "sid-7CE13682-451A-4839-945D-306F22A21A0D",
    "labels" : [ ],
    "layers" : [ ],
    "childShapes" : [ ],
    "properties" : {
      "id" : "",
      "title" : "Q",
      "communicationtype" : "Default",
      "communicationchannel" : "",
      "guard" : "",
      "oform" : "",
      "omodel" : "",
      "firetype" : "Automatic",
      "href" : ""
    },
    "stencil" : {
      "id" : "Transition"
    },
    "outgoing" : [ {
      "resourceId" : "sid-28A8C585-D4C2-4B09-B527-2E3FC7B15064"
    } ],
    "formats" : {
    },
    "glossaryLinks" : {
    }
  }, {
    "bounds" : {
      "lowerRight" : {
        "y" : 695,
        "x" : 464.9453125
      },
      "upperLeft" : {
        "y" : 695,
        "x" : 300.509765625
      }
    },
    "dockers" : [ {
      "y" : 15,
      "x" : 15
    }, {
      "y" : 20,
      "x" : 38.5
    } ],
    "resourceId" : "sid-2F3F3CCB-371B-4199-9484-A5173AF0CC59",
    "labels" : [ ],
    "layers" : [ ],
    "target" : {
      "resourceId" : "sid-7CE13682-451A-4839-945D-306F22A21A0D"
    },
    "childShapes" : [ ],
    "properties" : {
      "id" : "",
      "label" : "",
      "transformation" : ""
    },
    "stencil" : {
      "id" : "Arc"
    },
    "outgoing" : [ {
      "resourceId" : "sid-7CE13682-451A-4839-945D-306F22A21A0D"
    } ],
    "formats" : {
    },
    "glossaryLinks" : {
    }
  }, {
    "bounds" : {
      "lowerRight" : {
        "y" : 674.7676782377761,
        "x" : 609.5893343507228
      },
      "upperLeft" : {
        "y" : 509.94811018359655,
        "x" : 532.2080241220746
      }
    },
    "dockers" : [ {
      "y" : 20,
      "x" : 38.5
    }, {
      "y" : 658,
      "x" : 556
    }, {
      "y" : 15,
      "x" : 15
    } ],
    "resourceId" : "sid-28A8C585-D4C2-4B09-B527-2E3FC7B15064",
    "labels" : [ ],
    "layers" : [ ],
    "target" : {
      "resourceId" : "sid-CFF4D939-9C7D-47EB-ABD4-27A14002B765"
    },
    "childShapes" : [ ],
    "properties" : {
      "id" : "",
      "label" : "",
      "transformation" : ""
    },
    "stencil" : {
      "id" : "Arc"
    },
    "outgoing" : [ {
      "resourceId" : "sid-CFF4D939-9C7D-47EB-ABD4-27A14002B765"
    } ],
    "formats" : {
    },
    "glossaryLinks" : {
    }
  }, {
    "bounds" : {
      "lowerRight" : {
        "y" : 614.8445073653907,
        "x" : 606.4492776780465
      },
      "upperLeft" : {
        "y" : 507.9596885192107,
        "x" : 525.7647883754405
      }
    },
    "dockers" : [ {
      "y" : 20,
      "x" : 38.5
    }, {
      "y" : 592,
      "x" : 551
    }, {
      "y" : 15,
      "x" : 15
    } ],
    "resourceId" : "sid-6B2C58D8-B017-4189-9ED3-795D19444844",
    "labels" : [ ],
    "layers" : [ ],
    "target" : {
      "resourceId" : "sid-CFF4D939-9C7D-47EB-ABD4-27A14002B765"
    },
    "childShapes" : [ ],
    "properties" : {
      "id" : "",
      "label" : "",
      "transformation" : ""
    },
    "stencil" : {
      "id" : "Arc"
    },
    "outgoing" : [ {
      "resourceId" : "sid-CFF4D939-9C7D-47EB-ABD4-27A14002B765"
    } ],
    "formats" : {
    },
    "glossaryLinks" : {
    }
  }, {
    "bounds" : {
      "lowerRight" : {
        "y" : 770,
        "x" : 300.5
      },
      "upperLeft" : {
        "y" : 740,
        "x" : 270.5
      }
    },
    "dockers" : [ ],
    "resourceId" : "sid-2A3917AA-F1D1-4AE1-B0D5-00293B6F35B4",
    "labels" : [ ],
    "layers" : [ ],
    "childShapes" : [ ],
    "properties" : {
      "exttype" : "Push",
      "id" : "",
      "title" : "R",
      "external" : "false",
      "locatortypes" : "",
      "locatornames" : "",
      "numberoftokens_drawing" : "0",
      "numberoftokens_text" : "",
      "numberOfTokens" : "0",
      "locatorexpr" : "",
      "href" : ""
    },
    "stencil" : {
      "id" : "Place"
    },
    "outgoing" : [ {
      "resourceId" : "sid-F09A9A0A-AFB4-4FEB-B46F-79999014ECD3"
    } ],
    "formats" : {
    },
    "glossaryLinks" : {
    }
  }, {
    "bounds" : {
      "lowerRight" : {
        "y" : 775,
        "x" : 542.5
      },
      "upperLeft" : {
        "y" : 735,
        "x" : 465.5
      }
    },
    "dockers" : [ ],
    "resourceId" : "sid-784C1CA2-A62B-45AE-8F85-97778889A214",
    "labels" : [ ],
    "layers" : [ ],
    "childShapes" : [ ],
    "properties" : {
      "id" : "",
      "title" : "S",
      "communicationtype" : "Default",
      "communicationchannel" : "",
      "guard" : "",
      "oform" : "",
      "omodel" : "",
      "firetype" : "Automatic",
      "href" : ""
    },
    "stencil" : {
      "id" : "Transition"
    },
    "outgoing" : [ {
      "resourceId" : "sid-37E18ACA-19AE-419F-A6C8-DBFC2F2D9E6E"
    } ],
    "formats" : {
    },
    "glossaryLinks" : {
    }
  }, {
    "bounds" : {
      "lowerRight" : {
        "y" : 755,
        "x" : 465.4453125
      },
      "upperLeft" : {
        "y" : 755,
        "x" : 301.009765625
      }
    },
    "dockers" : [ {
      "y" : 15,
      "x" : 15
    }, {
      "y" : 20,
      "x" : 38.5
    } ],
    "resourceId" : "sid-F09A9A0A-AFB4-4FEB-B46F-79999014ECD3",
    "labels" : [ ],
    "layers" : [ ],
    "target" : {
      "resourceId" : "sid-784C1CA2-A62B-45AE-8F85-97778889A214"
    },
    "childShapes" : [ ],
    "properties" : {
      "id" : "",
      "label" : "",
      "transformation" : ""
    },
    "stencil" : {
      "id" : "Arc"
    },
    "outgoing" : [ {
      "resourceId" : "sid-784C1CA2-A62B-45AE-8F85-97778889A214"
    } ],
    "formats" : {
    },
    "glossaryLinks" : {
    }
  }, {
    "bounds" : {
      "lowerRight" : {
        "y" : 734.566654936276,
        "x" : 612.7250558159983
      },
      "upperLeft" : {
        "y" : 510.00041321326154,
        "x" : 536.9435563272286
      }
    },
    "dockers" : [ {
      "y" : 20,
      "x" : 38.5
    }, {
      "y" : 706,
      "x" : 583
    }, {
      "y" : 15,
      "x" : 15
    } ],
    "resourceId" : "sid-37E18ACA-19AE-419F-A6C8-DBFC2F2D9E6E",
    "labels" : [ ],
    "layers" : [ ],
    "target" : {
      "resourceId" : "sid-CFF4D939-9C7D-47EB-ABD4-27A14002B765"
    },
    "childShapes" : [ ],
    "properties" : {
      "id" : "",
      "label" : "",
      "transformation" : ""
    },
    "stencil" : {
      "id" : "Arc"
    },
    "outgoing" : [ {
      "resourceId" : "sid-CFF4D939-9C7D-47EB-ABD4-27A14002B765"
    } ],
    "formats" : {
    },
    "glossaryLinks" : {
    }
  } ],
  "properties" : {
    "author" : "",
    "title" : "",
    "engine" : "false",
    "modificationdate" : "10/07/07",
    "documentation" : "",
    "language" : "English",
    "creationdate" : "10/07/07",
    "version" : ""
  },
  "stencilset" : {
    "url" : "/stencilsets/petrinets/petrinet.json?version=5.2.1",
    "namespace" : "http://b3mn.org/stencilset/petrinet#"
  },
  "ssextensions" : [ ],
  "offset" : {
    "y" : -1,
    "x" : 0
  },
  "stencil" : {
    "id" : "Diagram"
  },
  "formats" : {
  }
}