{
  "bounds" : {
    "lowerRight" : {
      "y" : 1050,
      "x" : 1485
    },
    "upperLeft" : {
      "y" : 0,
      "x" : 0
    }
  },
  "resourceId" : "canvas",
  "childShapes" : [ {
    "bounds" : {
      "lowerRight" : {
        "y" : 287,
        "x" : 542
      },
      "upperLeft" : {
        "y" : 225,
        "x" : 465
      }
    },
    "dockers" : [ ],
    "resourceId" : "sid-975F3B99-ED6B-4FCC-BAE1-0F0957012E65",
    "labels" : [ ],
    "layers" : [ ],
    "childShapes" : [ ],
    "properties" : {
      "id" : "",
      "title" : "A",
      "communicationtype" : "Default",
      "communicationchannel" : "",
      "guard" : "",
      "oform" : "",
      "omodel" : "",
      "firetype" : "Automatic",
      "href" : ""
    },
    "stencil" : {
      "id" : "Transition"
    },
    "outgoing" : [ {
      "resourceId" : "sid-0A12FC24-D81F-4BE6-BD5C-0F330CE701D0"
    } ],
    "formats" : {
    },
    "glossaryLinks" : {
    }
  }, {
    "bounds" : {
      "lowerRight" : {
        "y" : 300,
        "x" : 300
      },
      "upperLeft" : {
        "y" : 270,
        "x" : 270
      }
    },
    "dockers" : [ ],
    "resourceId" : "sid-2B3024D9-9546-4842-A4F9-1E8533CD1D81",
    "labels" : [ ],
    "layers" : [ ],
    "childShapes" : [ ],
    "properties" : {
      "exttype" : "Push",
      "id" : "",
      "title" : "B",
      "external" : "false",
      "locatortypes" : "",
      "locatornames" : "",
      "numberoftokens_drawing" : "0",
      "numberoftokens_text" : "",
      "numberOfTokens" : "0",
      "locatorexpr" : "",
      "href" : ""
    },
    "stencil" : {
      "id" : "Place"
    },
    "outgoing" : [ {
      "resourceId" : "sid-B4B07A79-F2C1-4332-B28F-1DDEF60F1B8D"
    }, {
      "resourceId" : "sid-B3E786A5-F7D3-4B82-AA4B-30DF6D2F3C74"
    } ],
    "formats" : {
    },
    "glossaryLinks" : {
    }
  }, {
    "bounds" : {
      "lowerRight" : {
        "y" : 282.94264940397335,
        "x" : 464.9540055307992
      },
      "upperLeft" : {
        "y" : 261.11594434602665,
        "x" : 300.5010725942008
      }
    },
    "dockers" : [ {
      "y" : 15,
      "x" : 15
    }, {
      "y" : 31,
      "x" : 38.5
    } ],
    "resourceId" : "sid-B4B07A79-F2C1-4332-B28F-1DDEF60F1B8D",
    "labels" : [ ],
    "layers" : [ ],
    "target" : {
      "resourceId" : "sid-975F3B99-ED6B-4FCC-BAE1-0F0957012E65"
    },
    "childShapes" : [ ],
    "properties" : {
      "id" : "",
      "label" : "",
      "transformation" : ""
    },
    "stencil" : {
      "id" : "Arc"
    },
    "outgoing" : [ {
      "resourceId" : "sid-975F3B99-ED6B-4FCC-BAE1-0F0957012E65"
    } ],
    "formats" : {
    },
    "glossaryLinks" : {
    }
  }, {
    "bounds" : {
      "lowerRight" : {
        "y" : 195,
        "x" : 345
      },
      "upperLeft" : {
        "y" : 165,
        "x" : 315
      }
    },
    "dockers" : [ ],
    "resourceId" : "sid-D63283C1-9F0F-41FE-9A21-1A731101D030",
    "labels" : [ ],
    "layers" : [ ],
    "childShapes" : [ ],
    "properties" : {
      "exttype" : "Push",
      "id" : "",
      "title" : "C",
      "external" : "false",
      "locatortypes" : "",
      "locatornames" : "",
      "numberoftokens_drawing" : "0",
      "numberoftokens_text" : "",
      "numberOfTokens" : "0",
      "locatorexpr" : "",
      "href" : ""
    },
    "stencil" : {
      "id" : "Place"
    },
    "outgoing" : [ {
      "resourceId" : "sid-8682FBD2-B509-48A2-B897-F15E082FBB02"
    } ],
    "formats" : {
    },
    "glossaryLinks" : {
    }
  }, {
    "bounds" : {
      "lowerRight" : {
        "y" : 238.97376577917595,
        "x" : 464.6308995090398
      },
      "upperLeft" : {
        "y" : 186.33873422082405,
        "x" : 344.4706629909602
      }
    },
    "dockers" : [ {
      "y" : 15,
      "x" : 15
    }, {
      "y" : 31,
      "x" : 38.5
    } ],
    "resourceId" : "sid-8682FBD2-B509-48A2-B897-F15E082FBB02",
    "labels" : [ ],
    "layers" : [ ],
    "target" : {
      "resourceId" : "sid-975F3B99-ED6B-4FCC-BAE1-0F0957012E65"
    },
    "childShapes" : [ ],
    "properties" : {
      "id" : "",
      "label" : "",
      "transformation" : ""
    },
    "stencil" : {
      "id" : "Arc"
    },
    "outgoing" : [ {
      "resourceId" : "sid-975F3B99-ED6B-4FCC-BAE1-0F0957012E65"
    } ],
    "formats" : {
    },
    "glossaryLinks" : {
    }
  }, {
    "bounds" : {
      "lowerRight" : {
        "y" : 377,
        "x" : 542
      },
      "upperLeft" : {
        "y" : 315,
        "x" : 465
      }
    },
    "dockers" : [ ],
    "resourceId" : "sid-1CC0F718-BF31-4CB0-9FC7-19A0D6B7255B",
    "labels" : [ ],
    "layers" : [ ],
    "childShapes" : [ ],
    "properties" : {
      "id" : "",
      "title" : "D",
      "communicationtype" : "Default",
      "communicationchannel" : "",
      "guard" : "",
      "oform" : "",
      "omodel" : "",
      "firetype" : "Automatic",
      "href" : ""
    },
    "stencil" : {
      "id" : "Transition"
    },
    "outgoing" : [ {
      "resourceId" : "sid-A32271A8-6FA4-4E2C-8B52-DD0F4755AD6C"
    } ],
    "formats" : {
    },
    "glossaryLinks" : {
    }
  }, {
    "bounds" : {
      "lowerRight" : {
        "y" : 335.2467309264812,
        "x" : 464.9821427448548
      },
      "upperLeft" : {
        "y" : 289.0813940735188,
        "x" : 299.6194197551452
      }
    },
    "dockers" : [ {
      "y" : 15,
      "x" : 15
    }, {
      "y" : 31,
      "x" : 38.5
    } ],
    "resourceId" : "sid-B3E786A5-F7D3-4B82-AA4B-30DF6D2F3C74",
    "labels" : [ ],
    "layers" : [ ],
    "target" : {
      "resourceId" : "sid-1CC0F718-BF31-4CB0-9FC7-19A0D6B7255B"
    },
    "childShapes" : [ ],
    "properties" : {
      "id" : "",
      "label" : "",
      "transformation" : ""
    },
    "stencil" : {
      "id" : "Arc"
    },
    "outgoing" : [ {
      "resourceId" : "sid-1CC0F718-BF31-4CB0-9FC7-19A0D6B7255B"
    } ],
    "formats" : {
    },
    "glossaryLinks" : {
    }
  }, {
    "bounds" : {
      "lowerRight" : {
        "y" : 390,
        "x" : 345
      },
      "upperLeft" : {
        "y" : 360,
        "x" : 315
      }
    },
    "dockers" : [ ],
    "resourceId" : "sid-4E102E5B-03E7-4A47-BF33-AF9D6FB12F22",
    "labels" : [ ],
    "layers" : [ ],
    "childShapes" : [ ],
    "properties" : {
      "exttype" : "Push",
      "id" : "",
      "title" : "E",
      "external" : "false",
      "locatortypes" : "",
      "locatornames" : "",
      "numberoftokens_drawing" : "0",
      "numberoftokens_text" : "",
      "numberOfTokens" : "0",
      "locatorexpr" : "",
      "href" : ""
    },
    "stencil" : {
      "id" : "Place"
    },
    "outgoing" : [ {
      "resourceId" : "sid-84E72D23-7E11-4B61-B75E-FEDA44D1D000"
    } ],
    "formats" : {
    },
    "glossaryLinks" : {
    }
  }, {
    "bounds" : {
      "lowerRight" : {
        "y" : 260,
        "x" : 630
      },
      "upperLeft" : {
        "y" : 230,
        "x" : 600
      }
    },
    "dockers" : [ ],
    "resourceId" : "sid-A4FC1AA8-0950-48A0-9920-B42C11C82F30",
    "labels" : [ ],
    "layers" : [ ],
    "childShapes" : [ ],
    "properties" : {
      "exttype" : "Push",
      "id" : "",
      "title" : "",
      "external" : "false",
      "locatortypes" : "",
      "locatornames" : "",
      "numberoftokens_drawing" : "0",
      "numberoftokens_text" : "",
      "numberOfTokens" : "0",
      "locatorexpr" : "",
      "href" : ""
    },
    "stencil" : {
      "id" : "Place"
    },
    "outgoing" : [ {
      "resourceId" : "sid-D5974A46-C898-4624-8BD4-26CD57FD0D66"
    } ],
    "formats" : {
    },
    "glossaryLinks" : {
    }
  }, {
    "bounds" : {
      "lowerRight" : {
        "y" : 252.2017937219731,
        "x" : 600.0673311390138
      },
      "upperLeft" : {
        "y" : 246.47317809390896,
        "x" : 542
      }
    },
    "dockers" : [ {
      "y" : 31,
      "x" : 38.5
    }, {
      "y" : 15,
      "x" : 15
    } ],
    "resourceId" : "sid-0A12FC24-D81F-4BE6-BD5C-0F330CE701D0",
    "labels" : [ ],
    "layers" : [ ],
    "target" : {
      "resourceId" : "sid-A4FC1AA8-0950-48A0-9920-B42C11C82F30"
    },
    "childShapes" : [ ],
    "properties" : {
      "id" : "",
      "label" : "",
      "transformation" : ""
    },
    "stencil" : {
      "id" : "Arc"
    },
    "outgoing" : [ {
      "resourceId" : "sid-A4FC1AA8-0950-48A0-9920-B42C11C82F30"
    } ],
    "formats" : {
    },
    "glossaryLinks" : {
    }
  }, {
    "bounds" : {
      "lowerRight" : {
        "y" : 350,
        "x" : 630
      },
      "upperLeft" : {
        "y" : 320,
        "x" : 600
      }
    },
    "dockers" : [ ],
    "resourceId" : "sid-2B3103FF-A779-45C0-81AB-B14DCB95C7B2",
    "labels" : [ ],
    "layers" : [ ],
    "childShapes" : [ ],
    "properties" : {
      "exttype" : "Push",
      "id" : "",
      "title" : "",
      "external" : "false",
      "locatortypes" : "",
      "locatornames" : "",
      "numberoftokens_drawing" : "0",
      "numberoftokens_text" : "",
      "numberOfTokens" : "0",
      "locatorexpr" : "",
      "href" : ""
    },
    "stencil" : {
      "id" : "Place"
    },
    "outgoing" : [ {
      "resourceId" : "sid-30B32782-4ED5-4D66-9635-E260870890D4"
    } ],
    "formats" : {
    },
    "glossaryLinks" : {
    }
  }, {
    "bounds" : {
      "lowerRight" : {
        "y" : 342.2017937219731,
        "x" : 600.0673311390138
      },
      "upperLeft" : {
        "y" : 336.4731780939089,
        "x" : 542
      }
    },
    "dockers" : [ {
      "y" : 31,
      "x" : 38.5
    }, {
      "y" : 15,
      "x" : 15
    } ],
    "resourceId" : "sid-A32271A8-6FA4-4E2C-8B52-DD0F4755AD6C",
    "labels" : [ ],
    "layers" : [ ],
    "target" : {
      "resourceId" : "sid-2B3103FF-A779-45C0-81AB-B14DCB95C7B2"
    },
    "childShapes" : [ ],
    "properties" : {
      "id" : "",
      "label" : "",
      "transformation" : ""
    },
    "stencil" : {
      "id" : "Arc"
    },
    "outgoing" : [ {
      "resourceId" : "sid-2B3103FF-A779-45C0-81AB-B14DCB95C7B2"
    } ],
    "formats" : {
    },
    "glossaryLinks" : {
    }
  }, {
    "bounds" : {
      "lowerRight" : {
        "y" : 265,
        "x" : 752
      },
      "upperLeft" : {
        "y" : 225,
        "x" : 675
      }
    },
    "dockers" : [ ],
    "resourceId" : "sid-C51BBB2D-A05C-4C5F-8552-EC949815C122",
    "labels" : [ ],
    "layers" : [ ],
    "childShapes" : [ ],
    "properties" : {
      "id" : "",
      "title" : "F",
      "communicationtype" : "Default",
      "communicationchannel" : "",
      "guard" : "",
      "oform" : "",
      "omodel" : "",
      "firetype" : "Automatic",
      "href" : ""
    },
    "stencil" : {
      "id" : "Transition"
    },
    "outgoing" : [ {
      "resourceId" : "sid-76BFA1BC-FF75-4BCC-96CB-D149786E33C3"
    }, {
      "resourceId" : "sid-4EF409BC-5674-4AEE-8058-0E4A444E95A8"
    } ],
    "formats" : {
    },
    "glossaryLinks" : {
    }
  }, {
    "bounds" : {
      "lowerRight" : {
        "y" : 355,
        "x" : 827
      },
      "upperLeft" : {
        "y" : 315,
        "x" : 750
      }
    },
    "dockers" : [ ],
    "resourceId" : "sid-FA5F65AE-E86A-4E43-B028-98BCEBAD287D",
    "labels" : [ ],
    "layers" : [ ],
    "childShapes" : [ ],
    "properties" : {
      "id" : "",
      "title" : "G",
      "communicationtype" : "Default",
      "communicationchannel" : "",
      "guard" : "",
      "oform" : "",
      "omodel" : "",
      "firetype" : "Automatic",
      "href" : ""
    },
    "stencil" : {
      "id" : "Transition"
    },
    "outgoing" : [ {
      "resourceId" : "sid-F5460125-F5D4-49A4-B936-7373183A5E2E"
    }, {
      "resourceId" : "sid-AC79A45E-213F-430C-9914-88A7B08E0944"
    } ],
    "formats" : {
    },
    "glossaryLinks" : {
    }
  }, {
    "bounds" : {
      "lowerRight" : {
        "y" : 335,
        "x" : 749.546875
      },
      "upperLeft" : {
        "y" : 335,
        "x" : 630.91015625
      }
    },
    "dockers" : [ {
      "y" : 15,
      "x" : 15
    }, {
      "y" : 20,
      "x" : 38.5
    } ],
    "resourceId" : "sid-30B32782-4ED5-4D66-9635-E260870890D4",
    "labels" : [ ],
    "layers" : [ ],
    "target" : {
      "resourceId" : "sid-FA5F65AE-E86A-4E43-B028-98BCEBAD287D"
    },
    "childShapes" : [ ],
    "properties" : {
      "id" : "",
      "label" : "",
      "transformation" : ""
    },
    "stencil" : {
      "id" : "Arc"
    },
    "outgoing" : [ {
      "resourceId" : "sid-FA5F65AE-E86A-4E43-B028-98BCEBAD287D"
    } ],
    "formats" : {
    },
    "glossaryLinks" : {
    }
  }, {
    "bounds" : {
      "lowerRight" : {
        "y" : 480,
        "x" : 300
      },
      "upperLeft" : {
        "y" : 450,
        "x" : 270
      }
    },
    "dockers" : [ ],
    "resourceId" : "sid-FA16D0C8-F986-4170-8CD0-A7D2DBE02E2F",
    "labels" : [ ],
    "layers" : [ ],
    "childShapes" : [ ],
    "properties" : {
      "exttype" : "Push",
      "id" : "",
      "title" : "H",
      "external" : "false",
      "locatortypes" : "",
      "locatornames" : "",
      "numberoftokens_drawing" : "0",
      "numberoftokens_text" : "",
      "numberOfTokens" : "0",
      "locatorexpr" : "",
      "href" : ""
    },
    "stencil" : {
      "id" : "Place"
    },
    "outgoing" : [ {
      "resourceId" : "sid-27641366-2132-484D-96B2-344A176B7ACE"
    } ],
    "formats" : {
    },
    "glossaryLinks" : {
    }
  }, {
    "bounds" : {
      "lowerRight" : {
        "y" : 485,
        "x" : 542
      },
      "upperLeft" : {
        "y" : 445,
        "x" : 465
      }
    },
    "dockers" : [ ],
    "resourceId" : "sid-FE3AEC2F-13F6-413D-92D6-D2BA207CEA2F",
    "labels" : [ ],
    "layers" : [ ],
    "childShapes" : [ ],
    "properties" : {
      "id" : "",
      "title" : "I",
      "communicationtype" : "Default",
      "communicationchannel" : "",
      "guard" : "",
      "oform" : "",
      "omodel" : "",
      "firetype" : "Automatic",
      "href" : ""
    },
    "stencil" : {
      "id" : "Transition"
    },
    "outgoing" : [ {
      "resourceId" : "sid-B005754F-EEA3-45D5-975F-0CFEE63641B9"
    } ],
    "formats" : {
    },
    "glossaryLinks" : {
    }
  }, {
    "bounds" : {
      "lowerRight" : {
        "y" : 465,
        "x" : 464.9453125
      },
      "upperLeft" : {
        "y" : 465,
        "x" : 300.509765625
      }
    },
    "dockers" : [ {
      "y" : 15,
      "x" : 15
    }, {
      "y" : 20,
      "x" : 38.5
    } ],
    "resourceId" : "sid-27641366-2132-484D-96B2-344A176B7ACE",
    "labels" : [ ],
    "layers" : [ ],
    "target" : {
      "resourceId" : "sid-FE3AEC2F-13F6-413D-92D6-D2BA207CEA2F"
    },
    "childShapes" : [ ],
    "properties" : {
      "id" : "",
      "label" : "",
      "transformation" : ""
    },
    "stencil" : {
      "id" : "Arc"
    },
    "outgoing" : [ {
      "resourceId" : "sid-FE3AEC2F-13F6-413D-92D6-D2BA207CEA2F"
    } ],
    "formats" : {
    },
    "glossaryLinks" : {
    }
  }, {
    "bounds" : {
      "lowerRight" : {
        "y" : 480,
        "x" : 660
      },
      "upperLeft" : {
        "y" : 450,
        "x" : 630
      }
    },
    "dockers" : [ ],
    "resourceId" : "sid-CFF4D939-9C7D-47EB-ABD4-27A14002B765",
    "labels" : [ ],
    "layers" : [ ],
    "childShapes" : [ ],
    "properties" : {
      "exttype" : "Push",
      "id" : "",
      "title" : "J",
      "external" : "false",
      "locatortypes" : "",
      "locatornames" : "",
      "numberoftokens_drawing" : "0",
      "numberoftokens_text" : "",
      "numberOfTokens" : "0",
      "locatorexpr" : "",
      "href" : ""
    },
    "stencil" : {
      "id" : "Place"
    },
    "outgoing" : [ {
      "resourceId" : "sid-91DD447F-AB12-493D-8190-2C673686B305"
    }, {
      "resourceId" : "sid-54A2405A-FDC2-4A4E-8FAB-197DCC4BA47D"
    }, {
      "resourceId" : "sid-02AF6EEE-E18A-4B4C-9173-935B51B50BEA"
    }, {
      "resourceId" : "sid-F785FE33-930B-4B0C-BFC8-8379EFA0F182"
    }, {
      "resourceId" : "sid-D9CA7A0A-7FCF-4187-A1EF-00B7846F847B"
    }, {
      "resourceId" : "sid-317B468E-26C6-4C26-B1CE-854F5B08B3C7"
    }, {
      "resourceId" : "sid-6FA3932B-7E14-4F2E-9D53-22C3F6ADA2AF"
    } ],
    "formats" : {
    },
    "glossaryLinks" : {
    }
  }, {
    "bounds" : {
      "lowerRight" : {
        "y" : 245,
        "x" : 674.0234375
      },
      "upperLeft" : {
        "y" : 245,
        "x" : 630.62109375
      }
    },
    "dockers" : [ {
      "y" : 15,
      "x" : 15
    }, {
      "y" : 20,
      "x" : 38.5
    } ],
    "resourceId" : "sid-D5974A46-C898-4624-8BD4-26CD57FD0D66",
    "labels" : [ ],
    "layers" : [ ],
    "target" : {
      "resourceId" : "sid-C51BBB2D-A05C-4C5F-8552-EC949815C122"
    },
    "childShapes" : [ ],
    "properties" : {
      "id" : "",
      "label" : "",
      "transformation" : ""
    },
    "stencil" : {
      "id" : "Arc"
    },
    "outgoing" : [ {
      "resourceId" : "sid-C51BBB2D-A05C-4C5F-8552-EC949815C122"
    } ],
    "formats" : {
    },
    "glossaryLinks" : {
    }
  }, {
    "bounds" : {
      "lowerRight" : {
        "y" : 314.5,
        "x" : 788.5
      },
      "upperLeft" : {
        "y" : 127,
        "x" : 285
      }
    },
    "dockers" : [ {
      "y" : 20,
      "x" : 38.5
    }, {
      "y" : 127,
      "x" : 788.5
    }, {
      "y" : 127,
      "x" : 285
    }, {
      "y" : 15,
      "x" : 15
    } ],
    "resourceId" : "sid-F5460125-F5D4-49A4-B936-7373183A5E2E",
    "labels" : [ ],
    "layers" : [ ],
    "target" : {
      "resourceId" : "sid-2B3024D9-9546-4842-A4F9-1E8533CD1D81"
    },
    "childShapes" : [ ],
    "properties" : {
      "id" : "",
      "label" : "",
      "transformation" : ""
    },
    "stencil" : {
      "id" : "Arc"
    },
    "outgoing" : [ {
      "resourceId" : "sid-2B3024D9-9546-4842-A4F9-1E8533CD1D81"
    } ],
    "formats" : {
    },
    "glossaryLinks" : {
    }
  }, {
    "bounds" : {
      "lowerRight" : {
        "y" : 269.2915762377253,
        "x" : 713.5
      },
      "upperLeft" : {
        "y" : 140,
        "x" : 288.0333507954737
      }
    },
    "dockers" : [ {
      "y" : 20,
      "x" : 38.5
    }, {
      "y" : 140,
      "x" : 713.5
    }, {
      "y" : 140,
      "x" : 313
    }, {
      "y" : 15,
      "x" : 15
    } ],
    "resourceId" : "sid-76BFA1BC-FF75-4BCC-96CB-D149786E33C3",
    "labels" : [ ],
    "layers" : [ ],
    "target" : {
      "resourceId" : "sid-2B3024D9-9546-4842-A4F9-1E8533CD1D81"
    },
    "childShapes" : [ ],
    "properties" : {
      "id" : "",
      "label" : "",
      "transformation" : ""
    },
    "stencil" : {
      "id" : "Arc"
    },
    "outgoing" : [ {
      "resourceId" : "sid-2B3024D9-9546-4842-A4F9-1E8533CD1D81"
    } ],
    "formats" : {
    },
    "glossaryLinks" : {
    }
  }, {
    "bounds" : {
      "lowerRight" : {
        "y" : 375,
        "x" : 464.8164951519372
      },
      "upperLeft" : {
        "y" : 360.8585647760771,
        "x" : 345.546875
      }
    },
    "dockers" : [ {
      "y" : 15,
      "x" : 15
    }, {
      "y" : 375,
      "x" : 428
    }, {
      "y" : 31,
      "x" : 38.5
    } ],
    "resourceId" : "sid-84E72D23-7E11-4B61-B75E-FEDA44D1D000",
    "labels" : [ ],
    "layers" : [ ],
    "target" : {
      "resourceId" : "sid-1CC0F718-BF31-4CB0-9FC7-19A0D6B7255B"
    },
    "childShapes" : [ ],
    "properties" : {
      "id" : "",
      "label" : "",
      "transformation" : ""
    },
    "stencil" : {
      "id" : "Arc"
    },
    "outgoing" : [ {
      "resourceId" : "sid-1CC0F718-BF31-4CB0-9FC7-19A0D6B7255B"
    } ],
    "formats" : {
    },
    "glossaryLinks" : {
    }
  }, {
    "bounds" : {
      "lowerRight" : {
        "y" : 260,
        "x" : 945
      },
      "upperLeft" : {
        "y" : 230,
        "x" : 915
      }
    },
    "dockers" : [ ],
    "resourceId" : "sid-A31EC2F7-31A3-45DC-A768-65295675DBB8",
    "labels" : [ ],
    "layers" : [ ],
    "childShapes" : [ ],
    "properties" : {
      "exttype" : "Push",
      "id" : "",
      "title" : "K",
      "external" : "false",
      "locatortypes" : "",
      "locatornames" : "",
      "numberoftokens_drawing" : "0",
      "numberoftokens_text" : "",
      "numberOfTokens" : "0",
      "locatorexpr" : "",
      "href" : ""
    },
    "stencil" : {
      "id" : "Place"
    },
    "outgoing" : [ ],
    "formats" : {
    },
    "glossaryLinks" : {
    }
  }, {
    "bounds" : {
      "lowerRight" : {
        "y" : 245,
        "x" : 914.623046875
      },
      "upperLeft" : {
        "y" : 245,
        "x" : 752
      }
    },
    "dockers" : [ {
      "y" : 20,
      "x" : 38.5
    }, {
      "y" : 15,
      "x" : 15
    } ],
    "resourceId" : "sid-4EF409BC-5674-4AEE-8058-0E4A444E95A8",
    "labels" : [ ],
    "layers" : [ ],
    "target" : {
      "resourceId" : "sid-A31EC2F7-31A3-45DC-A768-65295675DBB8"
    },
    "childShapes" : [ ],
    "properties" : {
      "id" : "",
      "label" : "",
      "transformation" : ""
    },
    "stencil" : {
      "id" : "Arc"
    },
    "outgoing" : [ {
      "resourceId" : "sid-A31EC2F7-31A3-45DC-A768-65295675DBB8"
    } ],
    "formats" : {
    },
    "glossaryLinks" : {
    }
  }, {
    "bounds" : {
      "lowerRight" : {
        "y" : 314.7758174469449,
        "x" : 916.9960595138078
      },
      "upperLeft" : {
        "y" : 253.27105755305504,
        "x" : 820.2969092361922
      }
    },
    "dockers" : [ {
      "y" : 20,
      "x" : 38.5
    }, {
      "y" : 15,
      "x" : 15
    } ],
    "resourceId" : "sid-AC79A45E-213F-430C-9914-88A7B08E0944",
    "labels" : [ ],
    "layers" : [ ],
    "target" : {
      "resourceId" : "sid-A31EC2F7-31A3-45DC-A768-65295675DBB8"
    },
    "childShapes" : [ ],
    "properties" : {
      "id" : "",
      "label" : "",
      "transformation" : ""
    },
    "stencil" : {
      "id" : "Arc"
    },
    "outgoing" : [ {
      "resourceId" : "sid-A31EC2F7-31A3-45DC-A768-65295675DBB8"
    } ],
    "formats" : {
    },
    "glossaryLinks" : {
    }
  }, {
    "bounds" : {
      "lowerRight" : {
        "y" : 550,
        "x" : 300
      },
      "upperLeft" : {
        "y" : 520,
        "x" : 270
      }
    },
    "dockers" : [ ],
    "resourceId" : "sid-29AAD7E5-08BB-4395-87F7-5234FD64575F",
    "labels" : [ ],
    "layers" : [ ],
    "childShapes" : [ ],
    "properties" : {
      "exttype" : "Push",
      "id" : "",
      "title" : "L",
      "external" : "false",
      "locatortypes" : "",
      "locatornames" : "",
      "numberoftokens_drawing" : "0",
      "numberoftokens_text" : "",
      "numberOfTokens" : "0",
      "locatorexpr" : "",
      "href" : ""
    },
    "stencil" : {
      "id" : "Place"
    },
    "outgoing" : [ {
      "resourceId" : "sid-0A04235C-7471-4944-A444-F66FC1C9A9D3"
    } ],
    "formats" : {
    },
    "glossaryLinks" : {
    }
  }, {
    "bounds" : {
      "lowerRight" : {
        "y" : 555,
        "x" : 542
      },
      "upperLeft" : {
        "y" : 515,
        "x" : 465
      }
    },
    "dockers" : [ ],
    "resourceId" : "sid-52E91E3A-2C5C-4076-A9AA-6B7A79081A37",
    "labels" : [ ],
    "layers" : [ ],
    "childShapes" : [ ],
    "properties" : {
      "id" : "",
      "title" : "M",
      "communicationtype" : "Default",
      "communicationchannel" : "",
      "guard" : "",
      "oform" : "",
      "omodel" : "",
      "firetype" : "Automatic",
      "href" : ""
    },
    "stencil" : {
      "id" : "Transition"
    },
    "outgoing" : [ {
      "resourceId" : "sid-79ED4815-12C3-40A9-8042-ACEB6C9F17C9"
    } ],
    "formats" : {
    },
    "glossaryLinks" : {
    }
  }, {
    "bounds" : {
      "lowerRight" : {
        "y" : 535,
        "x" : 464.9453125
      },
      "upperLeft" : {
        "y" : 535,
        "x" : 300.509765625
      }
    },
    "dockers" : [ {
      "y" : 15,
      "x" : 15
    }, {
      "y" : 20,
      "x" : 38.5
    } ],
    "resourceId" : "sid-0A04235C-7471-4944-A444-F66FC1C9A9D3",
    "labels" : [ ],
    "layers" : [ ],
    "target" : {
      "resourceId" : "sid-52E91E3A-2C5C-4076-A9AA-6B7A79081A37"
    },
    "childShapes" : [ ],
    "properties" : {
      "id" : "",
      "label" : "",
      "transformation" : ""
    },
    "stencil" : {
      "id" : "Arc"
    },
    "outgoing" : [ {
      "resourceId" : "sid-52E91E3A-2C5C-4076-A9AA-6B7A79081A37"
    } ],
    "formats" : {
    },
    "glossaryLinks" : {
    }
  }, {
    "bounds" : {
      "lowerRight" : {
        "y" : 620,
        "x" : 300
      },
      "upperLeft" : {
        "y" : 590,
        "x" : 270
      }
    },
    "dockers" : [ ],
    "resourceId" : "sid-E26BF9FC-516B-4132-B783-C21926295354",
    "labels" : [ ],
    "layers" : [ ],
    "childShapes" : [ ],
    "properties" : {
      "exttype" : "Push",
      "id" : "",
      "title" : "N",
      "external" : "false",
      "locatortypes" : "",
      "locatornames" : "",
      "numberoftokens_drawing" : "0",
      "numberoftokens_text" : "",
      "numberOfTokens" : "0",
      "locatorexpr" : "",
      "href" : ""
    },
    "stencil" : {
      "id" : "Place"
    },
    "outgoing" : [ {
      "resourceId" : "sid-96D830D4-79C8-4273-861B-45A03B340865"
    } ],
    "formats" : {
    },
    "glossaryLinks" : {
    }
  }, {
    "bounds" : {
      "lowerRight" : {
        "y" : 625,
        "x" : 542
      },
      "upperLeft" : {
        "y" : 585,
        "x" : 465
      }
    },
    "dockers" : [ ],
    "resourceId" : "sid-765C8913-1C76-4869-A333-844F9A7E97F8",
    "labels" : [ ],
    "layers" : [ ],
    "childShapes" : [ ],
    "properties" : {
      "id" : "",
      "title" : "O",
      "communicationtype" : "Default",
      "communicationchannel" : "",
      "guard" : "",
      "oform" : "",
      "omodel" : "",
      "firetype" : "Automatic",
      "href" : ""
    },
    "stencil" : {
      "id" : "Transition"
    },
    "outgoing" : [ {
      "resourceId" : "sid-6B2C58D8-B017-4189-9ED3-795D19444844"
    } ],
    "formats" : {
    },
    "glossaryLinks" : {
    }
  }, {
    "bounds" : {
      "lowerRight" : {
        "y" : 605,
        "x" : 464.9453125
      },
      "upperLeft" : {
        "y" : 605,
        "x" : 300.509765625
      }
    },
    "dockers" : [ {
      "y" : 15,
      "x" : 15
    }, {
      "y" : 20,
      "x" : 38.5
    } ],
    "resourceId" : "sid-96D830D4-79C8-4273-861B-45A03B340865",
    "labels" : [ ],
    "layers" : [ ],
    "target" : {
      "resourceId" : "sid-765C8913-1C76-4869-A333-844F9A7E97F8"
    },
    "childShapes" : [ ],
    "properties" : {
      "id" : "",
      "label" : "",
      "transformation" : ""
    },
    "stencil" : {
      "id" : "Arc"
    },
    "outgoing" : [ {
      "resourceId" : "sid-765C8913-1C76-4869-A333-844F9A7E97F8"
    } ],
    "formats" : {
    },
    "glossaryLinks" : {
    }
  }, {
    "bounds" : {
      "lowerRight" : {
        "y" : 680,
        "x" : 300
      },
      "upperLeft" : {
        "y" : 650,
        "x" : 270
      }
    },
    "dockers" : [ ],
    "resourceId" : "sid-FF60700C-5719-4AD7-83BE-449CEE7EBCCE",
    "labels" : [ ],
    "layers" : [ ],
    "childShapes" : [ ],
    "properties" : {
      "exttype" : "Push",
      "id" : "",
      "title" : "P",
      "external" : "false",
      "locatortypes" : "",
      "locatornames" : "",
      "numberoftokens_drawing" : "0",
      "numberoftokens_text" : "",
      "numberOfTokens" : "0",
      "locatorexpr" : "",
      "href" : ""
    },
    "stencil" : {
      "id" : "Place"
    },
    "outgoing" : [ {
      "resourceId" : "sid-2F3F3CCB-371B-4199-9484-A5173AF0CC59"
    } ],
    "formats" : {
    },
    "glossaryLinks" : {
    }
  }, {
    "bounds" : {
      "lowerRight" : {
        "y" : 685,
        "x" : 542
      },
      "upperLeft" : {
        "y" : 645,
        "x" : 465
      }
    },
    "dockers" : [ ],
    "resourceId" : "sid-7CE13682-451A-4839-945D-306F22A21A0D",
    "labels" : [ ],
    "layers" : [ ],
    "childShapes" : [ ],
    "properties" : {
      "id" : "",
      "title" : "Q",
      "communicationtype" : "Default",
      "communicationchannel" : "",
      "guard" : "",
      "oform" : "",
      "omodel" : "",
      "firetype" : "Automatic",
      "href" : ""
    },
    "stencil" : {
      "id" : "Transition"
    },
    "outgoing" : [ {
      "resourceId" : "sid-28A8C585-D4C2-4B09-B527-2E3FC7B15064"
    } ],
    "formats" : {
    },
    "glossaryLinks" : {
    }
  }, {
    "bounds" : {
      "lowerRight" : {
        "y" : 665,
        "x" : 464.9453125
      },
      "upperLeft" : {
        "y" : 665,
        "x" : 300.509765625
      }
    },
    "dockers" : [ {
      "y" : 15,
      "x" : 15
    }, {
      "y" : 20,
      "x" : 38.5
    } ],
    "resourceId" : "sid-2F3F3CCB-371B-4199-9484-A5173AF0CC59",
    "labels" : [ ],
    "layers" : [ ],
    "target" : {
      "resourceId" : "sid-7CE13682-451A-4839-945D-306F22A21A0D"
    },
    "childShapes" : [ ],
    "properties" : {
      "id" : "",
      "label" : "",
      "transformation" : ""
    },
    "stencil" : {
      "id" : "Arc"
    },
    "outgoing" : [ {
      "resourceId" : "sid-7CE13682-451A-4839-945D-306F22A21A0D"
    } ],
    "formats" : {
    },
    "glossaryLinks" : {
    }
  }, {
    "bounds" : {
      "lowerRight" : {
        "y" : 740,
        "x" : 300.5
      },
      "upperLeft" : {
        "y" : 710,
        "x" : 270.5
      }
    },
    "dockers" : [ ],
    "resourceId" : "sid-2A3917AA-F1D1-4AE1-B0D5-00293B6F35B4",
    "labels" : [ ],
    "layers" : [ ],
    "childShapes" : [ ],
    "properties" : {
      "exttype" : "Push",
      "id" : "",
      "title" : "R",
      "external" : "false",
      "locatortypes" : "",
      "locatornames" : "",
      "numberoftokens_drawing" : "0",
      "numberoftokens_text" : "",
      "numberOfTokens" : "0",
      "locatorexpr" : "",
      "href" : ""
    },
    "stencil" : {
      "id" : "Place"
    },
    "outgoing" : [ {
      "resourceId" : "sid-F09A9A0A-AFB4-4FEB-B46F-79999014ECD3"
    } ],
    "formats" : {
    },
    "glossaryLinks" : {
    }
  }, {
    "bounds" : {
      "lowerRight" : {
        "y" : 745,
        "x" : 542.5
      },
      "upperLeft" : {
        "y" : 705,
        "x" : 465.5
      }
    },
    "dockers" : [ ],
    "resourceId" : "sid-784C1CA2-A62B-45AE-8F85-97778889A214",
    "labels" : [ ],
    "layers" : [ ],
    "childShapes" : [ ],
    "properties" : {
      "id" : "",
      "title" : "S",
      "communicationtype" : "Default",
      "communicationchannel" : "",
      "guard" : "",
      "oform" : "",
      "omodel" : "",
      "firetype" : "Automatic",
      "href" : ""
    },
    "stencil" : {
      "id" : "Transition"
    },
    "outgoing" : [ {
      "resourceId" : "sid-37E18ACA-19AE-419F-A6C8-DBFC2F2D9E6E"
    } ],
    "formats" : {
    },
    "glossaryLinks" : {
    }
  }, {
    "bounds" : {
      "lowerRight" : {
        "y" : 725,
        "x" : 465.4453125
      },
      "upperLeft" : {
        "y" : 725,
        "x" : 301.009765625
      }
    },
    "dockers" : [ {
      "y" : 15,
      "x" : 15
    }, {
      "y" : 20,
      "x" : 38.5
    } ],
    "resourceId" : "sid-F09A9A0A-AFB4-4FEB-B46F-79999014ECD3",
    "labels" : [ ],
    "layers" : [ ],
    "target" : {
      "resourceId" : "sid-784C1CA2-A62B-45AE-8F85-97778889A214"
    },
    "childShapes" : [ ],
    "properties" : {
      "id" : "",
      "label" : "",
      "transformation" : ""
    },
    "stencil" : {
      "id" : "Arc"
    },
    "outgoing" : [ {
      "resourceId" : "sid-784C1CA2-A62B-45AE-8F85-97778889A214"
    } ],
    "formats" : {
    },
    "glossaryLinks" : {
    }
  }, {
    "bounds" : {
      "lowerRight" : {
        "y" : 449.8871544322391,
        "x" : 685.5771144278608
      },
      "upperLeft" : {
        "y" : 265,
        "x" : 648.0661783196682
      }
    },
    "dockers" : [ {
      "y" : 15,
      "x" : 15
    }, {
      "y" : 39,
      "x" : 10.780000000000044
    } ],
    "resourceId" : "sid-91DD447F-AB12-493D-8190-2C673686B305",
    "labels" : [ ],
    "layers" : [ ],
    "target" : {
      "resourceId" : "sid-C51BBB2D-A05C-4C5F-8552-EC949815C122"
    },
    "childShapes" : [ ],
    "properties" : {
      "id" : "",
      "label" : "",
      "transformation" : ""
    },
    "stencil" : {
      "id" : "Arc"
    },
    "outgoing" : [ {
      "resourceId" : "sid-C51BBB2D-A05C-4C5F-8552-EC949815C122"
    } ],
    "formats" : {
    },
    "glossaryLinks" : {
    }
  }, {
    "bounds" : {
      "lowerRight" : {
        "y" : 465,
        "x" : 629.62890625
      },
      "upperLeft" : {
        "y" : 465,
        "x" : 542
      }
    },
    "dockers" : [ {
      "y" : 20,
      "x" : 38.5
    }, {
      "y" : 15,
      "x" : 15
    } ],
    "resourceId" : "sid-B005754F-EEA3-45D5-975F-0CFEE63641B9",
    "labels" : [ ],
    "layers" : [ ],
    "target" : {
      "resourceId" : "sid-CFF4D939-9C7D-47EB-ABD4-27A14002B765"
    },
    "childShapes" : [ ],
    "properties" : {
      "id" : "",
      "label" : "",
      "transformation" : ""
    },
    "stencil" : {
      "id" : "Arc"
    },
    "outgoing" : [ {
      "resourceId" : "sid-CFF4D939-9C7D-47EB-ABD4-27A14002B765"
    } ],
    "formats" : {
    },
    "glossaryLinks" : {
    }
  }, {
    "bounds" : {
      "lowerRight" : {
        "y" : 605,
        "x" : 638.0891693207603
      },
      "upperLeft" : {
        "y" : 479.02197529121094,
        "x" : 542
      }
    },
    "dockers" : [ {
      "y" : 20,
      "x" : 38.5
    }, {
      "y" : 605,
      "x" : 576
    }, {
      "y" : 15,
      "x" : 15
    } ],
    "resourceId" : "sid-6B2C58D8-B017-4189-9ED3-795D19444844",
    "labels" : [ ],
    "layers" : [ ],
    "target" : {
      "resourceId" : "sid-CFF4D939-9C7D-47EB-ABD4-27A14002B765"
    },
    "childShapes" : [ ],
    "properties" : {
      "id" : "",
      "label" : "",
      "transformation" : ""
    },
    "stencil" : {
      "id" : "Arc"
    },
    "outgoing" : [ {
      "resourceId" : "sid-CFF4D939-9C7D-47EB-ABD4-27A14002B765"
    } ],
    "formats" : {
    },
    "glossaryLinks" : {
    }
  }, {
    "bounds" : {
      "lowerRight" : {
        "y" : 665,
        "x" : 640.79287007448
      },
      "upperLeft" : {
        "y" : 480.0254640197142,
        "x" : 542
      }
    },
    "dockers" : [ {
      "y" : 20,
      "x" : 38.5
    }, {
      "y" : 665,
      "x" : 589
    }, {
      "y" : 15,
      "x" : 15
    } ],
    "resourceId" : "sid-28A8C585-D4C2-4B09-B527-2E3FC7B15064",
    "labels" : [ ],
    "layers" : [ ],
    "target" : {
      "resourceId" : "sid-CFF4D939-9C7D-47EB-ABD4-27A14002B765"
    },
    "childShapes" : [ ],
    "properties" : {
      "id" : "",
      "label" : "",
      "transformation" : ""
    },
    "stencil" : {
      "id" : "Arc"
    },
    "outgoing" : [ {
      "resourceId" : "sid-CFF4D939-9C7D-47EB-ABD4-27A14002B765"
    } ],
    "formats" : {
    },
    "glossaryLinks" : {
    }
  }, {
    "bounds" : {
      "lowerRight" : {
        "y" : 485,
        "x" : 872
      },
      "upperLeft" : {
        "y" : 445,
        "x" : 795
      }
    },
    "dockers" : [ ],
    "resourceId" : "sid-715495B4-11CB-4045-AF4E-7B295C59889B",
    "labels" : [ ],
    "layers" : [ ],
    "childShapes" : [ ],
    "properties" : {
      "id" : "",
      "title" : "T",
      "communicationtype" : "Default",
      "communicationchannel" : "",
      "guard" : "",
      "oform" : "",
      "omodel" : "",
      "firetype" : "Automatic",
      "href" : ""
    },
    "stencil" : {
      "id" : "Transition"
    },
    "outgoing" : [ {
      "resourceId" : "sid-7516E717-2F96-436D-9FB3-8921BFD4777D"
    } ],
    "formats" : {
    },
    "glossaryLinks" : {
    }
  }, {
    "bounds" : {
      "lowerRight" : {
        "y" : 480,
        "x" : 975
      },
      "upperLeft" : {
        "y" : 450,
        "x" : 945
      }
    },
    "dockers" : [ ],
    "resourceId" : "sid-17EFE28F-A0C9-4E6F-8920-95433F15B065",
    "labels" : [ ],
    "layers" : [ ],
    "childShapes" : [ ],
    "properties" : {
      "exttype" : "Push",
      "id" : "",
      "title" : "U",
      "external" : "false",
      "locatortypes" : "",
      "locatornames" : "",
      "numberoftokens_drawing" : "0",
      "numberoftokens_text" : "",
      "numberOfTokens" : "0",
      "locatorexpr" : "",
      "href" : ""
    },
    "stencil" : {
      "id" : "Place"
    },
    "outgoing" : [ ],
    "formats" : {
    },
    "glossaryLinks" : {
    }
  }, {
    "bounds" : {
      "lowerRight" : {
        "y" : 465,
        "x" : 945
      },
      "upperLeft" : {
        "y" : 465,
        "x" : 872
      }
    },
    "dockers" : [ {
      "y" : 20,
      "x" : 38.5
    }, {
      "y" : 15,
      "x" : 0
    } ],
    "resourceId" : "sid-7516E717-2F96-436D-9FB3-8921BFD4777D",
    "labels" : [ ],
    "layers" : [ ],
    "target" : {
      "resourceId" : "sid-17EFE28F-A0C9-4E6F-8920-95433F15B065"
    },
    "childShapes" : [ ],
    "properties" : {
      "id" : "",
      "label" : "",
      "transformation" : ""
    },
    "stencil" : {
      "id" : "Arc"
    },
    "outgoing" : [ {
      "resourceId" : "sid-17EFE28F-A0C9-4E6F-8920-95433F15B065"
    } ],
    "formats" : {
    },
    "glossaryLinks" : {
    }
  }, {
    "bounds" : {
      "lowerRight" : {
        "y" : 457.4965285874846,
        "x" : 787.5984848484849
      },
      "upperLeft" : {
        "y" : 355,
        "x" : 659.0064799700287
      }
    },
    "dockers" : [ {
      "y" : 15,
      "x" : 15
    }, {
      "y" : 420,
      "x" : 729
    }, {
      "y" : 39,
      "x" : 38.5
    } ],
    "resourceId" : "sid-54A2405A-FDC2-4A4E-8FAB-197DCC4BA47D",
    "labels" : [ ],
    "layers" : [ ],
    "target" : {
      "resourceId" : "sid-FA5F65AE-E86A-4E43-B028-98BCEBAD287D"
    },
    "childShapes" : [ ],
    "properties" : {
      "id" : "",
      "label" : "",
      "transformation" : ""
    },
    "stencil" : {
      "id" : "Arc"
    },
    "outgoing" : [ {
      "resourceId" : "sid-FA5F65AE-E86A-4E43-B028-98BCEBAD287D"
    } ],
    "formats" : {
    },
    "glossaryLinks" : {
    }
  }, {
    "bounds" : {
      "lowerRight" : {
        "y" : 555,
        "x" : 872.5
      },
      "upperLeft" : {
        "y" : 515,
        "x" : 795.5
      }
    },
    "dockers" : [ ],
    "resourceId" : "sid-3B9A53BF-9D93-4337-ABE4-EDF2FC4E8AF3",
    "labels" : [ ],
    "layers" : [ ],
    "childShapes" : [ ],
    "properties" : {
      "id" : "",
      "title" : "V",
      "communicationtype" : "Default",
      "communicationchannel" : "",
      "guard" : "",
      "oform" : "",
      "omodel" : "",
      "firetype" : "Automatic",
      "href" : ""
    },
    "stencil" : {
      "id" : "Transition"
    },
    "outgoing" : [ {
      "resourceId" : "sid-EBF67BD0-F1DB-4E9A-9BDE-77A003BBC55D"
    } ],
    "formats" : {
    },
    "glossaryLinks" : {
    }
  }, {
    "bounds" : {
      "lowerRight" : {
        "y" : 685,
        "x" : 873.5
      },
      "upperLeft" : {
        "y" : 645,
        "x" : 796.5
      }
    },
    "dockers" : [ ],
    "resourceId" : "sid-5549F57F-81EB-424A-9A9D-C9138B27CFF7",
    "labels" : [ ],
    "layers" : [ ],
    "childShapes" : [ ],
    "properties" : {
      "id" : "",
      "title" : "W",
      "communicationtype" : "Default",
      "communicationchannel" : "",
      "guard" : "",
      "oform" : "",
      "omodel" : "",
      "firetype" : "Automatic",
      "href" : ""
    },
    "stencil" : {
      "id" : "Transition"
    },
    "outgoing" : [ {
      "resourceId" : "sid-C764D4BD-1CAD-4BE2-967A-62037E5C0C62"
    } ],
    "formats" : {
    },
    "glossaryLinks" : {
    }
  }, {
    "bounds" : {
      "lowerRight" : {
        "y" : 745,
        "x" : 873
      },
      "upperLeft" : {
        "y" : 705,
        "x" : 796
      }
    },
    "dockers" : [ ],
    "resourceId" : "sid-FC9CCBB7-F795-4F11-891B-CAB6F9A7158F",
    "labels" : [ ],
    "layers" : [ ],
    "childShapes" : [ ],
    "properties" : {
      "id" : "",
      "title" : "X",
      "communicationtype" : "Default",
      "communicationchannel" : "",
      "guard" : "",
      "oform" : "",
      "omodel" : "",
      "firetype" : "Automatic",
      "href" : ""
    },
    "stencil" : {
      "id" : "Transition"
    },
    "outgoing" : [ {
      "resourceId" : "sid-B4BB46BF-1A5E-4780-B454-BC7AC3F70036"
    } ],
    "formats" : {
    },
    "glossaryLinks" : {
    }
  }, {
    "bounds" : {
      "lowerRight" : {
        "y" : 625,
        "x" : 873
      },
      "upperLeft" : {
        "y" : 585,
        "x" : 796
      }
    },
    "dockers" : [ ],
    "resourceId" : "sid-33B768D5-6CBE-46FD-A87D-19BB4BB27F21",
    "labels" : [ ],
    "layers" : [ ],
    "childShapes" : [ ],
    "properties" : {
      "id" : "",
      "title" : "Y",
      "communicationtype" : "Default",
      "communicationchannel" : "",
      "guard" : "",
      "oform" : "",
      "omodel" : "",
      "firetype" : "Automatic",
      "href" : ""
    },
    "stencil" : {
      "id" : "Transition"
    },
    "outgoing" : [ {
      "resourceId" : "sid-F843C016-99C7-4208-BCF2-B471C7E571D2"
    } ],
    "formats" : {
    },
    "glossaryLinks" : {
    }
  }, {
    "bounds" : {
      "lowerRight" : {
        "y" : 535,
        "x" : 634.3632305707144
      },
      "upperLeft" : {
        "y" : 476.1130426873132,
        "x" : 542
      }
    },
    "dockers" : [ {
      "y" : 20,
      "x" : 38.5
    }, {
      "y" : 535,
      "x" : 578
    }, {
      "y" : 15,
      "x" : 15
    } ],
    "resourceId" : "sid-79ED4815-12C3-40A9-8042-ACEB6C9F17C9",
    "labels" : [ ],
    "layers" : [ ],
    "target" : {
      "resourceId" : "sid-CFF4D939-9C7D-47EB-ABD4-27A14002B765"
    },
    "childShapes" : [ ],
    "properties" : {
      "id" : "",
      "label" : "",
      "transformation" : ""
    },
    "stencil" : {
      "id" : "Arc"
    },
    "outgoing" : [ {
      "resourceId" : "sid-CFF4D939-9C7D-47EB-ABD4-27A14002B765"
    } ],
    "formats" : {
    },
    "glossaryLinks" : {
    }
  }, {
    "bounds" : {
      "lowerRight" : {
        "y" : 550,
        "x" : 975
      },
      "upperLeft" : {
        "y" : 520,
        "x" : 945
      }
    },
    "dockers" : [ ],
    "resourceId" : "sid-C52ABC8C-25AE-41DF-A37B-9CAD048CC07F",
    "labels" : [ ],
    "layers" : [ ],
    "childShapes" : [ ],
    "properties" : {
      "exttype" : "Push",
      "id" : "",
      "title" : "Z",
      "external" : "false",
      "locatortypes" : "",
      "locatornames" : "",
      "numberoftokens_drawing" : "0",
      "numberoftokens_text" : "",
      "numberOfTokens" : "0",
      "locatorexpr" : "",
      "href" : ""
    },
    "stencil" : {
      "id" : "Place"
    },
    "outgoing" : [ ],
    "formats" : {
    },
    "glossaryLinks" : {
    }
  }, {
    "bounds" : {
      "lowerRight" : {
        "y" : 620,
        "x" : 975
      },
      "upperLeft" : {
        "y" : 590,
        "x" : 945
      }
    },
    "dockers" : [ ],
    "resourceId" : "sid-CEBA7D98-9139-4860-92D6-F310238384B3",
    "labels" : [ ],
    "layers" : [ ],
    "childShapes" : [ ],
    "properties" : {
      "exttype" : "Push",
      "id" : "",
      "title" : "AA",
      "external" : "false",
      "locatortypes" : "",
      "locatornames" : "",
      "numberoftokens_drawing" : "0",
      "numberoftokens_text" : "",
      "numberOfTokens" : "0",
      "locatorexpr" : "",
      "href" : ""
    },
    "stencil" : {
      "id" : "Place"
    },
    "outgoing" : [ ],
    "formats" : {
    },
    "glossaryLinks" : {
    }
  }, {
    "bounds" : {
      "lowerRight" : {
        "y" : 605,
        "x" : 945
      },
      "upperLeft" : {
        "y" : 605,
        "x" : 873
      }
    },
    "dockers" : [ {
      "y" : 20,
      "x" : 38.5
    }, {
      "y" : 15,
      "x" : 0
    } ],
    "resourceId" : "sid-F843C016-99C7-4208-BCF2-B471C7E571D2",
    "labels" : [ ],
    "layers" : [ ],
    "target" : {
      "resourceId" : "sid-CEBA7D98-9139-4860-92D6-F310238384B3"
    },
    "childShapes" : [ ],
    "properties" : {
      "id" : "",
      "label" : "",
      "transformation" : ""
    },
    "stencil" : {
      "id" : "Arc"
    },
    "outgoing" : [ {
      "resourceId" : "sid-CEBA7D98-9139-4860-92D6-F310238384B3"
    } ],
    "formats" : {
    },
    "glossaryLinks" : {
    }
  }, {
    "bounds" : {
      "lowerRight" : {
        "y" : 680,
        "x" : 975
      },
      "upperLeft" : {
        "y" : 650,
        "x" : 945
      }
    },
    "dockers" : [ ],
    "resourceId" : "sid-EDAD83D0-D951-484D-9FBB-5038E26C1B4C",
    "labels" : [ ],
    "layers" : [ ],
    "childShapes" : [ ],
    "properties" : {
      "exttype" : "Push",
      "id" : "",
      "title" : "AB",
      "external" : "false",
      "locatortypes" : "",
      "locatornames" : "",
      "numberoftokens_drawing" : "0",
      "numberoftokens_text" : "",
      "numberOfTokens" : "0",
      "locatorexpr" : "",
      "href" : ""
    },
    "stencil" : {
      "id" : "Place"
    },
    "outgoing" : [ ],
    "formats" : {
    },
    "glossaryLinks" : {
    }
  }, {
    "bounds" : {
      "lowerRight" : {
        "y" : 665,
        "x" : 944.75
      },
      "upperLeft" : {
        "y" : 665,
        "x" : 873.5
      }
    },
    "dockers" : [ {
      "y" : 20,
      "x" : 49.5
    }, {
      "y" : 15,
      "x" : 15
    } ],
    "resourceId" : "sid-C764D4BD-1CAD-4BE2-967A-62037E5C0C62",
    "labels" : [ ],
    "layers" : [ ],
    "target" : {
      "resourceId" : "sid-EDAD83D0-D951-484D-9FBB-5038E26C1B4C"
    },
    "childShapes" : [ ],
    "properties" : {
      "id" : "",
      "label" : "",
      "transformation" : ""
    },
    "stencil" : {
      "id" : "Arc"
    },
    "outgoing" : [ {
      "resourceId" : "sid-EDAD83D0-D951-484D-9FBB-5038E26C1B4C"
    } ],
    "formats" : {
    },
    "glossaryLinks" : {
    }
  }, {
    "bounds" : {
      "lowerRight" : {
        "y" : 740,
        "x" : 975
      },
      "upperLeft" : {
        "y" : 710,
        "x" : 945
      }
    },
    "dockers" : [ ],
    "resourceId" : "sid-B4C263F8-8ABC-4E2F-B398-5171A7F8CC28",
    "labels" : [ ],
    "layers" : [ ],
    "childShapes" : [ ],
    "properties" : {
      "exttype" : "Push",
      "id" : "",
      "title" : "AC",
      "external" : "false",
      "locatortypes" : "",
      "locatornames" : "",
      "numberoftokens_drawing" : "0",
      "numberoftokens_text" : "",
      "numberOfTokens" : "0",
      "locatorexpr" : "",
      "href" : ""
    },
    "stencil" : {
      "id" : "Place"
    },
    "outgoing" : [ ],
    "formats" : {
    },
    "glossaryLinks" : {
    }
  }, {
    "bounds" : {
      "lowerRight" : {
        "y" : 725,
        "x" : 945
      },
      "upperLeft" : {
        "y" : 725,
        "x" : 873
      }
    },
    "dockers" : [ {
      "y" : 20,
      "x" : 66
    }, {
      "y" : 15,
      "x" : 0
    } ],
    "resourceId" : "sid-B4BB46BF-1A5E-4780-B454-BC7AC3F70036",
    "labels" : [ ],
    "layers" : [ ],
    "target" : {
      "resourceId" : "sid-B4C263F8-8ABC-4E2F-B398-5171A7F8CC28"
    },
    "childShapes" : [ ],
    "properties" : {
      "id" : "",
      "label" : "",
      "transformation" : ""
    },
    "stencil" : {
      "id" : "Arc"
    },
    "outgoing" : [ {
      "resourceId" : "sid-B4C263F8-8ABC-4E2F-B398-5171A7F8CC28"
    } ],
    "formats" : {
    },
    "glossaryLinks" : {
    }
  }, {
    "bounds" : {
      "lowerRight" : {
        "y" : 535,
        "x" : 944.6875
      },
      "upperLeft" : {
        "y" : 535,
        "x" : 872.5
      }
    },
    "dockers" : [ {
      "y" : 20,
      "x" : 47.5
    }, {
      "y" : 15,
      "x" : 4
    } ],
    "resourceId" : "sid-EBF67BD0-F1DB-4E9A-9BDE-77A003BBC55D",
    "labels" : [ ],
    "layers" : [ ],
    "target" : {
      "resourceId" : "sid-C52ABC8C-25AE-41DF-A37B-9CAD048CC07F"
    },
    "childShapes" : [ ],
    "properties" : {
      "id" : "",
      "label" : "",
      "transformation" : ""
    },
    "stencil" : {
      "id" : "Arc"
    },
    "outgoing" : [ {
      "resourceId" : "sid-C52ABC8C-25AE-41DF-A37B-9CAD048CC07F"
    } ],
    "formats" : {
    },
    "glossaryLinks" : {
    }
  }, {
    "bounds" : {
      "lowerRight" : {
        "y" : 465,
        "x" : 794.2109375
      },
      "upperLeft" : {
        "y" : 465,
        "x" : 660.7265625
      }
    },
    "dockers" : [ {
      "y" : 15,
      "x" : 15
    }, {
      "y" : 20,
      "x" : 38.5
    } ],
    "resourceId" : "sid-F785FE33-930B-4B0C-BFC8-8379EFA0F182",
    "labels" : [ {
      "to" : 1,
      "ref" : "text",
      "distance" : -7.5,
      "align" : "center",
      "from" : 0,
      "valign" : "middle",
      "y" : 465,
      "x" : 726.8781532653431
    } ],
    "layers" : [ ],
    "target" : {
      "resourceId" : "sid-715495B4-11CB-4045-AF4E-7B295C59889B"
    },
    "childShapes" : [ ],
    "properties" : {
      "id" : "",
      "label" : "",
      "transformation" : ""
    },
    "stencil" : {
      "id" : "Arc"
    },
    "outgoing" : [ {
      "resourceId" : "sid-715495B4-11CB-4045-AF4E-7B295C59889B"
    } ],
    "formats" : {
    },
    "glossaryLinks" : {
    }
  }, {
    "bounds" : {
      "lowerRight" : {
        "y" : 535,
        "x" : 795.5
      },
      "upperLeft" : {
        "y" : 476.1028004504825,
        "x" : 655.9441890154756
      }
    },
    "dockers" : [ {
      "y" : 15,
      "x" : 15
    }, {
      "y" : 535,
      "x" : 714
    }, {
      "y" : 20,
      "x" : 1
    } ],
    "resourceId" : "sid-02AF6EEE-E18A-4B4C-9173-935B51B50BEA",
    "labels" : [ ],
    "layers" : [ ],
    "target" : {
      "resourceId" : "sid-3B9A53BF-9D93-4337-ABE4-EDF2FC4E8AF3"
    },
    "childShapes" : [ ],
    "properties" : {
      "id" : "",
      "label" : "",
      "transformation" : ""
    },
    "stencil" : {
      "id" : "Arc"
    },
    "outgoing" : [ {
      "resourceId" : "sid-3B9A53BF-9D93-4337-ABE4-EDF2FC4E8AF3"
    } ],
    "formats" : {
    },
    "glossaryLinks" : {
    }
  }, {
    "bounds" : {
      "lowerRight" : {
        "y" : 600,
        "x" : 795.421875
      },
      "upperLeft" : {
        "y" : 479.6617124561339,
        "x" : 649.7786322079252
      }
    },
    "dockers" : [ {
      "y" : 15,
      "x" : 15
    }, {
      "y" : 600,
      "x" : 689
    }, {
      "y" : 15,
      "x" : 18
    } ],
    "resourceId" : "sid-D9CA7A0A-7FCF-4187-A1EF-00B7846F847B",
    "labels" : [ ],
    "layers" : [ ],
    "target" : {
      "resourceId" : "sid-33B768D5-6CBE-46FD-A87D-19BB4BB27F21"
    },
    "childShapes" : [ ],
    "properties" : {
      "id" : "",
      "label" : "",
      "transformation" : ""
    },
    "stencil" : {
      "id" : "Arc"
    },
    "outgoing" : [ {
      "resourceId" : "sid-33B768D5-6CBE-46FD-A87D-19BB4BB27F21"
    } ],
    "formats" : {
    },
    "glossaryLinks" : {
    }
  }, {
    "bounds" : {
      "lowerRight" : {
        "y" : 661,
        "x" : 795.9296875
      },
      "upperLeft" : {
        "y" : 480.5388383001025,
        "x" : 646.9819946811356
      }
    },
    "dockers" : [ {
      "y" : 15,
      "x" : 15
    }, {
      "y" : 661,
      "x" : 670
    }, {
      "y" : 16,
      "x" : 27.5
    } ],
    "resourceId" : "sid-317B468E-26C6-4C26-B1CE-854F5B08B3C7",
    "labels" : [ ],
    "layers" : [ ],
    "target" : {
      "resourceId" : "sid-5549F57F-81EB-424A-9A9D-C9138B27CFF7"
    },
    "childShapes" : [ ],
    "properties" : {
      "id" : "",
      "label" : "",
      "transformation" : ""
    },
    "stencil" : {
      "id" : "Arc"
    },
    "outgoing" : [ {
      "resourceId" : "sid-5549F57F-81EB-424A-9A9D-C9138B27CFF7"
    } ],
    "formats" : {
    },
    "glossaryLinks" : {
    }
  }, {
    "bounds" : {
      "lowerRight" : {
        "y" : 725,
        "x" : 795.537109375
      },
      "upperLeft" : {
        "y" : 480.21609052858435,
        "x" : 646.1119450770889
      }
    },
    "dockers" : [ {
      "y" : 15,
      "x" : 15
    }, {
      "y" : 725,
      "x" : 664
    }, {
      "y" : 20,
      "x" : 38.5
    } ],
    "resourceId" : "sid-6FA3932B-7E14-4F2E-9D53-22C3F6ADA2AF",
    "labels" : [ ],
    "layers" : [ ],
    "target" : {
      "resourceId" : "sid-FC9CCBB7-F795-4F11-891B-CAB6F9A7158F"
    },
    "childShapes" : [ ],
    "properties" : {
      "id" : "",
      "label" : "",
      "transformation" : ""
    },
    "stencil" : {
      "id" : "Arc"
    },
    "outgoing" : [ {
      "resourceId" : "sid-FC9CCBB7-F795-4F11-891B-CAB6F9A7158F"
    } ],
    "formats" : {
    },
    "glossaryLinks" : {
    }
  }, {
    "bounds" : {
      "lowerRight" : {
        "y" : 725,
        "x" : 643.5371000933558
      },
      "upperLeft" : {
        "y" : 480.2141590291003,
        "x" : 542.5
      }
    },
    "dockers" : [ {
      "y" : 20,
      "x" : 38.5
    }, {
      "y" : 725,
      "x" : 620
    }, {
      "y" : 15,
      "x" : 15
    } ],
    "resourceId" : "sid-37E18ACA-19AE-419F-A6C8-DBFC2F2D9E6E",
    "labels" : [ ],
    "layers" : [ ],
    "target" : {
      "resourceId" : "sid-CFF4D939-9C7D-47EB-ABD4-27A14002B765"
    },
    "childShapes" : [ ],
    "properties" : {
      "id" : "",
      "label" : "",
      "transformation" : ""
    },
    "stencil" : {
      "id" : "Arc"
    },
    "outgoing" : [ {
      "resourceId" : "sid-CFF4D939-9C7D-47EB-ABD4-27A14002B765"
    } ],
    "formats" : {
    },
    "glossaryLinks" : {
    }
  } ],
  "properties" : {
    "author" : "",
    "title" : "",
    "engine" : "false",
    "modificationdate" : "10/07/07",
    "documentation" : "",
    "language" : "English",
    "creationdate" : "10/07/07",
    "version" : ""
  },
  "stencilset" : {
    "url" : "/stencilsets/petrinets/petrinet.json?version=5.2.1",
    "namespace" : "http://b3mn.org/stencilset/petrinet#"
  },
  "ssextensions" : [ ],
  "offset" : {
    "y" : -1,
    "x" : 0
  },
  "stencil" : {
    "id" : "Diagram"
  },
  "formats" : {
  }
}