{
  "revision" : {
    "creationDate" : null,
    "elementCounts" : {
      "total" : 66,
      "Place" : 17,
      "Arc" : 34,
      "Transition" : 14,
      "Diagram" : 1
    },
    "connectedness" : 100,
    "isLastRevision" : "false",
    "revisionNumber" : 7
  },
  "model" : {
    "modelingLanguage" : "petrinet",
    "numberOfRevisions" : 8,
    "naturalLanguage" : "de",
    "timestampModelCollection" : null,
    "directoryId" : "1443346721",
    "groupName" : "PetriNet",
    "modelDate" : "2012-08-30",
    "modelName" : "300900976",
    "modelId" : "300900976"
  }
}