{
  "revision" : {
    "creationDate" : null,
    "elementCounts" : {
      "total" : 46,
      "Place" : 12,
      "Arc" : 24,
      "Transition" : 9,
      "Diagram" : 1
    },
    "connectedness" : 100,
    "isLastRevision" : "false",
    "revisionNumber" : 3
  },
  "model" : {
    "modelingLanguage" : "petrinet",
    "numberOfRevisions" : 8,
    "naturalLanguage" : "de",
    "timestampModelCollection" : null,
    "directoryId" : "1443346721",
    "groupName" : "PetriNet",
    "modelDate" : "2012-08-30",
    "modelName" : "300900976",
    "modelId" : "300900976"
  }
}