{
  "revision" : {
    "creationDate" : null,
    "elementCounts" : {
      "total" : 38,
      "Place" : 8,
      "Arc" : 20,
      "Transition" : 9,
      "Diagram" : 1
    },
    "connectedness" : 94,
    "isLastRevision" : "false",
    "revisionNumber" : 1
  },
  "model" : {
    "modelingLanguage" : "petrinet",
    "numberOfRevisions" : 2,
    "naturalLanguage" : "de",
    "timestampModelCollection" : null,
    "directoryId" : "1443346721",
    "groupName" : "PetriNet",
    "modelDate" : "2012-08-30",
    "modelName" : "216330956",
    "modelId" : "216330956"
  }
}