{
  "bounds" : {
    "lowerRight" : {
      "y" : 1050,
      "x" : 1485
    },
    "upperLeft" : {
      "y" : 0,
      "x" : 0
    }
  },
  "resourceId" : "canvas",
  "childShapes" : [ {
    "bounds" : {
      "lowerRight" : {
        "y" : 225,
        "x" : 45
      },
      "upperLeft" : {
        "y" : 195,
        "x" : 15
      }
    },
    "dockers" : [ ],
    "resourceId" : "sid-E2E113DB-D0E2-4B11-8D97-EC8F7376F395",
    "labels" : [ ],
    "layers" : [ ],
    "childShapes" : [ ],
    "properties" : {
      "exttype" : "Push",
      "id" : "",
      "title" : "A",
      "external" : "false",
      "locatortypes" : "",
      "locatornames" : "",
      "numberoftokens_drawing" : "0",
      "numberoftokens_text" : "",
      "numberOfTokens" : "0",
      "locatorexpr" : "",
      "href" : ""
    },
    "stencil" : {
      "id" : "Place"
    },
    "outgoing" : [ {
      "resourceId" : "sid-0835FCC9-8F51-4A2F-B18D-87497855F9B3"
    } ],
    "formats" : {
    },
    "glossaryLinks" : {
    }
  }, {
    "bounds" : {
      "lowerRight" : {
        "y" : 230,
        "x" : 130
      },
      "upperLeft" : {
        "y" : 190,
        "x" : 90
      }
    },
    "dockers" : [ ],
    "resourceId" : "sid-145ED86D-BD57-4C4A-A4F5-1CBB1624FAB2",
    "labels" : [ ],
    "layers" : [ ],
    "childShapes" : [ ],
    "properties" : {
      "id" : "",
      "title" : "B",
      "communicationtype" : "Default",
      "communicationchannel" : "",
      "guard" : "",
      "oform" : "",
      "omodel" : "",
      "firetype" : "Automatic",
      "href" : ""
    },
    "stencil" : {
      "id" : "Transition"
    },
    "outgoing" : [ {
      "resourceId" : "sid-5402B944-BACA-4F24-ABA1-7B57F1FAAEF5"
    } ],
    "formats" : {
    },
    "glossaryLinks" : {
    }
  }, {
    "bounds" : {
      "lowerRight" : {
        "y" : 210,
        "x" : 89.625
      },
      "upperLeft" : {
        "y" : 210,
        "x" : 45.375
      }
    },
    "dockers" : [ {
      "y" : 15,
      "x" : 15
    }, {
      "y" : 20,
      "x" : 20
    } ],
    "resourceId" : "sid-0835FCC9-8F51-4A2F-B18D-87497855F9B3",
    "labels" : [ ],
    "layers" : [ ],
    "target" : {
      "resourceId" : "sid-145ED86D-BD57-4C4A-A4F5-1CBB1624FAB2"
    },
    "childShapes" : [ ],
    "properties" : {
      "id" : "",
      "label" : "",
      "transformation" : ""
    },
    "stencil" : {
      "id" : "Arc"
    },
    "outgoing" : [ {
      "resourceId" : "sid-145ED86D-BD57-4C4A-A4F5-1CBB1624FAB2"
    } ],
    "formats" : {
    },
    "glossaryLinks" : {
    }
  }, {
    "bounds" : {
      "lowerRight" : {
        "y" : 345,
        "x" : 570
      },
      "upperLeft" : {
        "y" : 315,
        "x" : 540
      }
    },
    "dockers" : [ ],
    "resourceId" : "sid-5AE39951-FCDD-4130-BDF4-E0B65F2B1481",
    "labels" : [ ],
    "layers" : [ ],
    "childShapes" : [ ],
    "properties" : {
      "exttype" : "Push",
      "id" : "",
      "title" : "C",
      "external" : "false",
      "locatortypes" : "",
      "locatornames" : "",
      "numberoftokens_drawing" : "0",
      "numberoftokens_text" : "",
      "numberOfTokens" : "0",
      "locatorexpr" : "",
      "href" : ""
    },
    "stencil" : {
      "id" : "Place"
    },
    "outgoing" : [ ],
    "formats" : {
    },
    "glossaryLinks" : {
    }
  }, {
    "bounds" : {
      "lowerRight" : {
        "y" : 280,
        "x" : 430
      },
      "upperLeft" : {
        "y" : 240,
        "x" : 390
      }
    },
    "dockers" : [ ],
    "resourceId" : "sid-23B881B0-F968-4478-8FDD-01C264F578C4",
    "labels" : [ ],
    "layers" : [ ],
    "childShapes" : [ ],
    "properties" : {
      "id" : "",
      "title" : "D",
      "communicationtype" : "Default",
      "communicationchannel" : "",
      "guard" : "",
      "oform" : "",
      "omodel" : "",
      "firetype" : "Automatic",
      "href" : ""
    },
    "stencil" : {
      "id" : "Transition"
    },
    "outgoing" : [ {
      "resourceId" : "sid-104DC2CF-1983-4823-88CD-D6DC7F43A09A"
    } ],
    "formats" : {
    },
    "glossaryLinks" : {
    }
  }, {
    "bounds" : {
      "lowerRight" : {
        "y" : 350,
        "x" : 430
      },
      "upperLeft" : {
        "y" : 310,
        "x" : 390
      }
    },
    "dockers" : [ ],
    "resourceId" : "sid-86B83F85-7EA8-46A5-A3A2-1761FDBFB88A",
    "labels" : [ ],
    "layers" : [ ],
    "childShapes" : [ ],
    "properties" : {
      "id" : "",
      "title" : "E",
      "communicationtype" : "Default",
      "communicationchannel" : "",
      "guard" : "",
      "oform" : "",
      "omodel" : "",
      "firetype" : "Automatic",
      "href" : ""
    },
    "stencil" : {
      "id" : "Transition"
    },
    "outgoing" : [ {
      "resourceId" : "sid-34830EC2-FB23-483F-BE4B-9027D18CAA19"
    } ],
    "formats" : {
    },
    "glossaryLinks" : {
    }
  }, {
    "bounds" : {
      "lowerRight" : {
        "y" : 230,
        "x" : 575
      },
      "upperLeft" : {
        "y" : 190,
        "x" : 535
      }
    },
    "dockers" : [ ],
    "resourceId" : "sid-FB51EEA2-2BAA-4EB7-AC72-DBC41B7EB5AF",
    "labels" : [ ],
    "layers" : [ ],
    "childShapes" : [ ],
    "properties" : {
      "id" : "",
      "title" : "F",
      "communicationtype" : "Default",
      "communicationchannel" : "",
      "guard" : "",
      "oform" : "",
      "omodel" : "",
      "firetype" : "Automatic",
      "href" : ""
    },
    "stencil" : {
      "id" : "Transition"
    },
    "outgoing" : [ {
      "resourceId" : "sid-635B335D-9A75-4F8F-906A-6E0CF26343A7"
    } ],
    "formats" : {
    },
    "glossaryLinks" : {
    }
  }, {
    "bounds" : {
      "lowerRight" : {
        "y" : 314.9375,
        "x" : 555
      },
      "upperLeft" : {
        "y" : 230,
        "x" : 555
      }
    },
    "dockers" : [ {
      "y" : 20,
      "x" : 20
    }, {
      "y" : 15,
      "x" : 15
    } ],
    "resourceId" : "sid-635B335D-9A75-4F8F-906A-6E0CF26343A7",
    "labels" : [ ],
    "layers" : [ ],
    "target" : {
      "resourceId" : "sid-5AE39951-FCDD-4130-BDF4-E0B65F2B1481"
    },
    "childShapes" : [ ],
    "properties" : {
      "id" : "",
      "label" : "",
      "transformation" : ""
    },
    "stencil" : {
      "id" : "Arc"
    },
    "outgoing" : [ {
      "resourceId" : "sid-5AE39951-FCDD-4130-BDF4-E0B65F2B1481"
    } ],
    "formats" : {
    },
    "glossaryLinks" : {
    }
  }, {
    "bounds" : {
      "lowerRight" : {
        "y" : 330,
        "x" : 539.2734375
      },
      "upperLeft" : {
        "y" : 330,
        "x" : 430
      }
    },
    "dockers" : [ {
      "y" : 20,
      "x" : 20
    }, {
      "y" : 15,
      "x" : 15
    } ],
    "resourceId" : "sid-34830EC2-FB23-483F-BE4B-9027D18CAA19",
    "labels" : [ ],
    "layers" : [ ],
    "target" : {
      "resourceId" : "sid-5AE39951-FCDD-4130-BDF4-E0B65F2B1481"
    },
    "childShapes" : [ ],
    "properties" : {
      "id" : "",
      "label" : "",
      "transformation" : ""
    },
    "stencil" : {
      "id" : "Arc"
    },
    "outgoing" : [ {
      "resourceId" : "sid-5AE39951-FCDD-4130-BDF4-E0B65F2B1481"
    } ],
    "formats" : {
    },
    "glossaryLinks" : {
    }
  }, {
    "bounds" : {
      "lowerRight" : {
        "y" : 323.27618843416883,
        "x" : 541.0721046136355
      },
      "upperLeft" : {
        "y" : 269.6551724137931,
        "x" : 430
      }
    },
    "dockers" : [ {
      "y" : 20,
      "x" : 20
    }, {
      "y" : 15,
      "x" : 15
    } ],
    "resourceId" : "sid-104DC2CF-1983-4823-88CD-D6DC7F43A09A",
    "labels" : [ ],
    "layers" : [ ],
    "target" : {
      "resourceId" : "sid-5AE39951-FCDD-4130-BDF4-E0B65F2B1481"
    },
    "childShapes" : [ ],
    "properties" : {
      "id" : "",
      "label" : "",
      "transformation" : ""
    },
    "stencil" : {
      "id" : "Arc"
    },
    "outgoing" : [ {
      "resourceId" : "sid-5AE39951-FCDD-4130-BDF4-E0B65F2B1481"
    } ],
    "formats" : {
    },
    "glossaryLinks" : {
    }
  }, {
    "bounds" : {
      "lowerRight" : {
        "y" : 225,
        "x" : 195
      },
      "upperLeft" : {
        "y" : 195,
        "x" : 165
      }
    },
    "dockers" : [ ],
    "resourceId" : "sid-B2ECECE7-1B12-4E7D-AB94-D0DA116C8447",
    "labels" : [ ],
    "layers" : [ ],
    "childShapes" : [ ],
    "properties" : {
      "exttype" : "Push",
      "id" : "",
      "title" : "",
      "external" : "false",
      "locatortypes" : "",
      "locatornames" : "",
      "numberoftokens_drawing" : "0",
      "numberoftokens_text" : "",
      "numberOfTokens" : "0",
      "locatorexpr" : "",
      "href" : ""
    },
    "stencil" : {
      "id" : "Place"
    },
    "outgoing" : [ {
      "resourceId" : "sid-BADA7471-67D0-460A-9CE0-74B4D466C743"
    }, {
      "resourceId" : "sid-A15EAB09-A269-4A08-AD43-B3517BF19006"
    } ],
    "formats" : {
    },
    "glossaryLinks" : {
    }
  }, {
    "bounds" : {
      "lowerRight" : {
        "y" : 210,
        "x" : 164.78125
      },
      "upperLeft" : {
        "y" : 210,
        "x" : 130
      }
    },
    "dockers" : [ {
      "y" : 20,
      "x" : 20
    }, {
      "y" : 15,
      "x" : 15
    } ],
    "resourceId" : "sid-5402B944-BACA-4F24-ABA1-7B57F1FAAEF5",
    "labels" : [ ],
    "layers" : [ ],
    "target" : {
      "resourceId" : "sid-B2ECECE7-1B12-4E7D-AB94-D0DA116C8447"
    },
    "childShapes" : [ ],
    "properties" : {
      "id" : "",
      "label" : "",
      "transformation" : ""
    },
    "stencil" : {
      "id" : "Arc"
    },
    "outgoing" : [ {
      "resourceId" : "sid-B2ECECE7-1B12-4E7D-AB94-D0DA116C8447"
    } ],
    "formats" : {
    },
    "glossaryLinks" : {
    }
  }, {
    "bounds" : {
      "lowerRight" : {
        "y" : 185,
        "x" : 265
      },
      "upperLeft" : {
        "y" : 145,
        "x" : 225
      }
    },
    "dockers" : [ ],
    "resourceId" : "sid-7F953669-BA42-444A-A0B2-947E7637FBD6",
    "labels" : [ ],
    "layers" : [ ],
    "childShapes" : [ ],
    "properties" : {
      "id" : "",
      "title" : "G",
      "communicationtype" : "Default",
      "communicationchannel" : "",
      "guard" : "",
      "oform" : "",
      "omodel" : "",
      "firetype" : "Automatic",
      "href" : ""
    },
    "stencil" : {
      "id" : "Transition"
    },
    "outgoing" : [ {
      "resourceId" : "sid-9E734AF4-C186-437F-9D76-F318A24A2D03"
    }, {
      "resourceId" : "sid-22C3EBBC-2B9E-49B6-B7A8-CB4576B49E6F"
    } ],
    "formats" : {
    },
    "glossaryLinks" : {
    }
  }, {
    "bounds" : {
      "lowerRight" : {
        "y" : 200.99329002116968,
        "x" : 224.88093280835622
      },
      "upperLeft" : {
        "y" : 178.92858497883032,
        "x" : 193.00969219164378
      }
    },
    "dockers" : [ {
      "y" : 15,
      "x" : 15
    }, {
      "y" : 20,
      "x" : 20
    } ],
    "resourceId" : "sid-BADA7471-67D0-460A-9CE0-74B4D466C743",
    "labels" : [ ],
    "layers" : [ ],
    "target" : {
      "resourceId" : "sid-7F953669-BA42-444A-A0B2-947E7637FBD6"
    },
    "childShapes" : [ ],
    "properties" : {
      "id" : "",
      "label" : "",
      "transformation" : ""
    },
    "stencil" : {
      "id" : "Arc"
    },
    "outgoing" : [ {
      "resourceId" : "sid-7F953669-BA42-444A-A0B2-947E7637FBD6"
    } ],
    "formats" : {
    },
    "glossaryLinks" : {
    }
  }, {
    "bounds" : {
      "lowerRight" : {
        "y" : 280,
        "x" : 265
      },
      "upperLeft" : {
        "y" : 240,
        "x" : 225
      }
    },
    "dockers" : [ ],
    "resourceId" : "sid-7B438357-9B70-458A-9446-B34D86DFA798",
    "labels" : [ ],
    "layers" : [ ],
    "childShapes" : [ ],
    "properties" : {
      "id" : "",
      "title" : "H",
      "communicationtype" : "Default",
      "communicationchannel" : "",
      "guard" : "",
      "oform" : "",
      "omodel" : "",
      "firetype" : "Automatic",
      "href" : ""
    },
    "stencil" : {
      "id" : "Transition"
    },
    "outgoing" : [ {
      "resourceId" : "sid-E157CBB9-E40E-4E1E-8724-9D0C47CCF329"
    } ],
    "formats" : {
    },
    "glossaryLinks" : {
    }
  }, {
    "bounds" : {
      "lowerRight" : {
        "y" : 244.54653923915032,
        "x" : 224.9105010108954
      },
      "upperLeft" : {
        "y" : 219.20346076084968,
        "x" : 191.9644989891046
      }
    },
    "dockers" : [ {
      "y" : 15,
      "x" : 15
    }, {
      "y" : 20,
      "x" : 20
    } ],
    "resourceId" : "sid-A15EAB09-A269-4A08-AD43-B3517BF19006",
    "labels" : [ ],
    "layers" : [ ],
    "target" : {
      "resourceId" : "sid-7B438357-9B70-458A-9446-B34D86DFA798"
    },
    "childShapes" : [ ],
    "properties" : {
      "id" : "",
      "label" : "",
      "transformation" : ""
    },
    "stencil" : {
      "id" : "Arc"
    },
    "outgoing" : [ {
      "resourceId" : "sid-7B438357-9B70-458A-9446-B34D86DFA798"
    } ],
    "formats" : {
    },
    "glossaryLinks" : {
    }
  }, {
    "bounds" : {
      "lowerRight" : {
        "y" : 345,
        "x" : 345
      },
      "upperLeft" : {
        "y" : 315,
        "x" : 315
      }
    },
    "dockers" : [ ],
    "resourceId" : "sid-9FD87DB3-9A6D-4ABF-8964-2A287D2CCD80",
    "labels" : [ ],
    "layers" : [ ],
    "childShapes" : [ ],
    "properties" : {
      "exttype" : "Push",
      "id" : "",
      "title" : "",
      "external" : "false",
      "locatortypes" : "",
      "locatornames" : "",
      "numberoftokens_drawing" : "0",
      "numberoftokens_text" : "",
      "numberOfTokens" : "0",
      "locatorexpr" : "",
      "href" : ""
    },
    "stencil" : {
      "id" : "Place"
    },
    "outgoing" : [ {
      "resourceId" : "sid-947145FD-5B3D-4103-8616-C984F31D685D"
    }, {
      "resourceId" : "sid-64E59AB5-67F4-4AEB-A7A6-307D97B02FEF"
    } ],
    "formats" : {
    },
    "glossaryLinks" : {
    }
  }, {
    "bounds" : {
      "lowerRight" : {
        "y" : 320.0674177471389,
        "x" : 317.93900726438295
      },
      "upperLeft" : {
        "y" : 276.47058823529414,
        "x" : 265
      }
    },
    "dockers" : [ {
      "y" : 20,
      "x" : 20
    }, {
      "y" : 15,
      "x" : 15
    } ],
    "resourceId" : "sid-E157CBB9-E40E-4E1E-8724-9D0C47CCF329",
    "labels" : [ ],
    "layers" : [ ],
    "target" : {
      "resourceId" : "sid-9FD87DB3-9A6D-4ABF-8964-2A287D2CCD80"
    },
    "childShapes" : [ ],
    "properties" : {
      "id" : "",
      "label" : "",
      "transformation" : ""
    },
    "stencil" : {
      "id" : "Arc"
    },
    "outgoing" : [ {
      "resourceId" : "sid-9FD87DB3-9A6D-4ABF-8964-2A287D2CCD80"
    } ],
    "formats" : {
    },
    "glossaryLinks" : {
    }
  }, {
    "bounds" : {
      "lowerRight" : {
        "y" : 319.4977453921315,
        "x" : 389.8724233052931
      },
      "upperLeft" : {
        "y" : 277.6116296078685,
        "x" : 342.0025766947069
      }
    },
    "dockers" : [ {
      "y" : 15,
      "x" : 15
    }, {
      "y" : 20,
      "x" : 20
    } ],
    "resourceId" : "sid-947145FD-5B3D-4103-8616-C984F31D685D",
    "labels" : [ ],
    "layers" : [ ],
    "target" : {
      "resourceId" : "sid-23B881B0-F968-4478-8FDD-01C264F578C4"
    },
    "childShapes" : [ ],
    "properties" : {
      "id" : "",
      "label" : "",
      "transformation" : ""
    },
    "stencil" : {
      "id" : "Arc"
    },
    "outgoing" : [ {
      "resourceId" : "sid-23B881B0-F968-4478-8FDD-01C264F578C4"
    } ],
    "formats" : {
    },
    "glossaryLinks" : {
    }
  }, {
    "bounds" : {
      "lowerRight" : {
        "y" : 330,
        "x" : 389.625
      },
      "upperLeft" : {
        "y" : 330,
        "x" : 345.375
      }
    },
    "dockers" : [ {
      "y" : 15,
      "x" : 15
    }, {
      "y" : 20,
      "x" : 20
    } ],
    "resourceId" : "sid-64E59AB5-67F4-4AEB-A7A6-307D97B02FEF",
    "labels" : [ ],
    "layers" : [ ],
    "target" : {
      "resourceId" : "sid-86B83F85-7EA8-46A5-A3A2-1761FDBFB88A"
    },
    "childShapes" : [ ],
    "properties" : {
      "id" : "",
      "label" : "",
      "transformation" : ""
    },
    "stencil" : {
      "id" : "Arc"
    },
    "outgoing" : [ {
      "resourceId" : "sid-86B83F85-7EA8-46A5-A3A2-1761FDBFB88A"
    } ],
    "formats" : {
    },
    "glossaryLinks" : {
    }
  }, {
    "bounds" : {
      "lowerRight" : {
        "y" : 55,
        "x" : 410
      },
      "upperLeft" : {
        "y" : 15,
        "x" : 370
      }
    },
    "dockers" : [ ],
    "resourceId" : "sid-80211F66-AA5D-44EA-91A3-CC52F357466D",
    "labels" : [ ],
    "layers" : [ ],
    "childShapes" : [ ],
    "properties" : {
      "id" : "",
      "title" : "I",
      "communicationtype" : "Default",
      "communicationchannel" : "",
      "guard" : "",
      "oform" : "",
      "omodel" : "",
      "firetype" : "Automatic",
      "href" : ""
    },
    "stencil" : {
      "id" : "Transition"
    },
    "outgoing" : [ {
      "resourceId" : "sid-DF6D559A-35FD-4A6A-8CD0-AD89D6EBB2FE"
    } ],
    "formats" : {
    },
    "glossaryLinks" : {
    }
  }, {
    "bounds" : {
      "lowerRight" : {
        "y" : 205,
        "x" : 410
      },
      "upperLeft" : {
        "y" : 165,
        "x" : 370
      }
    },
    "dockers" : [ ],
    "resourceId" : "sid-8A8DA506-3B24-45B4-87B8-2FD0452A6B2F",
    "labels" : [ ],
    "layers" : [ ],
    "childShapes" : [ ],
    "properties" : {
      "id" : "",
      "title" : "J",
      "communicationtype" : "Default",
      "communicationchannel" : "",
      "guard" : "",
      "oform" : "",
      "omodel" : "",
      "firetype" : "Automatic",
      "href" : ""
    },
    "stencil" : {
      "id" : "Transition"
    },
    "outgoing" : [ {
      "resourceId" : "sid-F72A28B9-158F-40F0-B681-A78049683230"
    } ],
    "formats" : {
    },
    "glossaryLinks" : {
    }
  }, {
    "bounds" : {
      "lowerRight" : {
        "y" : 80,
        "x" : 345
      },
      "upperLeft" : {
        "y" : 50,
        "x" : 315
      }
    },
    "dockers" : [ ],
    "resourceId" : "sid-DA880621-470E-490E-B6A4-103C8B08A022",
    "labels" : [ ],
    "layers" : [ ],
    "childShapes" : [ ],
    "properties" : {
      "exttype" : "Push",
      "id" : "",
      "title" : "",
      "external" : "false",
      "locatortypes" : "",
      "locatornames" : "",
      "numberoftokens_drawing" : "0",
      "numberoftokens_text" : "",
      "numberOfTokens" : "0",
      "locatorexpr" : "",
      "href" : ""
    },
    "stencil" : {
      "id" : "Place"
    },
    "outgoing" : [ {
      "resourceId" : "sid-C15B56FC-9283-4FC5-A704-1D58CB94C8BE"
    } ],
    "formats" : {
    },
    "glossaryLinks" : {
    }
  }, {
    "bounds" : {
      "lowerRight" : {
        "y" : 144.70681068224053,
        "x" : 320.05547657990445
      },
      "upperLeft" : {
        "y" : 76.69943931775946,
        "x" : 262.24921092009555
      }
    },
    "dockers" : [ {
      "y" : 20,
      "x" : 20
    }, {
      "y" : 15,
      "x" : 15
    } ],
    "resourceId" : "sid-9E734AF4-C186-437F-9D76-F318A24A2D03",
    "labels" : [ ],
    "layers" : [ ],
    "target" : {
      "resourceId" : "sid-DA880621-470E-490E-B6A4-103C8B08A022"
    },
    "childShapes" : [ ],
    "properties" : {
      "id" : "",
      "label" : "",
      "transformation" : ""
    },
    "stencil" : {
      "id" : "Arc"
    },
    "outgoing" : [ {
      "resourceId" : "sid-DA880621-470E-490E-B6A4-103C8B08A022"
    } ],
    "formats" : {
    },
    "glossaryLinks" : {
    }
  }, {
    "bounds" : {
      "lowerRight" : {
        "y" : 57.99028640450004,
        "x" : 369.4180728090001
      },
      "upperLeft" : {
        "y" : 45.29096359549996,
        "x" : 344.0194271909999
      }
    },
    "dockers" : [ {
      "y" : 15,
      "x" : 15
    }, {
      "y" : 20,
      "x" : 20
    } ],
    "resourceId" : "sid-C15B56FC-9283-4FC5-A704-1D58CB94C8BE",
    "labels" : [ ],
    "layers" : [ ],
    "target" : {
      "resourceId" : "sid-80211F66-AA5D-44EA-91A3-CC52F357466D"
    },
    "childShapes" : [ ],
    "properties" : {
      "id" : "",
      "label" : "",
      "transformation" : ""
    },
    "stencil" : {
      "id" : "Arc"
    },
    "outgoing" : [ {
      "resourceId" : "sid-80211F66-AA5D-44EA-91A3-CC52F357466D"
    } ],
    "formats" : {
    },
    "glossaryLinks" : {
    }
  }, {
    "bounds" : {
      "lowerRight" : {
        "y" : 200,
        "x" : 345
      },
      "upperLeft" : {
        "y" : 170,
        "x" : 315
      }
    },
    "dockers" : [ ],
    "resourceId" : "sid-830B351B-D1BD-4A19-81A8-4ECEFE09DE6F",
    "labels" : [ ],
    "layers" : [ ],
    "childShapes" : [ ],
    "properties" : {
      "exttype" : "Push",
      "id" : "",
      "title" : "",
      "external" : "false",
      "locatortypes" : "",
      "locatornames" : "",
      "numberoftokens_drawing" : "0",
      "numberoftokens_text" : "",
      "numberOfTokens" : "0",
      "locatorexpr" : "",
      "href" : ""
    },
    "stencil" : {
      "id" : "Place"
    },
    "outgoing" : [ {
      "resourceId" : "sid-6B91F943-3B60-421D-8F56-B5C0AC96874E"
    } ],
    "formats" : {
    },
    "glossaryLinks" : {
    }
  }, {
    "bounds" : {
      "lowerRight" : {
        "y" : 181.48971066627445,
        "x" : 315.0812703316664
      },
      "upperLeft" : {
        "y" : 169.7058823529412,
        "x" : 265
      }
    },
    "dockers" : [ {
      "y" : 20,
      "x" : 20
    }, {
      "y" : 15,
      "x" : 15
    } ],
    "resourceId" : "sid-22C3EBBC-2B9E-49B6-B7A8-CB4576B49E6F",
    "labels" : [ ],
    "layers" : [ ],
    "target" : {
      "resourceId" : "sid-830B351B-D1BD-4A19-81A8-4ECEFE09DE6F"
    },
    "childShapes" : [ ],
    "properties" : {
      "id" : "",
      "label" : "",
      "transformation" : ""
    },
    "stencil" : {
      "id" : "Arc"
    },
    "outgoing" : [ {
      "resourceId" : "sid-830B351B-D1BD-4A19-81A8-4ECEFE09DE6F"
    } ],
    "formats" : {
    },
    "glossaryLinks" : {
    }
  }, {
    "bounds" : {
      "lowerRight" : {
        "y" : 185,
        "x" : 369.3125
      },
      "upperLeft" : {
        "y" : 185,
        "x" : 345.0625
      }
    },
    "dockers" : [ {
      "y" : 15,
      "x" : 15
    }, {
      "y" : 20,
      "x" : 20
    } ],
    "resourceId" : "sid-6B91F943-3B60-421D-8F56-B5C0AC96874E",
    "labels" : [ ],
    "layers" : [ ],
    "target" : {
      "resourceId" : "sid-8A8DA506-3B24-45B4-87B8-2FD0452A6B2F"
    },
    "childShapes" : [ ],
    "properties" : {
      "id" : "",
      "label" : "",
      "transformation" : ""
    },
    "stencil" : {
      "id" : "Arc"
    },
    "outgoing" : [ {
      "resourceId" : "sid-8A8DA506-3B24-45B4-87B8-2FD0452A6B2F"
    } ],
    "formats" : {
    },
    "glossaryLinks" : {
    }
  }, {
    "bounds" : {
      "lowerRight" : {
        "y" : 150,
        "x" : 510
      },
      "upperLeft" : {
        "y" : 120,
        "x" : 480
      }
    },
    "dockers" : [ ],
    "resourceId" : "sid-18CFA6DB-AFBC-4AFF-9080-4ED21CB70A24",
    "labels" : [ ],
    "layers" : [ ],
    "childShapes" : [ ],
    "properties" : {
      "exttype" : "Push",
      "id" : "",
      "title" : "",
      "external" : "false",
      "locatortypes" : "",
      "locatornames" : "",
      "numberoftokens_drawing" : "0",
      "numberoftokens_text" : "",
      "numberOfTokens" : "0",
      "locatorexpr" : "",
      "href" : ""
    },
    "stencil" : {
      "id" : "Place"
    },
    "outgoing" : [ {
      "resourceId" : "sid-52540AAC-3CD0-436F-AF6A-0EE9791F9980"
    } ],
    "formats" : {
    },
    "glossaryLinks" : {
    }
  }, {
    "bounds" : {
      "lowerRight" : {
        "y" : 124.1540948275862,
        "x" : 483.6117995689655
      },
      "upperLeft" : {
        "y" : 54.04761904761905,
        "x" : 410
      }
    },
    "dockers" : [ {
      "y" : 20,
      "x" : 20
    }, {
      "y" : 15,
      "x" : 15
    } ],
    "resourceId" : "sid-DF6D559A-35FD-4A6A-8CD0-AD89D6EBB2FE",
    "labels" : [ ],
    "layers" : [ ],
    "target" : {
      "resourceId" : "sid-18CFA6DB-AFBC-4AFF-9080-4ED21CB70A24"
    },
    "childShapes" : [ ],
    "properties" : {
      "id" : "",
      "label" : "",
      "transformation" : ""
    },
    "stencil" : {
      "id" : "Arc"
    },
    "outgoing" : [ {
      "resourceId" : "sid-18CFA6DB-AFBC-4AFF-9080-4ED21CB70A24"
    } ],
    "formats" : {
    },
    "glossaryLinks" : {
    }
  }, {
    "bounds" : {
      "lowerRight" : {
        "y" : 189.29725619055696,
        "x" : 538.4378049524456
      },
      "upperLeft" : {
        "y" : 146.91368130944304,
        "x" : 504.53094504755444
      }
    },
    "dockers" : [ {
      "y" : 15,
      "x" : 15
    }, {
      "y" : 20,
      "x" : 20
    } ],
    "resourceId" : "sid-52540AAC-3CD0-436F-AF6A-0EE9791F9980",
    "labels" : [ ],
    "layers" : [ ],
    "target" : {
      "resourceId" : "sid-FB51EEA2-2BAA-4EB7-AC72-DBC41B7EB5AF"
    },
    "childShapes" : [ ],
    "properties" : {
      "id" : "",
      "label" : "",
      "transformation" : ""
    },
    "stencil" : {
      "id" : "Arc"
    },
    "outgoing" : [ {
      "resourceId" : "sid-FB51EEA2-2BAA-4EB7-AC72-DBC41B7EB5AF"
    } ],
    "formats" : {
    },
    "glossaryLinks" : {
    }
  }, {
    "bounds" : {
      "lowerRight" : {
        "y" : 200,
        "x" : 480
      },
      "upperLeft" : {
        "y" : 170,
        "x" : 450
      }
    },
    "dockers" : [ ],
    "resourceId" : "sid-E9BE2F9C-91DA-475F-9341-702C22C29CE6",
    "labels" : [ ],
    "layers" : [ ],
    "childShapes" : [ ],
    "properties" : {
      "exttype" : "Push",
      "id" : "",
      "title" : "",
      "external" : "false",
      "locatortypes" : "",
      "locatornames" : "",
      "numberoftokens_drawing" : "0",
      "numberoftokens_text" : "",
      "numberOfTokens" : "0",
      "locatorexpr" : "",
      "href" : ""
    },
    "stencil" : {
      "id" : "Place"
    },
    "outgoing" : [ {
      "resourceId" : "sid-66E75719-2D4A-4F01-8B6D-D36A57C4404E"
    }, {
      "resourceId" : "sid-03721246-7260-4013-A547-D75E23FACE44"
    } ],
    "formats" : {
    },
    "glossaryLinks" : {
    }
  }, {
    "bounds" : {
      "lowerRight" : {
        "y" : 185,
        "x" : 449.9375
      },
      "upperLeft" : {
        "y" : 185,
        "x" : 410
      }
    },
    "dockers" : [ {
      "y" : 20,
      "x" : 20
    }, {
      "y" : 15,
      "x" : 15
    } ],
    "resourceId" : "sid-F72A28B9-158F-40F0-B681-A78049683230",
    "labels" : [ ],
    "layers" : [ ],
    "target" : {
      "resourceId" : "sid-E9BE2F9C-91DA-475F-9341-702C22C29CE6"
    },
    "childShapes" : [ ],
    "properties" : {
      "id" : "",
      "label" : "",
      "transformation" : ""
    },
    "stencil" : {
      "id" : "Arc"
    },
    "outgoing" : [ {
      "resourceId" : "sid-E9BE2F9C-91DA-475F-9341-702C22C29CE6"
    } ],
    "formats" : {
    },
    "glossaryLinks" : {
    }
  }, {
    "bounds" : {
      "lowerRight" : {
        "y" : 204.2636061362139,
        "x" : 534.3489820903701
      },
      "upperLeft" : {
        "y" : 189.1738938637861,
        "x" : 480.02601790962996
      }
    },
    "dockers" : [ {
      "y" : 15,
      "x" : 15
    }, {
      "y" : 20,
      "x" : 20
    } ],
    "resourceId" : "sid-66E75719-2D4A-4F01-8B6D-D36A57C4404E",
    "labels" : [ ],
    "layers" : [ ],
    "target" : {
      "resourceId" : "sid-FB51EEA2-2BAA-4EB7-AC72-DBC41B7EB5AF"
    },
    "childShapes" : [ ],
    "properties" : {
      "id" : "",
      "label" : "",
      "transformation" : ""
    },
    "stencil" : {
      "id" : "Arc"
    },
    "outgoing" : [ {
      "resourceId" : "sid-FB51EEA2-2BAA-4EB7-AC72-DBC41B7EB5AF"
    } ],
    "formats" : {
    },
    "glossaryLinks" : {
    }
  }, {
    "bounds" : {
      "lowerRight" : {
        "y" : 130,
        "x" : 410
      },
      "upperLeft" : {
        "y" : 90,
        "x" : 370
      }
    },
    "dockers" : [ ],
    "resourceId" : "sid-FAF9FDCD-0BEB-491F-8CCF-DFB6C90BDE3D",
    "labels" : [ ],
    "layers" : [ ],
    "childShapes" : [ ],
    "properties" : {
      "id" : "",
      "title" : "K",
      "communicationtype" : "Default",
      "communicationchannel" : "",
      "guard" : "",
      "oform" : "",
      "omodel" : "",
      "firetype" : "Automatic",
      "href" : ""
    },
    "stencil" : {
      "id" : "Transition"
    },
    "outgoing" : [ {
      "resourceId" : "sid-EBA34EFE-C4F1-4C18-86AA-334126F6A8BA"
    } ],
    "formats" : {
    },
    "glossaryLinks" : {
    }
  }, {
    "bounds" : {
      "lowerRight" : {
        "y" : 173.74601821881345,
        "x" : 453.74601821881345
      },
      "upperLeft" : {
        "y" : 130,
        "x" : 410
      }
    },
    "dockers" : [ {
      "y" : 15,
      "x" : 15
    }, {
      "y" : 20,
      "x" : 20
    } ],
    "resourceId" : "sid-03721246-7260-4013-A547-D75E23FACE44",
    "labels" : [ ],
    "layers" : [ ],
    "target" : {
      "resourceId" : "sid-FAF9FDCD-0BEB-491F-8CCF-DFB6C90BDE3D"
    },
    "childShapes" : [ ],
    "properties" : {
      "id" : "",
      "label" : "",
      "transformation" : ""
    },
    "stencil" : {
      "id" : "Arc"
    },
    "outgoing" : [ {
      "resourceId" : "sid-FAF9FDCD-0BEB-491F-8CCF-DFB6C90BDE3D"
    } ],
    "formats" : {
    },
    "glossaryLinks" : {
    }
  }, {
    "bounds" : {
      "lowerRight" : {
        "y" : 173.08631869055696,
        "x" : 374
      },
      "upperLeft" : {
        "y" : 130,
        "x" : 339.53094504755444
      }
    },
    "dockers" : [ {
      "y" : 20,
      "x" : 20
    }, {
      "y" : 15,
      "x" : 15
    } ],
    "resourceId" : "sid-EBA34EFE-C4F1-4C18-86AA-334126F6A8BA",
    "labels" : [ ],
    "layers" : [ ],
    "target" : {
      "resourceId" : "sid-830B351B-D1BD-4A19-81A8-4ECEFE09DE6F"
    },
    "childShapes" : [ ],
    "properties" : {
      "id" : "",
      "label" : "",
      "transformation" : ""
    },
    "stencil" : {
      "id" : "Arc"
    },
    "outgoing" : [ {
      "resourceId" : "sid-830B351B-D1BD-4A19-81A8-4ECEFE09DE6F"
    } ],
    "formats" : {
    },
    "glossaryLinks" : {
    }
  } ],
  "properties" : {
    "author" : "",
    "title" : "",
    "engine" : "false",
    "modificationdate" : "10/07/07",
    "documentation" : "",
    "language" : "English",
    "creationdate" : "10/07/07",
    "version" : ""
  },
  "stencilset" : {
    "url" : "/stencilsets/petrinets/petrinet.json?version=5.4.1",
    "namespace" : "http://b3mn.org/stencilset/petrinet#"
  },
  "ssextensions" : [ ],
  "stencil" : {
    "id" : "Diagram"
  },
  "formats" : {
  }
}