{
  "revision" : {
    "creationDate" : null,
    "elementCounts" : {
      "total" : 38,
      "Place" : 10,
      "Arc" : 19,
      "Transition" : 8,
      "Diagram" : 1
    },
    "connectedness" : 100,
    "isLastRevision" : "false",
    "revisionNumber" : 1
  },
  "model" : {
    "modelingLanguage" : "petrinet",
    "numberOfRevisions" : 7,
    "naturalLanguage" : "de",
    "timestampModelCollection" : null,
    "directoryId" : "1045978287",
    "groupName" : "PetriNet",
    "modelDate" : "2012-08-30",
    "modelName" : "965237604",
    "modelId" : "965237604"
  }
}