{
  "bounds" : {
    "lowerRight" : {
      "y" : 1050,
      "x" : 1485
    },
    "upperLeft" : {
      "y" : 0,
      "x" : 0
    }
  },
  "resourceId" : "canvas",
  "childShapes" : [ {
    "bounds" : {
      "lowerRight" : {
        "y" : 90,
        "x" : 90
      },
      "upperLeft" : {
        "y" : 60,
        "x" : 60
      }
    },
    "dockers" : [ ],
    "resourceId" : "sid-F92DA002-0804-4A35-BDF7-5BA7E52F359F",
    "labels" : [ ],
    "layers" : [ ],
    "childShapes" : [ ],
    "properties" : {
      "exttype" : "Push",
      "id" : "",
      "title" : "",
      "external" : "false",
      "locatortypes" : "",
      "locatornames" : "",
      "numberoftokens_drawing" : "0",
      "numberoftokens_text" : "",
      "numberOfTokens" : "0",
      "locatorexpr" : "",
      "href" : ""
    },
    "stencil" : {
      "id" : "Place"
    },
    "outgoing" : [ {
      "resourceId" : "sid-F43B6FC8-3B74-45C9-841F-8EDACE6E115E"
    } ],
    "formats" : {
    },
    "glossaryLinks" : {
    }
  }, {
    "bounds" : {
      "lowerRight" : {
        "y" : 95,
        "x" : 175
      },
      "upperLeft" : {
        "y" : 55,
        "x" : 135
      }
    },
    "dockers" : [ ],
    "resourceId" : "sid-F4C0AD45-9333-40FA-817B-29ECC1D8DF83",
    "labels" : [ ],
    "layers" : [ ],
    "childShapes" : [ ],
    "properties" : {
      "id" : "",
      "title" : "A",
      "communicationtype" : "Default",
      "communicationchannel" : "",
      "guard" : "",
      "oform" : "",
      "omodel" : "",
      "firetype" : "Automatic",
      "href" : ""
    },
    "stencil" : {
      "id" : "Transition"
    },
    "outgoing" : [ {
      "resourceId" : "sid-C2A89085-46B1-4BA7-84D5-53AA9628824F"
    }, {
      "resourceId" : "sid-D03BEAA3-B920-46B3-9057-5926E08C9623"
    } ],
    "formats" : {
    },
    "glossaryLinks" : {
    }
  }, {
    "bounds" : {
      "lowerRight" : {
        "y" : 75,
        "x" : 134.625
      },
      "upperLeft" : {
        "y" : 75,
        "x" : 90.375
      }
    },
    "dockers" : [ {
      "y" : 15,
      "x" : 15
    }, {
      "y" : 20,
      "x" : 20
    } ],
    "resourceId" : "sid-F43B6FC8-3B74-45C9-841F-8EDACE6E115E",
    "labels" : [ ],
    "layers" : [ ],
    "target" : {
      "resourceId" : "sid-F4C0AD45-9333-40FA-817B-29ECC1D8DF83"
    },
    "childShapes" : [ ],
    "properties" : {
      "id" : "",
      "label" : "",
      "transformation" : ""
    },
    "stencil" : {
      "id" : "Arc"
    },
    "outgoing" : [ {
      "resourceId" : "sid-F4C0AD45-9333-40FA-817B-29ECC1D8DF83"
    } ],
    "formats" : {
    },
    "glossaryLinks" : {
    }
  }, {
    "bounds" : {
      "lowerRight" : {
        "y" : 60,
        "x" : 255
      },
      "upperLeft" : {
        "y" : 30,
        "x" : 225
      }
    },
    "dockers" : [ ],
    "resourceId" : "sid-0E1E9A67-2A91-4A2C-AD38-693205F84581",
    "labels" : [ ],
    "layers" : [ ],
    "childShapes" : [ ],
    "properties" : {
      "exttype" : "Push",
      "id" : "",
      "title" : "",
      "external" : "false",
      "locatortypes" : "",
      "locatornames" : "",
      "numberoftokens_drawing" : "0",
      "numberoftokens_text" : "",
      "numberOfTokens" : "0",
      "locatorexpr" : "",
      "href" : ""
    },
    "stencil" : {
      "id" : "Place"
    },
    "outgoing" : [ {
      "resourceId" : "sid-D1DB2538-BF03-49C4-9DE9-0D0ED02E5D42"
    } ],
    "formats" : {
    },
    "glossaryLinks" : {
    }
  }, {
    "bounds" : {
      "lowerRight" : {
        "y" : 67.94117647058823,
        "x" : 225.77575966641712
      },
      "upperLeft" : {
        "y" : 50.02032011773514,
        "x" : 175
      }
    },
    "dockers" : [ {
      "y" : 20,
      "x" : 20
    }, {
      "y" : 15,
      "x" : 15
    } ],
    "resourceId" : "sid-C2A89085-46B1-4BA7-84D5-53AA9628824F",
    "labels" : [ ],
    "layers" : [ ],
    "target" : {
      "resourceId" : "sid-0E1E9A67-2A91-4A2C-AD38-693205F84581"
    },
    "childShapes" : [ ],
    "properties" : {
      "id" : "",
      "label" : "",
      "transformation" : ""
    },
    "stencil" : {
      "id" : "Arc"
    },
    "outgoing" : [ {
      "resourceId" : "sid-0E1E9A67-2A91-4A2C-AD38-693205F84581"
    } ],
    "formats" : {
    },
    "glossaryLinks" : {
    }
  }, {
    "bounds" : {
      "lowerRight" : {
        "y" : 135,
        "x" : 255
      },
      "upperLeft" : {
        "y" : 105,
        "x" : 225
      }
    },
    "dockers" : [ ],
    "resourceId" : "sid-241697E6-4FD3-4E9A-8DA5-EF22C716C3BC",
    "labels" : [ ],
    "layers" : [ ],
    "childShapes" : [ ],
    "properties" : {
      "exttype" : "Push",
      "id" : "",
      "title" : "",
      "external" : "false",
      "locatortypes" : "",
      "locatornames" : "",
      "numberoftokens_drawing" : "0",
      "numberoftokens_text" : "",
      "numberOfTokens" : "0",
      "locatorexpr" : "",
      "href" : ""
    },
    "stencil" : {
      "id" : "Place"
    },
    "outgoing" : [ {
      "resourceId" : "sid-A6A43AFE-94CB-49DA-8549-E451D787E36D"
    } ],
    "formats" : {
    },
    "glossaryLinks" : {
    }
  }, {
    "bounds" : {
      "lowerRight" : {
        "y" : 112.85242477958097,
        "x" : 226.49902458365293
      },
      "upperLeft" : {
        "y" : 85.58823529411765,
        "x" : 175
      }
    },
    "dockers" : [ {
      "y" : 20,
      "x" : 20
    }, {
      "y" : 15,
      "x" : 15
    } ],
    "resourceId" : "sid-D03BEAA3-B920-46B3-9057-5926E08C9623",
    "labels" : [ ],
    "layers" : [ ],
    "target" : {
      "resourceId" : "sid-241697E6-4FD3-4E9A-8DA5-EF22C716C3BC"
    },
    "childShapes" : [ ],
    "properties" : {
      "id" : "",
      "label" : "",
      "transformation" : ""
    },
    "stencil" : {
      "id" : "Arc"
    },
    "outgoing" : [ {
      "resourceId" : "sid-241697E6-4FD3-4E9A-8DA5-EF22C716C3BC"
    } ],
    "formats" : {
    },
    "glossaryLinks" : {
    }
  }, {
    "bounds" : {
      "lowerRight" : {
        "y" : 140,
        "x" : 335
      },
      "upperLeft" : {
        "y" : 100,
        "x" : 295
      }
    },
    "dockers" : [ ],
    "resourceId" : "sid-AAA8841D-2849-46DA-A336-73624FCCE747",
    "labels" : [ ],
    "layers" : [ ],
    "childShapes" : [ ],
    "properties" : {
      "id" : "",
      "title" : "B",
      "communicationtype" : "Default",
      "communicationchannel" : "",
      "guard" : "",
      "oform" : "",
      "omodel" : "",
      "firetype" : "Automatic",
      "href" : ""
    },
    "stencil" : {
      "id" : "Transition"
    },
    "outgoing" : [ {
      "resourceId" : "sid-47C9E62F-B437-4F24-8B5E-0E92157DB414"
    } ],
    "formats" : {
    },
    "glossaryLinks" : {
    }
  }, {
    "bounds" : {
      "lowerRight" : {
        "y" : 120,
        "x" : 294.078125
      },
      "upperLeft" : {
        "y" : 120,
        "x" : 255.0625
      }
    },
    "dockers" : [ {
      "y" : 15,
      "x" : 15
    }, {
      "y" : 20,
      "x" : 20
    } ],
    "resourceId" : "sid-A6A43AFE-94CB-49DA-8549-E451D787E36D",
    "labels" : [ ],
    "layers" : [ ],
    "target" : {
      "resourceId" : "sid-AAA8841D-2849-46DA-A336-73624FCCE747"
    },
    "childShapes" : [ ],
    "properties" : {
      "id" : "",
      "label" : "",
      "transformation" : ""
    },
    "stencil" : {
      "id" : "Arc"
    },
    "outgoing" : [ {
      "resourceId" : "sid-AAA8841D-2849-46DA-A336-73624FCCE747"
    } ],
    "formats" : {
    },
    "glossaryLinks" : {
    }
  }, {
    "bounds" : {
      "lowerRight" : {
        "y" : 65,
        "x" : 335
      },
      "upperLeft" : {
        "y" : 25,
        "x" : 295
      }
    },
    "dockers" : [ ],
    "resourceId" : "sid-A6F7E5EE-232A-42D6-A0E5-8A390155DF33",
    "labels" : [ ],
    "layers" : [ ],
    "childShapes" : [ ],
    "properties" : {
      "id" : "",
      "title" : "C",
      "communicationtype" : "Default",
      "communicationchannel" : "",
      "guard" : "",
      "oform" : "",
      "omodel" : "",
      "firetype" : "Automatic",
      "href" : ""
    },
    "stencil" : {
      "id" : "Transition"
    },
    "outgoing" : [ {
      "resourceId" : "sid-C4352F3B-A1C9-4761-8BBB-A86833CA5626"
    } ],
    "formats" : {
    },
    "glossaryLinks" : {
    }
  }, {
    "bounds" : {
      "lowerRight" : {
        "y" : 45,
        "x" : 294.078125
      },
      "upperLeft" : {
        "y" : 45,
        "x" : 255.0625
      }
    },
    "dockers" : [ {
      "y" : 15,
      "x" : 15
    }, {
      "y" : 20,
      "x" : 20
    } ],
    "resourceId" : "sid-D1DB2538-BF03-49C4-9DE9-0D0ED02E5D42",
    "labels" : [ ],
    "layers" : [ ],
    "target" : {
      "resourceId" : "sid-A6F7E5EE-232A-42D6-A0E5-8A390155DF33"
    },
    "childShapes" : [ ],
    "properties" : {
      "id" : "",
      "label" : "",
      "transformation" : ""
    },
    "stencil" : {
      "id" : "Arc"
    },
    "outgoing" : [ {
      "resourceId" : "sid-A6F7E5EE-232A-42D6-A0E5-8A390155DF33"
    } ],
    "formats" : {
    },
    "glossaryLinks" : {
    }
  }, {
    "bounds" : {
      "lowerRight" : {
        "y" : 135,
        "x" : 405
      },
      "upperLeft" : {
        "y" : 105,
        "x" : 375
      }
    },
    "dockers" : [ ],
    "resourceId" : "sid-49FA73E2-B028-4A43-8B8A-E233986BE3E2",
    "labels" : [ ],
    "layers" : [ ],
    "childShapes" : [ ],
    "properties" : {
      "exttype" : "Push",
      "id" : "",
      "title" : "",
      "external" : "false",
      "locatortypes" : "",
      "locatornames" : "",
      "numberoftokens_drawing" : "0",
      "numberoftokens_text" : "",
      "numberOfTokens" : "0",
      "locatorexpr" : "",
      "href" : ""
    },
    "stencil" : {
      "id" : "Place"
    },
    "outgoing" : [ {
      "resourceId" : "sid-C903D7F6-DDAF-47A6-B9FB-BDAD8F27A2DA"
    } ],
    "formats" : {
    },
    "glossaryLinks" : {
    }
  }, {
    "bounds" : {
      "lowerRight" : {
        "y" : 120,
        "x" : 374.9375
      },
      "upperLeft" : {
        "y" : 120,
        "x" : 335
      }
    },
    "dockers" : [ {
      "y" : 20,
      "x" : 20
    }, {
      "y" : 15,
      "x" : 15
    } ],
    "resourceId" : "sid-47C9E62F-B437-4F24-8B5E-0E92157DB414",
    "labels" : [ ],
    "layers" : [ ],
    "target" : {
      "resourceId" : "sid-49FA73E2-B028-4A43-8B8A-E233986BE3E2"
    },
    "childShapes" : [ ],
    "properties" : {
      "id" : "",
      "label" : "",
      "transformation" : ""
    },
    "stencil" : {
      "id" : "Arc"
    },
    "outgoing" : [ {
      "resourceId" : "sid-49FA73E2-B028-4A43-8B8A-E233986BE3E2"
    } ],
    "formats" : {
    },
    "glossaryLinks" : {
    }
  }, {
    "bounds" : {
      "lowerRight" : {
        "y" : 60,
        "x" : 405
      },
      "upperLeft" : {
        "y" : 30,
        "x" : 375
      }
    },
    "dockers" : [ ],
    "resourceId" : "sid-7D3C0181-1790-4E90-92AB-35A115F502E0",
    "labels" : [ ],
    "layers" : [ ],
    "childShapes" : [ ],
    "properties" : {
      "exttype" : "Push",
      "id" : "",
      "title" : "",
      "external" : "false",
      "locatortypes" : "",
      "locatornames" : "",
      "numberoftokens_drawing" : "0",
      "numberoftokens_text" : "",
      "numberOfTokens" : "0",
      "locatorexpr" : "",
      "href" : ""
    },
    "stencil" : {
      "id" : "Place"
    },
    "outgoing" : [ {
      "resourceId" : "sid-45C43658-E941-4396-96AB-DA3F4F83C82C"
    } ],
    "formats" : {
    },
    "glossaryLinks" : {
    }
  }, {
    "bounds" : {
      "lowerRight" : {
        "y" : 45,
        "x" : 374.9375
      },
      "upperLeft" : {
        "y" : 45,
        "x" : 335
      }
    },
    "dockers" : [ {
      "y" : 20,
      "x" : 20
    }, {
      "y" : 15,
      "x" : 15
    } ],
    "resourceId" : "sid-C4352F3B-A1C9-4761-8BBB-A86833CA5626",
    "labels" : [ ],
    "layers" : [ ],
    "target" : {
      "resourceId" : "sid-7D3C0181-1790-4E90-92AB-35A115F502E0"
    },
    "childShapes" : [ ],
    "properties" : {
      "id" : "",
      "label" : "",
      "transformation" : ""
    },
    "stencil" : {
      "id" : "Arc"
    },
    "outgoing" : [ {
      "resourceId" : "sid-7D3C0181-1790-4E90-92AB-35A115F502E0"
    } ],
    "formats" : {
    },
    "glossaryLinks" : {
    }
  }, {
    "bounds" : {
      "lowerRight" : {
        "y" : 95,
        "x" : 490
      },
      "upperLeft" : {
        "y" : 55,
        "x" : 450
      }
    },
    "dockers" : [ ],
    "resourceId" : "sid-8E057C56-158B-488F-90FE-77EBE827AF52",
    "labels" : [ ],
    "layers" : [ ],
    "childShapes" : [ ],
    "properties" : {
      "id" : "",
      "title" : "D",
      "communicationtype" : "Default",
      "communicationchannel" : "",
      "guard" : "",
      "oform" : "",
      "omodel" : "",
      "firetype" : "Automatic",
      "href" : ""
    },
    "stencil" : {
      "id" : "Transition"
    },
    "outgoing" : [ {
      "resourceId" : "sid-18996045-4E95-4AA4-8C5F-FEE6E4E40609"
    } ],
    "formats" : {
    },
    "glossaryLinks" : {
    }
  }, {
    "bounds" : {
      "lowerRight" : {
        "y" : 112.47848876036744,
        "x" : 449.75342446287544
      },
      "upperLeft" : {
        "y" : 86.38869873963256,
        "x" : 403.37157553712456
      }
    },
    "dockers" : [ {
      "y" : 15,
      "x" : 15
    }, {
      "y" : 20,
      "x" : 20
    } ],
    "resourceId" : "sid-C903D7F6-DDAF-47A6-B9FB-BDAD8F27A2DA",
    "labels" : [ ],
    "layers" : [ ],
    "target" : {
      "resourceId" : "sid-8E057C56-158B-488F-90FE-77EBE827AF52"
    },
    "childShapes" : [ ],
    "properties" : {
      "id" : "",
      "label" : "",
      "transformation" : ""
    },
    "stencil" : {
      "id" : "Arc"
    },
    "outgoing" : [ {
      "resourceId" : "sid-8E057C56-158B-488F-90FE-77EBE827AF52"
    } ],
    "formats" : {
    },
    "glossaryLinks" : {
    }
  }, {
    "bounds" : {
      "lowerRight" : {
        "y" : 67.38325155841162,
        "x" : 449.68867082243094
      },
      "upperLeft" : {
        "y" : 50.50737344158839,
        "x" : 404.68632917756906
      }
    },
    "dockers" : [ {
      "y" : 15,
      "x" : 15
    }, {
      "y" : 20,
      "x" : 20
    } ],
    "resourceId" : "sid-45C43658-E941-4396-96AB-DA3F4F83C82C",
    "labels" : [ ],
    "layers" : [ ],
    "target" : {
      "resourceId" : "sid-8E057C56-158B-488F-90FE-77EBE827AF52"
    },
    "childShapes" : [ ],
    "properties" : {
      "id" : "",
      "label" : "",
      "transformation" : ""
    },
    "stencil" : {
      "id" : "Arc"
    },
    "outgoing" : [ {
      "resourceId" : "sid-8E057C56-158B-488F-90FE-77EBE827AF52"
    } ],
    "formats" : {
    },
    "glossaryLinks" : {
    }
  }, {
    "bounds" : {
      "lowerRight" : {
        "y" : 90,
        "x" : 570
      },
      "upperLeft" : {
        "y" : 60,
        "x" : 540
      }
    },
    "dockers" : [ ],
    "resourceId" : "sid-F01CFCC3-E7EF-45B7-B5B8-B284C8C6D066",
    "labels" : [ ],
    "layers" : [ ],
    "childShapes" : [ ],
    "properties" : {
      "exttype" : "Push",
      "id" : "",
      "title" : "",
      "external" : "false",
      "locatortypes" : "",
      "locatornames" : "",
      "numberoftokens_drawing" : "0",
      "numberoftokens_text" : "",
      "numberOfTokens" : "0",
      "locatorexpr" : "",
      "href" : ""
    },
    "stencil" : {
      "id" : "Place"
    },
    "outgoing" : [ {
      "resourceId" : "sid-2284DA9D-36B5-47E2-A604-CEA610EAE67D"
    } ],
    "formats" : {
    },
    "glossaryLinks" : {
    }
  }, {
    "bounds" : {
      "lowerRight" : {
        "y" : 75,
        "x" : 539.390625
      },
      "upperLeft" : {
        "y" : 75,
        "x" : 490
      }
    },
    "dockers" : [ {
      "y" : 20,
      "x" : 20
    }, {
      "y" : 15,
      "x" : 15
    } ],
    "resourceId" : "sid-18996045-4E95-4AA4-8C5F-FEE6E4E40609",
    "labels" : [ ],
    "layers" : [ ],
    "target" : {
      "resourceId" : "sid-F01CFCC3-E7EF-45B7-B5B8-B284C8C6D066"
    },
    "childShapes" : [ ],
    "properties" : {
      "id" : "",
      "label" : "",
      "transformation" : ""
    },
    "stencil" : {
      "id" : "Arc"
    },
    "outgoing" : [ {
      "resourceId" : "sid-F01CFCC3-E7EF-45B7-B5B8-B284C8C6D066"
    } ],
    "formats" : {
    },
    "glossaryLinks" : {
    }
  }, {
    "bounds" : {
      "lowerRight" : {
        "y" : 290,
        "x" : 95
      },
      "upperLeft" : {
        "y" : 250,
        "x" : 55
      }
    },
    "dockers" : [ ],
    "resourceId" : "sid-0E4C572A-31E6-4261-BB53-F0FC1DA1E197",
    "labels" : [ ],
    "layers" : [ ],
    "childShapes" : [ ],
    "properties" : {
      "id" : "",
      "title" : "E",
      "communicationtype" : "Default",
      "communicationchannel" : "",
      "guard" : "",
      "oform" : "",
      "omodel" : "",
      "firetype" : "Automatic",
      "href" : ""
    },
    "stencil" : {
      "id" : "Transition"
    },
    "outgoing" : [ {
      "resourceId" : "sid-9901E1D3-CFE0-4014-BAFD-362C5A08AFBC"
    } ],
    "formats" : {
    },
    "glossaryLinks" : {
    }
  }, {
    "bounds" : {
      "lowerRight" : {
        "y" : 285,
        "x" : 170
      },
      "upperLeft" : {
        "y" : 255,
        "x" : 140
      }
    },
    "dockers" : [ ],
    "resourceId" : "sid-277B047F-E9E5-4C08-963F-02DC0E994841",
    "labels" : [ ],
    "layers" : [ ],
    "childShapes" : [ ],
    "properties" : {
      "exttype" : "Push",
      "id" : "",
      "title" : "",
      "external" : "false",
      "locatortypes" : "",
      "locatornames" : "",
      "numberoftokens_drawing" : "0",
      "numberoftokens_text" : "",
      "numberOfTokens" : "0",
      "locatorexpr" : "",
      "href" : ""
    },
    "stencil" : {
      "id" : "Place"
    },
    "outgoing" : [ {
      "resourceId" : "sid-8D8167FC-B289-4C68-AFEB-3BD3149AEACE"
    } ],
    "formats" : {
    },
    "glossaryLinks" : {
    }
  }, {
    "bounds" : {
      "lowerRight" : {
        "y" : 270,
        "x" : 139.625
      },
      "upperLeft" : {
        "y" : 270,
        "x" : 95
      }
    },
    "dockers" : [ {
      "y" : 20,
      "x" : 20
    }, {
      "y" : 15,
      "x" : 15
    } ],
    "resourceId" : "sid-9901E1D3-CFE0-4014-BAFD-362C5A08AFBC",
    "labels" : [ ],
    "layers" : [ ],
    "target" : {
      "resourceId" : "sid-277B047F-E9E5-4C08-963F-02DC0E994841"
    },
    "childShapes" : [ ],
    "properties" : {
      "id" : "",
      "label" : "",
      "transformation" : ""
    },
    "stencil" : {
      "id" : "Arc"
    },
    "outgoing" : [ {
      "resourceId" : "sid-277B047F-E9E5-4C08-963F-02DC0E994841"
    } ],
    "formats" : {
    },
    "glossaryLinks" : {
    }
  }, {
    "bounds" : {
      "lowerRight" : {
        "y" : 290,
        "x" : 260
      },
      "upperLeft" : {
        "y" : 250,
        "x" : 220
      }
    },
    "dockers" : [ ],
    "resourceId" : "sid-BD5C0CCF-AA0B-416B-9F61-9A275FBC9561",
    "labels" : [ ],
    "layers" : [ ],
    "childShapes" : [ ],
    "properties" : {
      "id" : "",
      "title" : "F",
      "communicationtype" : "Default",
      "communicationchannel" : "",
      "guard" : "",
      "oform" : "",
      "omodel" : "",
      "firetype" : "Automatic",
      "href" : ""
    },
    "stencil" : {
      "id" : "Transition"
    },
    "outgoing" : [ {
      "resourceId" : "sid-36FB9B92-F082-405E-AE65-5D361633F461"
    }, {
      "resourceId" : "sid-810049C1-26E5-4D8F-80D2-A550C4CE7B43"
    } ],
    "formats" : {
    },
    "glossaryLinks" : {
    }
  }, {
    "bounds" : {
      "lowerRight" : {
        "y" : 270,
        "x" : 219.078125
      },
      "upperLeft" : {
        "y" : 270,
        "x" : 170.609375
      }
    },
    "dockers" : [ {
      "y" : 15,
      "x" : 15
    }, {
      "y" : 20,
      "x" : 20
    } ],
    "resourceId" : "sid-8D8167FC-B289-4C68-AFEB-3BD3149AEACE",
    "labels" : [ ],
    "layers" : [ ],
    "target" : {
      "resourceId" : "sid-BD5C0CCF-AA0B-416B-9F61-9A275FBC9561"
    },
    "childShapes" : [ ],
    "properties" : {
      "id" : "",
      "label" : "",
      "transformation" : ""
    },
    "stencil" : {
      "id" : "Arc"
    },
    "outgoing" : [ {
      "resourceId" : "sid-BD5C0CCF-AA0B-416B-9F61-9A275FBC9561"
    } ],
    "formats" : {
    },
    "glossaryLinks" : {
    }
  }, {
    "bounds" : {
      "lowerRight" : {
        "y" : 240,
        "x" : 330
      },
      "upperLeft" : {
        "y" : 210,
        "x" : 300
      }
    },
    "dockers" : [ ],
    "resourceId" : "sid-1C0A57D0-6FD3-4C36-A748-CB7F3199F5CD",
    "labels" : [ ],
    "layers" : [ ],
    "childShapes" : [ ],
    "properties" : {
      "exttype" : "Push",
      "id" : "",
      "title" : "",
      "external" : "false",
      "locatortypes" : "",
      "locatornames" : "",
      "numberoftokens_drawing" : "0",
      "numberoftokens_text" : "",
      "numberOfTokens" : "0",
      "locatorexpr" : "",
      "href" : ""
    },
    "stencil" : {
      "id" : "Place"
    },
    "outgoing" : [ {
      "resourceId" : "sid-B2CC7617-0CC2-42FE-A47E-584772DF51DC"
    } ],
    "formats" : {
    },
    "glossaryLinks" : {
    }
  }, {
    "bounds" : {
      "lowerRight" : {
        "y" : 258,
        "x" : 301.83781957428744
      },
      "upperLeft" : {
        "y" : 232.89730825542753,
        "x" : 260
      }
    },
    "dockers" : [ {
      "y" : 20,
      "x" : 20
    }, {
      "y" : 15,
      "x" : 15
    } ],
    "resourceId" : "sid-36FB9B92-F082-405E-AE65-5D361633F461",
    "labels" : [ ],
    "layers" : [ ],
    "target" : {
      "resourceId" : "sid-1C0A57D0-6FD3-4C36-A748-CB7F3199F5CD"
    },
    "childShapes" : [ ],
    "properties" : {
      "id" : "",
      "label" : "",
      "transformation" : ""
    },
    "stencil" : {
      "id" : "Arc"
    },
    "outgoing" : [ {
      "resourceId" : "sid-1C0A57D0-6FD3-4C36-A748-CB7F3199F5CD"
    } ],
    "formats" : {
    },
    "glossaryLinks" : {
    }
  }, {
    "bounds" : {
      "lowerRight" : {
        "y" : 249.7734375,
        "x" : 555
      },
      "upperLeft" : {
        "y" : 90.4375,
        "x" : 75
      }
    },
    "dockers" : [ {
      "y" : 15,
      "x" : 15
    }, {
      "y" : 163,
      "x" : 555
    }, {
      "y" : 163,
      "x" : 75
    }, {
      "y" : 20,
      "x" : 20
    } ],
    "resourceId" : "sid-2284DA9D-36B5-47E2-A604-CEA610EAE67D",
    "labels" : [ ],
    "layers" : [ ],
    "target" : {
      "resourceId" : "sid-0E4C572A-31E6-4261-BB53-F0FC1DA1E197"
    },
    "childShapes" : [ ],
    "properties" : {
      "id" : "",
      "label" : "",
      "transformation" : ""
    },
    "stencil" : {
      "id" : "Arc"
    },
    "outgoing" : [ {
      "resourceId" : "sid-0E4C572A-31E6-4261-BB53-F0FC1DA1E197"
    } ],
    "formats" : {
    },
    "glossaryLinks" : {
    }
  }, {
    "bounds" : {
      "lowerRight" : {
        "y" : 245,
        "x" : 415
      },
      "upperLeft" : {
        "y" : 205,
        "x" : 375
      }
    },
    "dockers" : [ ],
    "resourceId" : "sid-F84B264A-8E4C-43B8-B542-4B811ED634FC",
    "labels" : [ ],
    "layers" : [ ],
    "childShapes" : [ ],
    "properties" : {
      "id" : "",
      "title" : "G",
      "communicationtype" : "Default",
      "communicationchannel" : "",
      "guard" : "",
      "oform" : "",
      "omodel" : "",
      "firetype" : "Automatic",
      "href" : ""
    },
    "stencil" : {
      "id" : "Transition"
    },
    "outgoing" : [ {
      "resourceId" : "sid-DD4741C4-9739-42FF-8079-F64B8BE30625"
    } ],
    "formats" : {
    },
    "glossaryLinks" : {
    }
  }, {
    "bounds" : {
      "lowerRight" : {
        "y" : 225,
        "x" : 374.625
      },
      "upperLeft" : {
        "y" : 225,
        "x" : 330.375
      }
    },
    "dockers" : [ {
      "y" : 15,
      "x" : 15
    }, {
      "y" : 20,
      "x" : 20
    } ],
    "resourceId" : "sid-B2CC7617-0CC2-42FE-A47E-584772DF51DC",
    "labels" : [ ],
    "layers" : [ ],
    "target" : {
      "resourceId" : "sid-F84B264A-8E4C-43B8-B542-4B811ED634FC"
    },
    "childShapes" : [ ],
    "properties" : {
      "id" : "",
      "label" : "",
      "transformation" : ""
    },
    "stencil" : {
      "id" : "Arc"
    },
    "outgoing" : [ {
      "resourceId" : "sid-F84B264A-8E4C-43B8-B542-4B811ED634FC"
    } ],
    "formats" : {
    },
    "glossaryLinks" : {
    }
  }, {
    "bounds" : {
      "lowerRight" : {
        "y" : 285,
        "x" : 485
      },
      "upperLeft" : {
        "y" : 255,
        "x" : 455
      }
    },
    "dockers" : [ ],
    "resourceId" : "sid-04989918-21EA-494B-9966-7FB08AD054AB",
    "labels" : [ ],
    "layers" : [ ],
    "childShapes" : [ ],
    "properties" : {
      "exttype" : "Push",
      "id" : "",
      "title" : "",
      "external" : "false",
      "locatortypes" : "",
      "locatornames" : "",
      "numberoftokens_drawing" : "0",
      "numberoftokens_text" : "",
      "numberOfTokens" : "0",
      "locatorexpr" : "",
      "href" : ""
    },
    "stencil" : {
      "id" : "Place"
    },
    "outgoing" : [ {
      "resourceId" : "sid-ACC27488-563D-48D0-B8B2-96D2F26B8575"
    } ],
    "formats" : {
    },
    "glossaryLinks" : {
    }
  }, {
    "bounds" : {
      "lowerRight" : {
        "y" : 270,
        "x" : 454.625
      },
      "upperLeft" : {
        "y" : 270,
        "x" : 260
      }
    },
    "dockers" : [ {
      "y" : 20,
      "x" : 20
    }, {
      "y" : 15,
      "x" : 15
    } ],
    "resourceId" : "sid-810049C1-26E5-4D8F-80D2-A550C4CE7B43",
    "labels" : [ ],
    "layers" : [ ],
    "target" : {
      "resourceId" : "sid-04989918-21EA-494B-9966-7FB08AD054AB"
    },
    "childShapes" : [ ],
    "properties" : {
      "id" : "",
      "label" : "",
      "transformation" : ""
    },
    "stencil" : {
      "id" : "Arc"
    },
    "outgoing" : [ {
      "resourceId" : "sid-04989918-21EA-494B-9966-7FB08AD054AB"
    } ],
    "formats" : {
    },
    "glossaryLinks" : {
    }
  }, {
    "bounds" : {
      "lowerRight" : {
        "y" : 290,
        "x" : 570
      },
      "upperLeft" : {
        "y" : 250,
        "x" : 530
      }
    },
    "dockers" : [ ],
    "resourceId" : "sid-2964FDB9-762D-4877-A18A-A5F8D2A7A4FF",
    "labels" : [ ],
    "layers" : [ ],
    "childShapes" : [ ],
    "properties" : {
      "id" : "",
      "title" : "H",
      "communicationtype" : "Default",
      "communicationchannel" : "",
      "guard" : "",
      "oform" : "",
      "omodel" : "",
      "firetype" : "Automatic",
      "href" : ""
    },
    "stencil" : {
      "id" : "Transition"
    },
    "outgoing" : [ {
      "resourceId" : "sid-3C581A3E-A853-474E-A56C-A66013E672B4"
    } ],
    "formats" : {
    },
    "glossaryLinks" : {
    }
  }, {
    "bounds" : {
      "lowerRight" : {
        "y" : 270,
        "x" : 529.625
      },
      "upperLeft" : {
        "y" : 270,
        "x" : 485.375
      }
    },
    "dockers" : [ {
      "y" : 15,
      "x" : 15
    }, {
      "y" : 20,
      "x" : 20
    } ],
    "resourceId" : "sid-ACC27488-563D-48D0-B8B2-96D2F26B8575",
    "labels" : [ ],
    "layers" : [ ],
    "target" : {
      "resourceId" : "sid-2964FDB9-762D-4877-A18A-A5F8D2A7A4FF"
    },
    "childShapes" : [ ],
    "properties" : {
      "id" : "",
      "label" : "",
      "transformation" : ""
    },
    "stencil" : {
      "id" : "Arc"
    },
    "outgoing" : [ {
      "resourceId" : "sid-2964FDB9-762D-4877-A18A-A5F8D2A7A4FF"
    } ],
    "formats" : {
    },
    "glossaryLinks" : {
    }
  }, {
    "bounds" : {
      "lowerRight" : {
        "y" : 240,
        "x" : 485
      },
      "upperLeft" : {
        "y" : 210,
        "x" : 455
      }
    },
    "dockers" : [ ],
    "resourceId" : "sid-0FD0F9D9-645C-4ABB-A60A-9768531E5E15",
    "labels" : [ ],
    "layers" : [ ],
    "childShapes" : [ ],
    "properties" : {
      "exttype" : "Push",
      "id" : "",
      "title" : "",
      "external" : "false",
      "locatortypes" : "",
      "locatornames" : "",
      "numberoftokens_drawing" : "0",
      "numberoftokens_text" : "",
      "numberOfTokens" : "0",
      "locatorexpr" : "",
      "href" : ""
    },
    "stencil" : {
      "id" : "Place"
    },
    "outgoing" : [ {
      "resourceId" : "sid-0ADBA0E2-6B6B-4FAD-98F5-74FBC7D2BD74"
    } ],
    "formats" : {
    },
    "glossaryLinks" : {
    }
  }, {
    "bounds" : {
      "lowerRight" : {
        "y" : 225,
        "x" : 454.9375
      },
      "upperLeft" : {
        "y" : 225,
        "x" : 415
      }
    },
    "dockers" : [ {
      "y" : 20,
      "x" : 20
    }, {
      "y" : 15,
      "x" : 15
    } ],
    "resourceId" : "sid-DD4741C4-9739-42FF-8079-F64B8BE30625",
    "labels" : [ ],
    "layers" : [ ],
    "target" : {
      "resourceId" : "sid-0FD0F9D9-645C-4ABB-A60A-9768531E5E15"
    },
    "childShapes" : [ ],
    "properties" : {
      "id" : "",
      "label" : "",
      "transformation" : ""
    },
    "stencil" : {
      "id" : "Arc"
    },
    "outgoing" : [ {
      "resourceId" : "sid-0FD0F9D9-645C-4ABB-A60A-9768531E5E15"
    } ],
    "formats" : {
    },
    "glossaryLinks" : {
    }
  }, {
    "bounds" : {
      "lowerRight" : {
        "y" : 258.61130126036744,
        "x" : 529.7534244628755
      },
      "upperLeft" : {
        "y" : 232.52151123963256,
        "x" : 483.37157553712456
      }
    },
    "dockers" : [ {
      "y" : 15,
      "x" : 15
    }, {
      "y" : 20,
      "x" : 20
    } ],
    "resourceId" : "sid-0ADBA0E2-6B6B-4FAD-98F5-74FBC7D2BD74",
    "labels" : [ ],
    "layers" : [ ],
    "target" : {
      "resourceId" : "sid-2964FDB9-762D-4877-A18A-A5F8D2A7A4FF"
    },
    "childShapes" : [ ],
    "properties" : {
      "id" : "",
      "label" : "",
      "transformation" : ""
    },
    "stencil" : {
      "id" : "Arc"
    },
    "outgoing" : [ {
      "resourceId" : "sid-2964FDB9-762D-4877-A18A-A5F8D2A7A4FF"
    } ],
    "formats" : {
    },
    "glossaryLinks" : {
    }
  }, {
    "bounds" : {
      "lowerRight" : {
        "y" : 285,
        "x" : 645
      },
      "upperLeft" : {
        "y" : 255,
        "x" : 615
      }
    },
    "dockers" : [ ],
    "resourceId" : "sid-AE5D8FD1-B452-4330-A974-7987F8F0DB50",
    "labels" : [ ],
    "layers" : [ ],
    "childShapes" : [ ],
    "properties" : {
      "exttype" : "Push",
      "id" : "",
      "title" : "",
      "external" : "false",
      "locatortypes" : "",
      "locatornames" : "",
      "numberoftokens_drawing" : "0",
      "numberoftokens_text" : "",
      "numberOfTokens" : "0",
      "locatorexpr" : "",
      "href" : ""
    },
    "stencil" : {
      "id" : "Place"
    },
    "outgoing" : [ ],
    "formats" : {
    },
    "glossaryLinks" : {
    }
  }, {
    "bounds" : {
      "lowerRight" : {
        "y" : 270,
        "x" : 614.625
      },
      "upperLeft" : {
        "y" : 270,
        "x" : 570
      }
    },
    "dockers" : [ {
      "y" : 20,
      "x" : 20
    }, {
      "y" : 15,
      "x" : 15
    } ],
    "resourceId" : "sid-3C581A3E-A853-474E-A56C-A66013E672B4",
    "labels" : [ ],
    "layers" : [ ],
    "target" : {
      "resourceId" : "sid-AE5D8FD1-B452-4330-A974-7987F8F0DB50"
    },
    "childShapes" : [ ],
    "properties" : {
      "id" : "",
      "label" : "",
      "transformation" : ""
    },
    "stencil" : {
      "id" : "Arc"
    },
    "outgoing" : [ {
      "resourceId" : "sid-AE5D8FD1-B452-4330-A974-7987F8F0DB50"
    } ],
    "formats" : {
    },
    "glossaryLinks" : {
    }
  } ],
  "properties" : {
    "author" : "",
    "title" : "",
    "engine" : "false",
    "modificationdate" : "10/07/07",
    "documentation" : "",
    "language" : "English",
    "creationdate" : "10/07/07",
    "version" : ""
  },
  "stencilset" : {
    "url" : "/stencilsets/petrinets/petrinet.json?version=4.5.0",
    "namespace" : "http://b3mn.org/stencilset/petrinet#"
  },
  "ssextensions" : [ ],
  "offset" : {
    "y" : 0,
    "x" : 0
  },
  "stencil" : {
    "id" : "Diagram"
  },
  "formats" : {
  }
}