{
  "revision" : {
    "creationDate" : null,
    "elementCounts" : {
      "total" : 45,
      "Place" : 10,
      "Arc" : 23,
      "Transition" : 11,
      "Diagram" : 1
    },
    "connectedness" : 100,
    "isLastRevision" : "false",
    "revisionNumber" : 1
  },
  "model" : {
    "modelingLanguage" : "petrinet",
    "numberOfRevisions" : 2,
    "naturalLanguage" : "de",
    "timestampModelCollection" : null,
    "directoryId" : "405641323",
    "groupName" : "PetriNet",
    "modelDate" : "2012-06-06",
    "modelName" : "Kredit",
    "modelId" : "16648389"
  }
}