{
  "revision" : {
    "creationDate" : null,
    "elementCounts" : {
      "total" : 23,
      "Place" : 5,
      "Arc" : 13,
      "Transition" : 4,
      "Diagram" : 1
    },
    "connectedness" : 100,
    "isLastRevision" : "false",
    "revisionNumber" : 3
  },
  "model" : {
    "modelingLanguage" : "petrinet",
    "numberOfRevisions" : 4,
    "naturalLanguage" : "de",
    "timestampModelCollection" : null,
    "directoryId" : "324178685",
    "groupName" : "PetriNet",
    "modelDate" : "2010-11-11",
    "modelName" : "Petrinetz aufgabe 1",
    "modelId" : "1912483671"
  }
}