{
  "bounds" : {
    "lowerRight" : {
      "y" : 1050,
      "x" : 1485
    },
    "upperLeft" : {
      "y" : 0,
      "x" : 0
    }
  },
  "resourceId" : "canvas",
  "childShapes" : [ {
    "dockers" : [ ],
    "bounds" : {
      "lowerRight" : {
        "y" : 45,
        "x" : 390
      },
      "upperLeft" : {
        "y" : 15,
        "x" : 360
      }
    },
    "resourceId" : "sid-518CBA73-CB30-44AC-9637-7C0D326B998A",
    "childShapes" : [ ],
    "properties" : {
      "exttype" : "Push",
      "id" : "",
      "title" : "Bestellung eingegangen = i",
      "external" : "false",
      "numberoftokens" : 0,
      "locatortypes" : "",
      "locatornames" : "",
      "numberoftokens_drawing" : "0",
      "numberoftokens_text" : "",
      "locatorexpr" : "",
      "href" : ""
    },
    "stencil" : {
      "id" : "Place"
    },
    "outgoing" : [ {
      "resourceId" : "sid-FCDC3FCB-B4CC-4997-86C0-C2AE20741D1C"
    } ]
  }, {
    "dockers" : [ ],
    "bounds" : {
      "lowerRight" : {
        "y" : 355,
        "x" : 115
      },
      "upperLeft" : {
        "y" : 315,
        "x" : 75
      }
    },
    "resourceId" : "sid-DFF6819A-8357-46B7-9614-5DA4CF68A1C2",
    "childShapes" : [ ],
    "properties" : {
      "id" : "",
      "title" : "...",
      "communicationtype" : "Default",
      "communicationchannel" : "",
      "guard" : "",
      "oform" : "",
      "omodel" : "",
      "firetype" : "Automatic",
      "href" : ""
    },
    "stencil" : {
      "id" : "Transition"
    },
    "outgoing" : [ {
      "resourceId" : "sid-642FC280-0757-49CA-A57F-FD03FCEC3012"
    } ]
  }, {
    "dockers" : [ ],
    "bounds" : {
      "lowerRight" : {
        "y" : 355,
        "x" : 280
      },
      "upperLeft" : {
        "y" : 315,
        "x" : 240
      }
    },
    "resourceId" : "sid-B9818189-A7AF-4A96-8C3F-E05D999EC49C",
    "childShapes" : [ ],
    "properties" : {
      "id" : "",
      "title" : "...",
      "communicationtype" : "Default",
      "communicationchannel" : "",
      "guard" : "",
      "oform" : "",
      "omodel" : "",
      "firetype" : "Automatic",
      "href" : ""
    },
    "stencil" : {
      "id" : "Transition"
    },
    "outgoing" : [ {
      "resourceId" : "sid-620C2EF5-77B5-407F-90E7-E1368E2AB52C"
    } ]
  }, {
    "dockers" : [ ],
    "bounds" : {
      "lowerRight" : {
        "y" : 355,
        "x" : 490
      },
      "upperLeft" : {
        "y" : 315,
        "x" : 450
      }
    },
    "resourceId" : "sid-45262AF4-4CFA-47E8-BF93-5EED537806B4",
    "childShapes" : [ ],
    "properties" : {
      "id" : "",
      "title" : "...",
      "communicationtype" : "Default",
      "communicationchannel" : "",
      "guard" : "",
      "oform" : "",
      "omodel" : "",
      "firetype" : "Automatic",
      "href" : ""
    },
    "stencil" : {
      "id" : "Transition"
    },
    "outgoing" : [ {
      "resourceId" : "sid-E3FE2DFA-1DAF-4B19-A5B8-F7AA45CA29DB"
    } ]
  }, {
    "dockers" : [ ],
    "bounds" : {
      "lowerRight" : {
        "y" : 355,
        "x" : 685
      },
      "upperLeft" : {
        "y" : 315,
        "x" : 645
      }
    },
    "resourceId" : "sid-16DD28E1-D8C4-46AE-BE64-FE9E41B53FF2",
    "childShapes" : [ ],
    "properties" : {
      "id" : "",
      "title" : "...",
      "communicationtype" : "Default",
      "communicationchannel" : "",
      "guard" : "",
      "oform" : "",
      "omodel" : "",
      "firetype" : "Automatic",
      "href" : ""
    },
    "stencil" : {
      "id" : "Transition"
    },
    "outgoing" : [ {
      "resourceId" : "sid-7313E207-CFDB-482E-9EEA-8928C5315A07"
    } ]
  }, {
    "dockers" : [ ],
    "bounds" : {
      "lowerRight" : {
        "y" : 300,
        "x" : 195
      },
      "upperLeft" : {
        "y" : 270,
        "x" : 165
      }
    },
    "resourceId" : "sid-59B9A536-7D02-412A-BB17-08B29549E04D",
    "childShapes" : [ ],
    "properties" : {
      "exttype" : "Push",
      "id" : "",
      "title" : "",
      "external" : "false",
      "numberoftokens" : 0,
      "locatortypes" : "",
      "locatornames" : "",
      "numberoftokens_drawing" : "0",
      "numberoftokens_text" : "",
      "locatorexpr" : "",
      "href" : ""
    },
    "stencil" : {
      "id" : "Place"
    },
    "outgoing" : [ {
      "resourceId" : "sid-F5E5068E-9074-4627-96C2-DB5D30B1315B"
    }, {
      "resourceId" : "sid-0572BFBA-0D62-4752-8743-22234B56A826"
    } ]
  }, {
    "dockers" : [ ],
    "bounds" : {
      "lowerRight" : {
        "y" : 115,
        "x" : 395
      },
      "upperLeft" : {
        "y" : 75,
        "x" : 355
      }
    },
    "resourceId" : "sid-9BD870E9-70F2-4428-81D7-144B8997B5BD",
    "childShapes" : [ ],
    "properties" : {
      "id" : "",
      "title" : "",
      "communicationtype" : "Default",
      "communicationchannel" : "",
      "guard" : "",
      "oform" : "",
      "omodel" : "",
      "firetype" : "Automatic",
      "href" : ""
    },
    "stencil" : {
      "id" : "Transition"
    },
    "outgoing" : [ {
      "resourceId" : "sid-CD4B317C-D3C8-4F15-A402-79E8A129A33D"
    }, {
      "resourceId" : "sid-3566DBE0-3189-4446-A936-D551BAC2BB7A"
    } ]
  }, {
    "dockers" : [ ],
    "bounds" : {
      "lowerRight" : {
        "y" : 240,
        "x" : 200
      },
      "upperLeft" : {
        "y" : 200,
        "x" : 160
      }
    },
    "resourceId" : "sid-9E6FB473-6302-4C58-BA0C-A73794EC2D02",
    "childShapes" : [ ],
    "properties" : {
      "id" : "",
      "title" : "",
      "communicationtype" : "Default",
      "communicationchannel" : "",
      "guard" : "",
      "oform" : "",
      "omodel" : "",
      "firetype" : "Automatic",
      "href" : ""
    },
    "stencil" : {
      "id" : "Transition"
    },
    "outgoing" : [ {
      "resourceId" : "sid-25F803E8-F920-4760-A63B-75ACC4016B82"
    } ]
  }, {
    "dockers" : [ ],
    "bounds" : {
      "lowerRight" : {
        "y" : 170,
        "x" : 195
      },
      "upperLeft" : {
        "y" : 140,
        "x" : 165
      }
    },
    "resourceId" : "sid-622D1DB5-C78C-4C3D-A6F3-50134AB1AA20",
    "childShapes" : [ ],
    "properties" : {
      "exttype" : "Push",
      "id" : "",
      "title" : "",
      "external" : "false",
      "numberoftokens" : 0,
      "locatortypes" : "",
      "locatornames" : "",
      "numberoftokens_drawing" : "0",
      "numberoftokens_text" : "",
      "locatorexpr" : "",
      "href" : ""
    },
    "stencil" : {
      "id" : "Place"
    },
    "outgoing" : [ {
      "resourceId" : "sid-10292B79-7B8C-41AC-8BB6-5D6E3E134029"
    } ]
  }, {
    "dockers" : [ ],
    "bounds" : {
      "lowerRight" : {
        "y" : 170,
        "x" : 585
      },
      "upperLeft" : {
        "y" : 140,
        "x" : 555
      }
    },
    "resourceId" : "sid-AE7E57CF-783D-465E-8052-763D0706F219",
    "childShapes" : [ ],
    "properties" : {
      "exttype" : "Push",
      "id" : "",
      "title" : "",
      "external" : "false",
      "numberoftokens" : 0,
      "locatortypes" : "",
      "locatornames" : "",
      "numberoftokens_drawing" : "0",
      "numberoftokens_text" : "",
      "locatorexpr" : "",
      "href" : ""
    },
    "stencil" : {
      "id" : "Place"
    },
    "outgoing" : [ {
      "resourceId" : "sid-E4E865CB-9229-4EB0-943A-55C0098A732B"
    } ]
  }, {
    "dockers" : [ ],
    "bounds" : {
      "lowerRight" : {
        "y" : 240,
        "x" : 590
      },
      "upperLeft" : {
        "y" : 200,
        "x" : 550
      }
    },
    "resourceId" : "sid-B94E64DB-E3EF-4B1C-89E1-32FA8691483D",
    "childShapes" : [ ],
    "properties" : {
      "id" : "",
      "title" : "",
      "communicationtype" : "Default",
      "communicationchannel" : "",
      "guard" : "",
      "oform" : "",
      "omodel" : "",
      "firetype" : "Automatic",
      "href" : ""
    },
    "stencil" : {
      "id" : "Transition"
    },
    "outgoing" : [ {
      "resourceId" : "sid-7AA44BFD-DD98-4A70-BB58-A6EB7B80D4CC"
    } ]
  }, {
    "dockers" : [ ],
    "bounds" : {
      "lowerRight" : {
        "y" : 300,
        "x" : 585
      },
      "upperLeft" : {
        "y" : 270,
        "x" : 555
      }
    },
    "resourceId" : "sid-6B02DB47-9236-424F-8435-E62D5F5C25A4",
    "childShapes" : [ ],
    "properties" : {
      "exttype" : "Push",
      "id" : "",
      "title" : "",
      "external" : "false",
      "numberoftokens" : 0,
      "locatortypes" : "",
      "locatornames" : "",
      "numberoftokens_drawing" : "0",
      "numberoftokens_text" : "",
      "locatorexpr" : "",
      "href" : ""
    },
    "stencil" : {
      "id" : "Place"
    },
    "outgoing" : [ {
      "resourceId" : "sid-C70B99ED-F00A-49CD-AE24-EE8A4807C03E"
    }, {
      "resourceId" : "sid-753A97BE-C969-416A-8AF3-1975F84E0358"
    } ]
  }, {
    "dockers" : [ {
      "y" : 15,
      "x" : 15
    }, {
      "y" : 20,
      "x" : 20
    } ],
    "bounds" : {
      "lowerRight" : {
        "y" : 74.703125,
        "x" : 375
      },
      "upperLeft" : {
        "y" : 45.21875,
        "x" : 375
      }
    },
    "resourceId" : "sid-FCDC3FCB-B4CC-4997-86C0-C2AE20741D1C",
    "target" : {
      "resourceId" : "sid-9BD870E9-70F2-4428-81D7-144B8997B5BD"
    },
    "childShapes" : [ ],
    "properties" : {
      "id" : "",
      "label" : "",
      "transformation" : ""
    },
    "stencil" : {
      "id" : "Arc"
    },
    "outgoing" : [ {
      "resourceId" : "sid-9BD870E9-70F2-4428-81D7-144B8997B5BD"
    } ]
  }, {
    "dockers" : [ {
      "y" : 15,
      "x" : 15
    }, {
      "y" : 20,
      "x" : 20
    } ],
    "bounds" : {
      "lowerRight" : {
        "y" : 199.703125,
        "x" : 180
      },
      "upperLeft" : {
        "y" : 170.21875,
        "x" : 180
      }
    },
    "resourceId" : "sid-10292B79-7B8C-41AC-8BB6-5D6E3E134029",
    "target" : {
      "resourceId" : "sid-9E6FB473-6302-4C58-BA0C-A73794EC2D02"
    },
    "childShapes" : [ ],
    "properties" : {
      "id" : "",
      "label" : "",
      "transformation" : ""
    },
    "stencil" : {
      "id" : "Arc"
    },
    "outgoing" : [ {
      "resourceId" : "sid-9E6FB473-6302-4C58-BA0C-A73794EC2D02"
    } ]
  }, {
    "dockers" : [ {
      "y" : 20,
      "x" : 20
    }, {
      "y" : 15,
      "x" : 15
    } ],
    "bounds" : {
      "lowerRight" : {
        "y" : 269.78125,
        "x" : 180
      },
      "upperLeft" : {
        "y" : 240,
        "x" : 180
      }
    },
    "resourceId" : "sid-25F803E8-F920-4760-A63B-75ACC4016B82",
    "target" : {
      "resourceId" : "sid-59B9A536-7D02-412A-BB17-08B29549E04D"
    },
    "childShapes" : [ ],
    "properties" : {
      "id" : "",
      "label" : "",
      "transformation" : ""
    },
    "stencil" : {
      "id" : "Arc"
    },
    "outgoing" : [ {
      "resourceId" : "sid-59B9A536-7D02-412A-BB17-08B29549E04D"
    } ]
  }, {
    "dockers" : [ {
      "y" : 15,
      "x" : 15
    }, {
      "y" : 20,
      "x" : 20
    } ],
    "bounds" : {
      "lowerRight" : {
        "y" : 199.703125,
        "x" : 570
      },
      "upperLeft" : {
        "y" : 170.21875,
        "x" : 570
      }
    },
    "resourceId" : "sid-E4E865CB-9229-4EB0-943A-55C0098A732B",
    "target" : {
      "resourceId" : "sid-B94E64DB-E3EF-4B1C-89E1-32FA8691483D"
    },
    "childShapes" : [ ],
    "properties" : {
      "id" : "",
      "label" : "",
      "transformation" : ""
    },
    "stencil" : {
      "id" : "Arc"
    },
    "outgoing" : [ {
      "resourceId" : "sid-B94E64DB-E3EF-4B1C-89E1-32FA8691483D"
    } ]
  }, {
    "dockers" : [ {
      "y" : 20,
      "x" : 20
    }, {
      "y" : 15,
      "x" : 15
    } ],
    "bounds" : {
      "lowerRight" : {
        "y" : 269.78125,
        "x" : 570
      },
      "upperLeft" : {
        "y" : 240,
        "x" : 570
      }
    },
    "resourceId" : "sid-7AA44BFD-DD98-4A70-BB58-A6EB7B80D4CC",
    "target" : {
      "resourceId" : "sid-6B02DB47-9236-424F-8435-E62D5F5C25A4"
    },
    "childShapes" : [ ],
    "properties" : {
      "id" : "",
      "label" : "",
      "transformation" : ""
    },
    "stencil" : {
      "id" : "Arc"
    },
    "outgoing" : [ {
      "resourceId" : "sid-6B02DB47-9236-424F-8435-E62D5F5C25A4"
    } ]
  }, {
    "dockers" : [ ],
    "bounds" : {
      "lowerRight" : {
        "y" : 435,
        "x" : 110
      },
      "upperLeft" : {
        "y" : 405,
        "x" : 80
      }
    },
    "resourceId" : "sid-7FBDF999-F9CD-4446-A799-167E7B11480B",
    "childShapes" : [ ],
    "properties" : {
      "exttype" : "Push",
      "id" : "",
      "title" : "Bestellung OK = p1",
      "external" : "false",
      "numberoftokens" : 0,
      "locatortypes" : "",
      "locatornames" : "",
      "numberoftokens_drawing" : "0",
      "numberoftokens_text" : "",
      "locatorexpr" : "",
      "href" : ""
    },
    "stencil" : {
      "id" : "Place"
    },
    "outgoing" : [ {
      "resourceId" : "sid-ED14060C-FB2A-4225-AB51-BEC0CE8FAE67"
    } ]
  }, {
    "dockers" : [ ],
    "bounds" : {
      "lowerRight" : {
        "y" : 435,
        "x" : 275
      },
      "upperLeft" : {
        "y" : 405,
        "x" : 245
      }
    },
    "resourceId" : "sid-CCF2F964-FF99-4665-BD06-C13E1F3A1639",
    "childShapes" : [ ],
    "properties" : {
      "exttype" : "Push",
      "id" : "",
      "title" : "Bestellung NICHT OK = p2",
      "external" : "false",
      "numberoftokens" : 0,
      "locatortypes" : "",
      "locatornames" : "",
      "numberoftokens_drawing" : "0",
      "numberoftokens_text" : "",
      "locatorexpr" : "",
      "href" : ""
    },
    "stencil" : {
      "id" : "Place"
    },
    "outgoing" : [ {
      "resourceId" : "sid-A184B77B-B0A5-4674-B210-0F02E9799504"
    } ]
  }, {
    "dockers" : [ ],
    "bounds" : {
      "lowerRight" : {
        "y" : 435,
        "x" : 485
      },
      "upperLeft" : {
        "y" : 405,
        "x" : 455
      }
    },
    "resourceId" : "sid-514957CC-CCF6-4D92-993C-5609D6211F96",
    "childShapes" : [ ],
    "properties" : {
      "exttype" : "Push",
      "id" : "",
      "title" : "Kredit OK = p3",
      "external" : "false",
      "numberoftokens" : 0,
      "locatortypes" : "",
      "locatornames" : "",
      "numberoftokens_drawing" : "0",
      "numberoftokens_text" : "",
      "locatorexpr" : "",
      "href" : ""
    },
    "stencil" : {
      "id" : "Place"
    },
    "outgoing" : [ {
      "resourceId" : "sid-6AF23C1B-ACB3-42B4-A0B5-EC5DCA7FE5CE"
    } ]
  }, {
    "dockers" : [ ],
    "bounds" : {
      "lowerRight" : {
        "y" : 435,
        "x" : 680
      },
      "upperLeft" : {
        "y" : 405,
        "x" : 650
      }
    },
    "resourceId" : "sid-96F41981-3E61-4C2B-B4E1-C8047B8B0248",
    "childShapes" : [ ],
    "properties" : {
      "exttype" : "Push",
      "id" : "",
      "title" : "Kredit NICHT OK = p4",
      "external" : "false",
      "numberoftokens" : 0,
      "locatortypes" : "",
      "locatornames" : "",
      "numberoftokens_drawing" : "0",
      "numberoftokens_text" : "",
      "locatorexpr" : "",
      "href" : ""
    },
    "stencil" : {
      "id" : "Place"
    },
    "outgoing" : [ {
      "resourceId" : "sid-8FA536AE-28D0-47F4-9068-DB5C024DBF73"
    } ]
  }, {
    "dockers" : [ ],
    "bounds" : {
      "lowerRight" : {
        "y" : 625,
        "x" : 490
      },
      "upperLeft" : {
        "y" : 585,
        "x" : 450
      }
    },
    "resourceId" : "sid-1D5408B4-0B46-4D21-B7F2-8242F9DC7D60",
    "childShapes" : [ ],
    "properties" : {
      "id" : "",
      "title" : "",
      "communicationtype" : "Default",
      "communicationchannel" : "",
      "guard" : "",
      "oform" : "",
      "omodel" : "",
      "firetype" : "Automatic",
      "href" : ""
    },
    "stencil" : {
      "id" : "Transition"
    },
    "outgoing" : [ {
      "resourceId" : "sid-567BFBFE-1141-4A10-A8BA-0BAF572423E3"
    } ]
  }, {
    "dockers" : [ ],
    "bounds" : {
      "lowerRight" : {
        "y" : 520,
        "x" : 280
      },
      "upperLeft" : {
        "y" : 480,
        "x" : 240
      }
    },
    "resourceId" : "sid-94B6ED8C-E481-482A-8434-5A548784A680",
    "childShapes" : [ ],
    "properties" : {
      "id" : "",
      "title" : "",
      "communicationtype" : "Default",
      "communicationchannel" : "",
      "guard" : "",
      "oform" : "",
      "omodel" : "",
      "firetype" : "Automatic",
      "href" : ""
    },
    "stencil" : {
      "id" : "Transition"
    },
    "outgoing" : [ {
      "resourceId" : "sid-724CF23E-7626-41FD-B6D5-A67E2EACF35F"
    } ]
  }, {
    "dockers" : [ {
      "y" : 15,
      "x" : 15
    }, {
      "y" : 20,
      "x" : 20
    } ],
    "bounds" : {
      "lowerRight" : {
        "y" : 584.48828125,
        "x" : 470
      },
      "upperLeft" : {
        "y" : 435.453125,
        "x" : 470
      }
    },
    "resourceId" : "sid-6AF23C1B-ACB3-42B4-A0B5-EC5DCA7FE5CE",
    "target" : {
      "resourceId" : "sid-1D5408B4-0B46-4D21-B7F2-8242F9DC7D60"
    },
    "childShapes" : [ ],
    "properties" : {
      "id" : "",
      "label" : "",
      "transformation" : ""
    },
    "stencil" : {
      "id" : "Arc"
    },
    "outgoing" : [ {
      "resourceId" : "sid-1D5408B4-0B46-4D21-B7F2-8242F9DC7D60"
    } ]
  }, {
    "dockers" : [ {
      "y" : 15,
      "x" : 15
    }, {
      "y" : 605,
      "x" : 95
    }, {
      "y" : 20,
      "x" : 20
    } ],
    "bounds" : {
      "lowerRight" : {
        "y" : 605,
        "x" : 449.95703125
      },
      "upperLeft" : {
        "y" : 435.453125,
        "x" : 95
      }
    },
    "resourceId" : "sid-ED14060C-FB2A-4225-AB51-BEC0CE8FAE67",
    "target" : {
      "resourceId" : "sid-1D5408B4-0B46-4D21-B7F2-8242F9DC7D60"
    },
    "childShapes" : [ ],
    "properties" : {
      "id" : "",
      "label" : "",
      "transformation" : ""
    },
    "stencil" : {
      "id" : "Arc"
    },
    "outgoing" : [ {
      "resourceId" : "sid-1D5408B4-0B46-4D21-B7F2-8242F9DC7D60"
    } ]
  }, {
    "dockers" : [ {
      "y" : 15,
      "x" : 15
    }, {
      "y" : 500,
      "x" : 665
    }, {
      "y" : 20,
      "x" : 20
    } ],
    "bounds" : {
      "lowerRight" : {
        "y" : 500,
        "x" : 665
      },
      "upperLeft" : {
        "y" : 435.375,
        "x" : 280
      }
    },
    "resourceId" : "sid-8FA536AE-28D0-47F4-9068-DB5C024DBF73",
    "target" : {
      "resourceId" : "sid-94B6ED8C-E481-482A-8434-5A548784A680"
    },
    "childShapes" : [ ],
    "properties" : {
      "id" : "",
      "label" : "",
      "transformation" : ""
    },
    "stencil" : {
      "id" : "Arc"
    },
    "outgoing" : [ {
      "resourceId" : "sid-94B6ED8C-E481-482A-8434-5A548784A680"
    } ]
  }, {
    "dockers" : [ {
      "y" : 15,
      "x" : 15
    }, {
      "y" : 20,
      "x" : 20
    } ],
    "bounds" : {
      "lowerRight" : {
        "y" : 479.625,
        "x" : 260
      },
      "upperLeft" : {
        "y" : 435.375,
        "x" : 260
      }
    },
    "resourceId" : "sid-A184B77B-B0A5-4674-B210-0F02E9799504",
    "target" : {
      "resourceId" : "sid-94B6ED8C-E481-482A-8434-5A548784A680"
    },
    "childShapes" : [ ],
    "properties" : {
      "id" : "",
      "label" : "",
      "transformation" : ""
    },
    "stencil" : {
      "id" : "Arc"
    },
    "outgoing" : [ {
      "resourceId" : "sid-94B6ED8C-E481-482A-8434-5A548784A680"
    } ]
  }, {
    "dockers" : [ {
      "y" : 20,
      "x" : 20
    }, {
      "y" : 15,
      "x" : 15
    } ],
    "bounds" : {
      "lowerRight" : {
        "y" : 404.390625,
        "x" : 95
      },
      "upperLeft" : {
        "y" : 355,
        "x" : 95
      }
    },
    "resourceId" : "sid-642FC280-0757-49CA-A57F-FD03FCEC3012",
    "target" : {
      "resourceId" : "sid-7FBDF999-F9CD-4446-A799-167E7B11480B"
    },
    "childShapes" : [ ],
    "properties" : {
      "id" : "",
      "label" : "",
      "transformation" : ""
    },
    "stencil" : {
      "id" : "Arc"
    },
    "outgoing" : [ {
      "resourceId" : "sid-7FBDF999-F9CD-4446-A799-167E7B11480B"
    } ]
  }, {
    "dockers" : [ {
      "y" : 20,
      "x" : 20
    }, {
      "y" : 15,
      "x" : 15
    } ],
    "bounds" : {
      "lowerRight" : {
        "y" : 404.390625,
        "x" : 260
      },
      "upperLeft" : {
        "y" : 355,
        "x" : 260
      }
    },
    "resourceId" : "sid-620C2EF5-77B5-407F-90E7-E1368E2AB52C",
    "target" : {
      "resourceId" : "sid-CCF2F964-FF99-4665-BD06-C13E1F3A1639"
    },
    "childShapes" : [ ],
    "properties" : {
      "id" : "",
      "label" : "",
      "transformation" : ""
    },
    "stencil" : {
      "id" : "Arc"
    },
    "outgoing" : [ {
      "resourceId" : "sid-CCF2F964-FF99-4665-BD06-C13E1F3A1639"
    } ]
  }, {
    "dockers" : [ {
      "y" : 20,
      "x" : 20
    }, {
      "y" : 15,
      "x" : 15
    } ],
    "bounds" : {
      "lowerRight" : {
        "y" : 404.390625,
        "x" : 470
      },
      "upperLeft" : {
        "y" : 355,
        "x" : 470
      }
    },
    "resourceId" : "sid-E3FE2DFA-1DAF-4B19-A5B8-F7AA45CA29DB",
    "target" : {
      "resourceId" : "sid-514957CC-CCF6-4D92-993C-5609D6211F96"
    },
    "childShapes" : [ ],
    "properties" : {
      "id" : "",
      "label" : "",
      "transformation" : ""
    },
    "stencil" : {
      "id" : "Arc"
    },
    "outgoing" : [ {
      "resourceId" : "sid-514957CC-CCF6-4D92-993C-5609D6211F96"
    } ]
  }, {
    "dockers" : [ {
      "y" : 20,
      "x" : 20
    }, {
      "y" : 15,
      "x" : 15
    } ],
    "bounds" : {
      "lowerRight" : {
        "y" : 404.390625,
        "x" : 665
      },
      "upperLeft" : {
        "y" : 355,
        "x" : 665
      }
    },
    "resourceId" : "sid-7313E207-CFDB-482E-9EEA-8928C5315A07",
    "target" : {
      "resourceId" : "sid-96F41981-3E61-4C2B-B4E1-C8047B8B0248"
    },
    "childShapes" : [ ],
    "properties" : {
      "id" : "",
      "label" : "",
      "transformation" : ""
    },
    "stencil" : {
      "id" : "Arc"
    },
    "outgoing" : [ {
      "resourceId" : "sid-96F41981-3E61-4C2B-B4E1-C8047B8B0248"
    } ]
  }, {
    "dockers" : [ ],
    "bounds" : {
      "lowerRight" : {
        "y" : 705,
        "x" : 360
      },
      "upperLeft" : {
        "y" : 675,
        "x" : 330
      }
    },
    "resourceId" : "sid-15347AAD-4D2C-40EB-B02A-DF8DCDB44736",
    "childShapes" : [ ],
    "properties" : {
      "exttype" : "Push",
      "id" : "",
      "title" : "",
      "external" : "false",
      "numberoftokens" : 0,
      "locatortypes" : "",
      "locatornames" : "",
      "numberoftokens_drawing" : "0",
      "numberoftokens_text" : "",
      "locatorexpr" : "",
      "href" : ""
    },
    "stencil" : {
      "id" : "Place"
    },
    "outgoing" : [ {
      "resourceId" : "sid-EAF310E9-BB3F-447C-8D4B-68188E2C02DE"
    } ]
  }, {
    "dockers" : [ {
      "y" : 15,
      "x" : 15
    }, {
      "y" : 285,
      "x" : 95
    }, {
      "y" : 20,
      "x" : 20
    } ],
    "bounds" : {
      "lowerRight" : {
        "y" : 314.46875,
        "x" : 164.390625
      },
      "upperLeft" : {
        "y" : 285,
        "x" : 95
      }
    },
    "resourceId" : "sid-F5E5068E-9074-4627-96C2-DB5D30B1315B",
    "target" : {
      "resourceId" : "sid-DFF6819A-8357-46B7-9614-5DA4CF68A1C2"
    },
    "childShapes" : [ ],
    "properties" : {
      "id" : "",
      "label" : "",
      "transformation" : ""
    },
    "stencil" : {
      "id" : "Arc"
    },
    "outgoing" : [ {
      "resourceId" : "sid-DFF6819A-8357-46B7-9614-5DA4CF68A1C2"
    } ]
  }, {
    "dockers" : [ {
      "y" : 15,
      "x" : 15
    }, {
      "y" : 285,
      "x" : 260
    }, {
      "y" : 20,
      "x" : 20
    } ],
    "bounds" : {
      "lowerRight" : {
        "y" : 314.46875,
        "x" : 260
      },
      "upperLeft" : {
        "y" : 285,
        "x" : 195.375
      }
    },
    "resourceId" : "sid-0572BFBA-0D62-4752-8743-22234B56A826",
    "target" : {
      "resourceId" : "sid-B9818189-A7AF-4A96-8C3F-E05D999EC49C"
    },
    "childShapes" : [ ],
    "properties" : {
      "id" : "",
      "label" : "",
      "transformation" : ""
    },
    "stencil" : {
      "id" : "Arc"
    },
    "outgoing" : [ {
      "resourceId" : "sid-B9818189-A7AF-4A96-8C3F-E05D999EC49C"
    } ]
  }, {
    "dockers" : [ {
      "y" : 15,
      "x" : 15
    }, {
      "y" : 285,
      "x" : 470
    }, {
      "y" : 20,
      "x" : 20
    } ],
    "bounds" : {
      "lowerRight" : {
        "y" : 314.46875,
        "x" : 554.9375
      },
      "upperLeft" : {
        "y" : 285,
        "x" : 470
      }
    },
    "resourceId" : "sid-C70B99ED-F00A-49CD-AE24-EE8A4807C03E",
    "target" : {
      "resourceId" : "sid-45262AF4-4CFA-47E8-BF93-5EED537806B4"
    },
    "childShapes" : [ ],
    "properties" : {
      "id" : "",
      "label" : "",
      "transformation" : ""
    },
    "stencil" : {
      "id" : "Arc"
    },
    "outgoing" : [ {
      "resourceId" : "sid-45262AF4-4CFA-47E8-BF93-5EED537806B4"
    } ]
  }, {
    "dockers" : [ {
      "y" : 15,
      "x" : 15
    }, {
      "y" : 285,
      "x" : 665
    }, {
      "y" : 20,
      "x" : 20
    } ],
    "bounds" : {
      "lowerRight" : {
        "y" : 314.46875,
        "x" : 665
      },
      "upperLeft" : {
        "y" : 285,
        "x" : 585.84375
      }
    },
    "resourceId" : "sid-753A97BE-C969-416A-8AF3-1975F84E0358",
    "target" : {
      "resourceId" : "sid-16DD28E1-D8C4-46AE-BE64-FE9E41B53FF2"
    },
    "childShapes" : [ ],
    "properties" : {
      "id" : "",
      "label" : "",
      "transformation" : ""
    },
    "stencil" : {
      "id" : "Arc"
    },
    "outgoing" : [ {
      "resourceId" : "sid-16DD28E1-D8C4-46AE-BE64-FE9E41B53FF2"
    } ]
  }, {
    "dockers" : [ {
      "y" : 20,
      "x" : 20
    }, {
      "y" : 95,
      "x" : 570
    }, {
      "y" : 15,
      "x" : 15
    } ],
    "bounds" : {
      "lowerRight" : {
        "y" : 139.9375,
        "x" : 570
      },
      "upperLeft" : {
        "y" : 95,
        "x" : 395
      }
    },
    "resourceId" : "sid-3566DBE0-3189-4446-A936-D551BAC2BB7A",
    "target" : {
      "resourceId" : "sid-AE7E57CF-783D-465E-8052-763D0706F219"
    },
    "childShapes" : [ ],
    "properties" : {
      "id" : "",
      "label" : "",
      "transformation" : ""
    },
    "stencil" : {
      "id" : "Arc"
    },
    "outgoing" : [ {
      "resourceId" : "sid-AE7E57CF-783D-465E-8052-763D0706F219"
    } ]
  }, {
    "dockers" : [ {
      "y" : 20,
      "x" : 20
    }, {
      "y" : 95,
      "x" : 180
    }, {
      "y" : 15,
      "x" : 15
    } ],
    "bounds" : {
      "lowerRight" : {
        "y" : 139.9375,
        "x" : 354.1953125
      },
      "upperLeft" : {
        "y" : 95,
        "x" : 180
      }
    },
    "resourceId" : "sid-CD4B317C-D3C8-4F15-A402-79E8A129A33D",
    "target" : {
      "resourceId" : "sid-622D1DB5-C78C-4C3D-A6F3-50134AB1AA20"
    },
    "childShapes" : [ ],
    "properties" : {
      "id" : "",
      "label" : "",
      "transformation" : ""
    },
    "stencil" : {
      "id" : "Arc"
    },
    "outgoing" : [ {
      "resourceId" : "sid-622D1DB5-C78C-4C3D-A6F3-50134AB1AA20"
    } ]
  }, {
    "dockers" : [ {
      "y" : 20,
      "x" : 20
    }, {
      "y" : 690,
      "x" : 260
    }, {
      "y" : 15,
      "x" : 15
    } ],
    "bounds" : {
      "lowerRight" : {
        "y" : 690,
        "x" : 329.390625
      },
      "upperLeft" : {
        "y" : 520,
        "x" : 260
      }
    },
    "resourceId" : "sid-724CF23E-7626-41FD-B6D5-A67E2EACF35F",
    "target" : {
      "resourceId" : "sid-15347AAD-4D2C-40EB-B02A-DF8DCDB44736"
    },
    "childShapes" : [ ],
    "properties" : {
      "id" : "",
      "label" : "",
      "transformation" : ""
    },
    "stencil" : {
      "id" : "Arc"
    },
    "outgoing" : [ {
      "resourceId" : "sid-15347AAD-4D2C-40EB-B02A-DF8DCDB44736"
    } ]
  }, {
    "dockers" : [ {
      "y" : 20,
      "x" : 20
    }, {
      "y" : 690,
      "x" : 470
    }, {
      "y" : 15,
      "x" : 15
    } ],
    "bounds" : {
      "lowerRight" : {
        "y" : 690,
        "x" : 470
      },
      "upperLeft" : {
        "y" : 625,
        "x" : 360.6484375
      }
    },
    "resourceId" : "sid-567BFBFE-1141-4A10-A8BA-0BAF572423E3",
    "target" : {
      "resourceId" : "sid-15347AAD-4D2C-40EB-B02A-DF8DCDB44736"
    },
    "childShapes" : [ ],
    "properties" : {
      "id" : "",
      "label" : "",
      "transformation" : ""
    },
    "stencil" : {
      "id" : "Arc"
    },
    "outgoing" : [ {
      "resourceId" : "sid-15347AAD-4D2C-40EB-B02A-DF8DCDB44736"
    } ]
  }, {
    "dockers" : [ ],
    "bounds" : {
      "lowerRight" : {
        "y" : 790,
        "x" : 365
      },
      "upperLeft" : {
        "y" : 750,
        "x" : 325
      }
    },
    "resourceId" : "sid-0A2A04F2-C09E-4ABA-9A6C-66CAB478FADD",
    "childShapes" : [ ],
    "properties" : {
      "id" : "",
      "title" : "",
      "communicationtype" : "Default",
      "communicationchannel" : "",
      "guard" : "",
      "oform" : "",
      "omodel" : "",
      "firetype" : "Automatic",
      "href" : ""
    },
    "stencil" : {
      "id" : "Transition"
    },
    "outgoing" : [ {
      "resourceId" : "sid-1DDD9EAA-4EC5-4F8C-8305-BB22635B9825"
    } ]
  }, {
    "dockers" : [ {
      "y" : 15,
      "x" : 15
    }, {
      "y" : 20,
      "x" : 20
    } ],
    "bounds" : {
      "lowerRight" : {
        "y" : 749.625,
        "x" : 345
      },
      "upperLeft" : {
        "y" : 705.375,
        "x" : 345
      }
    },
    "resourceId" : "sid-EAF310E9-BB3F-447C-8D4B-68188E2C02DE",
    "target" : {
      "resourceId" : "sid-0A2A04F2-C09E-4ABA-9A6C-66CAB478FADD"
    },
    "childShapes" : [ ],
    "properties" : {
      "id" : "",
      "label" : "",
      "transformation" : ""
    },
    "stencil" : {
      "id" : "Arc"
    },
    "outgoing" : [ {
      "resourceId" : "sid-0A2A04F2-C09E-4ABA-9A6C-66CAB478FADD"
    } ]
  }, {
    "dockers" : [ ],
    "bounds" : {
      "lowerRight" : {
        "y" : 870,
        "x" : 360
      },
      "upperLeft" : {
        "y" : 840,
        "x" : 330
      }
    },
    "resourceId" : "sid-C6C961F5-CF0F-4FDF-993A-3277FA2127BC",
    "childShapes" : [ ],
    "properties" : {
      "exttype" : "Push",
      "id" : "",
      "title" : "Bestellung archivieren = o",
      "external" : "false",
      "numberoftokens" : 1,
      "locatortypes" : "",
      "locatornames" : "",
      "numberoftokens_drawing" : "1",
      "numberoftokens_text" : "",
      "locatorexpr" : "",
      "href" : ""
    },
    "stencil" : {
      "id" : "Place"
    },
    "outgoing" : [ ]
  }, {
    "dockers" : [ {
      "y" : 20,
      "x" : 20
    }, {
      "y" : 15,
      "x" : 15
    } ],
    "bounds" : {
      "lowerRight" : {
        "y" : 839.390625,
        "x" : 345
      },
      "upperLeft" : {
        "y" : 790,
        "x" : 345
      }
    },
    "resourceId" : "sid-1DDD9EAA-4EC5-4F8C-8305-BB22635B9825",
    "target" : {
      "resourceId" : "sid-C6C961F5-CF0F-4FDF-993A-3277FA2127BC"
    },
    "childShapes" : [ ],
    "properties" : {
      "id" : "",
      "label" : "",
      "transformation" : ""
    },
    "stencil" : {
      "id" : "Arc"
    },
    "outgoing" : [ {
      "resourceId" : "sid-C6C961F5-CF0F-4FDF-993A-3277FA2127BC"
    } ]
  } ],
  "properties" : {
    "author" : "",
    "title" : "",
    "modificationdate" : "10/07/07",
    "engine" : "false",
    "documentation" : "",
    "language" : "English",
    "creationdate" : "10/07/07",
    "version" : ""
  },
  "ssextensions" : [ ],
  "stencilset" : {
    "url" : "/stencilsets/petrinets/petrinet.json?version=4.3.4",
    "namespace" : "http://b3mn.org/stencilset/petrinet#"
  },
  "stencil" : {
    "id" : "Diagram"
  }
}