{
  "revision" : {
    "creationDate" : null,
    "elementCounts" : {
      "total" : 45,
      "Place" : 11,
      "Arc" : 23,
      "Transition" : 10,
      "Diagram" : 1
    },
    "connectedness" : 95,
    "isLastRevision" : "false",
    "revisionNumber" : 2
  },
  "model" : {
    "modelingLanguage" : "petrinet",
    "numberOfRevisions" : 5,
    "naturalLanguage" : "de",
    "timestampModelCollection" : null,
    "directoryId" : "1835829447",
    "groupName" : "PetriNet",
    "modelDate" : "2010-12-01",
    "modelName" : "?bung 3 - Aufgabe 1",
    "modelId" : "254417297"
  }
}