{
  "bounds" : {
    "lowerRight" : {
      "y" : 1050,
      "x" : 1485
    },
    "upperLeft" : {
      "y" : 0,
      "x" : 0
    }
  },
  "resourceId" : "canvas",
  "childShapes" : [ {
    "bounds" : {
      "lowerRight" : {
        "y" : 150,
        "x" : 135
      },
      "upperLeft" : {
        "y" : 120,
        "x" : 105
      }
    },
    "dockers" : [ ],
    "resourceId" : "sid-431EDC92-70AB-4583-B077-B076B78E7C63",
    "labels" : [ ],
    "layers" : [ ],
    "childShapes" : [ ],
    "properties" : {
      "exttype" : "Push",
      "id" : "",
      "title" : "",
      "external" : "false",
      "locatortypes" : "",
      "locatornames" : "",
      "numberoftokens_drawing" : "0",
      "numberoftokens_text" : "",
      "numberOfTokens" : "0",
      "locatorexpr" : "",
      "href" : ""
    },
    "stencil" : {
      "id" : "Place"
    },
    "outgoing" : [ {
      "resourceId" : "sid-223B3A8C-71F8-470E-97FD-A80D05C02BDB"
    } ],
    "formats" : {
    },
    "glossaryLinks" : {
    }
  }, {
    "bounds" : {
      "lowerRight" : {
        "y" : 155,
        "x" : 220
      },
      "upperLeft" : {
        "y" : 115,
        "x" : 180
      }
    },
    "dockers" : [ ],
    "resourceId" : "sid-33FFFA3B-24B1-4BDB-878D-596C7877139B",
    "labels" : [ ],
    "layers" : [ ],
    "childShapes" : [ ],
    "properties" : {
      "id" : "",
      "title" : "A",
      "communicationtype" : "Default",
      "communicationchannel" : "",
      "guard" : "",
      "oform" : "",
      "omodel" : "",
      "firetype" : "Automatic",
      "href" : ""
    },
    "stencil" : {
      "id" : "Transition"
    },
    "outgoing" : [ {
      "resourceId" : "sid-C9648535-8197-4128-9BC4-0AC571685DE4"
    }, {
      "resourceId" : "sid-83C2D9EE-611D-46DA-94BB-7051AC258E4A"
    } ],
    "formats" : {
    },
    "glossaryLinks" : {
    }
  }, {
    "bounds" : {
      "lowerRight" : {
        "y" : 135,
        "x" : 179.625
      },
      "upperLeft" : {
        "y" : 135,
        "x" : 135.375
      }
    },
    "dockers" : [ {
      "y" : 15,
      "x" : 15
    }, {
      "y" : 20,
      "x" : 20
    } ],
    "resourceId" : "sid-223B3A8C-71F8-470E-97FD-A80D05C02BDB",
    "labels" : [ ],
    "layers" : [ ],
    "target" : {
      "resourceId" : "sid-33FFFA3B-24B1-4BDB-878D-596C7877139B"
    },
    "childShapes" : [ ],
    "properties" : {
      "id" : "",
      "label" : "",
      "transformation" : ""
    },
    "stencil" : {
      "id" : "Arc"
    },
    "outgoing" : [ {
      "resourceId" : "sid-33FFFA3B-24B1-4BDB-878D-596C7877139B"
    } ],
    "formats" : {
    },
    "glossaryLinks" : {
    }
  }, {
    "bounds" : {
      "lowerRight" : {
        "y" : 105,
        "x" : 315
      },
      "upperLeft" : {
        "y" : 75,
        "x" : 285
      }
    },
    "dockers" : [ ],
    "resourceId" : "sid-4564A0FA-8914-4D98-9B1C-DE4C8BCEFD07",
    "labels" : [ ],
    "layers" : [ ],
    "childShapes" : [ ],
    "properties" : {
      "exttype" : "Push",
      "id" : "",
      "title" : "",
      "external" : "false",
      "locatortypes" : "",
      "locatornames" : "",
      "numberoftokens_drawing" : "0",
      "numberoftokens_text" : "",
      "numberOfTokens" : "0",
      "locatorexpr" : "",
      "href" : ""
    },
    "stencil" : {
      "id" : "Place"
    },
    "outgoing" : [ {
      "resourceId" : "sid-9B789853-79C8-450F-97F6-508BEC34ABCB"
    } ],
    "formats" : {
    },
    "glossaryLinks" : {
    }
  }, {
    "bounds" : {
      "lowerRight" : {
        "y" : 126,
        "x" : 285.8068284948249
      },
      "upperLeft" : {
        "y" : 96.3869271773288,
        "x" : 220
      }
    },
    "dockers" : [ {
      "y" : 20,
      "x" : 20
    }, {
      "y" : 15,
      "x" : 15
    } ],
    "resourceId" : "sid-C9648535-8197-4128-9BC4-0AC571685DE4",
    "labels" : [ ],
    "layers" : [ ],
    "target" : {
      "resourceId" : "sid-4564A0FA-8914-4D98-9B1C-DE4C8BCEFD07"
    },
    "childShapes" : [ ],
    "properties" : {
      "id" : "",
      "label" : "",
      "transformation" : ""
    },
    "stencil" : {
      "id" : "Arc"
    },
    "outgoing" : [ {
      "resourceId" : "sid-4564A0FA-8914-4D98-9B1C-DE4C8BCEFD07"
    } ],
    "formats" : {
    },
    "glossaryLinks" : {
    }
  }, {
    "bounds" : {
      "lowerRight" : {
        "y" : 180,
        "x" : 315
      },
      "upperLeft" : {
        "y" : 150,
        "x" : 285
      }
    },
    "dockers" : [ ],
    "resourceId" : "sid-2F6FB503-3A2C-4C15-A724-4744B14B9BFF",
    "labels" : [ ],
    "layers" : [ ],
    "childShapes" : [ ],
    "properties" : {
      "exttype" : "Push",
      "id" : "",
      "title" : "",
      "external" : "false",
      "locatortypes" : "",
      "locatornames" : "",
      "numberoftokens_drawing" : "0",
      "numberoftokens_text" : "",
      "numberOfTokens" : "0",
      "locatorexpr" : "",
      "href" : ""
    },
    "stencil" : {
      "id" : "Place"
    },
    "outgoing" : [ {
      "resourceId" : "sid-3ED11A2B-BF9B-4B87-8BF6-1DC6CDEC51A2"
    } ],
    "formats" : {
    },
    "glossaryLinks" : {
    }
  }, {
    "bounds" : {
      "lowerRight" : {
        "y" : 160.49390211443367,
        "x" : 284.97967371477887
      },
      "upperLeft" : {
        "y" : 141,
        "x" : 220
      }
    },
    "dockers" : [ {
      "y" : 20,
      "x" : 20
    }, {
      "y" : 15,
      "x" : 15
    } ],
    "resourceId" : "sid-83C2D9EE-611D-46DA-94BB-7051AC258E4A",
    "labels" : [ ],
    "layers" : [ ],
    "target" : {
      "resourceId" : "sid-2F6FB503-3A2C-4C15-A724-4744B14B9BFF"
    },
    "childShapes" : [ ],
    "properties" : {
      "id" : "",
      "label" : "",
      "transformation" : ""
    },
    "stencil" : {
      "id" : "Arc"
    },
    "outgoing" : [ {
      "resourceId" : "sid-2F6FB503-3A2C-4C15-A724-4744B14B9BFF"
    } ],
    "formats" : {
    },
    "glossaryLinks" : {
    }
  }, {
    "bounds" : {
      "lowerRight" : {
        "y" : 110,
        "x" : 400
      },
      "upperLeft" : {
        "y" : 70,
        "x" : 360
      }
    },
    "dockers" : [ ],
    "resourceId" : "sid-59207E49-B209-41B4-9058-5ADA433C206F",
    "labels" : [ ],
    "layers" : [ ],
    "childShapes" : [ ],
    "properties" : {
      "id" : "",
      "title" : "B",
      "communicationtype" : "Default",
      "communicationchannel" : "",
      "guard" : "",
      "oform" : "",
      "omodel" : "",
      "firetype" : "Automatic",
      "href" : ""
    },
    "stencil" : {
      "id" : "Transition"
    },
    "outgoing" : [ {
      "resourceId" : "sid-E48A7837-0074-4757-8F2A-C6B2437C8999"
    } ],
    "formats" : {
    },
    "glossaryLinks" : {
    }
  }, {
    "bounds" : {
      "lowerRight" : {
        "y" : 90,
        "x" : 359.625
      },
      "upperLeft" : {
        "y" : 90,
        "x" : 315.375
      }
    },
    "dockers" : [ {
      "y" : 15,
      "x" : 15
    }, {
      "y" : 20,
      "x" : 20
    } ],
    "resourceId" : "sid-9B789853-79C8-450F-97F6-508BEC34ABCB",
    "labels" : [ ],
    "layers" : [ ],
    "target" : {
      "resourceId" : "sid-59207E49-B209-41B4-9058-5ADA433C206F"
    },
    "childShapes" : [ ],
    "properties" : {
      "id" : "",
      "label" : "",
      "transformation" : ""
    },
    "stencil" : {
      "id" : "Arc"
    },
    "outgoing" : [ {
      "resourceId" : "sid-59207E49-B209-41B4-9058-5ADA433C206F"
    } ],
    "formats" : {
    },
    "glossaryLinks" : {
    }
  }, {
    "bounds" : {
      "lowerRight" : {
        "y" : 185,
        "x" : 400
      },
      "upperLeft" : {
        "y" : 145,
        "x" : 360
      }
    },
    "dockers" : [ ],
    "resourceId" : "sid-D9A4963F-A6C8-4152-A77E-ECE14EF6A87B",
    "labels" : [ ],
    "layers" : [ ],
    "childShapes" : [ ],
    "properties" : {
      "id" : "",
      "title" : "C",
      "communicationtype" : "Default",
      "communicationchannel" : "",
      "guard" : "",
      "oform" : "",
      "omodel" : "",
      "firetype" : "Automatic",
      "href" : ""
    },
    "stencil" : {
      "id" : "Transition"
    },
    "outgoing" : [ {
      "resourceId" : "sid-E6771886-715D-4872-B5D4-482D65370CE1"
    } ],
    "formats" : {
    },
    "glossaryLinks" : {
    }
  }, {
    "bounds" : {
      "lowerRight" : {
        "y" : 165,
        "x" : 359.625
      },
      "upperLeft" : {
        "y" : 165,
        "x" : 315.375
      }
    },
    "dockers" : [ {
      "y" : 15,
      "x" : 15
    }, {
      "y" : 20,
      "x" : 20
    } ],
    "resourceId" : "sid-3ED11A2B-BF9B-4B87-8BF6-1DC6CDEC51A2",
    "labels" : [ ],
    "layers" : [ ],
    "target" : {
      "resourceId" : "sid-D9A4963F-A6C8-4152-A77E-ECE14EF6A87B"
    },
    "childShapes" : [ ],
    "properties" : {
      "id" : "",
      "label" : "",
      "transformation" : ""
    },
    "stencil" : {
      "id" : "Arc"
    },
    "outgoing" : [ {
      "resourceId" : "sid-D9A4963F-A6C8-4152-A77E-ECE14EF6A87B"
    } ],
    "formats" : {
    },
    "glossaryLinks" : {
    }
  }, {
    "bounds" : {
      "lowerRight" : {
        "y" : 105,
        "x" : 475
      },
      "upperLeft" : {
        "y" : 75,
        "x" : 445
      }
    },
    "dockers" : [ ],
    "resourceId" : "sid-4B84CA7F-7789-46CA-88FB-85C9D59EC078",
    "labels" : [ ],
    "layers" : [ ],
    "childShapes" : [ ],
    "properties" : {
      "exttype" : "Push",
      "id" : "",
      "title" : "",
      "external" : "false",
      "locatortypes" : "",
      "locatornames" : "",
      "numberoftokens_drawing" : "0",
      "numberoftokens_text" : "",
      "numberOfTokens" : "0",
      "locatorexpr" : "",
      "href" : ""
    },
    "stencil" : {
      "id" : "Place"
    },
    "outgoing" : [ {
      "resourceId" : "sid-D4F87D5E-9FEE-4834-9B70-6A1DBBABDE73"
    } ],
    "formats" : {
    },
    "glossaryLinks" : {
    }
  }, {
    "bounds" : {
      "lowerRight" : {
        "y" : 90,
        "x" : 444.625
      },
      "upperLeft" : {
        "y" : 90,
        "x" : 400
      }
    },
    "dockers" : [ {
      "y" : 20,
      "x" : 20
    }, {
      "y" : 15,
      "x" : 15
    } ],
    "resourceId" : "sid-E48A7837-0074-4757-8F2A-C6B2437C8999",
    "labels" : [ ],
    "layers" : [ ],
    "target" : {
      "resourceId" : "sid-4B84CA7F-7789-46CA-88FB-85C9D59EC078"
    },
    "childShapes" : [ ],
    "properties" : {
      "id" : "",
      "label" : "",
      "transformation" : ""
    },
    "stencil" : {
      "id" : "Arc"
    },
    "outgoing" : [ {
      "resourceId" : "sid-4B84CA7F-7789-46CA-88FB-85C9D59EC078"
    } ],
    "formats" : {
    },
    "glossaryLinks" : {
    }
  }, {
    "bounds" : {
      "lowerRight" : {
        "y" : 110,
        "x" : 560
      },
      "upperLeft" : {
        "y" : 70,
        "x" : 520
      }
    },
    "dockers" : [ ],
    "resourceId" : "sid-4ADEBEBE-9A27-44DD-AC89-E4408663744F",
    "labels" : [ ],
    "layers" : [ ],
    "childShapes" : [ ],
    "properties" : {
      "id" : "",
      "title" : "D",
      "communicationtype" : "Default",
      "communicationchannel" : "",
      "guard" : "",
      "oform" : "",
      "omodel" : "",
      "firetype" : "Automatic",
      "href" : ""
    },
    "stencil" : {
      "id" : "Transition"
    },
    "outgoing" : [ {
      "resourceId" : "sid-DE1631F2-A9F4-49FE-AC09-13B88475B1D6"
    } ],
    "formats" : {
    },
    "glossaryLinks" : {
    }
  }, {
    "bounds" : {
      "lowerRight" : {
        "y" : 90,
        "x" : 519.625
      },
      "upperLeft" : {
        "y" : 90,
        "x" : 475.375
      }
    },
    "dockers" : [ {
      "y" : 15,
      "x" : 15
    }, {
      "y" : 20,
      "x" : 20
    } ],
    "resourceId" : "sid-D4F87D5E-9FEE-4834-9B70-6A1DBBABDE73",
    "labels" : [ ],
    "layers" : [ ],
    "target" : {
      "resourceId" : "sid-4ADEBEBE-9A27-44DD-AC89-E4408663744F"
    },
    "childShapes" : [ ],
    "properties" : {
      "id" : "",
      "label" : "",
      "transformation" : ""
    },
    "stencil" : {
      "id" : "Arc"
    },
    "outgoing" : [ {
      "resourceId" : "sid-4ADEBEBE-9A27-44DD-AC89-E4408663744F"
    } ],
    "formats" : {
    },
    "glossaryLinks" : {
    }
  }, {
    "bounds" : {
      "lowerRight" : {
        "y" : 180,
        "x" : 475
      },
      "upperLeft" : {
        "y" : 150,
        "x" : 445
      }
    },
    "dockers" : [ ],
    "resourceId" : "sid-AA62BB71-E63C-458C-9E7F-D55DD2E540FE",
    "labels" : [ ],
    "layers" : [ ],
    "childShapes" : [ ],
    "properties" : {
      "exttype" : "Push",
      "id" : "",
      "title" : "",
      "external" : "false",
      "locatortypes" : "",
      "locatornames" : "",
      "numberoftokens_drawing" : "0",
      "numberoftokens_text" : "",
      "numberOfTokens" : "0",
      "locatorexpr" : "",
      "href" : ""
    },
    "stencil" : {
      "id" : "Place"
    },
    "outgoing" : [ {
      "resourceId" : "sid-447E9E6B-2FF0-4D5E-B33A-B101D7E0B4EE"
    } ],
    "formats" : {
    },
    "glossaryLinks" : {
    }
  }, {
    "bounds" : {
      "lowerRight" : {
        "y" : 165,
        "x" : 444.625
      },
      "upperLeft" : {
        "y" : 165,
        "x" : 400
      }
    },
    "dockers" : [ {
      "y" : 20,
      "x" : 20
    }, {
      "y" : 15,
      "x" : 15
    } ],
    "resourceId" : "sid-E6771886-715D-4872-B5D4-482D65370CE1",
    "labels" : [ ],
    "layers" : [ ],
    "target" : {
      "resourceId" : "sid-AA62BB71-E63C-458C-9E7F-D55DD2E540FE"
    },
    "childShapes" : [ ],
    "properties" : {
      "id" : "",
      "label" : "",
      "transformation" : ""
    },
    "stencil" : {
      "id" : "Arc"
    },
    "outgoing" : [ {
      "resourceId" : "sid-AA62BB71-E63C-458C-9E7F-D55DD2E540FE"
    } ],
    "formats" : {
    },
    "glossaryLinks" : {
    }
  }, {
    "bounds" : {
      "lowerRight" : {
        "y" : 185,
        "x" : 560
      },
      "upperLeft" : {
        "y" : 145,
        "x" : 520
      }
    },
    "dockers" : [ ],
    "resourceId" : "sid-AFF068A6-525E-4E8E-9D56-63F2AF059A67",
    "labels" : [ ],
    "layers" : [ ],
    "childShapes" : [ ],
    "properties" : {
      "id" : "",
      "title" : "E",
      "communicationtype" : "Default",
      "communicationchannel" : "",
      "guard" : "",
      "oform" : "",
      "omodel" : "",
      "firetype" : "Automatic",
      "href" : ""
    },
    "stencil" : {
      "id" : "Transition"
    },
    "outgoing" : [ {
      "resourceId" : "sid-1C8203E8-C718-4757-B31D-5D584A3E2FA4"
    } ],
    "formats" : {
    },
    "glossaryLinks" : {
    }
  }, {
    "bounds" : {
      "lowerRight" : {
        "y" : 165,
        "x" : 519.625
      },
      "upperLeft" : {
        "y" : 165,
        "x" : 475.375
      }
    },
    "dockers" : [ {
      "y" : 15,
      "x" : 15
    }, {
      "y" : 20,
      "x" : 20
    } ],
    "resourceId" : "sid-447E9E6B-2FF0-4D5E-B33A-B101D7E0B4EE",
    "labels" : [ ],
    "layers" : [ ],
    "target" : {
      "resourceId" : "sid-AFF068A6-525E-4E8E-9D56-63F2AF059A67"
    },
    "childShapes" : [ ],
    "properties" : {
      "id" : "",
      "label" : "",
      "transformation" : ""
    },
    "stencil" : {
      "id" : "Arc"
    },
    "outgoing" : [ {
      "resourceId" : "sid-AFF068A6-525E-4E8E-9D56-63F2AF059A67"
    } ],
    "formats" : {
    },
    "glossaryLinks" : {
    }
  }, {
    "bounds" : {
      "lowerRight" : {
        "y" : 105,
        "x" : 635
      },
      "upperLeft" : {
        "y" : 75,
        "x" : 605
      }
    },
    "dockers" : [ ],
    "resourceId" : "sid-010BC3B7-0F65-40E1-B75C-37566D77BEEE",
    "labels" : [ ],
    "layers" : [ ],
    "childShapes" : [ ],
    "properties" : {
      "exttype" : "Push",
      "id" : "",
      "title" : "",
      "external" : "false",
      "locatortypes" : "",
      "locatornames" : "",
      "numberoftokens_drawing" : "0",
      "numberoftokens_text" : "",
      "numberOfTokens" : "0",
      "locatorexpr" : "",
      "href" : ""
    },
    "stencil" : {
      "id" : "Place"
    },
    "outgoing" : [ {
      "resourceId" : "sid-DCA88616-6A91-40E9-B0E4-7F5A75117B0F"
    } ],
    "formats" : {
    },
    "glossaryLinks" : {
    }
  }, {
    "bounds" : {
      "lowerRight" : {
        "y" : 90,
        "x" : 604.625
      },
      "upperLeft" : {
        "y" : 90,
        "x" : 560
      }
    },
    "dockers" : [ {
      "y" : 20,
      "x" : 20
    }, {
      "y" : 15,
      "x" : 15
    } ],
    "resourceId" : "sid-DE1631F2-A9F4-49FE-AC09-13B88475B1D6",
    "labels" : [ ],
    "layers" : [ ],
    "target" : {
      "resourceId" : "sid-010BC3B7-0F65-40E1-B75C-37566D77BEEE"
    },
    "childShapes" : [ ],
    "properties" : {
      "id" : "",
      "label" : "",
      "transformation" : ""
    },
    "stencil" : {
      "id" : "Arc"
    },
    "outgoing" : [ {
      "resourceId" : "sid-010BC3B7-0F65-40E1-B75C-37566D77BEEE"
    } ],
    "formats" : {
    },
    "glossaryLinks" : {
    }
  }, {
    "bounds" : {
      "lowerRight" : {
        "y" : 180,
        "x" : 635
      },
      "upperLeft" : {
        "y" : 150,
        "x" : 605
      }
    },
    "dockers" : [ ],
    "resourceId" : "sid-B42730C0-1375-4190-A03E-C3B57A388400",
    "labels" : [ ],
    "layers" : [ ],
    "childShapes" : [ ],
    "properties" : {
      "exttype" : "Push",
      "id" : "",
      "title" : "",
      "external" : "false",
      "locatortypes" : "",
      "locatornames" : "",
      "numberoftokens_drawing" : "0",
      "numberoftokens_text" : "",
      "numberOfTokens" : "0",
      "locatorexpr" : "",
      "href" : ""
    },
    "stencil" : {
      "id" : "Place"
    },
    "outgoing" : [ {
      "resourceId" : "sid-95D27C9E-5398-4B1D-81EA-7E6BD5950492"
    } ],
    "formats" : {
    },
    "glossaryLinks" : {
    }
  }, {
    "bounds" : {
      "lowerRight" : {
        "y" : 165,
        "x" : 604.625
      },
      "upperLeft" : {
        "y" : 165,
        "x" : 560
      }
    },
    "dockers" : [ {
      "y" : 20,
      "x" : 20
    }, {
      "y" : 15,
      "x" : 15
    } ],
    "resourceId" : "sid-1C8203E8-C718-4757-B31D-5D584A3E2FA4",
    "labels" : [ ],
    "layers" : [ ],
    "target" : {
      "resourceId" : "sid-B42730C0-1375-4190-A03E-C3B57A388400"
    },
    "childShapes" : [ ],
    "properties" : {
      "id" : "",
      "label" : "",
      "transformation" : ""
    },
    "stencil" : {
      "id" : "Arc"
    },
    "outgoing" : [ {
      "resourceId" : "sid-B42730C0-1375-4190-A03E-C3B57A388400"
    } ],
    "formats" : {
    },
    "glossaryLinks" : {
    }
  }, {
    "bounds" : {
      "lowerRight" : {
        "y" : 165,
        "x" : 679.625
      },
      "upperLeft" : {
        "y" : 165,
        "x" : 635.375
      }
    },
    "dockers" : [ {
      "y" : 15,
      "x" : 15
    }, {
      "y" : 20,
      "x" : 20
    } ],
    "resourceId" : "sid-95D27C9E-5398-4B1D-81EA-7E6BD5950492",
    "labels" : [ ],
    "layers" : [ ],
    "target" : {
      "resourceId" : "sid-EC14CE99-F190-4996-A85C-F5DA9CB10B13"
    },
    "childShapes" : [ ],
    "properties" : {
      "id" : "",
      "label" : "",
      "transformation" : ""
    },
    "stencil" : {
      "id" : "Arc"
    },
    "outgoing" : [ {
      "resourceId" : "sid-EC14CE99-F190-4996-A85C-F5DA9CB10B13"
    } ],
    "formats" : {
    },
    "glossaryLinks" : {
    }
  }, {
    "bounds" : {
      "lowerRight" : {
        "y" : 185,
        "x" : 720
      },
      "upperLeft" : {
        "y" : 145,
        "x" : 680
      }
    },
    "dockers" : [ ],
    "resourceId" : "sid-EC14CE99-F190-4996-A85C-F5DA9CB10B13",
    "labels" : [ ],
    "layers" : [ ],
    "childShapes" : [ ],
    "properties" : {
      "id" : "",
      "title" : "F",
      "communicationtype" : "Default",
      "communicationchannel" : "",
      "guard" : "",
      "oform" : "",
      "omodel" : "",
      "firetype" : "Automatic",
      "href" : ""
    },
    "stencil" : {
      "id" : "Transition"
    },
    "outgoing" : [ {
      "resourceId" : "sid-BB1D82A7-A020-49D6-BC12-B5715DE587D6"
    } ],
    "formats" : {
    },
    "glossaryLinks" : {
    }
  }, {
    "bounds" : {
      "lowerRight" : {
        "y" : 180,
        "x" : 795
      },
      "upperLeft" : {
        "y" : 150,
        "x" : 765
      }
    },
    "dockers" : [ ],
    "resourceId" : "sid-B4CCE0E1-4868-44DE-8E48-8250990DF5CB",
    "labels" : [ ],
    "layers" : [ ],
    "childShapes" : [ ],
    "properties" : {
      "exttype" : "Push",
      "id" : "",
      "title" : "",
      "external" : "false",
      "locatortypes" : "",
      "locatornames" : "",
      "numberoftokens_drawing" : "0",
      "numberoftokens_text" : "",
      "numberOfTokens" : "0",
      "locatorexpr" : "",
      "href" : ""
    },
    "stencil" : {
      "id" : "Place"
    },
    "outgoing" : [ {
      "resourceId" : "sid-465C8C79-6D4D-4C1B-AA98-ABD2ACD6FB40"
    } ],
    "formats" : {
    },
    "glossaryLinks" : {
    }
  }, {
    "bounds" : {
      "lowerRight" : {
        "y" : 165,
        "x" : 764.625
      },
      "upperLeft" : {
        "y" : 165,
        "x" : 720
      }
    },
    "dockers" : [ {
      "y" : 20,
      "x" : 20
    }, {
      "y" : 15,
      "x" : 15
    } ],
    "resourceId" : "sid-BB1D82A7-A020-49D6-BC12-B5715DE587D6",
    "labels" : [ ],
    "layers" : [ ],
    "target" : {
      "resourceId" : "sid-B4CCE0E1-4868-44DE-8E48-8250990DF5CB"
    },
    "childShapes" : [ ],
    "properties" : {
      "id" : "",
      "label" : "",
      "transformation" : ""
    },
    "stencil" : {
      "id" : "Arc"
    },
    "outgoing" : [ {
      "resourceId" : "sid-B4CCE0E1-4868-44DE-8E48-8250990DF5CB"
    } ],
    "formats" : {
    },
    "glossaryLinks" : {
    }
  }, {
    "bounds" : {
      "lowerRight" : {
        "y" : 130,
        "x" : 880
      },
      "upperLeft" : {
        "y" : 90,
        "x" : 840
      }
    },
    "dockers" : [ ],
    "resourceId" : "sid-DF636F02-117F-4137-BED6-67F22E4E0D96",
    "labels" : [ ],
    "layers" : [ ],
    "childShapes" : [ ],
    "properties" : {
      "id" : "",
      "title" : "G",
      "communicationtype" : "Default",
      "communicationchannel" : "",
      "guard" : "",
      "oform" : "",
      "omodel" : "",
      "firetype" : "Automatic",
      "href" : ""
    },
    "stencil" : {
      "id" : "Transition"
    },
    "outgoing" : [ {
      "resourceId" : "sid-475495A7-77CB-457F-9B34-B51660892CE5"
    } ],
    "formats" : {
    },
    "glossaryLinks" : {
    }
  }, {
    "bounds" : {
      "lowerRight" : {
        "y" : 108.27632952014626,
        "x" : 839.3159542417551
      },
      "upperLeft" : {
        "y" : 91.25492047985374,
        "x" : 635.0590457582449
      }
    },
    "dockers" : [ {
      "y" : 15,
      "x" : 15
    }, {
      "y" : 20,
      "x" : 20
    } ],
    "resourceId" : "sid-DCA88616-6A91-40E9-B0E4-7F5A75117B0F",
    "labels" : [ ],
    "layers" : [ ],
    "target" : {
      "resourceId" : "sid-DF636F02-117F-4137-BED6-67F22E4E0D96"
    },
    "childShapes" : [ ],
    "properties" : {
      "id" : "",
      "label" : "",
      "transformation" : ""
    },
    "stencil" : {
      "id" : "Arc"
    },
    "outgoing" : [ {
      "resourceId" : "sid-DF636F02-117F-4137-BED6-67F22E4E0D96"
    } ],
    "formats" : {
    },
    "glossaryLinks" : {
    }
  }, {
    "bounds" : {
      "lowerRight" : {
        "y" : 156.26940867711292,
        "x" : 839.8009580758006
      },
      "upperLeft" : {
        "y" : 123.88684132288707,
        "x" : 792.6990419241994
      }
    },
    "dockers" : [ {
      "y" : 15,
      "x" : 15
    }, {
      "y" : 20,
      "x" : 20
    } ],
    "resourceId" : "sid-465C8C79-6D4D-4C1B-AA98-ABD2ACD6FB40",
    "labels" : [ ],
    "layers" : [ ],
    "target" : {
      "resourceId" : "sid-DF636F02-117F-4137-BED6-67F22E4E0D96"
    },
    "childShapes" : [ ],
    "properties" : {
      "id" : "",
      "label" : "",
      "transformation" : ""
    },
    "stencil" : {
      "id" : "Arc"
    },
    "outgoing" : [ {
      "resourceId" : "sid-DF636F02-117F-4137-BED6-67F22E4E0D96"
    } ],
    "formats" : {
    },
    "glossaryLinks" : {
    }
  }, {
    "bounds" : {
      "lowerRight" : {
        "y" : 125,
        "x" : 955
      },
      "upperLeft" : {
        "y" : 95,
        "x" : 925
      }
    },
    "dockers" : [ ],
    "resourceId" : "sid-513E89EB-546F-4411-B65A-7055B4CC69A9",
    "labels" : [ ],
    "layers" : [ ],
    "childShapes" : [ ],
    "properties" : {
      "exttype" : "Push",
      "id" : "",
      "title" : "",
      "external" : "false",
      "locatortypes" : "",
      "locatornames" : "",
      "numberoftokens_drawing" : "0",
      "numberoftokens_text" : "",
      "numberOfTokens" : "0",
      "locatorexpr" : "",
      "href" : ""
    },
    "stencil" : {
      "id" : "Place"
    },
    "outgoing" : [ {
      "resourceId" : "sid-4562903F-0C2C-46B9-9BB8-742FA88C3C37"
    } ],
    "formats" : {
    },
    "glossaryLinks" : {
    }
  }, {
    "bounds" : {
      "lowerRight" : {
        "y" : 110,
        "x" : 924.625
      },
      "upperLeft" : {
        "y" : 110,
        "x" : 880
      }
    },
    "dockers" : [ {
      "y" : 20,
      "x" : 20
    }, {
      "y" : 15,
      "x" : 15
    } ],
    "resourceId" : "sid-475495A7-77CB-457F-9B34-B51660892CE5",
    "labels" : [ ],
    "layers" : [ ],
    "target" : {
      "resourceId" : "sid-513E89EB-546F-4411-B65A-7055B4CC69A9"
    },
    "childShapes" : [ ],
    "properties" : {
      "id" : "",
      "label" : "",
      "transformation" : ""
    },
    "stencil" : {
      "id" : "Arc"
    },
    "outgoing" : [ {
      "resourceId" : "sid-513E89EB-546F-4411-B65A-7055B4CC69A9"
    } ],
    "formats" : {
    },
    "glossaryLinks" : {
    }
  }, {
    "bounds" : {
      "lowerRight" : {
        "y" : 130,
        "x" : 1040
      },
      "upperLeft" : {
        "y" : 90,
        "x" : 1000
      }
    },
    "dockers" : [ ],
    "resourceId" : "sid-B9EC9574-8C25-428B-8E38-B84319BAF86E",
    "labels" : [ ],
    "layers" : [ ],
    "childShapes" : [ ],
    "properties" : {
      "id" : "",
      "title" : "H",
      "communicationtype" : "Default",
      "communicationchannel" : "",
      "guard" : "",
      "oform" : "",
      "omodel" : "",
      "firetype" : "Automatic",
      "href" : ""
    },
    "stencil" : {
      "id" : "Transition"
    },
    "outgoing" : [ ],
    "formats" : {
    },
    "glossaryLinks" : {
    }
  }, {
    "bounds" : {
      "lowerRight" : {
        "y" : 110,
        "x" : 999.625
      },
      "upperLeft" : {
        "y" : 110,
        "x" : 955.375
      }
    },
    "dockers" : [ {
      "y" : 15,
      "x" : 15
    }, {
      "y" : 20,
      "x" : 20
    } ],
    "resourceId" : "sid-4562903F-0C2C-46B9-9BB8-742FA88C3C37",
    "labels" : [ ],
    "layers" : [ ],
    "target" : {
      "resourceId" : "sid-B9EC9574-8C25-428B-8E38-B84319BAF86E"
    },
    "childShapes" : [ ],
    "properties" : {
      "id" : "",
      "label" : "",
      "transformation" : ""
    },
    "stencil" : {
      "id" : "Arc"
    },
    "outgoing" : [ {
      "resourceId" : "sid-B9EC9574-8C25-428B-8E38-B84319BAF86E"
    } ],
    "formats" : {
    },
    "glossaryLinks" : {
    }
  } ],
  "properties" : {
    "author" : "",
    "title" : "",
    "engine" : "false",
    "modificationdate" : "10/07/07",
    "documentation" : "",
    "language" : "English",
    "creationdate" : "10/07/07",
    "version" : ""
  },
  "stencilset" : {
    "url" : "/stencilsets/petrinets/petrinet.json?version=4.5.0",
    "namespace" : "http://b3mn.org/stencilset/petrinet#"
  },
  "ssextensions" : [ ],
  "offset" : {
    "y" : 0,
    "x" : 0
  },
  "stencil" : {
    "id" : "Diagram"
  },
  "formats" : {
  }
}