{
  "revision" : {
    "creationDate" : null,
    "elementCounts" : {
      "total" : 35,
      "Place" : 9,
      "Arc" : 17,
      "Transition" : 8,
      "Diagram" : 1
    },
    "connectedness" : 100,
    "isLastRevision" : "false",
    "revisionNumber" : 1
  },
  "model" : {
    "modelingLanguage" : "petrinet",
    "numberOfRevisions" : 9,
    "naturalLanguage" : "de",
    "timestampModelCollection" : null,
    "directoryId" : "437735623",
    "groupName" : "PetriNet",
    "modelDate" : "2012-08-30",
    "modelName" : "277735801",
    "modelId" : "277735801"
  }
}