{
  "revision" : {
    "creationDate" : null,
    "elementCounts" : {
      "total" : 36,
      "Place" : 9,
      "Arc" : 18,
      "Transition" : 7,
      "VerticalEmptyTransition" : 1,
      "Diagram" : 1
    },
    "connectedness" : 100,
    "isLastRevision" : "false",
    "revisionNumber" : 3
  },
  "model" : {
    "modelingLanguage" : "petrinet",
    "numberOfRevisions" : 5,
    "naturalLanguage" : "de",
    "timestampModelCollection" : null,
    "directoryId" : "292193684",
    "groupName" : "PetriNet",
    "modelDate" : "2012-08-30",
    "modelName" : "1844492642",
    "modelId" : "1844492642"
  }
}