{
  "bounds" : {
    "lowerRight" : {
      "y" : 1050,
      "x" : 2685.0000000000005
    },
    "upperLeft" : {
      "y" : 0,
      "x" : 0
    }
  },
  "resourceId" : "canvas",
  "childShapes" : [ {
    "bounds" : {
      "lowerRight" : {
        "y" : 475,
        "x" : 50
      },
      "upperLeft" : {
        "y" : 445,
        "x" : 20
      }
    },
    "dockers" : [ ],
    "resourceId" : "sid-E31F0E1E-5C0D-4D03-B843-7389047A7E6F",
    "labels" : [ ],
    "layers" : [ ],
    "childShapes" : [ ],
    "properties" : {
      "exttype" : "Push",
      "id" : "",
      "title" : "",
      "external" : "false",
      "locatortypes" : "",
      "locatornames" : "",
      "numberoftokens_drawing" : "0",
      "numberoftokens_text" : "",
      "numberOfTokens" : "0",
      "locatorexpr" : "",
      "href" : ""
    },
    "stencil" : {
      "id" : "Place"
    },
    "outgoing" : [ {
      "resourceId" : "sid-B8042435-9F62-4691-9827-B8D16F2FF0F1"
    } ],
    "formats" : {
    },
    "glossaryLinks" : {
    }
  }, {
    "bounds" : {
      "lowerRight" : {
        "y" : 491,
        "x" : 300
      },
      "upperLeft" : {
        "y" : 429,
        "x" : 140
      }
    },
    "dockers" : [ ],
    "resourceId" : "sid-1F363B81-0762-4840-961E-5BF5F9803DB8",
    "labels" : [ ],
    "layers" : [ ],
    "childShapes" : [ ],
    "properties" : {
      "id" : "",
      "title" : "A",
      "communicationtype" : "Default",
      "communicationchannel" : "",
      "guard" : "",
      "oform" : "",
      "omodel" : "",
      "firetype" : "Automatic",
      "href" : ""
    },
    "stencil" : {
      "id" : "Transition"
    },
    "outgoing" : [ {
      "resourceId" : "sid-3A7B5BAA-B804-4E82-BF92-A4C7F386A196"
    }, {
      "resourceId" : "sid-CF3491FE-F3F4-4137-ACE9-705DFA3E2927"
    } ],
    "formats" : {
    },
    "glossaryLinks" : {
    }
  }, {
    "bounds" : {
      "lowerRight" : {
        "y" : 460,
        "x" : 139.5078125
      },
      "upperLeft" : {
        "y" : 460,
        "x" : 50.453125
      }
    },
    "dockers" : [ {
      "y" : 15,
      "x" : 15
    }, {
      "y" : 31,
      "x" : 80
    } ],
    "resourceId" : "sid-B8042435-9F62-4691-9827-B8D16F2FF0F1",
    "labels" : [ ],
    "layers" : [ ],
    "target" : {
      "resourceId" : "sid-1F363B81-0762-4840-961E-5BF5F9803DB8"
    },
    "childShapes" : [ ],
    "properties" : {
      "id" : "",
      "label" : "",
      "transformation" : ""
    },
    "stencil" : {
      "id" : "Arc"
    },
    "outgoing" : [ {
      "resourceId" : "sid-1F363B81-0762-4840-961E-5BF5F9803DB8"
    } ],
    "formats" : {
    },
    "glossaryLinks" : {
    }
  }, {
    "bounds" : {
      "lowerRight" : {
        "y" : 475,
        "x" : 410
      },
      "upperLeft" : {
        "y" : 445,
        "x" : 380
      }
    },
    "dockers" : [ ],
    "resourceId" : "sid-7AD9FCC5-D92E-436E-AA43-272246B86503",
    "labels" : [ ],
    "layers" : [ ],
    "childShapes" : [ ],
    "properties" : {
      "exttype" : "Push",
      "id" : "",
      "title" : "",
      "external" : "false",
      "locatortypes" : "",
      "locatornames" : "",
      "numberoftokens_drawing" : "0",
      "numberoftokens_text" : "",
      "numberOfTokens" : "0",
      "locatorexpr" : "",
      "href" : ""
    },
    "stencil" : {
      "id" : "Place"
    },
    "outgoing" : [ {
      "resourceId" : "sid-899D16B0-3D8B-45D3-87F7-66130F89354B"
    }, {
      "resourceId" : "sid-F537DAF2-03F2-442A-AE37-46BF41A3C547"
    } ],
    "formats" : {
    },
    "glossaryLinks" : {
    }
  }, {
    "bounds" : {
      "lowerRight" : {
        "y" : 460,
        "x" : 379.64453125
      },
      "upperLeft" : {
        "y" : 460,
        "x" : 300
      }
    },
    "dockers" : [ {
      "y" : 31,
      "x" : 80
    }, {
      "y" : 15,
      "x" : 15
    } ],
    "resourceId" : "sid-3A7B5BAA-B804-4E82-BF92-A4C7F386A196",
    "labels" : [ ],
    "layers" : [ ],
    "target" : {
      "resourceId" : "sid-7AD9FCC5-D92E-436E-AA43-272246B86503"
    },
    "childShapes" : [ ],
    "properties" : {
      "id" : "",
      "label" : "",
      "transformation" : ""
    },
    "stencil" : {
      "id" : "Arc"
    },
    "outgoing" : [ {
      "resourceId" : "sid-7AD9FCC5-D92E-436E-AA43-272246B86503"
    } ],
    "formats" : {
    },
    "glossaryLinks" : {
    }
  }, {
    "bounds" : {
      "lowerRight" : {
        "y" : 387,
        "x" : 565
      },
      "upperLeft" : {
        "y" : 325,
        "x" : 430
      }
    },
    "dockers" : [ ],
    "resourceId" : "sid-162651C7-92C8-4031-812A-DBF1515149CA",
    "labels" : [ ],
    "layers" : [ ],
    "childShapes" : [ ],
    "properties" : {
      "id" : "",
      "title" : "B",
      "communicationtype" : "Default",
      "communicationchannel" : "",
      "guard" : "",
      "oform" : "",
      "omodel" : "",
      "firetype" : "Automatic",
      "href" : ""
    },
    "stencil" : {
      "id" : "Transition"
    },
    "outgoing" : [ {
      "resourceId" : "sid-ACA783C1-12A9-46BB-92EA-4D0CDE0344F9"
    } ],
    "formats" : {
    },
    "glossaryLinks" : {
    }
  }, {
    "bounds" : {
      "lowerRight" : {
        "y" : 444.375,
        "x" : 429.234375
      },
      "upperLeft" : {
        "y" : 356,
        "x" : 395
      }
    },
    "dockers" : [ {
      "y" : 15,
      "x" : 15
    }, {
      "y" : 356,
      "x" : 395
    }, {
      "y" : 31,
      "x" : 67.5
    } ],
    "resourceId" : "sid-899D16B0-3D8B-45D3-87F7-66130F89354B",
    "labels" : [ ],
    "layers" : [ ],
    "target" : {
      "resourceId" : "sid-162651C7-92C8-4031-812A-DBF1515149CA"
    },
    "childShapes" : [ ],
    "properties" : {
      "id" : "",
      "label" : "",
      "transformation" : ""
    },
    "stencil" : {
      "id" : "Arc"
    },
    "outgoing" : [ {
      "resourceId" : "sid-162651C7-92C8-4031-812A-DBF1515149CA"
    } ],
    "formats" : {
    },
    "glossaryLinks" : {
    }
  }, {
    "bounds" : {
      "lowerRight" : {
        "y" : 485,
        "x" : 515
      },
      "upperLeft" : {
        "y" : 435,
        "x" : 505
      }
    },
    "dockers" : [ ],
    "resourceId" : "sid-883BA10D-00B4-4DB7-9E56-8A0EF1F45A65",
    "labels" : [ ],
    "layers" : [ ],
    "childShapes" : [ ],
    "properties" : {
      "id" : "",
      "title" : "",
      "guard" : "",
      "oform" : "",
      "omodel" : "",
      "firetype" : "Automatic",
      "href" : ""
    },
    "stencil" : {
      "id" : "VerticalEmptyTransition"
    },
    "outgoing" : [ {
      "resourceId" : "sid-9F18D4CB-C458-4600-9FB1-4A116E3C0736"
    } ],
    "formats" : {
    },
    "glossaryLinks" : {
    }
  }, {
    "bounds" : {
      "lowerRight" : {
        "y" : 431,
        "x" : 715
      },
      "upperLeft" : {
        "y" : 401,
        "x" : 685
      }
    },
    "dockers" : [ ],
    "resourceId" : "sid-4C2104BA-1670-435A-817D-1D423306273D",
    "labels" : [ ],
    "layers" : [ ],
    "childShapes" : [ ],
    "properties" : {
      "exttype" : "Push",
      "id" : "",
      "title" : "",
      "external" : "false",
      "locatortypes" : "",
      "locatornames" : "",
      "numberoftokens_drawing" : "0",
      "numberoftokens_text" : "",
      "numberOfTokens" : "0",
      "locatorexpr" : "",
      "href" : ""
    },
    "stencil" : {
      "id" : "Place"
    },
    "outgoing" : [ {
      "resourceId" : "sid-2332E970-A3B6-4198-89D4-6BA42CE90DFD"
    } ],
    "formats" : {
    },
    "glossaryLinks" : {
    }
  }, {
    "bounds" : {
      "lowerRight" : {
        "y" : 460,
        "x" : 504.5078125
      },
      "upperLeft" : {
        "y" : 460,
        "x" : 410.375
      }
    },
    "dockers" : [ {
      "y" : 15,
      "x" : 15
    }, {
      "y" : 25,
      "x" : 5
    } ],
    "resourceId" : "sid-F537DAF2-03F2-442A-AE37-46BF41A3C547",
    "labels" : [ ],
    "layers" : [ ],
    "target" : {
      "resourceId" : "sid-883BA10D-00B4-4DB7-9E56-8A0EF1F45A65"
    },
    "childShapes" : [ ],
    "properties" : {
      "id" : "",
      "label" : "",
      "transformation" : ""
    },
    "stencil" : {
      "id" : "Arc"
    },
    "outgoing" : [ {
      "resourceId" : "sid-883BA10D-00B4-4DB7-9E56-8A0EF1F45A65"
    } ],
    "formats" : {
    },
    "glossaryLinks" : {
    }
  }, {
    "bounds" : {
      "lowerRight" : {
        "y" : 455,
        "x" : 885
      },
      "upperLeft" : {
        "y" : 376,
        "x" : 770
      }
    },
    "dockers" : [ ],
    "resourceId" : "sid-316E5D02-D20B-491E-9546-0228B0132E68",
    "labels" : [ ],
    "layers" : [ ],
    "childShapes" : [ ],
    "properties" : {
      "id" : "",
      "title" : "C",
      "communicationtype" : "Default",
      "communicationchannel" : "",
      "guard" : "",
      "oform" : "",
      "omodel" : "",
      "firetype" : "Automatic",
      "href" : ""
    },
    "stencil" : {
      "id" : "Transition"
    },
    "outgoing" : [ {
      "resourceId" : "sid-0960ACA0-0F85-42BA-B11C-BC5933D26D18"
    } ],
    "formats" : {
    },
    "glossaryLinks" : {
    }
  }, {
    "bounds" : {
      "lowerRight" : {
        "y" : 415.9374847115265,
        "x" : 769.7226639392616
      },
      "upperLeft" : {
        "y" : 415.7265777884735,
        "x" : 715.9413985607384
      }
    },
    "dockers" : [ {
      "y" : 15,
      "x" : 15
    }, {
      "y" : 39.5,
      "x" : 57.5
    } ],
    "resourceId" : "sid-2332E970-A3B6-4198-89D4-6BA42CE90DFD",
    "labels" : [ ],
    "layers" : [ ],
    "target" : {
      "resourceId" : "sid-316E5D02-D20B-491E-9546-0228B0132E68"
    },
    "childShapes" : [ ],
    "properties" : {
      "id" : "",
      "label" : "",
      "transformation" : ""
    },
    "stencil" : {
      "id" : "Arc"
    },
    "outgoing" : [ {
      "resourceId" : "sid-316E5D02-D20B-491E-9546-0228B0132E68"
    } ],
    "formats" : {
    },
    "glossaryLinks" : {
    }
  }, {
    "bounds" : {
      "lowerRight" : {
        "y" : 400.9375,
        "x" : 700
      },
      "upperLeft" : {
        "y" : 356,
        "x" : 565
      }
    },
    "dockers" : [ {
      "y" : 31,
      "x" : 67.5
    }, {
      "y" : 356,
      "x" : 700
    }, {
      "y" : 15,
      "x" : 15
    } ],
    "resourceId" : "sid-ACA783C1-12A9-46BB-92EA-4D0CDE0344F9",
    "labels" : [ ],
    "layers" : [ ],
    "target" : {
      "resourceId" : "sid-4C2104BA-1670-435A-817D-1D423306273D"
    },
    "childShapes" : [ ],
    "properties" : {
      "id" : "",
      "label" : "",
      "transformation" : ""
    },
    "stencil" : {
      "id" : "Arc"
    },
    "outgoing" : [ {
      "resourceId" : "sid-4C2104BA-1670-435A-817D-1D423306273D"
    } ],
    "formats" : {
    },
    "glossaryLinks" : {
    }
  }, {
    "bounds" : {
      "lowerRight" : {
        "y" : 460,
        "x" : 700
      },
      "upperLeft" : {
        "y" : 431.4375,
        "x" : 515
      }
    },
    "dockers" : [ {
      "y" : 25,
      "x" : 5
    }, {
      "y" : 460,
      "x" : 700
    }, {
      "y" : 15,
      "x" : 15
    } ],
    "resourceId" : "sid-9F18D4CB-C458-4600-9FB1-4A116E3C0736",
    "labels" : [ ],
    "layers" : [ ],
    "target" : {
      "resourceId" : "sid-4C2104BA-1670-435A-817D-1D423306273D"
    },
    "childShapes" : [ ],
    "properties" : {
      "id" : "",
      "label" : "",
      "transformation" : ""
    },
    "stencil" : {
      "id" : "Arc"
    },
    "outgoing" : [ {
      "resourceId" : "sid-4C2104BA-1670-435A-817D-1D423306273D"
    } ],
    "formats" : {
    },
    "glossaryLinks" : {
    }
  }, {
    "bounds" : {
      "lowerRight" : {
        "y" : 455,
        "x" : 1140
      },
      "upperLeft" : {
        "y" : 376,
        "x" : 980
      }
    },
    "dockers" : [ ],
    "resourceId" : "sid-A2163DAF-3C17-4275-BFD3-AC0AE0B7BEAF",
    "labels" : [ ],
    "layers" : [ ],
    "childShapes" : [ ],
    "properties" : {
      "id" : "",
      "title" : "D",
      "communicationtype" : "Default",
      "communicationchannel" : "",
      "guard" : "",
      "oform" : "",
      "omodel" : "",
      "firetype" : "Automatic",
      "href" : ""
    },
    "stencil" : {
      "id" : "Transition"
    },
    "outgoing" : [ {
      "resourceId" : "sid-E92EFB44-6B8F-44FF-A296-971355EEFBA1"
    } ],
    "formats" : {
    },
    "glossaryLinks" : {
    }
  }, {
    "bounds" : {
      "lowerRight" : {
        "y" : 431,
        "x" : 950
      },
      "upperLeft" : {
        "y" : 401,
        "x" : 920
      }
    },
    "dockers" : [ ],
    "resourceId" : "sid-C5282587-78EE-468C-A33B-96E169907571",
    "labels" : [ ],
    "layers" : [ ],
    "childShapes" : [ ],
    "properties" : {
      "exttype" : "Push",
      "id" : "",
      "title" : "",
      "external" : "false",
      "locatortypes" : "",
      "locatornames" : "",
      "numberoftokens_drawing" : "0",
      "numberoftokens_text" : "",
      "numberOfTokens" : "0",
      "locatorexpr" : "",
      "href" : ""
    },
    "stencil" : {
      "id" : "Place"
    },
    "outgoing" : [ {
      "resourceId" : "sid-083DE14C-8218-42A0-AED4-F397A62E7AB1"
    } ],
    "formats" : {
    },
    "glossaryLinks" : {
    }
  }, {
    "bounds" : {
      "lowerRight" : {
        "y" : 415.9289426375185,
        "x" : 919.7226670664821
      },
      "upperLeft" : {
        "y" : 415.7674418604651,
        "x" : 885
      }
    },
    "dockers" : [ {
      "y" : 39.5,
      "x" : 57.5
    }, {
      "y" : 15,
      "x" : 15
    } ],
    "resourceId" : "sid-0960ACA0-0F85-42BA-B11C-BC5933D26D18",
    "labels" : [ ],
    "layers" : [ ],
    "target" : {
      "resourceId" : "sid-C5282587-78EE-468C-A33B-96E169907571"
    },
    "childShapes" : [ ],
    "properties" : {
      "id" : "",
      "label" : "",
      "transformation" : ""
    },
    "stencil" : {
      "id" : "Arc"
    },
    "outgoing" : [ {
      "resourceId" : "sid-C5282587-78EE-468C-A33B-96E169907571"
    } ],
    "formats" : {
    },
    "glossaryLinks" : {
    }
  }, {
    "bounds" : {
      "lowerRight" : {
        "y" : 415.93740628199964,
        "x" : 979.898445499904
      },
      "upperLeft" : {
        "y" : 415.82040621800036,
        "x" : 950.648429500096
      }
    },
    "dockers" : [ {
      "y" : 15,
      "x" : 15
    }, {
      "y" : 39.5,
      "x" : 80
    } ],
    "resourceId" : "sid-083DE14C-8218-42A0-AED4-F397A62E7AB1",
    "labels" : [ ],
    "layers" : [ ],
    "target" : {
      "resourceId" : "sid-A2163DAF-3C17-4275-BFD3-AC0AE0B7BEAF"
    },
    "childShapes" : [ ],
    "properties" : {
      "id" : "",
      "label" : "",
      "transformation" : ""
    },
    "stencil" : {
      "id" : "Arc"
    },
    "outgoing" : [ {
      "resourceId" : "sid-A2163DAF-3C17-4275-BFD3-AC0AE0B7BEAF"
    } ],
    "formats" : {
    },
    "glossaryLinks" : {
    }
  }, {
    "bounds" : {
      "lowerRight" : {
        "y" : 431,
        "x" : 1285
      },
      "upperLeft" : {
        "y" : 401,
        "x" : 1255
      }
    },
    "dockers" : [ ],
    "resourceId" : "sid-5E22BD8D-B611-4DA6-B920-43689463F713",
    "labels" : [ ],
    "layers" : [ ],
    "childShapes" : [ ],
    "properties" : {
      "exttype" : "Push",
      "id" : "",
      "title" : "",
      "external" : "false",
      "locatortypes" : "",
      "locatornames" : "",
      "numberoftokens_drawing" : "0",
      "numberoftokens_text" : "",
      "numberOfTokens" : "0",
      "locatorexpr" : "",
      "href" : ""
    },
    "stencil" : {
      "id" : "Place"
    },
    "outgoing" : [ {
      "resourceId" : "sid-53C7A825-E5B8-4D57-8ADF-30F8891AAD8D"
    } ],
    "formats" : {
    },
    "glossaryLinks" : {
    }
  }, {
    "bounds" : {
      "lowerRight" : {
        "y" : 415.96246280436776,
        "x" : 1254.234377834455
      },
      "upperLeft" : {
        "y" : 415.6904761904762,
        "x" : 1140
      }
    },
    "dockers" : [ {
      "y" : 39.5,
      "x" : 80
    }, {
      "y" : 15,
      "x" : 15
    } ],
    "resourceId" : "sid-E92EFB44-6B8F-44FF-A296-971355EEFBA1",
    "labels" : [ ],
    "layers" : [ ],
    "target" : {
      "resourceId" : "sid-5E22BD8D-B611-4DA6-B920-43689463F713"
    },
    "childShapes" : [ ],
    "properties" : {
      "id" : "",
      "label" : "",
      "transformation" : ""
    },
    "stencil" : {
      "id" : "Arc"
    },
    "outgoing" : [ {
      "resourceId" : "sid-5E22BD8D-B611-4DA6-B920-43689463F713"
    } ],
    "formats" : {
    },
    "glossaryLinks" : {
    }
  }, {
    "bounds" : {
      "lowerRight" : {
        "y" : 463,
        "x" : 1461.8000724389594
      },
      "upperLeft" : {
        "y" : 368,
        "x" : 1326.8000724389594
      }
    },
    "dockers" : [ ],
    "resourceId" : "sid-349ACA59-7CA9-4DB0-962E-AD2DD19AFA83",
    "labels" : [ ],
    "layers" : [ ],
    "childShapes" : [ ],
    "properties" : {
      "id" : "",
      "title" : "E",
      "communicationtype" : "Default",
      "communicationchannel" : "",
      "guard" : "",
      "oform" : "",
      "omodel" : "",
      "firetype" : "Automatic",
      "href" : ""
    },
    "stencil" : {
      "id" : "Transition"
    },
    "outgoing" : [ {
      "resourceId" : "sid-19BDAD10-B2D9-46ED-BE11-8ACF100EE5E7"
    } ],
    "formats" : {
    },
    "glossaryLinks" : {
    }
  }, {
    "bounds" : {
      "lowerRight" : {
        "y" : 415.937383758741,
        "x" : 1326.2945727300837
      },
      "upperLeft" : {
        "y" : 415.773553741259,
        "x" : 1285.56640664869
      }
    },
    "dockers" : [ {
      "y" : 15,
      "x" : 15
    }, {
      "y" : 47.5,
      "x" : 67.5
    } ],
    "resourceId" : "sid-53C7A825-E5B8-4D57-8ADF-30F8891AAD8D",
    "labels" : [ ],
    "layers" : [ ],
    "target" : {
      "resourceId" : "sid-349ACA59-7CA9-4DB0-962E-AD2DD19AFA83"
    },
    "childShapes" : [ ],
    "properties" : {
      "id" : "",
      "label" : "",
      "transformation" : ""
    },
    "stencil" : {
      "id" : "Arc"
    },
    "outgoing" : [ {
      "resourceId" : "sid-349ACA59-7CA9-4DB0-962E-AD2DD19AFA83"
    } ],
    "formats" : {
    },
    "glossaryLinks" : {
    }
  }, {
    "bounds" : {
      "lowerRight" : {
        "y" : 431,
        "x" : 1565
      },
      "upperLeft" : {
        "y" : 401,
        "x" : 1535
      }
    },
    "dockers" : [ ],
    "resourceId" : "sid-52A32320-2F6A-4E15-B682-D9665DC88770",
    "labels" : [ ],
    "layers" : [ ],
    "childShapes" : [ ],
    "properties" : {
      "exttype" : "Push",
      "id" : "",
      "title" : "",
      "external" : "false",
      "locatortypes" : "",
      "locatornames" : "",
      "numberoftokens_drawing" : "0",
      "numberoftokens_text" : "",
      "numberOfTokens" : "0",
      "locatorexpr" : "",
      "href" : ""
    },
    "stencil" : {
      "id" : "Place"
    },
    "outgoing" : [ {
      "resourceId" : "sid-9A2C42E4-7FDB-42E2-98F2-D4E7EF1FEA5B"
    } ],
    "formats" : {
    },
    "glossaryLinks" : {
    }
  }, {
    "bounds" : {
      "lowerRight" : {
        "y" : 415.94991371127475,
        "x" : 1534.4031369473537
      },
      "upperLeft" : {
        "y" : 415.7167631066287,
        "x" : 1461.8000724389594
      }
    },
    "dockers" : [ {
      "y" : 47.5,
      "x" : 67.5
    }, {
      "y" : 15,
      "x" : 15
    } ],
    "resourceId" : "sid-19BDAD10-B2D9-46ED-BE11-8ACF100EE5E7",
    "labels" : [ ],
    "layers" : [ ],
    "target" : {
      "resourceId" : "sid-52A32320-2F6A-4E15-B682-D9665DC88770"
    },
    "childShapes" : [ ],
    "properties" : {
      "id" : "",
      "label" : "",
      "transformation" : ""
    },
    "stencil" : {
      "id" : "Arc"
    },
    "outgoing" : [ {
      "resourceId" : "sid-52A32320-2F6A-4E15-B682-D9665DC88770"
    } ],
    "formats" : {
    },
    "glossaryLinks" : {
    }
  }, {
    "bounds" : {
      "lowerRight" : {
        "y" : 449,
        "x" : 1845
      },
      "upperLeft" : {
        "y" : 382,
        "x" : 1685
      }
    },
    "dockers" : [ ],
    "resourceId" : "sid-154F3611-10D9-4AEB-B81A-0BC529C06D75",
    "labels" : [ ],
    "layers" : [ ],
    "childShapes" : [ ],
    "properties" : {
      "id" : "",
      "title" : "F",
      "communicationtype" : "Default",
      "communicationchannel" : "",
      "guard" : "",
      "oform" : "",
      "omodel" : "",
      "firetype" : "Automatic",
      "href" : ""
    },
    "stencil" : {
      "id" : "Transition"
    },
    "outgoing" : [ {
      "resourceId" : "sid-4543EC03-32E2-4B80-9859-C1559E533DDE"
    } ],
    "formats" : {
    },
    "glossaryLinks" : {
    }
  }, {
    "bounds" : {
      "lowerRight" : {
        "y" : 415.9644712998934,
        "x" : 1684.2148464541535
      },
      "upperLeft" : {
        "y" : 415.6878724501066,
        "x" : 1565.2773410458465
      }
    },
    "dockers" : [ {
      "y" : 15,
      "x" : 15
    }, {
      "y" : 33.5,
      "x" : 80
    } ],
    "resourceId" : "sid-9A2C42E4-7FDB-42E2-98F2-D4E7EF1FEA5B",
    "labels" : [ ],
    "layers" : [ ],
    "target" : {
      "resourceId" : "sid-154F3611-10D9-4AEB-B81A-0BC529C06D75"
    },
    "childShapes" : [ ],
    "properties" : {
      "id" : "",
      "label" : "",
      "transformation" : ""
    },
    "stencil" : {
      "id" : "Arc"
    },
    "outgoing" : [ {
      "resourceId" : "sid-154F3611-10D9-4AEB-B81A-0BC529C06D75"
    } ],
    "formats" : {
    },
    "glossaryLinks" : {
    }
  }, {
    "bounds" : {
      "lowerRight" : {
        "y" : 260.99999311566376,
        "x" : 1565
      },
      "upperLeft" : {
        "y" : 230.99999311566373,
        "x" : 1535
      }
    },
    "dockers" : [ ],
    "resourceId" : "sid-43C3531A-725E-4051-88D2-FAC91E975A02",
    "labels" : [ ],
    "layers" : [ ],
    "childShapes" : [ ],
    "properties" : {
      "exttype" : "Push",
      "id" : "",
      "title" : "",
      "external" : "false",
      "locatortypes" : "",
      "locatornames" : "",
      "numberoftokens_drawing" : "0",
      "numberoftokens_text" : "",
      "numberOfTokens" : "0",
      "locatorexpr" : "",
      "href" : ""
    },
    "stencil" : {
      "id" : "Place"
    },
    "outgoing" : [ {
      "resourceId" : "sid-55E5FBB2-B509-4D3B-939F-0159B52D2431"
    } ],
    "formats" : {
    },
    "glossaryLinks" : {
    }
  }, {
    "bounds" : {
      "lowerRight" : {
        "y" : 381.7754186708417,
        "x" : 1722.2225091960213
      },
      "upperLeft" : {
        "y" : 255.88863597671224,
        "x" : 1562.5431158039787
      }
    },
    "dockers" : [ {
      "y" : 15.000000000000014,
      "x" : 15
    }, {
      "y" : 33.5,
      "x" : 80
    } ],
    "resourceId" : "sid-55E5FBB2-B509-4D3B-939F-0159B52D2431",
    "labels" : [ ],
    "layers" : [ ],
    "target" : {
      "resourceId" : "sid-154F3611-10D9-4AEB-B81A-0BC529C06D75"
    },
    "childShapes" : [ ],
    "properties" : {
      "id" : "",
      "label" : "",
      "transformation" : ""
    },
    "stencil" : {
      "id" : "Arc"
    },
    "outgoing" : [ {
      "resourceId" : "sid-154F3611-10D9-4AEB-B81A-0BC529C06D75"
    } ],
    "formats" : {
    },
    "glossaryLinks" : {
    }
  }, {
    "bounds" : {
      "lowerRight" : {
        "y" : 431,
        "x" : 1910
      },
      "upperLeft" : {
        "y" : 401,
        "x" : 1880
      }
    },
    "dockers" : [ ],
    "resourceId" : "sid-4A886D66-5CB3-42C4-BE8E-D874D33CDE03",
    "labels" : [ ],
    "layers" : [ ],
    "childShapes" : [ ],
    "properties" : {
      "exttype" : "Push",
      "id" : "",
      "title" : "",
      "external" : "false",
      "locatortypes" : "",
      "locatornames" : "",
      "numberoftokens_drawing" : "0",
      "numberoftokens_text" : "",
      "numberOfTokens" : "0",
      "locatorexpr" : "",
      "href" : ""
    },
    "stencil" : {
      "id" : "Place"
    },
    "outgoing" : [ {
      "resourceId" : "sid-DA7D2FE0-AA0C-4616-A0FB-53F2A53C32D5"
    } ],
    "formats" : {
    },
    "glossaryLinks" : {
    }
  }, {
    "bounds" : {
      "lowerRight" : {
        "y" : 415.9414663746014,
        "x" : 1879.7812573963677
      },
      "upperLeft" : {
        "y" : 415.8076923076923,
        "x" : 1845
      }
    },
    "dockers" : [ {
      "y" : 33.5,
      "x" : 80
    }, {
      "y" : 15,
      "x" : 15
    } ],
    "resourceId" : "sid-4543EC03-32E2-4B80-9859-C1559E533DDE",
    "labels" : [ ],
    "layers" : [ ],
    "target" : {
      "resourceId" : "sid-4A886D66-5CB3-42C4-BE8E-D874D33CDE03"
    },
    "childShapes" : [ ],
    "properties" : {
      "id" : "",
      "label" : "",
      "transformation" : ""
    },
    "stencil" : {
      "id" : "Arc"
    },
    "outgoing" : [ {
      "resourceId" : "sid-4A886D66-5CB3-42C4-BE8E-D874D33CDE03"
    } ],
    "formats" : {
    },
    "glossaryLinks" : {
    }
  }, {
    "bounds" : {
      "lowerRight" : {
        "y" : 445,
        "x" : 2061
      },
      "upperLeft" : {
        "y" : 386,
        "x" : 1970
      }
    },
    "dockers" : [ ],
    "resourceId" : "sid-32D5D5F6-BA8F-4CFF-BA6A-470C52F23577",
    "labels" : [ ],
    "layers" : [ ],
    "childShapes" : [ ],
    "properties" : {
      "id" : "",
      "title" : "G",
      "communicationtype" : "Default",
      "communicationchannel" : "",
      "guard" : "",
      "oform" : "",
      "omodel" : "",
      "firetype" : "Automatic",
      "href" : ""
    },
    "stencil" : {
      "id" : "Transition"
    },
    "outgoing" : [ {
      "resourceId" : "sid-F826CE5E-AC95-4311-B3B0-3096893C4F25"
    } ],
    "formats" : {
    },
    "glossaryLinks" : {
    }
  }, {
    "bounds" : {
      "lowerRight" : {
        "y" : 415.9372569081268,
        "x" : 1969.312508608556
      },
      "upperLeft" : {
        "y" : 415.6916493418732,
        "x" : 1910.121085141444
      }
    },
    "dockers" : [ {
      "y" : 15,
      "x" : 15
    }, {
      "y" : 29.5,
      "x" : 45.5
    } ],
    "resourceId" : "sid-DA7D2FE0-AA0C-4616-A0FB-53F2A53C32D5",
    "labels" : [ ],
    "layers" : [ ],
    "target" : {
      "resourceId" : "sid-32D5D5F6-BA8F-4CFF-BA6A-470C52F23577"
    },
    "childShapes" : [ ],
    "properties" : {
      "id" : "",
      "label" : "",
      "transformation" : ""
    },
    "stencil" : {
      "id" : "Arc"
    },
    "outgoing" : [ {
      "resourceId" : "sid-32D5D5F6-BA8F-4CFF-BA6A-470C52F23577"
    } ],
    "formats" : {
    },
    "glossaryLinks" : {
    }
  }, {
    "bounds" : {
      "lowerRight" : {
        "y" : 431,
        "x" : 2155.873231828767
      },
      "upperLeft" : {
        "y" : 401,
        "x" : 2125.873231828767
      }
    },
    "dockers" : [ ],
    "resourceId" : "sid-4E057B1B-FBC8-4672-941F-D97344340C4C",
    "labels" : [ ],
    "layers" : [ ],
    "childShapes" : [ ],
    "properties" : {
      "exttype" : "Push",
      "id" : "",
      "title" : "",
      "external" : "false",
      "locatortypes" : "",
      "locatornames" : "",
      "numberoftokens_drawing" : "0",
      "numberoftokens_text" : "",
      "numberOfTokens" : "0",
      "locatorexpr" : "",
      "href" : ""
    },
    "stencil" : {
      "id" : "Place"
    },
    "outgoing" : [ ],
    "formats" : {
    },
    "glossaryLinks" : {
    }
  }, {
    "bounds" : {
      "lowerRight" : {
        "y" : 415.93741818957807,
        "x" : 2125.181064176178
      },
      "upperLeft" : {
        "y" : 415.6814581922166,
        "x" : 2061
      }
    },
    "dockers" : [ {
      "y" : 29.5,
      "x" : 45.5
    }, {
      "y" : 15,
      "x" : 15
    } ],
    "resourceId" : "sid-F826CE5E-AC95-4311-B3B0-3096893C4F25",
    "labels" : [ ],
    "layers" : [ ],
    "target" : {
      "resourceId" : "sid-4E057B1B-FBC8-4672-941F-D97344340C4C"
    },
    "childShapes" : [ ],
    "properties" : {
      "id" : "",
      "label" : "",
      "transformation" : ""
    },
    "stencil" : {
      "id" : "Arc"
    },
    "outgoing" : [ {
      "resourceId" : "sid-4E057B1B-FBC8-4672-941F-D97344340C4C"
    } ],
    "formats" : {
    },
    "glossaryLinks" : {
    }
  }, {
    "bounds" : {
      "lowerRight" : {
        "y" : 428.9062490318902,
        "x" : 1534.712890625
      },
      "upperLeft" : {
        "y" : 245.99999311566373,
        "x" : 220
      }
    },
    "dockers" : [ {
      "y" : 31,
      "x" : 80
    }, {
      "y" : 245.99999311566373,
      "x" : 220
    }, {
      "y" : 15,
      "x" : 15
    } ],
    "resourceId" : "sid-CF3491FE-F3F4-4137-ACE9-705DFA3E2927",
    "labels" : [ ],
    "layers" : [ ],
    "target" : {
      "resourceId" : "sid-43C3531A-725E-4051-88D2-FAC91E975A02"
    },
    "childShapes" : [ ],
    "properties" : {
      "id" : "",
      "label" : "",
      "transformation" : ""
    },
    "stencil" : {
      "id" : "Arc"
    },
    "outgoing" : [ {
      "resourceId" : "sid-43C3531A-725E-4051-88D2-FAC91E975A02"
    } ],
    "formats" : {
    },
    "glossaryLinks" : {
    }
  } ],
  "properties" : {
    "author" : "",
    "title" : "",
    "engine" : "false",
    "modificationdate" : "10/07/07",
    "documentation" : "",
    "language" : "English",
    "creationdate" : "10/07/07",
    "version" : ""
  },
  "stencilset" : {
    "url" : "/stencilsets/petrinets/petrinet.json?version=6.1.0",
    "namespace" : "http://b3mn.org/stencilset/petrinet#"
  },
  "ssextensions" : [ ],
  "offset" : {
    "y" : -6.884336272605651E-6,
    "x" : 0
  },
  "stencil" : {
    "id" : "Diagram"
  },
  "formats" : {
  }
}