{
  "bounds" : {
    "lowerRight" : {
      "y" : 1050,
      "x" : 1485
    },
    "upperLeft" : {
      "y" : 0,
      "x" : 0
    }
  },
  "resourceId" : "canvas",
  "childShapes" : [ {
    "dockers" : [ ],
    "bounds" : {
      "lowerRight" : {
        "y" : 112.5,
        "x" : 660
      },
      "upperLeft" : {
        "y" : 82.5,
        "x" : 630
      }
    },
    "resourceId" : "sid-37059F79-5198-4862-9B1B-AE48F632501B",
    "childShapes" : [ ],
    "properties" : {
      "exttype" : "Push",
      "id" : "",
      "title" : "Input",
      "external" : "false",
      "numberoftokens" : "",
      "locatortypes" : "",
      "locatornames" : "",
      "numberoftokens_drawing" : "0",
      "numberoftokens_text" : "",
      "locatorexpr" : "",
      "href" : ""
    },
    "stencil" : {
      "id" : "Place"
    },
    "outgoing" : [ {
      "resourceId" : "sid-7B5AA5AD-5135-4EF4-A2BE-5FFC8FE11CFE"
    }, {
      "resourceId" : "sid-8EFF43B7-F5B1-457A-9EEF-7E8D0D974B69"
    } ]
  }, {
    "dockers" : [ ],
    "bounds" : {
      "lowerRight" : {
        "y" : 212.5,
        "x" : 665
      },
      "upperLeft" : {
        "y" : 172.5,
        "x" : 625
      }
    },
    "resourceId" : "sid-A111D1CF-BB4D-4D55-A919-6D5B063612A1",
    "childShapes" : [ ],
    "properties" : {
      "id" : "",
      "title" : "",
      "guard" : "",
      "oform" : "",
      "omodel" : "",
      "firetype" : "Automatic",
      "href" : ""
    },
    "stencil" : {
      "id" : "Transition"
    },
    "outgoing" : [ {
      "resourceId" : "sid-2BC7282F-3CEC-46B6-9432-6DCA293F9805"
    }, {
      "resourceId" : "sid-3A3C9C2B-F32A-4190-8118-F35DDA6986A3"
    } ]
  }, {
    "dockers" : [ {
      "y" : 15,
      "x" : 15
    }, {
      "y" : 20,
      "x" : 20
    } ],
    "bounds" : {
      "lowerRight" : {
        "y" : 172.203125,
        "x" : 645
      },
      "upperLeft" : {
        "y" : 113.34375,
        "x" : 645
      }
    },
    "resourceId" : "sid-7B5AA5AD-5135-4EF4-A2BE-5FFC8FE11CFE",
    "target" : {
      "resourceId" : "sid-A111D1CF-BB4D-4D55-A919-6D5B063612A1"
    },
    "childShapes" : [ ],
    "properties" : {
      "id" : "",
      "label" : "300",
      "transformation" : ""
    },
    "stencil" : {
      "id" : "Arc"
    },
    "outgoing" : [ {
      "resourceId" : "sid-A111D1CF-BB4D-4D55-A919-6D5B063612A1"
    } ]
  }, {
    "dockers" : [ ],
    "bounds" : {
      "lowerRight" : {
        "y" : 207.5,
        "x" : 485
      },
      "upperLeft" : {
        "y" : 177.5,
        "x" : 455
      }
    },
    "resourceId" : "sid-E80F6EFA-6E8A-4DA9-93AA-2E929962E2B8",
    "childShapes" : [ ],
    "properties" : {
      "exttype" : "Push",
      "id" : "",
      "title" : "Wechselgeldlocker",
      "external" : "false",
      "numberoftokens" : "",
      "locatortypes" : "",
      "locatornames" : "",
      "numberoftokens_drawing" : "0",
      "numberoftokens_text" : "",
      "locatorexpr" : "",
      "href" : ""
    },
    "stencil" : {
      "id" : "Place"
    },
    "outgoing" : [ {
      "resourceId" : "sid-AF03FEFB-358C-4B3E-AB98-B9986B2AA240"
    } ]
  }, {
    "dockers" : [ {
      "y" : 20,
      "x" : 20
    }, {
      "y" : 15,
      "x" : 15
    } ],
    "bounds" : {
      "lowerRight" : {
        "y" : 192.5,
        "x" : 624.859375
      },
      "upperLeft" : {
        "y" : 192.5,
        "x" : 485.35546875
      }
    },
    "resourceId" : "sid-2BC7282F-3CEC-46B6-9432-6DCA293F9805",
    "target" : {
      "resourceId" : "sid-E80F6EFA-6E8A-4DA9-93AA-2E929962E2B8"
    },
    "childShapes" : [ ],
    "properties" : {
      "id" : "",
      "label" : "",
      "transformation" : ""
    },
    "stencil" : {
      "id" : "Arc"
    },
    "outgoing" : [ {
      "resourceId" : "sid-E80F6EFA-6E8A-4DA9-93AA-2E929962E2B8"
    } ]
  }, {
    "dockers" : [ ],
    "bounds" : {
      "lowerRight" : {
        "y" : 117.5,
        "x" : 490
      },
      "upperLeft" : {
        "y" : 77.5,
        "x" : 450
      }
    },
    "resourceId" : "sid-6D1CFB7C-F5AB-4B2E-A4BE-32D1B9874C8C",
    "childShapes" : [ ],
    "properties" : {
      "id" : "",
      "title" : "",
      "guard" : "",
      "oform" : "",
      "omodel" : "",
      "firetype" : "Automatic",
      "href" : ""
    },
    "stencil" : {
      "id" : "Transition"
    },
    "outgoing" : [ {
      "resourceId" : "sid-C229487B-68FB-4563-AE0A-0769EAB201D3"
    }, {
      "resourceId" : "sid-CE036719-2BB4-4366-8FC4-9E23E5C7D6C0"
    } ]
  }, {
    "dockers" : [ {
      "y" : 15,
      "x" : 15
    }, {
      "y" : 20,
      "x" : 20
    } ],
    "bounds" : {
      "lowerRight" : {
        "y" : 176.65625,
        "x" : 470
      },
      "upperLeft" : {
        "y" : 117.796875,
        "x" : 470
      }
    },
    "resourceId" : "sid-AF03FEFB-358C-4B3E-AB98-B9986B2AA240",
    "target" : {
      "resourceId" : "sid-6D1CFB7C-F5AB-4B2E-A4BE-32D1B9874C8C"
    },
    "childShapes" : [ ],
    "properties" : {
      "id" : "",
      "label" : "",
      "transformation" : ""
    },
    "stencil" : {
      "id" : "Arc"
    },
    "outgoing" : [ {
      "resourceId" : "sid-6D1CFB7C-F5AB-4B2E-A4BE-32D1B9874C8C"
    } ]
  }, {
    "dockers" : [ {
      "y" : 15,
      "x" : 15
    }, {
      "y" : 20,
      "x" : 20
    } ],
    "bounds" : {
      "lowerRight" : {
        "y" : 97.5,
        "x" : 629.64453125
      },
      "upperLeft" : {
        "y" : 97.5,
        "x" : 490.140625
      }
    },
    "resourceId" : "sid-8EFF43B7-F5B1-457A-9EEF-7E8D0D974B69",
    "target" : {
      "resourceId" : "sid-6D1CFB7C-F5AB-4B2E-A4BE-32D1B9874C8C"
    },
    "childShapes" : [ ],
    "properties" : {
      "id" : "",
      "label" : "",
      "transformation" : ""
    },
    "stencil" : {
      "id" : "Arc"
    },
    "outgoing" : [ {
      "resourceId" : "sid-6D1CFB7C-F5AB-4B2E-A4BE-32D1B9874C8C"
    } ]
  }, {
    "dockers" : [ ],
    "bounds" : {
      "lowerRight" : {
        "y" : 105,
        "x" : 360
      },
      "upperLeft" : {
        "y" : 75,
        "x" : 330
      }
    },
    "resourceId" : "sid-3B5C4BB6-0099-48A9-91E8-760EB24F253A",
    "childShapes" : [ ],
    "properties" : {
      "exttype" : "Push",
      "id" : "",
      "title" : "Wechselgeld",
      "external" : "false",
      "numberoftokens" : "",
      "locatortypes" : "",
      "locatornames" : "",
      "numberoftokens_drawing" : "0",
      "numberoftokens_text" : "",
      "locatorexpr" : "",
      "href" : ""
    },
    "stencil" : {
      "id" : "Place"
    },
    "outgoing" : [ {
      "resourceId" : "sid-5E1A4267-0E26-43AC-8150-6F2C6BC52174"
    }, {
      "resourceId" : "sid-67252402-76CE-472E-B4BA-8CEDFCF5DCB6"
    }, {
      "resourceId" : "sid-A65E987A-A553-434C-BCDA-E5CB9B6D939D"
    }, {
      "resourceId" : "sid-B2617352-B36D-4022-A688-F9CA01646660"
    }, {
      "resourceId" : "sid-9AE692AE-CC38-4299-B760-84206F0B6C35"
    }, {
      "resourceId" : "sid-1ED31CC6-9326-4401-BB35-6F3C94B36606"
    } ]
  }, {
    "dockers" : [ {
      "y" : 20,
      "x" : 20
    }, {
      "y" : 15,
      "x" : 15
    } ],
    "bounds" : {
      "lowerRight" : {
        "y" : 96.26823270927206,
        "x" : 449.4705451545342
      },
      "upperLeft" : {
        "y" : 90.93879854072794,
        "x" : 360.6466423454658
      }
    },
    "resourceId" : "sid-C229487B-68FB-4563-AE0A-0769EAB201D3",
    "target" : {
      "resourceId" : "sid-3B5C4BB6-0099-48A9-91E8-760EB24F253A"
    },
    "childShapes" : [ ],
    "properties" : {
      "id" : "",
      "label" : "",
      "transformation" : ""
    },
    "stencil" : {
      "id" : "Arc"
    },
    "outgoing" : [ {
      "resourceId" : "sid-3B5C4BB6-0099-48A9-91E8-760EB24F253A"
    } ]
  }, {
    "dockers" : [ {
      "y" : 37,
      "x" : 7
    }, {
      "y" : 15,
      "x" : 15
    } ],
    "bounds" : {
      "lowerRight" : {
        "y" : 176.88860607616786,
        "x" : 467.39810101269467
      },
      "upperLeft" : {
        "y" : 117.92389392383214,
        "x" : 457.57064898730533
      }
    },
    "resourceId" : "sid-CE036719-2BB4-4366-8FC4-9E23E5C7D6C0",
    "target" : {
      "resourceId" : "sid-E80F6EFA-6E8A-4DA9-93AA-2E929962E2B8"
    },
    "childShapes" : [ ],
    "properties" : {
      "id" : "",
      "label" : "",
      "transformation" : ""
    },
    "stencil" : {
      "id" : "Arc"
    },
    "outgoing" : [ {
      "resourceId" : "sid-E80F6EFA-6E8A-4DA9-93AA-2E929962E2B8"
    } ]
  }, {
    "dockers" : [ ],
    "bounds" : {
      "lowerRight" : {
        "y" : 292.5,
        "x" : 660
      },
      "upperLeft" : {
        "y" : 262.5,
        "x" : 630
      }
    },
    "resourceId" : "sid-E7FA30BB-CB25-4DB8-B088-EE7A336E949E",
    "childShapes" : [ ],
    "properties" : {
      "exttype" : "Push",
      "id" : "",
      "title" : "Ab hier weiter bei geld da",
      "external" : "false",
      "numberoftokens" : "",
      "locatortypes" : "",
      "locatornames" : "",
      "numberoftokens_drawing" : "0",
      "numberoftokens_text" : "",
      "locatorexpr" : "",
      "href" : ""
    },
    "stencil" : {
      "id" : "Place"
    },
    "outgoing" : [ ]
  }, {
    "dockers" : [ {
      "y" : 20,
      "x" : 20
    }, {
      "y" : 15,
      "x" : 15
    } ],
    "bounds" : {
      "lowerRight" : {
        "y" : 261.890625,
        "x" : 645
      },
      "upperLeft" : {
        "y" : 213.421875,
        "x" : 645
      }
    },
    "resourceId" : "sid-3A3C9C2B-F32A-4190-8118-F35DDA6986A3",
    "target" : {
      "resourceId" : "sid-E7FA30BB-CB25-4DB8-B088-EE7A336E949E"
    },
    "childShapes" : [ ],
    "properties" : {
      "id" : "",
      "label" : "",
      "transformation" : ""
    },
    "stencil" : {
      "id" : "Arc"
    },
    "outgoing" : [ {
      "resourceId" : "sid-E7FA30BB-CB25-4DB8-B088-EE7A336E949E"
    } ]
  }, {
    "dockers" : [ ],
    "bounds" : {
      "lowerRight" : {
        "y" : 117.5,
        "x" : 250
      },
      "upperLeft" : {
        "y" : 77.5,
        "x" : 210
      }
    },
    "resourceId" : "sid-1298C879-B6FF-445F-8692-495E1124891D",
    "childShapes" : [ ],
    "properties" : {
      "id" : "",
      "title" : "",
      "guard" : "",
      "oform" : "",
      "omodel" : "",
      "firetype" : "Automatic",
      "href" : ""
    },
    "stencil" : {
      "id" : "Transition"
    },
    "outgoing" : [ {
      "resourceId" : "sid-C6EFD7B8-A7BC-447A-A344-06AF92C3CBD4"
    } ]
  }, {
    "dockers" : [ {
      "y" : 15,
      "x" : 15
    }, {
      "y" : 20,
      "x" : 20
    } ],
    "bounds" : {
      "lowerRight" : {
        "y" : 96.14585836265441,
        "x" : 329.6271198940342
      },
      "upperLeft" : {
        "y" : 91.00257913734559,
        "x" : 250.7635051059658
      }
    },
    "resourceId" : "sid-5E1A4267-0E26-43AC-8150-6F2C6BC52174",
    "target" : {
      "resourceId" : "sid-1298C879-B6FF-445F-8692-495E1124891D"
    },
    "childShapes" : [ ],
    "properties" : {
      "id" : "",
      "label" : "",
      "transformation" : ""
    },
    "stencil" : {
      "id" : "Arc"
    },
    "outgoing" : [ {
      "resourceId" : "sid-1298C879-B6FF-445F-8692-495E1124891D"
    } ]
  }, {
    "dockers" : [ ],
    "bounds" : {
      "lowerRight" : {
        "y" : 212.5,
        "x" : 250
      },
      "upperLeft" : {
        "y" : 172.5,
        "x" : 210
      }
    },
    "resourceId" : "sid-BDC21A62-1F12-432E-B3D4-742DA421D7DE",
    "childShapes" : [ ],
    "properties" : {
      "id" : "",
      "title" : "",
      "guard" : "",
      "oform" : "",
      "omodel" : "",
      "firetype" : "Automatic",
      "href" : ""
    },
    "stencil" : {
      "id" : "Transition"
    },
    "outgoing" : [ {
      "resourceId" : "sid-54D07959-475C-40DA-92AD-037DBEBE022E"
    } ]
  }, {
    "dockers" : [ {
      "y" : 15,
      "x" : 15
    }, {
      "y" : 20,
      "x" : 20
    } ],
    "bounds" : {
      "lowerRight" : {
        "y" : 174.21744197524555,
        "x" : 333.4722367283243
      },
      "upperLeft" : {
        "y" : 100.27474552475445,
        "x" : 250.51213827167572
      }
    },
    "resourceId" : "sid-67252402-76CE-472E-B4BA-8CEDFCF5DCB6",
    "target" : {
      "resourceId" : "sid-BDC21A62-1F12-432E-B3D4-742DA421D7DE"
    },
    "childShapes" : [ ],
    "properties" : {
      "id" : "",
      "label" : "50",
      "transformation" : ""
    },
    "stencil" : {
      "id" : "Arc"
    },
    "outgoing" : [ {
      "resourceId" : "sid-BDC21A62-1F12-432E-B3D4-742DA421D7DE"
    } ]
  }, {
    "dockers" : [ ],
    "bounds" : {
      "lowerRight" : {
        "y" : 297.5,
        "x" : 265
      },
      "upperLeft" : {
        "y" : 257.5,
        "x" : 225
      }
    },
    "resourceId" : "sid-DF9176EF-20A0-41D2-A636-0F959684623A",
    "childShapes" : [ ],
    "properties" : {
      "id" : "",
      "title" : "",
      "guard" : "",
      "oform" : "",
      "omodel" : "",
      "firetype" : "Automatic",
      "href" : ""
    },
    "stencil" : {
      "id" : "Transition"
    },
    "outgoing" : [ {
      "resourceId" : "sid-DFA5F601-6228-441F-BEF0-1CFCB7DCFD3F"
    } ]
  }, {
    "dockers" : [ {
      "y" : 15,
      "x" : 15
    }, {
      "y" : 20,
      "x" : 20
    } ],
    "bounds" : {
      "lowerRight" : {
        "y" : 256.84225643382354,
        "x" : 337.49816176470586
      },
      "upperLeft" : {
        "y" : 104.06594669117646,
        "x" : 256.01746323529414
      }
    },
    "resourceId" : "sid-A65E987A-A553-434C-BCDA-E5CB9B6D939D",
    "target" : {
      "resourceId" : "sid-DF9176EF-20A0-41D2-A636-0F959684623A"
    },
    "childShapes" : [ ],
    "properties" : {
      "id" : "",
      "label" : "100",
      "transformation" : ""
    },
    "stencil" : {
      "id" : "Arc"
    },
    "outgoing" : [ {
      "resourceId" : "sid-DF9176EF-20A0-41D2-A636-0F959684623A"
    } ]
  }, {
    "dockers" : [ ],
    "bounds" : {
      "lowerRight" : {
        "y" : 370,
        "x" : 265
      },
      "upperLeft" : {
        "y" : 330,
        "x" : 225
      }
    },
    "resourceId" : "sid-AA44F417-F3A5-47F0-9760-BFF5B3C08D04",
    "childShapes" : [ ],
    "properties" : {
      "id" : "",
      "title" : "",
      "guard" : "",
      "oform" : "",
      "omodel" : "",
      "firetype" : "Automatic",
      "href" : ""
    },
    "stencil" : {
      "id" : "Transition"
    },
    "outgoing" : [ {
      "resourceId" : "sid-CC0A60CE-717D-4790-8F0D-DBA75ED0300A"
    } ]
  }, {
    "dockers" : [ {
      "y" : 15,
      "x" : 15
    }, {
      "y" : 350,
      "x" : 311
    }, {
      "y" : 20,
      "x" : 20
    } ],
    "bounds" : {
      "lowerRight" : {
        "y" : 350,
        "x" : 343.01095974585934
      },
      "upperLeft" : {
        "y" : 105.21030782578156,
        "x" : 265.59375
      }
    },
    "resourceId" : "sid-B2617352-B36D-4022-A688-F9CA01646660",
    "target" : {
      "resourceId" : "sid-AA44F417-F3A5-47F0-9760-BFF5B3C08D04"
    },
    "childShapes" : [ ],
    "properties" : {
      "id" : "",
      "label" : "200",
      "transformation" : ""
    },
    "stencil" : {
      "id" : "Arc"
    },
    "outgoing" : [ {
      "resourceId" : "sid-AA44F417-F3A5-47F0-9760-BFF5B3C08D04"
    } ]
  }, {
    "dockers" : [ ],
    "bounds" : {
      "lowerRight" : {
        "y" : 445,
        "x" : 265
      },
      "upperLeft" : {
        "y" : 405,
        "x" : 225
      }
    },
    "resourceId" : "sid-6668B19E-808C-4CA1-8764-7C93C7BED82D",
    "childShapes" : [ ],
    "properties" : {
      "id" : "",
      "title" : "",
      "guard" : "",
      "oform" : "",
      "omodel" : "",
      "firetype" : "Automatic",
      "href" : ""
    },
    "stencil" : {
      "id" : "Transition"
    },
    "outgoing" : [ {
      "resourceId" : "sid-AB7BA05C-6C12-43E7-ADE7-977E7A49B285"
    } ]
  }, {
    "dockers" : [ {
      "y" : 15,
      "x" : 15
    }, {
      "y" : 425,
      "x" : 333
    }, {
      "y" : 20,
      "x" : 20
    } ],
    "bounds" : {
      "lowerRight" : {
        "y" : 425,
        "x" : 344.44857706393515
      },
      "upperLeft" : {
        "y" : 105.39389029847732,
        "x" : 265.25
      }
    },
    "resourceId" : "sid-9AE692AE-CC38-4299-B760-84206F0B6C35",
    "target" : {
      "resourceId" : "sid-6668B19E-808C-4CA1-8764-7C93C7BED82D"
    },
    "childShapes" : [ ],
    "properties" : {
      "id" : "",
      "label" : "500",
      "transformation" : ""
    },
    "stencil" : {
      "id" : "Arc"
    },
    "outgoing" : [ {
      "resourceId" : "sid-6668B19E-808C-4CA1-8764-7C93C7BED82D"
    } ]
  }, {
    "dockers" : [ ],
    "bounds" : {
      "lowerRight" : {
        "y" : 112.5,
        "x" : 135
      },
      "upperLeft" : {
        "y" : 82.5,
        "x" : 105
      }
    },
    "resourceId" : "sid-FEEE0E84-7132-4E0B-B95F-289E7FDD4E28",
    "childShapes" : [ ],
    "properties" : {
      "exttype" : "Push",
      "id" : "",
      "title" : "",
      "external" : "false",
      "numberoftokens" : "",
      "locatortypes" : "",
      "locatornames" : "",
      "numberoftokens_drawing" : "0",
      "numberoftokens_text" : "",
      "locatorexpr" : "",
      "href" : ""
    },
    "stencil" : {
      "id" : "Place"
    },
    "outgoing" : [ ]
  }, {
    "dockers" : [ {
      "y" : 20,
      "x" : 20
    }, {
      "y" : 15,
      "x" : 15
    } ],
    "bounds" : {
      "lowerRight" : {
        "y" : 97.5,
        "x" : 209.234375
      },
      "upperLeft" : {
        "y" : 97.5,
        "x" : 135.609375
      }
    },
    "resourceId" : "sid-C6EFD7B8-A7BC-447A-A344-06AF92C3CBD4",
    "target" : {
      "resourceId" : "sid-FEEE0E84-7132-4E0B-B95F-289E7FDD4E28"
    },
    "childShapes" : [ ],
    "properties" : {
      "id" : "",
      "label" : "",
      "transformation" : ""
    },
    "stencil" : {
      "id" : "Arc"
    },
    "outgoing" : [ {
      "resourceId" : "sid-FEEE0E84-7132-4E0B-B95F-289E7FDD4E28"
    } ]
  }, {
    "dockers" : [ {
      "y" : 20,
      "x" : 20
    }, {
      "y" : 15,
      "x" : 15
    } ],
    "bounds" : {
      "lowerRight" : {
        "y" : 174.7760676296539,
        "x" : 209.47755199223084
      },
      "upperLeft" : {
        "y" : 107.80205737034609,
        "x" : 131.92869800776916
      }
    },
    "resourceId" : "sid-54D07959-475C-40DA-92AD-037DBEBE022E",
    "target" : {
      "resourceId" : "sid-FEEE0E84-7132-4E0B-B95F-289E7FDD4E28"
    },
    "childShapes" : [ ],
    "properties" : {
      "id" : "",
      "label" : "50",
      "transformation" : ""
    },
    "stencil" : {
      "id" : "Arc"
    },
    "outgoing" : [ {
      "resourceId" : "sid-FEEE0E84-7132-4E0B-B95F-289E7FDD4E28"
    } ]
  }, {
    "dockers" : [ {
      "y" : 20,
      "x" : 20
    }, {
      "y" : 15,
      "x" : 15
    } ],
    "bounds" : {
      "lowerRight" : {
        "y" : 256.9911300343267,
        "x" : 230.75772919050465
      },
      "upperLeft" : {
        "y" : 110.2744949656733,
        "x" : 128.87117705949535
      }
    },
    "resourceId" : "sid-DFA5F601-6228-441F-BEF0-1CFCB7DCFD3F",
    "target" : {
      "resourceId" : "sid-FEEE0E84-7132-4E0B-B95F-289E7FDD4E28"
    },
    "childShapes" : [ ],
    "properties" : {
      "id" : "",
      "label" : "100",
      "transformation" : ""
    },
    "stencil" : {
      "id" : "Arc"
    },
    "outgoing" : [ {
      "resourceId" : "sid-FEEE0E84-7132-4E0B-B95F-289E7FDD4E28"
    } ]
  }, {
    "dockers" : [ {
      "y" : 20,
      "x" : 20
    }, {
      "y" : 350,
      "x" : 120
    }, {
      "y" : 15,
      "x" : 15
    } ],
    "bounds" : {
      "lowerRight" : {
        "y" : 350,
        "x" : 224.46875
      },
      "upperLeft" : {
        "y" : 113.294921875,
        "x" : 120
      }
    },
    "resourceId" : "sid-CC0A60CE-717D-4790-8F0D-DBA75ED0300A",
    "target" : {
      "resourceId" : "sid-FEEE0E84-7132-4E0B-B95F-289E7FDD4E28"
    },
    "childShapes" : [ ],
    "properties" : {
      "id" : "",
      "label" : "200",
      "transformation" : ""
    },
    "stencil" : {
      "id" : "Arc"
    },
    "outgoing" : [ {
      "resourceId" : "sid-FEEE0E84-7132-4E0B-B95F-289E7FDD4E28"
    } ]
  }, {
    "dockers" : [ {
      "y" : 20,
      "x" : 20
    }, {
      "y" : 425,
      "x" : 70
    }, {
      "y" : 97.5,
      "x" : 70
    }, {
      "y" : 15,
      "x" : 15
    } ],
    "bounds" : {
      "lowerRight" : {
        "y" : 425,
        "x" : 224.859375
      },
      "upperLeft" : {
        "y" : 97.5,
        "x" : 70
      }
    },
    "resourceId" : "sid-AB7BA05C-6C12-43E7-ADE7-977E7A49B285",
    "target" : {
      "resourceId" : "sid-FEEE0E84-7132-4E0B-B95F-289E7FDD4E28"
    },
    "childShapes" : [ ],
    "properties" : {
      "id" : "",
      "label" : "500",
      "transformation" : ""
    },
    "stencil" : {
      "id" : "Arc"
    },
    "outgoing" : [ {
      "resourceId" : "sid-FEEE0E84-7132-4E0B-B95F-289E7FDD4E28"
    } ]
  }, {
    "dockers" : [ ],
    "bounds" : {
      "lowerRight" : {
        "y" : 535,
        "x" : 265
      },
      "upperLeft" : {
        "y" : 495,
        "x" : 225
      }
    },
    "resourceId" : "sid-62967EC5-5E30-4DEE-A979-096F0817EF95",
    "childShapes" : [ ],
    "properties" : {
      "id" : "",
      "title" : "",
      "guard" : "",
      "oform" : "",
      "omodel" : "",
      "firetype" : "Automatic",
      "href" : ""
    },
    "stencil" : {
      "id" : "Transition"
    },
    "outgoing" : [ {
      "resourceId" : "sid-7715BFD0-FE70-4936-B0A3-DDC0C09C35FA"
    } ]
  }, {
    "dockers" : [ {
      "y" : 15,
      "x" : 15
    }, {
      "y" : 515,
      "x" : 345
    }, {
      "y" : 20,
      "x" : 20
    } ],
    "bounds" : {
      "lowerRight" : {
        "y" : 515,
        "x" : 345
      },
      "upperLeft" : {
        "y" : 105.94140625,
        "x" : 265.53125
      }
    },
    "resourceId" : "sid-1ED31CC6-9326-4401-BB35-6F3C94B36606",
    "target" : {
      "resourceId" : "sid-62967EC5-5E30-4DEE-A979-096F0817EF95"
    },
    "childShapes" : [ ],
    "properties" : {
      "id" : "",
      "label" : "1000",
      "transformation" : ""
    },
    "stencil" : {
      "id" : "Arc"
    },
    "outgoing" : [ {
      "resourceId" : "sid-62967EC5-5E30-4DEE-A979-096F0817EF95"
    } ]
  }, {
    "dockers" : [ {
      "y" : 20,
      "x" : 20
    }, {
      "y" : 515,
      "x" : 21
    }, {
      "y" : 49,
      "x" : 21
    }, {
      "y" : 49,
      "x" : 120
    }, {
      "y" : 15,
      "x" : 15
    } ],
    "bounds" : {
      "lowerRight" : {
        "y" : 515,
        "x" : 224.75
      },
      "upperLeft" : {
        "y" : 49,
        "x" : 21
      }
    },
    "resourceId" : "sid-7715BFD0-FE70-4936-B0A3-DDC0C09C35FA",
    "target" : {
      "resourceId" : "sid-FEEE0E84-7132-4E0B-B95F-289E7FDD4E28"
    },
    "childShapes" : [ ],
    "properties" : {
      "id" : "",
      "label" : "1000",
      "transformation" : ""
    },
    "stencil" : {
      "id" : "Arc"
    },
    "outgoing" : [ {
      "resourceId" : "sid-FEEE0E84-7132-4E0B-B95F-289E7FDD4E28"
    } ]
  } ],
  "properties" : {
    "author" : "",
    "title" : "",
    "modificationdate" : "10/07/07",
    "engine" : "false",
    "documentation" : "",
    "language" : "English",
    "creationdate" : "10/07/07",
    "version" : ""
  },
  "ssextensions" : [ ],
  "stencilset" : {
    "url" : "/editor/stencilsets/petrinets/petrinet.json",
    "namespace" : "http://b3mn.org/stencilset/petrinet#"
  },
  "stencil" : {
    "id" : "Diagram"
  }
}