{
  "revision" : {
    "creationDate" : null,
    "elementCounts" : {
      "total" : 20,
      "Place" : 4,
      "Arc" : 10,
      "Transition" : 5,
      "Diagram" : 1
    },
    "connectedness" : 100,
    "isLastRevision" : "true",
    "revisionNumber" : 1
  },
  "model" : {
    "modelingLanguage" : "petrinet",
    "numberOfRevisions" : 1,
    "naturalLanguage" : "de",
    "timestampModelCollection" : null,
    "directoryId" : "898526010",
    "groupName" : "PetriNet",
    "modelDate" : "2012-08-30",
    "modelName" : "897036081",
    "modelId" : "897036081"
  }
}