{
  "bounds" : {
    "lowerRight" : {
      "y" : 1050,
      "x" : 1485
    },
    "upperLeft" : {
      "y" : 0,
      "x" : 0
    }
  },
  "resourceId" : "canvas",
  "childShapes" : [ {
    "bounds" : {
      "lowerRight" : {
        "y" : 85,
        "x" : 45
      },
      "upperLeft" : {
        "y" : 55,
        "x" : 15
      }
    },
    "dockers" : [ ],
    "resourceId" : "sid-CFCA40E4-85FD-4670-B309-371B30DCD0A1",
    "labels" : [ ],
    "layers" : [ ],
    "childShapes" : [ ],
    "properties" : {
      "exttype" : "Push",
      "id" : "",
      "title" : "A",
      "external" : "false",
      "locatortypes" : "",
      "locatornames" : "",
      "numberoftokens_drawing" : "0",
      "numberoftokens_text" : "",
      "numberOfTokens" : "0",
      "locatorexpr" : "",
      "href" : ""
    },
    "stencil" : {
      "id" : "Place"
    },
    "outgoing" : [ {
      "resourceId" : "sid-32E36B8F-B0F0-426E-82BB-0F865A8F7F05"
    } ],
    "formats" : {
    },
    "glossaryLinks" : {
    }
  }, {
    "bounds" : {
      "lowerRight" : {
        "y" : 99,
        "x" : 262
      },
      "upperLeft" : {
        "y" : 40,
        "x" : 180
      }
    },
    "dockers" : [ ],
    "resourceId" : "sid-7CE82F21-5BF4-4651-9C53-838531D31A08",
    "labels" : [ ],
    "layers" : [ ],
    "childShapes" : [ ],
    "properties" : {
      "id" : "",
      "title" : "B",
      "communicationtype" : "Default",
      "communicationchannel" : "",
      "guard" : "",
      "oform" : "",
      "omodel" : "",
      "firetype" : "Automatic",
      "href" : ""
    },
    "stencil" : {
      "id" : "Transition"
    },
    "outgoing" : [ {
      "resourceId" : "sid-61EA6AFA-45F1-4485-88E2-22F1DAA696C6"
    } ],
    "formats" : {
    },
    "glossaryLinks" : {
    }
  }, {
    "bounds" : {
      "lowerRight" : {
        "y" : 69.95831970792257,
        "x" : 179.71094092642355
      },
      "upperLeft" : {
        "y" : 69.60808654207743,
        "x" : 45.921871573576446
      }
    },
    "dockers" : [ {
      "y" : 15,
      "x" : 15
    }, {
      "y" : 29.5,
      "x" : 41
    } ],
    "resourceId" : "sid-32E36B8F-B0F0-426E-82BB-0F865A8F7F05",
    "labels" : [ ],
    "layers" : [ ],
    "target" : {
      "resourceId" : "sid-7CE82F21-5BF4-4651-9C53-838531D31A08"
    },
    "childShapes" : [ ],
    "properties" : {
      "id" : "",
      "label" : "",
      "transformation" : ""
    },
    "stencil" : {
      "id" : "Arc"
    },
    "outgoing" : [ {
      "resourceId" : "sid-7CE82F21-5BF4-4651-9C53-838531D31A08"
    } ],
    "formats" : {
    },
    "glossaryLinks" : {
    }
  }, {
    "bounds" : {
      "lowerRight" : {
        "y" : 85,
        "x" : 390
      },
      "upperLeft" : {
        "y" : 55,
        "x" : 360
      }
    },
    "dockers" : [ ],
    "resourceId" : "sid-35186488-B013-427D-898F-5CCF3413E3D4",
    "labels" : [ ],
    "layers" : [ ],
    "childShapes" : [ ],
    "properties" : {
      "exttype" : "Push",
      "id" : "",
      "title" : "C",
      "external" : "false",
      "locatortypes" : "",
      "locatornames" : "",
      "numberoftokens_drawing" : "0",
      "numberoftokens_text" : "",
      "numberOfTokens" : "0",
      "locatorexpr" : "",
      "href" : ""
    },
    "stencil" : {
      "id" : "Place"
    },
    "outgoing" : [ {
      "resourceId" : "sid-B8DCC47F-9417-40D8-B96F-0297022ED390"
    }, {
      "resourceId" : "sid-3028FD31-34BE-49AF-9FD8-E918062F7067"
    } ],
    "formats" : {
    },
    "glossaryLinks" : {
    }
  }, {
    "bounds" : {
      "lowerRight" : {
        "y" : 69.94987826386578,
        "x" : 359.56250527066163
      },
      "upperLeft" : {
        "y" : 69.63311688311688,
        "x" : 262
      }
    },
    "dockers" : [ {
      "y" : 29.5,
      "x" : 41
    }, {
      "y" : 15,
      "x" : 15
    } ],
    "resourceId" : "sid-61EA6AFA-45F1-4485-88E2-22F1DAA696C6",
    "labels" : [ ],
    "layers" : [ ],
    "target" : {
      "resourceId" : "sid-35186488-B013-427D-898F-5CCF3413E3D4"
    },
    "childShapes" : [ ],
    "properties" : {
      "id" : "",
      "label" : "",
      "transformation" : ""
    },
    "stencil" : {
      "id" : "Arc"
    },
    "outgoing" : [ {
      "resourceId" : "sid-35186488-B013-427D-898F-5CCF3413E3D4"
    } ],
    "formats" : {
    },
    "glossaryLinks" : {
    }
  }, {
    "bounds" : {
      "lowerRight" : {
        "y" : 239,
        "x" : 425
      },
      "upperLeft" : {
        "y" : 180,
        "x" : 325
      }
    },
    "dockers" : [ ],
    "resourceId" : "sid-2C4D2B7F-C9A2-4C06-A1D1-1DDE3E3B194C",
    "labels" : [ ],
    "layers" : [ ],
    "childShapes" : [ ],
    "properties" : {
      "id" : "",
      "title" : "D",
      "communicationtype" : "Default",
      "communicationchannel" : "",
      "guard" : "",
      "oform" : "",
      "omodel" : "",
      "firetype" : "Automatic",
      "href" : ""
    },
    "stencil" : {
      "id" : "Transition"
    },
    "outgoing" : [ {
      "resourceId" : "sid-8E533ED5-342F-4047-8F0A-15CCA01BBF8C"
    } ],
    "formats" : {
    },
    "glossaryLinks" : {
    }
  }, {
    "bounds" : {
      "lowerRight" : {
        "y" : 179.07421875,
        "x" : 375
      },
      "upperLeft" : {
        "y" : 85.16796875,
        "x" : 375
      }
    },
    "dockers" : [ {
      "y" : 15,
      "x" : 15
    }, {
      "y" : 29.5,
      "x" : 50
    } ],
    "resourceId" : "sid-B8DCC47F-9417-40D8-B96F-0297022ED390",
    "labels" : [ ],
    "layers" : [ ],
    "target" : {
      "resourceId" : "sid-2C4D2B7F-C9A2-4C06-A1D1-1DDE3E3B194C"
    },
    "childShapes" : [ ],
    "properties" : {
      "id" : "",
      "label" : "",
      "transformation" : ""
    },
    "stencil" : {
      "id" : "Arc"
    },
    "outgoing" : [ {
      "resourceId" : "sid-2C4D2B7F-C9A2-4C06-A1D1-1DDE3E3B194C"
    } ],
    "formats" : {
    },
    "glossaryLinks" : {
    }
  }, {
    "bounds" : {
      "lowerRight" : {
        "y" : 99,
        "x" : 655
      },
      "upperLeft" : {
        "y" : 40,
        "x" : 555
      }
    },
    "dockers" : [ ],
    "resourceId" : "sid-9CE3A24F-9A13-46DA-A2D6-87919AA1C67D",
    "labels" : [ ],
    "layers" : [ ],
    "childShapes" : [ ],
    "properties" : {
      "id" : "",
      "title" : "E",
      "communicationtype" : "Default",
      "communicationchannel" : "",
      "guard" : "",
      "oform" : "",
      "omodel" : "",
      "firetype" : "Automatic",
      "href" : ""
    },
    "stencil" : {
      "id" : "Transition"
    },
    "outgoing" : [ {
      "resourceId" : "sid-44E85196-2D3E-41D3-ADCF-A2B620E0A262"
    } ],
    "formats" : {
    },
    "glossaryLinks" : {
    }
  }, {
    "bounds" : {
      "lowerRight" : {
        "y" : 69.96657609209335,
        "x" : 554.5859398629406
      },
      "upperLeft" : {
        "y" : 69.60959578290665,
        "x" : 390.37499763705944
      }
    },
    "dockers" : [ {
      "y" : 15,
      "x" : 15
    }, {
      "y" : 29.5,
      "x" : 50
    } ],
    "resourceId" : "sid-3028FD31-34BE-49AF-9FD8-E918062F7067",
    "labels" : [ ],
    "layers" : [ ],
    "target" : {
      "resourceId" : "sid-9CE3A24F-9A13-46DA-A2D6-87919AA1C67D"
    },
    "childShapes" : [ ],
    "properties" : {
      "id" : "",
      "label" : "",
      "transformation" : ""
    },
    "stencil" : {
      "id" : "Arc"
    },
    "outgoing" : [ {
      "resourceId" : "sid-9CE3A24F-9A13-46DA-A2D6-87919AA1C67D"
    } ],
    "formats" : {
    },
    "glossaryLinks" : {
    }
  }, {
    "bounds" : {
      "lowerRight" : {
        "y" : 345,
        "x" : 390
      },
      "upperLeft" : {
        "y" : 315,
        "x" : 360
      }
    },
    "dockers" : [ ],
    "resourceId" : "sid-7CBCBA97-E643-437E-811E-B08C164868C2",
    "labels" : [ ],
    "layers" : [ ],
    "childShapes" : [ ],
    "properties" : {
      "exttype" : "Push",
      "id" : "",
      "title" : "F",
      "external" : "false",
      "locatortypes" : "",
      "locatornames" : "",
      "numberoftokens_drawing" : "0",
      "numberoftokens_text" : "",
      "numberOfTokens" : "0",
      "locatorexpr" : "",
      "href" : ""
    },
    "stencil" : {
      "id" : "Place"
    },
    "outgoing" : [ {
      "resourceId" : "sid-F317ACDB-F17D-4009-A196-37396BFC9143"
    }, {
      "resourceId" : "sid-30D6AB78-9648-48AB-82C0-E0945DF99975"
    } ],
    "formats" : {
    },
    "glossaryLinks" : {
    }
  }, {
    "bounds" : {
      "lowerRight" : {
        "y" : 314.87890625,
        "x" : 375
      },
      "upperLeft" : {
        "y" : 239,
        "x" : 375
      }
    },
    "dockers" : [ {
      "y" : 29.5,
      "x" : 50
    }, {
      "y" : 15,
      "x" : 15
    } ],
    "resourceId" : "sid-8E533ED5-342F-4047-8F0A-15CCA01BBF8C",
    "labels" : [ ],
    "layers" : [ ],
    "target" : {
      "resourceId" : "sid-7CBCBA97-E643-437E-811E-B08C164868C2"
    },
    "childShapes" : [ ],
    "properties" : {
      "id" : "",
      "label" : "",
      "transformation" : ""
    },
    "stencil" : {
      "id" : "Arc"
    },
    "outgoing" : [ {
      "resourceId" : "sid-7CBCBA97-E643-437E-811E-B08C164868C2"
    } ],
    "formats" : {
    },
    "glossaryLinks" : {
    }
  }, {
    "bounds" : {
      "lowerRight" : {
        "y" : 539,
        "x" : 416
      },
      "upperLeft" : {
        "y" : 480,
        "x" : 334
      }
    },
    "dockers" : [ ],
    "resourceId" : "sid-03871EA6-EB23-4708-900D-FAFDCBCD7013",
    "labels" : [ ],
    "layers" : [ ],
    "childShapes" : [ ],
    "properties" : {
      "id" : "",
      "title" : "G",
      "communicationtype" : "Default",
      "communicationchannel" : "",
      "guard" : "",
      "oform" : "",
      "omodel" : "",
      "firetype" : "Automatic",
      "href" : ""
    },
    "stencil" : {
      "id" : "Transition"
    },
    "outgoing" : [ {
      "resourceId" : "sid-7A502A95-401C-4C14-AEEA-97C83FBF86C8"
    } ],
    "formats" : {
    },
    "glossaryLinks" : {
    }
  }, {
    "bounds" : {
      "lowerRight" : {
        "y" : 449,
        "x" : 535
      },
      "upperLeft" : {
        "y" : 395,
        "x" : 435
      }
    },
    "dockers" : [ ],
    "resourceId" : "sid-DFE5951C-9326-4CE3-BAA2-A4341A7854C1",
    "labels" : [ ],
    "layers" : [ ],
    "childShapes" : [ ],
    "properties" : {
      "id" : "",
      "title" : "H",
      "communicationtype" : "Default",
      "communicationchannel" : "",
      "guard" : "",
      "oform" : "",
      "omodel" : "",
      "firetype" : "Automatic",
      "href" : ""
    },
    "stencil" : {
      "id" : "Transition"
    },
    "outgoing" : [ {
      "resourceId" : "sid-4DAFCE7B-738A-4C00-BC0F-CE96D35C7B7D"
    } ],
    "formats" : {
    },
    "glossaryLinks" : {
    }
  }, {
    "bounds" : {
      "lowerRight" : {
        "y" : 394.7646947995089,
        "x" : 452.43604812984756
      },
      "upperLeft" : {
        "y" : 339.9853052004911,
        "x" : 386.93895187015244
      }
    },
    "dockers" : [ {
      "y" : 15,
      "x" : 15
    }, {
      "y" : 27,
      "x" : 50
    } ],
    "resourceId" : "sid-30D6AB78-9648-48AB-82C0-E0945DF99975",
    "labels" : [ ],
    "layers" : [ ],
    "target" : {
      "resourceId" : "sid-DFE5951C-9326-4CE3-BAA2-A4341A7854C1"
    },
    "childShapes" : [ ],
    "properties" : {
      "id" : "",
      "label" : "",
      "transformation" : ""
    },
    "stencil" : {
      "id" : "Arc"
    },
    "outgoing" : [ {
      "resourceId" : "sid-DFE5951C-9326-4CE3-BAA2-A4341A7854C1"
    } ],
    "formats" : {
    },
    "glossaryLinks" : {
    }
  }, {
    "bounds" : {
      "lowerRight" : {
        "y" : 525,
        "x" : 620
      },
      "upperLeft" : {
        "y" : 495,
        "x" : 590
      }
    },
    "dockers" : [ ],
    "resourceId" : "sid-27AC8DF5-A3C0-4649-9587-F07591EEA8D5",
    "labels" : [ ],
    "layers" : [ ],
    "childShapes" : [ ],
    "properties" : {
      "exttype" : "Push",
      "id" : "",
      "title" : "I",
      "external" : "false",
      "locatortypes" : "",
      "locatornames" : "",
      "numberoftokens_drawing" : "0",
      "numberoftokens_text" : "",
      "numberOfTokens" : "0",
      "locatorexpr" : "",
      "href" : ""
    },
    "stencil" : {
      "id" : "Place"
    },
    "outgoing" : [ ],
    "formats" : {
    },
    "glossaryLinks" : {
    }
  }, {
    "bounds" : {
      "lowerRight" : {
        "y" : 494.3740234375,
        "x" : 605
      },
      "upperLeft" : {
        "y" : 99,
        "x" : 605
      }
    },
    "dockers" : [ {
      "y" : 29.5,
      "x" : 50
    }, {
      "y" : 15,
      "x" : 15
    } ],
    "resourceId" : "sid-44E85196-2D3E-41D3-ADCF-A2B620E0A262",
    "labels" : [ ],
    "layers" : [ ],
    "target" : {
      "resourceId" : "sid-27AC8DF5-A3C0-4649-9587-F07591EEA8D5"
    },
    "childShapes" : [ ],
    "properties" : {
      "id" : "",
      "label" : "",
      "transformation" : ""
    },
    "stencil" : {
      "id" : "Arc"
    },
    "outgoing" : [ {
      "resourceId" : "sid-27AC8DF5-A3C0-4649-9587-F07591EEA8D5"
    } ],
    "formats" : {
    },
    "glossaryLinks" : {
    }
  }, {
    "bounds" : {
      "lowerRight" : {
        "y" : 509.96657609209336,
        "x" : 589.6250023629406
      },
      "upperLeft" : {
        "y" : 509.5891304347826,
        "x" : 416
      }
    },
    "dockers" : [ {
      "y" : 29.5,
      "x" : 41
    }, {
      "y" : 15,
      "x" : 15
    } ],
    "resourceId" : "sid-7A502A95-401C-4C14-AEEA-97C83FBF86C8",
    "labels" : [ ],
    "layers" : [ ],
    "target" : {
      "resourceId" : "sid-27AC8DF5-A3C0-4649-9587-F07591EEA8D5"
    },
    "childShapes" : [ ],
    "properties" : {
      "id" : "",
      "label" : "",
      "transformation" : ""
    },
    "stencil" : {
      "id" : "Arc"
    },
    "outgoing" : [ {
      "resourceId" : "sid-27AC8DF5-A3C0-4649-9587-F07591EEA8D5"
    } ],
    "formats" : {
    },
    "glossaryLinks" : {
    }
  }, {
    "bounds" : {
      "lowerRight" : {
        "y" : 500.81488633637247,
        "x" : 592.4748450041443
      },
      "upperLeft" : {
        "y" : 449.40386366362753,
        "x" : 522.3689049958557
      }
    },
    "dockers" : [ {
      "y" : 27,
      "x" : 50
    }, {
      "y" : 15,
      "x" : 15
    } ],
    "resourceId" : "sid-4DAFCE7B-738A-4C00-BC0F-CE96D35C7B7D",
    "labels" : [ ],
    "layers" : [ ],
    "target" : {
      "resourceId" : "sid-27AC8DF5-A3C0-4649-9587-F07591EEA8D5"
    },
    "childShapes" : [ ],
    "properties" : {
      "id" : "",
      "label" : "",
      "transformation" : ""
    },
    "stencil" : {
      "id" : "Arc"
    },
    "outgoing" : [ {
      "resourceId" : "sid-27AC8DF5-A3C0-4649-9587-F07591EEA8D5"
    } ],
    "formats" : {
    },
    "glossaryLinks" : {
    }
  }, {
    "bounds" : {
      "lowerRight" : {
        "y" : 479.05078125,
        "x" : 375
      },
      "upperLeft" : {
        "y" : 345.0234375,
        "x" : 375
      }
    },
    "dockers" : [ {
      "y" : 15,
      "x" : 15
    }, {
      "y" : 29.5,
      "x" : 41
    } ],
    "resourceId" : "sid-F317ACDB-F17D-4009-A196-37396BFC9143",
    "labels" : [ ],
    "layers" : [ ],
    "target" : {
      "resourceId" : "sid-03871EA6-EB23-4708-900D-FAFDCBCD7013"
    },
    "childShapes" : [ ],
    "properties" : {
      "id" : "",
      "label" : "",
      "transformation" : ""
    },
    "stencil" : {
      "id" : "Arc"
    },
    "outgoing" : [ {
      "resourceId" : "sid-03871EA6-EB23-4708-900D-FAFDCBCD7013"
    } ],
    "formats" : {
    },
    "glossaryLinks" : {
    }
  } ],
  "properties" : {
    "author" : "",
    "title" : "",
    "engine" : "false",
    "modificationdate" : "10/07/07",
    "documentation" : "",
    "language" : "English",
    "creationdate" : "10/07/07",
    "version" : ""
  },
  "stencilset" : {
    "url" : "/stencilsets/petrinets/petrinet.json?version=6.0.0",
    "namespace" : "http://b3mn.org/stencilset/petrinet#"
  },
  "ssextensions" : [ ],
  "stencil" : {
    "id" : "Diagram"
  },
  "formats" : {
  }
}