{
  "revision" : {
    "creationDate" : null,
    "elementCounts" : {
      "total" : 61,
      "Place" : 15,
      "Arc" : 31,
      "Transition" : 14,
      "Diagram" : 1
    },
    "connectedness" : 100,
    "isLastRevision" : "false",
    "revisionNumber" : 3
  },
  "model" : {
    "modelingLanguage" : "petrinet",
    "numberOfRevisions" : 8,
    "naturalLanguage" : "de",
    "timestampModelCollection" : null,
    "directoryId" : "945195334",
    "groupName" : "PetriNet",
    "modelDate" : "2012-08-30",
    "modelName" : "176865474",
    "modelId" : "176865474"
  }
}