{
  "bounds" : {
    "lowerRight" : {
      "y" : 1050,
      "x" : 1485
    },
    "upperLeft" : {
      "y" : 0,
      "x" : 0
    }
  },
  "resourceId" : "canvas",
  "childShapes" : [ {
    "bounds" : {
      "lowerRight" : {
        "y" : 525,
        "x" : 75
      },
      "upperLeft" : {
        "y" : 495,
        "x" : 45
      }
    },
    "dockers" : [ ],
    "resourceId" : "sid-50075298-0448-4734-BE8F-C6BF685DC401",
    "labels" : [ ],
    "layers" : [ ],
    "childShapes" : [ ],
    "properties" : {
      "exttype" : "Push",
      "id" : "",
      "title" : "A",
      "external" : "false",
      "locatortypes" : "",
      "locatornames" : "",
      "numberoftokens_drawing" : "0",
      "numberoftokens_text" : "",
      "numberOfTokens" : "0",
      "locatorexpr" : "",
      "href" : ""
    },
    "stencil" : {
      "id" : "Place"
    },
    "outgoing" : [ {
      "resourceId" : "sid-4637D0D8-9AB3-40E6-99BC-6C7C4C26C957"
    } ],
    "formats" : {
    },
    "glossaryLinks" : {
    }
  }, {
    "bounds" : {
      "lowerRight" : {
        "y" : 530,
        "x" : 160
      },
      "upperLeft" : {
        "y" : 490,
        "x" : 120
      }
    },
    "dockers" : [ ],
    "resourceId" : "sid-EFC41163-3B29-4223-AD58-582CBAEC87AA",
    "labels" : [ ],
    "layers" : [ ],
    "childShapes" : [ ],
    "properties" : {
      "id" : "",
      "title" : "",
      "communicationtype" : "Default",
      "communicationchannel" : "",
      "guard" : "",
      "oform" : "",
      "omodel" : "",
      "firetype" : "Automatic",
      "href" : ""
    },
    "stencil" : {
      "id" : "Transition"
    },
    "outgoing" : [ {
      "resourceId" : "sid-C5036DF5-24BE-447A-A53E-77D513757CAA"
    }, {
      "resourceId" : "sid-725C286D-D6F9-4EE9-B06F-94133E482DB0"
    } ],
    "formats" : {
    },
    "glossaryLinks" : {
    }
  }, {
    "bounds" : {
      "lowerRight" : {
        "y" : 510,
        "x" : 119.625
      },
      "upperLeft" : {
        "y" : 510,
        "x" : 75.375
      }
    },
    "dockers" : [ {
      "y" : 15,
      "x" : 15
    }, {
      "y" : 20,
      "x" : 20
    } ],
    "resourceId" : "sid-4637D0D8-9AB3-40E6-99BC-6C7C4C26C957",
    "labels" : [ ],
    "layers" : [ ],
    "target" : {
      "resourceId" : "sid-EFC41163-3B29-4223-AD58-582CBAEC87AA"
    },
    "childShapes" : [ ],
    "properties" : {
      "id" : "",
      "label" : "",
      "transformation" : ""
    },
    "stencil" : {
      "id" : "Arc"
    },
    "outgoing" : [ {
      "resourceId" : "sid-EFC41163-3B29-4223-AD58-582CBAEC87AA"
    } ],
    "formats" : {
    },
    "glossaryLinks" : {
    }
  }, {
    "bounds" : {
      "lowerRight" : {
        "y" : 300,
        "x" : 225
      },
      "upperLeft" : {
        "y" : 270,
        "x" : 195
      }
    },
    "dockers" : [ ],
    "resourceId" : "sid-82E91357-3E26-4C3C-97C7-1BEA4CD37FC3",
    "labels" : [ ],
    "layers" : [ ],
    "childShapes" : [ ],
    "properties" : {
      "exttype" : "Push",
      "id" : "",
      "title" : "B",
      "external" : "false",
      "locatortypes" : "",
      "locatornames" : "",
      "numberoftokens_drawing" : "0",
      "numberoftokens_text" : "",
      "numberOfTokens" : "0",
      "locatorexpr" : "",
      "href" : ""
    },
    "stencil" : {
      "id" : "Place"
    },
    "outgoing" : [ {
      "resourceId" : "sid-7FE420A4-7D61-4093-87FD-4BAF1A9E748A"
    } ],
    "formats" : {
    },
    "glossaryLinks" : {
    }
  }, {
    "bounds" : {
      "lowerRight" : {
        "y" : 489.70920572366924,
        "x" : 205.32793344736376
      },
      "upperLeft" : {
        "y" : 300.01735677633076,
        "x" : 146.31269155263624
      }
    },
    "dockers" : [ {
      "y" : 20,
      "x" : 20
    }, {
      "y" : 15,
      "x" : 15
    } ],
    "resourceId" : "sid-C5036DF5-24BE-447A-A53E-77D513757CAA",
    "labels" : [ ],
    "layers" : [ ],
    "target" : {
      "resourceId" : "sid-82E91357-3E26-4C3C-97C7-1BEA4CD37FC3"
    },
    "childShapes" : [ ],
    "properties" : {
      "id" : "",
      "label" : "",
      "transformation" : ""
    },
    "stencil" : {
      "id" : "Arc"
    },
    "outgoing" : [ {
      "resourceId" : "sid-82E91357-3E26-4C3C-97C7-1BEA4CD37FC3"
    } ],
    "formats" : {
    },
    "glossaryLinks" : {
    }
  }, {
    "bounds" : {
      "lowerRight" : {
        "y" : 735,
        "x" : 225
      },
      "upperLeft" : {
        "y" : 705,
        "x" : 195
      }
    },
    "dockers" : [ ],
    "resourceId" : "sid-75AF848B-4557-4644-9FFB-C33EDD69F676",
    "labels" : [ ],
    "layers" : [ ],
    "childShapes" : [ ],
    "properties" : {
      "exttype" : "Push",
      "id" : "",
      "title" : "C",
      "external" : "false",
      "locatortypes" : "",
      "locatornames" : "",
      "numberoftokens_drawing" : "0",
      "numberoftokens_text" : "",
      "numberOfTokens" : "0",
      "locatorexpr" : "",
      "href" : ""
    },
    "stencil" : {
      "id" : "Place"
    },
    "outgoing" : [ {
      "resourceId" : "sid-7382F789-29CC-4D37-9BDF-E8CE409FE318"
    } ],
    "formats" : {
    },
    "glossaryLinks" : {
    }
  }, {
    "bounds" : {
      "lowerRight" : {
        "y" : 705.1060042019495,
        "x" : 205.03533473398315
      },
      "upperLeft" : {
        "y" : 530,
        "x" : 146.66666666666666
      }
    },
    "dockers" : [ {
      "y" : 20,
      "x" : 20
    }, {
      "y" : 14.999999999999998,
      "x" : 15
    } ],
    "resourceId" : "sid-725C286D-D6F9-4EE9-B06F-94133E482DB0",
    "labels" : [ ],
    "layers" : [ ],
    "target" : {
      "resourceId" : "sid-75AF848B-4557-4644-9FFB-C33EDD69F676"
    },
    "childShapes" : [ ],
    "properties" : {
      "id" : "",
      "label" : "",
      "transformation" : ""
    },
    "stencil" : {
      "id" : "Arc"
    },
    "outgoing" : [ {
      "resourceId" : "sid-75AF848B-4557-4644-9FFB-C33EDD69F676"
    } ],
    "formats" : {
    },
    "glossaryLinks" : {
    }
  }, {
    "bounds" : {
      "lowerRight" : {
        "y" : 300,
        "x" : 320.5
      },
      "upperLeft" : {
        "y" : 265,
        "x" : 259.5
      }
    },
    "dockers" : [ ],
    "resourceId" : "sid-BBD4BB76-6F6B-4245-81FA-35E8629CD6F3",
    "labels" : [ ],
    "layers" : [ ],
    "childShapes" : [ ],
    "properties" : {
      "id" : "",
      "title" : "D",
      "communicationtype" : "Default",
      "communicationchannel" : "",
      "guard" : "",
      "oform" : "",
      "omodel" : "",
      "firetype" : "Automatic",
      "href" : ""
    },
    "stencil" : {
      "id" : "Transition"
    },
    "outgoing" : [ {
      "resourceId" : "sid-E6700D1E-676F-44F7-AA05-ABAA108286C1"
    } ],
    "formats" : {
    },
    "glossaryLinks" : {
    }
  }, {
    "bounds" : {
      "lowerRight" : {
        "y" : 284.5195464976223,
        "x" : 259.00048792391294
      },
      "upperLeft" : {
        "y" : 283.4687347523777,
        "x" : 225.3745120760871
      }
    },
    "dockers" : [ {
      "y" : 15,
      "x" : 15
    }, {
      "y" : 17.5,
      "x" : 30.5
    } ],
    "resourceId" : "sid-7FE420A4-7D61-4093-87FD-4BAF1A9E748A",
    "labels" : [ ],
    "layers" : [ ],
    "target" : {
      "resourceId" : "sid-BBD4BB76-6F6B-4245-81FA-35E8629CD6F3"
    },
    "childShapes" : [ ],
    "properties" : {
      "id" : "",
      "label" : "",
      "transformation" : ""
    },
    "stencil" : {
      "id" : "Arc"
    },
    "outgoing" : [ {
      "resourceId" : "sid-BBD4BB76-6F6B-4245-81FA-35E8629CD6F3"
    } ],
    "formats" : {
    },
    "glossaryLinks" : {
    }
  }, {
    "bounds" : {
      "lowerRight" : {
        "y" : 300,
        "x" : 390
      },
      "upperLeft" : {
        "y" : 270,
        "x" : 360
      }
    },
    "dockers" : [ ],
    "resourceId" : "sid-9B8B14AE-2232-466A-B4A0-3C1C706A957C",
    "labels" : [ ],
    "layers" : [ ],
    "childShapes" : [ ],
    "properties" : {
      "exttype" : "Push",
      "id" : "",
      "title" : "E",
      "external" : "false",
      "locatortypes" : "",
      "locatornames" : "",
      "numberoftokens_drawing" : "0",
      "numberoftokens_text" : "",
      "numberOfTokens" : "0",
      "locatorexpr" : "",
      "href" : ""
    },
    "stencil" : {
      "id" : "Place"
    },
    "outgoing" : [ {
      "resourceId" : "sid-BFEBE8CF-2065-4A37-987C-D98E016E0223"
    }, {
      "resourceId" : "sid-AC371F86-1D6C-4EA9-99FF-745702D5F1FD"
    } ],
    "formats" : {
    },
    "glossaryLinks" : {
    }
  }, {
    "bounds" : {
      "lowerRight" : {
        "y" : 284.5409134483981,
        "x" : 359.39105724553565
      },
      "upperLeft" : {
        "y" : 283.3970588235294,
        "x" : 320.5
      }
    },
    "dockers" : [ {
      "y" : 17.5,
      "x" : 30.5
    }, {
      "y" : 15,
      "x" : 15
    } ],
    "resourceId" : "sid-E6700D1E-676F-44F7-AA05-ABAA108286C1",
    "labels" : [ ],
    "layers" : [ ],
    "target" : {
      "resourceId" : "sid-9B8B14AE-2232-466A-B4A0-3C1C706A957C"
    },
    "childShapes" : [ ],
    "properties" : {
      "id" : "",
      "label" : "",
      "transformation" : ""
    },
    "stencil" : {
      "id" : "Arc"
    },
    "outgoing" : [ {
      "resourceId" : "sid-9B8B14AE-2232-466A-B4A0-3C1C706A957C"
    } ],
    "formats" : {
    },
    "glossaryLinks" : {
    }
  }, {
    "bounds" : {
      "lowerRight" : {
        "y" : 190,
        "x" : 460
      },
      "upperLeft" : {
        "y" : 150,
        "x" : 420
      }
    },
    "dockers" : [ ],
    "resourceId" : "sid-8E3DAB86-1AFD-4851-9A53-99F3CC0B8192",
    "labels" : [ ],
    "layers" : [ ],
    "childShapes" : [ ],
    "properties" : {
      "id" : "",
      "title" : "",
      "communicationtype" : "Default",
      "communicationchannel" : "",
      "guard" : "",
      "oform" : "",
      "omodel" : "",
      "firetype" : "Automatic",
      "href" : ""
    },
    "stencil" : {
      "id" : "Transition"
    },
    "outgoing" : [ {
      "resourceId" : "sid-AB836220-9690-42A3-84FC-D116E5E8F09D"
    } ],
    "formats" : {
    },
    "glossaryLinks" : {
    }
  }, {
    "bounds" : {
      "lowerRight" : {
        "y" : 271.55131216127984,
        "x" : 428.69565217391306
      },
      "upperLeft" : {
        "y" : 190,
        "x" : 382.6014322566679
      }
    },
    "dockers" : [ {
      "y" : 15,
      "x" : 15
    }, {
      "y" : 20,
      "x" : 20
    } ],
    "resourceId" : "sid-BFEBE8CF-2065-4A37-987C-D98E016E0223",
    "labels" : [ ],
    "layers" : [ ],
    "target" : {
      "resourceId" : "sid-8E3DAB86-1AFD-4851-9A53-99F3CC0B8192"
    },
    "childShapes" : [ ],
    "properties" : {
      "id" : "",
      "label" : "",
      "transformation" : ""
    },
    "stencil" : {
      "id" : "Arc"
    },
    "outgoing" : [ {
      "resourceId" : "sid-8E3DAB86-1AFD-4851-9A53-99F3CC0B8192"
    } ],
    "formats" : {
    },
    "glossaryLinks" : {
    }
  }, {
    "bounds" : {
      "lowerRight" : {
        "y" : 415,
        "x" : 460
      },
      "upperLeft" : {
        "y" : 375,
        "x" : 420
      }
    },
    "dockers" : [ ],
    "resourceId" : "sid-CA5720CF-A98E-4FFD-9E7D-302C687E073A",
    "labels" : [ ],
    "layers" : [ ],
    "childShapes" : [ ],
    "properties" : {
      "id" : "",
      "title" : "",
      "communicationtype" : "Default",
      "communicationchannel" : "",
      "guard" : "",
      "oform" : "",
      "omodel" : "",
      "firetype" : "Automatic",
      "href" : ""
    },
    "stencil" : {
      "id" : "Transition"
    },
    "outgoing" : [ {
      "resourceId" : "sid-E34051E8-3F72-4982-80F5-1F5063A2A690"
    } ],
    "formats" : {
    },
    "glossaryLinks" : {
    }
  }, {
    "bounds" : {
      "lowerRight" : {
        "y" : 374.3734484717857,
        "x" : 427.81158318787334
      },
      "upperLeft" : {
        "y" : 298.7515515282143,
        "x" : 383.12591681212666
      }
    },
    "dockers" : [ {
      "y" : 15,
      "x" : 15
    }, {
      "y" : 20,
      "x" : 20
    } ],
    "resourceId" : "sid-AC371F86-1D6C-4EA9-99FF-745702D5F1FD",
    "labels" : [ ],
    "layers" : [ ],
    "target" : {
      "resourceId" : "sid-CA5720CF-A98E-4FFD-9E7D-302C687E073A"
    },
    "childShapes" : [ ],
    "properties" : {
      "id" : "",
      "label" : "",
      "transformation" : ""
    },
    "stencil" : {
      "id" : "Arc"
    },
    "outgoing" : [ {
      "resourceId" : "sid-CA5720CF-A98E-4FFD-9E7D-302C687E073A"
    } ],
    "formats" : {
    },
    "glossaryLinks" : {
    }
  }, {
    "bounds" : {
      "lowerRight" : {
        "y" : 746,
        "x" : 329
      },
      "upperLeft" : {
        "y" : 694,
        "x" : 251
      }
    },
    "dockers" : [ ],
    "resourceId" : "sid-393E6D48-3DFF-46F7-921E-59B24D11FB83",
    "labels" : [ ],
    "layers" : [ ],
    "childShapes" : [ ],
    "properties" : {
      "id" : "",
      "title" : "F",
      "communicationtype" : "Default",
      "communicationchannel" : "",
      "guard" : "",
      "oform" : "",
      "omodel" : "",
      "firetype" : "Automatic",
      "href" : ""
    },
    "stencil" : {
      "id" : "Transition"
    },
    "outgoing" : [ {
      "resourceId" : "sid-9B3A0BDC-9A78-4466-9F95-7AD8937EDBC3"
    } ],
    "formats" : {
    },
    "glossaryLinks" : {
    }
  }, {
    "bounds" : {
      "lowerRight" : {
        "y" : 720,
        "x" : 250.25
      },
      "upperLeft" : {
        "y" : 720,
        "x" : 225.375
      }
    },
    "dockers" : [ {
      "y" : 14.999999999999998,
      "x" : 15
    }, {
      "y" : 26,
      "x" : 39
    } ],
    "resourceId" : "sid-7382F789-29CC-4D37-9BDF-E8CE409FE318",
    "labels" : [ ],
    "layers" : [ ],
    "target" : {
      "resourceId" : "sid-393E6D48-3DFF-46F7-921E-59B24D11FB83"
    },
    "childShapes" : [ ],
    "properties" : {
      "id" : "",
      "label" : "",
      "transformation" : ""
    },
    "stencil" : {
      "id" : "Arc"
    },
    "outgoing" : [ {
      "resourceId" : "sid-393E6D48-3DFF-46F7-921E-59B24D11FB83"
    } ],
    "formats" : {
    },
    "glossaryLinks" : {
    }
  }, {
    "bounds" : {
      "lowerRight" : {
        "y" : 735,
        "x" : 390
      },
      "upperLeft" : {
        "y" : 705,
        "x" : 360
      }
    },
    "dockers" : [ ],
    "resourceId" : "sid-9E070949-B144-4DF2-AADF-47ABD1227490",
    "labels" : [ ],
    "layers" : [ ],
    "childShapes" : [ ],
    "properties" : {
      "exttype" : "Push",
      "id" : "",
      "title" : "G",
      "external" : "false",
      "locatortypes" : "",
      "locatornames" : "",
      "numberoftokens_drawing" : "0",
      "numberoftokens_text" : "",
      "numberOfTokens" : "0",
      "locatorexpr" : "",
      "href" : ""
    },
    "stencil" : {
      "id" : "Place"
    },
    "outgoing" : [ {
      "resourceId" : "sid-735B5671-223E-42C6-B940-805DB9150354"
    }, {
      "resourceId" : "sid-428837E9-F56E-4BF8-B0AB-35154C0EFCFE"
    } ],
    "formats" : {
    },
    "glossaryLinks" : {
    }
  }, {
    "bounds" : {
      "lowerRight" : {
        "y" : 720,
        "x" : 359.390625
      },
      "upperLeft" : {
        "y" : 720,
        "x" : 329
      }
    },
    "dockers" : [ {
      "y" : 26,
      "x" : 39
    }, {
      "y" : 15,
      "x" : 15
    } ],
    "resourceId" : "sid-9B3A0BDC-9A78-4466-9F95-7AD8937EDBC3",
    "labels" : [ ],
    "layers" : [ ],
    "target" : {
      "resourceId" : "sid-9E070949-B144-4DF2-AADF-47ABD1227490"
    },
    "childShapes" : [ ],
    "properties" : {
      "id" : "",
      "label" : "",
      "transformation" : ""
    },
    "stencil" : {
      "id" : "Arc"
    },
    "outgoing" : [ {
      "resourceId" : "sid-9E070949-B144-4DF2-AADF-47ABD1227490"
    } ],
    "formats" : {
    },
    "glossaryLinks" : {
    }
  }, {
    "bounds" : {
      "lowerRight" : {
        "y" : 610,
        "x" : 460
      },
      "upperLeft" : {
        "y" : 570,
        "x" : 420
      }
    },
    "dockers" : [ ],
    "resourceId" : "sid-232A52C3-A823-400E-A382-B9B13F5720B7",
    "labels" : [ ],
    "layers" : [ ],
    "childShapes" : [ ],
    "properties" : {
      "id" : "",
      "title" : "",
      "communicationtype" : "Default",
      "communicationchannel" : "",
      "guard" : "",
      "oform" : "",
      "omodel" : "",
      "firetype" : "Automatic",
      "href" : ""
    },
    "stencil" : {
      "id" : "Transition"
    },
    "outgoing" : [ {
      "resourceId" : "sid-0DCBB25D-E9AE-4C23-89FA-367A61A22C39"
    } ],
    "formats" : {
    },
    "glossaryLinks" : {
    }
  }, {
    "bounds" : {
      "lowerRight" : {
        "y" : 705.9024478090001,
        "x" : 430
      },
      "upperLeft" : {
        "y" : 610,
        "x" : 382.04877609549993
      }
    },
    "dockers" : [ {
      "y" : 15,
      "x" : 15
    }, {
      "y" : 20,
      "x" : 20
    } ],
    "resourceId" : "sid-735B5671-223E-42C6-B940-805DB9150354",
    "labels" : [ ],
    "layers" : [ ],
    "target" : {
      "resourceId" : "sid-232A52C3-A823-400E-A382-B9B13F5720B7"
    },
    "childShapes" : [ ],
    "properties" : {
      "id" : "",
      "label" : "",
      "transformation" : ""
    },
    "stencil" : {
      "id" : "Arc"
    },
    "outgoing" : [ {
      "resourceId" : "sid-232A52C3-A823-400E-A382-B9B13F5720B7"
    } ],
    "formats" : {
    },
    "glossaryLinks" : {
    }
  }, {
    "bounds" : {
      "lowerRight" : {
        "y" : 850,
        "x" : 460
      },
      "upperLeft" : {
        "y" : 810,
        "x" : 420
      }
    },
    "dockers" : [ ],
    "resourceId" : "sid-2FD02D69-61DC-45F7-B3C4-A14AEB26E804",
    "labels" : [ ],
    "layers" : [ ],
    "childShapes" : [ ],
    "properties" : {
      "id" : "",
      "title" : "",
      "communicationtype" : "Default",
      "communicationchannel" : "",
      "guard" : "",
      "oform" : "",
      "omodel" : "",
      "firetype" : "Automatic",
      "href" : ""
    },
    "stencil" : {
      "id" : "Transition"
    },
    "outgoing" : [ {
      "resourceId" : "sid-A00F265D-FB93-46E7-805F-9F86B4E63114"
    } ],
    "formats" : {
    },
    "glossaryLinks" : {
    }
  }, {
    "bounds" : {
      "lowerRight" : {
        "y" : 809.3734484717857,
        "x" : 427.81158318787334
      },
      "upperLeft" : {
        "y" : 733.7515515282143,
        "x" : 383.12591681212666
      }
    },
    "dockers" : [ {
      "y" : 15,
      "x" : 15
    }, {
      "y" : 20,
      "x" : 20
    } ],
    "resourceId" : "sid-428837E9-F56E-4BF8-B0AB-35154C0EFCFE",
    "labels" : [ ],
    "layers" : [ ],
    "target" : {
      "resourceId" : "sid-2FD02D69-61DC-45F7-B3C4-A14AEB26E804"
    },
    "childShapes" : [ ],
    "properties" : {
      "id" : "",
      "label" : "",
      "transformation" : ""
    },
    "stencil" : {
      "id" : "Arc"
    },
    "outgoing" : [ {
      "resourceId" : "sid-2FD02D69-61DC-45F7-B3C4-A14AEB26E804"
    } ],
    "formats" : {
    },
    "glossaryLinks" : {
    }
  }, {
    "bounds" : {
      "lowerRight" : {
        "y" : 185,
        "x" : 555
      },
      "upperLeft" : {
        "y" : 155,
        "x" : 525
      }
    },
    "dockers" : [ ],
    "resourceId" : "sid-2368F932-25B1-4BED-B03C-F83D05273BB6",
    "labels" : [ ],
    "layers" : [ ],
    "childShapes" : [ ],
    "properties" : {
      "exttype" : "Push",
      "id" : "",
      "title" : "H",
      "external" : "false",
      "locatortypes" : "",
      "locatornames" : "",
      "numberoftokens_drawing" : "0",
      "numberoftokens_text" : "",
      "numberOfTokens" : "0",
      "locatorexpr" : "",
      "href" : ""
    },
    "stencil" : {
      "id" : "Place"
    },
    "outgoing" : [ {
      "resourceId" : "sid-657B54B0-18A7-47C2-8482-8AA0EBD092C2"
    } ],
    "formats" : {
    },
    "glossaryLinks" : {
    }
  }, {
    "bounds" : {
      "lowerRight" : {
        "y" : 170,
        "x" : 524.9375
      },
      "upperLeft" : {
        "y" : 170,
        "x" : 460
      }
    },
    "dockers" : [ {
      "y" : 20,
      "x" : 20
    }, {
      "y" : 15,
      "x" : 15
    } ],
    "resourceId" : "sid-AB836220-9690-42A3-84FC-D116E5E8F09D",
    "labels" : [ ],
    "layers" : [ ],
    "target" : {
      "resourceId" : "sid-2368F932-25B1-4BED-B03C-F83D05273BB6"
    },
    "childShapes" : [ ],
    "properties" : {
      "id" : "",
      "label" : "",
      "transformation" : ""
    },
    "stencil" : {
      "id" : "Arc"
    },
    "outgoing" : [ {
      "resourceId" : "sid-2368F932-25B1-4BED-B03C-F83D05273BB6"
    } ],
    "formats" : {
    },
    "glossaryLinks" : {
    }
  }, {
    "bounds" : {
      "lowerRight" : {
        "y" : 190,
        "x" : 655
      },
      "upperLeft" : {
        "y" : 150,
        "x" : 615
      }
    },
    "dockers" : [ ],
    "resourceId" : "sid-69546117-BD25-47FC-9268-9112571902BC",
    "labels" : [ ],
    "layers" : [ ],
    "childShapes" : [ ],
    "properties" : {
      "id" : "",
      "title" : "",
      "communicationtype" : "Default",
      "communicationchannel" : "",
      "guard" : "",
      "oform" : "",
      "omodel" : "",
      "firetype" : "Automatic",
      "href" : ""
    },
    "stencil" : {
      "id" : "Transition"
    },
    "outgoing" : [ {
      "resourceId" : "sid-C10DBDB4-17CF-48B1-829B-F2E0AAA63101"
    } ],
    "formats" : {
    },
    "glossaryLinks" : {
    }
  }, {
    "bounds" : {
      "lowerRight" : {
        "y" : 170,
        "x" : 614.703125
      },
      "upperLeft" : {
        "y" : 170,
        "x" : 555.84375
      }
    },
    "dockers" : [ {
      "y" : 15,
      "x" : 15
    }, {
      "y" : 20,
      "x" : 20
    } ],
    "resourceId" : "sid-657B54B0-18A7-47C2-8482-8AA0EBD092C2",
    "labels" : [ ],
    "layers" : [ ],
    "target" : {
      "resourceId" : "sid-69546117-BD25-47FC-9268-9112571902BC"
    },
    "childShapes" : [ ],
    "properties" : {
      "id" : "",
      "label" : "",
      "transformation" : ""
    },
    "stencil" : {
      "id" : "Arc"
    },
    "outgoing" : [ {
      "resourceId" : "sid-69546117-BD25-47FC-9268-9112571902BC"
    } ],
    "formats" : {
    },
    "glossaryLinks" : {
    }
  }, {
    "bounds" : {
      "lowerRight" : {
        "y" : 185,
        "x" : 750
      },
      "upperLeft" : {
        "y" : 155,
        "x" : 720
      }
    },
    "dockers" : [ ],
    "resourceId" : "sid-DDBD0396-97A3-4F8D-ABAF-F8229C2C9770",
    "labels" : [ ],
    "layers" : [ ],
    "childShapes" : [ ],
    "properties" : {
      "exttype" : "Push",
      "id" : "",
      "title" : "I",
      "external" : "false",
      "locatortypes" : "",
      "locatornames" : "",
      "numberoftokens_drawing" : "0",
      "numberoftokens_text" : "",
      "numberOfTokens" : "0",
      "locatorexpr" : "",
      "href" : ""
    },
    "stencil" : {
      "id" : "Place"
    },
    "outgoing" : [ {
      "resourceId" : "sid-C21924DE-160C-41CD-A7CC-1168A47E8372"
    } ],
    "formats" : {
    },
    "glossaryLinks" : {
    }
  }, {
    "bounds" : {
      "lowerRight" : {
        "y" : 170,
        "x" : 719.9375
      },
      "upperLeft" : {
        "y" : 170,
        "x" : 655
      }
    },
    "dockers" : [ {
      "y" : 20,
      "x" : 20
    }, {
      "y" : 15,
      "x" : 15
    } ],
    "resourceId" : "sid-C10DBDB4-17CF-48B1-829B-F2E0AAA63101",
    "labels" : [ ],
    "layers" : [ ],
    "target" : {
      "resourceId" : "sid-DDBD0396-97A3-4F8D-ABAF-F8229C2C9770"
    },
    "childShapes" : [ ],
    "properties" : {
      "id" : "",
      "label" : "",
      "transformation" : ""
    },
    "stencil" : {
      "id" : "Arc"
    },
    "outgoing" : [ {
      "resourceId" : "sid-DDBD0396-97A3-4F8D-ABAF-F8229C2C9770"
    } ],
    "formats" : {
    },
    "glossaryLinks" : {
    }
  }, {
    "bounds" : {
      "lowerRight" : {
        "y" : 410,
        "x" : 555
      },
      "upperLeft" : {
        "y" : 380,
        "x" : 525
      }
    },
    "dockers" : [ ],
    "resourceId" : "sid-392E2F00-33CB-4A19-B867-66869AE4F8E4",
    "labels" : [ ],
    "layers" : [ ],
    "childShapes" : [ ],
    "properties" : {
      "exttype" : "Push",
      "id" : "",
      "title" : "J",
      "external" : "false",
      "locatortypes" : "",
      "locatornames" : "",
      "numberoftokens_drawing" : "0",
      "numberoftokens_text" : "",
      "numberOfTokens" : "0",
      "locatorexpr" : "",
      "href" : ""
    },
    "stencil" : {
      "id" : "Place"
    },
    "outgoing" : [ {
      "resourceId" : "sid-A712E54C-9CED-4716-BC55-0DEEF848D217"
    } ],
    "formats" : {
    },
    "glossaryLinks" : {
    }
  }, {
    "bounds" : {
      "lowerRight" : {
        "y" : 395,
        "x" : 524.9375
      },
      "upperLeft" : {
        "y" : 395,
        "x" : 460
      }
    },
    "dockers" : [ {
      "y" : 20,
      "x" : 20
    }, {
      "y" : 15,
      "x" : 15
    } ],
    "resourceId" : "sid-E34051E8-3F72-4982-80F5-1F5063A2A690",
    "labels" : [ ],
    "layers" : [ ],
    "target" : {
      "resourceId" : "sid-392E2F00-33CB-4A19-B867-66869AE4F8E4"
    },
    "childShapes" : [ ],
    "properties" : {
      "id" : "",
      "label" : "",
      "transformation" : ""
    },
    "stencil" : {
      "id" : "Arc"
    },
    "outgoing" : [ {
      "resourceId" : "sid-392E2F00-33CB-4A19-B867-66869AE4F8E4"
    } ],
    "formats" : {
    },
    "glossaryLinks" : {
    }
  }, {
    "bounds" : {
      "lowerRight" : {
        "y" : 415,
        "x" : 655
      },
      "upperLeft" : {
        "y" : 375,
        "x" : 615
      }
    },
    "dockers" : [ ],
    "resourceId" : "sid-A3E3A019-0D89-4017-9699-05A9C19904CF",
    "labels" : [ ],
    "layers" : [ ],
    "childShapes" : [ ],
    "properties" : {
      "id" : "",
      "title" : "",
      "communicationtype" : "Default",
      "communicationchannel" : "",
      "guard" : "",
      "oform" : "",
      "omodel" : "",
      "firetype" : "Automatic",
      "href" : ""
    },
    "stencil" : {
      "id" : "Transition"
    },
    "outgoing" : [ {
      "resourceId" : "sid-12E7D877-6AAD-4519-AF03-E4D150D68FA4"
    } ],
    "formats" : {
    },
    "glossaryLinks" : {
    }
  }, {
    "bounds" : {
      "lowerRight" : {
        "y" : 395,
        "x" : 614.703125
      },
      "upperLeft" : {
        "y" : 395,
        "x" : 555.84375
      }
    },
    "dockers" : [ {
      "y" : 15,
      "x" : 15
    }, {
      "y" : 20,
      "x" : 20
    } ],
    "resourceId" : "sid-A712E54C-9CED-4716-BC55-0DEEF848D217",
    "labels" : [ ],
    "layers" : [ ],
    "target" : {
      "resourceId" : "sid-A3E3A019-0D89-4017-9699-05A9C19904CF"
    },
    "childShapes" : [ ],
    "properties" : {
      "id" : "",
      "label" : "",
      "transformation" : ""
    },
    "stencil" : {
      "id" : "Arc"
    },
    "outgoing" : [ {
      "resourceId" : "sid-A3E3A019-0D89-4017-9699-05A9C19904CF"
    } ],
    "formats" : {
    },
    "glossaryLinks" : {
    }
  }, {
    "bounds" : {
      "lowerRight" : {
        "y" : 410,
        "x" : 750
      },
      "upperLeft" : {
        "y" : 380,
        "x" : 720
      }
    },
    "dockers" : [ ],
    "resourceId" : "sid-152AA38A-5FCE-4A7A-A956-E6AF7048F2FD",
    "labels" : [ ],
    "layers" : [ ],
    "childShapes" : [ ],
    "properties" : {
      "exttype" : "Push",
      "id" : "",
      "title" : "K",
      "external" : "false",
      "locatortypes" : "",
      "locatornames" : "",
      "numberoftokens_drawing" : "0",
      "numberoftokens_text" : "",
      "numberOfTokens" : "0",
      "locatorexpr" : "",
      "href" : ""
    },
    "stencil" : {
      "id" : "Place"
    },
    "outgoing" : [ {
      "resourceId" : "sid-CB446F68-8A32-4860-8851-0DC3F1ECD187"
    } ],
    "formats" : {
    },
    "glossaryLinks" : {
    }
  }, {
    "bounds" : {
      "lowerRight" : {
        "y" : 395,
        "x" : 719.9375
      },
      "upperLeft" : {
        "y" : 395,
        "x" : 655
      }
    },
    "dockers" : [ {
      "y" : 20,
      "x" : 20
    }, {
      "y" : 15,
      "x" : 15
    } ],
    "resourceId" : "sid-12E7D877-6AAD-4519-AF03-E4D150D68FA4",
    "labels" : [ ],
    "layers" : [ ],
    "target" : {
      "resourceId" : "sid-152AA38A-5FCE-4A7A-A956-E6AF7048F2FD"
    },
    "childShapes" : [ ],
    "properties" : {
      "id" : "",
      "label" : "",
      "transformation" : ""
    },
    "stencil" : {
      "id" : "Arc"
    },
    "outgoing" : [ {
      "resourceId" : "sid-152AA38A-5FCE-4A7A-A956-E6AF7048F2FD"
    } ],
    "formats" : {
    },
    "glossaryLinks" : {
    }
  }, {
    "bounds" : {
      "lowerRight" : {
        "y" : 605,
        "x" : 555
      },
      "upperLeft" : {
        "y" : 575,
        "x" : 525
      }
    },
    "dockers" : [ ],
    "resourceId" : "sid-B2268B6A-F2EE-4F21-909B-4D36EB980B5E",
    "labels" : [ ],
    "layers" : [ ],
    "childShapes" : [ ],
    "properties" : {
      "exttype" : "Push",
      "id" : "",
      "title" : "L",
      "external" : "false",
      "locatortypes" : "",
      "locatornames" : "",
      "numberoftokens_drawing" : "0",
      "numberoftokens_text" : "",
      "numberOfTokens" : "0",
      "locatorexpr" : "",
      "href" : ""
    },
    "stencil" : {
      "id" : "Place"
    },
    "outgoing" : [ {
      "resourceId" : "sid-3FD9830D-7887-4C08-9012-A43E262D9F78"
    } ],
    "formats" : {
    },
    "glossaryLinks" : {
    }
  }, {
    "bounds" : {
      "lowerRight" : {
        "y" : 590,
        "x" : 524.9375
      },
      "upperLeft" : {
        "y" : 590,
        "x" : 460
      }
    },
    "dockers" : [ {
      "y" : 20,
      "x" : 20
    }, {
      "y" : 15,
      "x" : 15
    } ],
    "resourceId" : "sid-0DCBB25D-E9AE-4C23-89FA-367A61A22C39",
    "labels" : [ ],
    "layers" : [ ],
    "target" : {
      "resourceId" : "sid-B2268B6A-F2EE-4F21-909B-4D36EB980B5E"
    },
    "childShapes" : [ ],
    "properties" : {
      "id" : "",
      "label" : "",
      "transformation" : ""
    },
    "stencil" : {
      "id" : "Arc"
    },
    "outgoing" : [ {
      "resourceId" : "sid-B2268B6A-F2EE-4F21-909B-4D36EB980B5E"
    } ],
    "formats" : {
    },
    "glossaryLinks" : {
    }
  }, {
    "bounds" : {
      "lowerRight" : {
        "y" : 610,
        "x" : 655
      },
      "upperLeft" : {
        "y" : 570,
        "x" : 615
      }
    },
    "dockers" : [ ],
    "resourceId" : "sid-29262BE8-C1B2-47C0-A239-402ADD133AA9",
    "labels" : [ ],
    "layers" : [ ],
    "childShapes" : [ ],
    "properties" : {
      "id" : "",
      "title" : "",
      "communicationtype" : "Default",
      "communicationchannel" : "",
      "guard" : "",
      "oform" : "",
      "omodel" : "",
      "firetype" : "Automatic",
      "href" : ""
    },
    "stencil" : {
      "id" : "Transition"
    },
    "outgoing" : [ {
      "resourceId" : "sid-A1E91104-A0BF-4071-A906-0818CB5FE013"
    } ],
    "formats" : {
    },
    "glossaryLinks" : {
    }
  }, {
    "bounds" : {
      "lowerRight" : {
        "y" : 590,
        "x" : 614.703125
      },
      "upperLeft" : {
        "y" : 590,
        "x" : 555.84375
      }
    },
    "dockers" : [ {
      "y" : 15,
      "x" : 15
    }, {
      "y" : 20,
      "x" : 20
    } ],
    "resourceId" : "sid-3FD9830D-7887-4C08-9012-A43E262D9F78",
    "labels" : [ ],
    "layers" : [ ],
    "target" : {
      "resourceId" : "sid-29262BE8-C1B2-47C0-A239-402ADD133AA9"
    },
    "childShapes" : [ ],
    "properties" : {
      "id" : "",
      "label" : "",
      "transformation" : ""
    },
    "stencil" : {
      "id" : "Arc"
    },
    "outgoing" : [ {
      "resourceId" : "sid-29262BE8-C1B2-47C0-A239-402ADD133AA9"
    } ],
    "formats" : {
    },
    "glossaryLinks" : {
    }
  }, {
    "bounds" : {
      "lowerRight" : {
        "y" : 605,
        "x" : 750
      },
      "upperLeft" : {
        "y" : 575,
        "x" : 720
      }
    },
    "dockers" : [ ],
    "resourceId" : "sid-F195BB86-4DB0-4149-AB4C-933E619327B8",
    "labels" : [ ],
    "layers" : [ ],
    "childShapes" : [ ],
    "properties" : {
      "exttype" : "Push",
      "id" : "",
      "title" : "M",
      "external" : "false",
      "locatortypes" : "",
      "locatornames" : "",
      "numberoftokens_drawing" : "0",
      "numberoftokens_text" : "",
      "numberOfTokens" : "0",
      "locatorexpr" : "",
      "href" : ""
    },
    "stencil" : {
      "id" : "Place"
    },
    "outgoing" : [ {
      "resourceId" : "sid-D3A4B499-A898-42EC-B290-E5E1AACB0E2D"
    } ],
    "formats" : {
    },
    "glossaryLinks" : {
    }
  }, {
    "bounds" : {
      "lowerRight" : {
        "y" : 590,
        "x" : 719.9375
      },
      "upperLeft" : {
        "y" : 590,
        "x" : 655
      }
    },
    "dockers" : [ {
      "y" : 20,
      "x" : 20
    }, {
      "y" : 15,
      "x" : 15
    } ],
    "resourceId" : "sid-A1E91104-A0BF-4071-A906-0818CB5FE013",
    "labels" : [ ],
    "layers" : [ ],
    "target" : {
      "resourceId" : "sid-F195BB86-4DB0-4149-AB4C-933E619327B8"
    },
    "childShapes" : [ ],
    "properties" : {
      "id" : "",
      "label" : "",
      "transformation" : ""
    },
    "stencil" : {
      "id" : "Arc"
    },
    "outgoing" : [ {
      "resourceId" : "sid-F195BB86-4DB0-4149-AB4C-933E619327B8"
    } ],
    "formats" : {
    },
    "glossaryLinks" : {
    }
  }, {
    "bounds" : {
      "lowerRight" : {
        "y" : 845,
        "x" : 555
      },
      "upperLeft" : {
        "y" : 815,
        "x" : 525
      }
    },
    "dockers" : [ ],
    "resourceId" : "sid-38A5A97C-27B4-4F99-A600-6D5E879A2F3C",
    "labels" : [ ],
    "layers" : [ ],
    "childShapes" : [ ],
    "properties" : {
      "exttype" : "Push",
      "id" : "",
      "title" : "N",
      "external" : "false",
      "locatortypes" : "",
      "locatornames" : "",
      "numberoftokens_drawing" : "0",
      "numberoftokens_text" : "",
      "numberOfTokens" : "0",
      "locatorexpr" : "",
      "href" : ""
    },
    "stencil" : {
      "id" : "Place"
    },
    "outgoing" : [ {
      "resourceId" : "sid-EC1E92E6-EA19-4CCE-890D-F2898754BAB6"
    } ],
    "formats" : {
    },
    "glossaryLinks" : {
    }
  }, {
    "bounds" : {
      "lowerRight" : {
        "y" : 830,
        "x" : 524.9375
      },
      "upperLeft" : {
        "y" : 830,
        "x" : 460
      }
    },
    "dockers" : [ {
      "y" : 20,
      "x" : 20
    }, {
      "y" : 15,
      "x" : 15
    } ],
    "resourceId" : "sid-A00F265D-FB93-46E7-805F-9F86B4E63114",
    "labels" : [ ],
    "layers" : [ ],
    "target" : {
      "resourceId" : "sid-38A5A97C-27B4-4F99-A600-6D5E879A2F3C"
    },
    "childShapes" : [ ],
    "properties" : {
      "id" : "",
      "label" : "",
      "transformation" : ""
    },
    "stencil" : {
      "id" : "Arc"
    },
    "outgoing" : [ {
      "resourceId" : "sid-38A5A97C-27B4-4F99-A600-6D5E879A2F3C"
    } ],
    "formats" : {
    },
    "glossaryLinks" : {
    }
  }, {
    "bounds" : {
      "lowerRight" : {
        "y" : 850,
        "x" : 655
      },
      "upperLeft" : {
        "y" : 810,
        "x" : 615
      }
    },
    "dockers" : [ ],
    "resourceId" : "sid-1080255B-08DC-4918-9590-4B6B58089508",
    "labels" : [ ],
    "layers" : [ ],
    "childShapes" : [ ],
    "properties" : {
      "id" : "",
      "title" : "",
      "communicationtype" : "Default",
      "communicationchannel" : "",
      "guard" : "",
      "oform" : "",
      "omodel" : "",
      "firetype" : "Automatic",
      "href" : ""
    },
    "stencil" : {
      "id" : "Transition"
    },
    "outgoing" : [ {
      "resourceId" : "sid-4BCE7D71-6BCE-4F7D-8F44-CF6815B0BB0F"
    } ],
    "formats" : {
    },
    "glossaryLinks" : {
    }
  }, {
    "bounds" : {
      "lowerRight" : {
        "y" : 830,
        "x" : 614.703125
      },
      "upperLeft" : {
        "y" : 830,
        "x" : 555.84375
      }
    },
    "dockers" : [ {
      "y" : 15,
      "x" : 15
    }, {
      "y" : 20,
      "x" : 20
    } ],
    "resourceId" : "sid-EC1E92E6-EA19-4CCE-890D-F2898754BAB6",
    "labels" : [ ],
    "layers" : [ ],
    "target" : {
      "resourceId" : "sid-1080255B-08DC-4918-9590-4B6B58089508"
    },
    "childShapes" : [ ],
    "properties" : {
      "id" : "",
      "label" : "",
      "transformation" : ""
    },
    "stencil" : {
      "id" : "Arc"
    },
    "outgoing" : [ {
      "resourceId" : "sid-1080255B-08DC-4918-9590-4B6B58089508"
    } ],
    "formats" : {
    },
    "glossaryLinks" : {
    }
  }, {
    "bounds" : {
      "lowerRight" : {
        "y" : 845,
        "x" : 750
      },
      "upperLeft" : {
        "y" : 815,
        "x" : 720
      }
    },
    "dockers" : [ ],
    "resourceId" : "sid-57CF4580-74AC-437E-B399-DA4809515D9E",
    "labels" : [ ],
    "layers" : [ ],
    "childShapes" : [ ],
    "properties" : {
      "exttype" : "Push",
      "id" : "",
      "title" : "O",
      "external" : "false",
      "locatortypes" : "",
      "locatornames" : "",
      "numberoftokens_drawing" : "0",
      "numberoftokens_text" : "",
      "numberOfTokens" : "0",
      "locatorexpr" : "",
      "href" : ""
    },
    "stencil" : {
      "id" : "Place"
    },
    "outgoing" : [ {
      "resourceId" : "sid-47BADDEA-6F17-4545-8B91-6945A378AC03"
    } ],
    "formats" : {
    },
    "glossaryLinks" : {
    }
  }, {
    "bounds" : {
      "lowerRight" : {
        "y" : 830,
        "x" : 719.9375
      },
      "upperLeft" : {
        "y" : 830,
        "x" : 655
      }
    },
    "dockers" : [ {
      "y" : 20,
      "x" : 20
    }, {
      "y" : 15,
      "x" : 15
    } ],
    "resourceId" : "sid-4BCE7D71-6BCE-4F7D-8F44-CF6815B0BB0F",
    "labels" : [ ],
    "layers" : [ ],
    "target" : {
      "resourceId" : "sid-57CF4580-74AC-437E-B399-DA4809515D9E"
    },
    "childShapes" : [ ],
    "properties" : {
      "id" : "",
      "label" : "",
      "transformation" : ""
    },
    "stencil" : {
      "id" : "Arc"
    },
    "outgoing" : [ {
      "resourceId" : "sid-57CF4580-74AC-437E-B399-DA4809515D9E"
    } ],
    "formats" : {
    },
    "glossaryLinks" : {
    }
  }, {
    "bounds" : {
      "lowerRight" : {
        "y" : 850,
        "x" : 865
      },
      "upperLeft" : {
        "y" : 810,
        "x" : 825
      }
    },
    "dockers" : [ ],
    "resourceId" : "sid-9B8C7829-4FF4-43B9-8C4E-390C004598FD",
    "labels" : [ ],
    "layers" : [ ],
    "childShapes" : [ ],
    "properties" : {
      "id" : "",
      "title" : "",
      "communicationtype" : "Default",
      "communicationchannel" : "",
      "guard" : "",
      "oform" : "",
      "omodel" : "",
      "firetype" : "Automatic",
      "href" : ""
    },
    "stencil" : {
      "id" : "Transition"
    },
    "outgoing" : [ {
      "resourceId" : "sid-276B6B86-363A-4A7B-A9B7-92737F4666E2"
    } ],
    "formats" : {
    },
    "glossaryLinks" : {
    }
  }, {
    "bounds" : {
      "lowerRight" : {
        "y" : 830,
        "x" : 824.234375
      },
      "upperLeft" : {
        "y" : 830,
        "x" : 750.609375
      }
    },
    "dockers" : [ {
      "y" : 15,
      "x" : 15
    }, {
      "y" : 20,
      "x" : 20
    } ],
    "resourceId" : "sid-47BADDEA-6F17-4545-8B91-6945A378AC03",
    "labels" : [ ],
    "layers" : [ ],
    "target" : {
      "resourceId" : "sid-9B8C7829-4FF4-43B9-8C4E-390C004598FD"
    },
    "childShapes" : [ ],
    "properties" : {
      "id" : "",
      "label" : "",
      "transformation" : ""
    },
    "stencil" : {
      "id" : "Arc"
    },
    "outgoing" : [ {
      "resourceId" : "sid-9B8C7829-4FF4-43B9-8C4E-390C004598FD"
    } ],
    "formats" : {
    },
    "glossaryLinks" : {
    }
  }, {
    "bounds" : {
      "lowerRight" : {
        "y" : 845,
        "x" : 960
      },
      "upperLeft" : {
        "y" : 815,
        "x" : 930
      }
    },
    "dockers" : [ ],
    "resourceId" : "sid-5FD6803F-B42A-481A-A61E-A4A0DD489F27",
    "labels" : [ ],
    "layers" : [ ],
    "childShapes" : [ ],
    "properties" : {
      "exttype" : "Push",
      "id" : "",
      "title" : "P",
      "external" : "false",
      "locatortypes" : "",
      "locatornames" : "",
      "numberoftokens_drawing" : "0",
      "numberoftokens_text" : "",
      "numberOfTokens" : "0",
      "locatorexpr" : "",
      "href" : ""
    },
    "stencil" : {
      "id" : "Place"
    },
    "outgoing" : [ {
      "resourceId" : "sid-4FF13F21-4DC4-40E2-B2C8-318068D2CB2B"
    } ],
    "formats" : {
    },
    "glossaryLinks" : {
    }
  }, {
    "bounds" : {
      "lowerRight" : {
        "y" : 830,
        "x" : 929.9375
      },
      "upperLeft" : {
        "y" : 830,
        "x" : 865
      }
    },
    "dockers" : [ {
      "y" : 20,
      "x" : 20
    }, {
      "y" : 15,
      "x" : 15
    } ],
    "resourceId" : "sid-276B6B86-363A-4A7B-A9B7-92737F4666E2",
    "labels" : [ ],
    "layers" : [ ],
    "target" : {
      "resourceId" : "sid-5FD6803F-B42A-481A-A61E-A4A0DD489F27"
    },
    "childShapes" : [ ],
    "properties" : {
      "id" : "",
      "label" : "",
      "transformation" : ""
    },
    "stencil" : {
      "id" : "Arc"
    },
    "outgoing" : [ {
      "resourceId" : "sid-5FD6803F-B42A-481A-A61E-A4A0DD489F27"
    } ],
    "formats" : {
    },
    "glossaryLinks" : {
    }
  }, {
    "bounds" : {
      "lowerRight" : {
        "y" : 415,
        "x" : 1045
      },
      "upperLeft" : {
        "y" : 375,
        "x" : 1005
      }
    },
    "dockers" : [ ],
    "resourceId" : "sid-99BAB6C1-C2D5-4328-9505-301CD12D0FAD",
    "labels" : [ ],
    "layers" : [ ],
    "childShapes" : [ ],
    "properties" : {
      "id" : "",
      "title" : "",
      "communicationtype" : "Default",
      "communicationchannel" : "",
      "guard" : "",
      "oform" : "",
      "omodel" : "",
      "firetype" : "Automatic",
      "href" : ""
    },
    "stencil" : {
      "id" : "Transition"
    },
    "outgoing" : [ {
      "resourceId" : "sid-EF0FE57C-F563-471E-BF2D-980831F98778"
    } ],
    "formats" : {
    },
    "glossaryLinks" : {
    }
  }, {
    "bounds" : {
      "lowerRight" : {
        "y" : 581.4439555352802,
        "x" : 1004.9123449306732
      },
      "upperLeft" : {
        "y" : 408.5072163397198,
        "x" : 747.7243738193268
      }
    },
    "dockers" : [ {
      "y" : 15,
      "x" : 15
    }, {
      "y" : 20,
      "x" : 20
    } ],
    "resourceId" : "sid-D3A4B499-A898-42EC-B290-E5E1AACB0E2D",
    "labels" : [ ],
    "layers" : [ ],
    "target" : {
      "resourceId" : "sid-99BAB6C1-C2D5-4328-9505-301CD12D0FAD"
    },
    "childShapes" : [ ],
    "properties" : {
      "id" : "",
      "label" : "",
      "transformation" : ""
    },
    "stencil" : {
      "id" : "Arc"
    },
    "outgoing" : [ {
      "resourceId" : "sid-99BAB6C1-C2D5-4328-9505-301CD12D0FAD"
    } ],
    "formats" : {
    },
    "glossaryLinks" : {
    }
  }, {
    "bounds" : {
      "lowerRight" : {
        "y" : 379.4455966471234,
        "x" : 1004.9521023451813
      },
      "upperLeft" : {
        "y" : 179.4020596028766,
        "x" : 747.1182101548187
      }
    },
    "dockers" : [ {
      "y" : 15,
      "x" : 15
    }, {
      "y" : 20,
      "x" : 20
    } ],
    "resourceId" : "sid-C21924DE-160C-41CD-A7CC-1168A47E8372",
    "labels" : [ ],
    "layers" : [ ],
    "target" : {
      "resourceId" : "sid-99BAB6C1-C2D5-4328-9505-301CD12D0FAD"
    },
    "childShapes" : [ ],
    "properties" : {
      "id" : "",
      "label" : "",
      "transformation" : ""
    },
    "stencil" : {
      "id" : "Arc"
    },
    "outgoing" : [ {
      "resourceId" : "sid-99BAB6C1-C2D5-4328-9505-301CD12D0FAD"
    } ],
    "formats" : {
    },
    "glossaryLinks" : {
    }
  }, {
    "bounds" : {
      "lowerRight" : {
        "y" : 525,
        "x" : 1110
      },
      "upperLeft" : {
        "y" : 495,
        "x" : 1080
      }
    },
    "dockers" : [ ],
    "resourceId" : "sid-986B8D8B-4369-4941-AEBD-6ED57529A47E",
    "labels" : [ ],
    "layers" : [ ],
    "childShapes" : [ ],
    "properties" : {
      "exttype" : "Push",
      "id" : "",
      "title" : "Q",
      "external" : "false",
      "locatortypes" : "",
      "locatornames" : "",
      "numberoftokens_drawing" : "0",
      "numberoftokens_text" : "",
      "numberOfTokens" : "0",
      "locatorexpr" : "",
      "href" : ""
    },
    "stencil" : {
      "id" : "Place"
    },
    "outgoing" : [ ],
    "formats" : {
    },
    "glossaryLinks" : {
    }
  }, {
    "bounds" : {
      "lowerRight" : {
        "y" : 496.56767644438554,
        "x" : 1086.8238030531043
      },
      "upperLeft" : {
        "y" : 415,
        "x" : 1037.1739130434783
      }
    },
    "dockers" : [ {
      "y" : 20,
      "x" : 20
    }, {
      "y" : 15,
      "x" : 15
    } ],
    "resourceId" : "sid-EF0FE57C-F563-471E-BF2D-980831F98778",
    "labels" : [ ],
    "layers" : [ ],
    "target" : {
      "resourceId" : "sid-986B8D8B-4369-4941-AEBD-6ED57529A47E"
    },
    "childShapes" : [ ],
    "properties" : {
      "id" : "",
      "label" : "",
      "transformation" : ""
    },
    "stencil" : {
      "id" : "Arc"
    },
    "outgoing" : [ {
      "resourceId" : "sid-986B8D8B-4369-4941-AEBD-6ED57529A47E"
    } ],
    "formats" : {
    },
    "glossaryLinks" : {
    }
  }, {
    "bounds" : {
      "lowerRight" : {
        "y" : 610,
        "x" : 1045
      },
      "upperLeft" : {
        "y" : 570,
        "x" : 1005
      }
    },
    "dockers" : [ ],
    "resourceId" : "sid-A17F3580-B266-456D-8E02-C4852E90F022",
    "labels" : [ ],
    "layers" : [ ],
    "childShapes" : [ ],
    "properties" : {
      "id" : "",
      "title" : "",
      "communicationtype" : "Default",
      "communicationchannel" : "",
      "guard" : "",
      "oform" : "",
      "omodel" : "",
      "firetype" : "Automatic",
      "href" : ""
    },
    "stencil" : {
      "id" : "Transition"
    },
    "outgoing" : [ {
      "resourceId" : "sid-7FBD3874-CF01-4B9D-A4D7-98A73FE7FEAA"
    } ],
    "formats" : {
    },
    "glossaryLinks" : {
    }
  }, {
    "bounds" : {
      "lowerRight" : {
        "y" : 576.4927836602802,
        "x" : 1004.9123449306732
      },
      "upperLeft" : {
        "y" : 403.5560444647198,
        "x" : 747.7243738193268
      }
    },
    "dockers" : [ {
      "y" : 15,
      "x" : 15
    }, {
      "y" : 20,
      "x" : 20
    } ],
    "resourceId" : "sid-CB446F68-8A32-4860-8851-0DC3F1ECD187",
    "labels" : [ ],
    "layers" : [ ],
    "target" : {
      "resourceId" : "sid-A17F3580-B266-456D-8E02-C4852E90F022"
    },
    "childShapes" : [ ],
    "properties" : {
      "id" : "",
      "label" : "",
      "transformation" : ""
    },
    "stencil" : {
      "id" : "Arc"
    },
    "outgoing" : [ {
      "resourceId" : "sid-A17F3580-B266-456D-8E02-C4852E90F022"
    } ],
    "formats" : {
    },
    "glossaryLinks" : {
    }
  }, {
    "bounds" : {
      "lowerRight" : {
        "y" : 814.9888167019495,
        "x" : 1018.3333333333334
      },
      "upperLeft" : {
        "y" : 610,
        "x" : 950.0037277660168
      }
    },
    "dockers" : [ {
      "y" : 15,
      "x" : 15
    }, {
      "y" : 20,
      "x" : 20
    } ],
    "resourceId" : "sid-4FF13F21-4DC4-40E2-B2C8-318068D2CB2B",
    "labels" : [ ],
    "layers" : [ ],
    "target" : {
      "resourceId" : "sid-A17F3580-B266-456D-8E02-C4852E90F022"
    },
    "childShapes" : [ ],
    "properties" : {
      "id" : "",
      "label" : "",
      "transformation" : ""
    },
    "stencil" : {
      "id" : "Arc"
    },
    "outgoing" : [ {
      "resourceId" : "sid-A17F3580-B266-456D-8E02-C4852E90F022"
    } ],
    "formats" : {
    },
    "glossaryLinks" : {
    }
  }, {
    "bounds" : {
      "lowerRight" : {
        "y" : 569.8724233052931,
        "x" : 1084.4977453921315
      },
      "upperLeft" : {
        "y" : 522.0025766947069,
        "x" : 1042.6116296078685
      }
    },
    "dockers" : [ {
      "y" : 20,
      "x" : 20
    }, {
      "y" : 15,
      "x" : 15
    } ],
    "resourceId" : "sid-7FBD3874-CF01-4B9D-A4D7-98A73FE7FEAA",
    "labels" : [ ],
    "layers" : [ ],
    "target" : {
      "resourceId" : "sid-986B8D8B-4369-4941-AEBD-6ED57529A47E"
    },
    "childShapes" : [ ],
    "properties" : {
      "id" : "",
      "label" : "",
      "transformation" : ""
    },
    "stencil" : {
      "id" : "Arc"
    },
    "outgoing" : [ {
      "resourceId" : "sid-986B8D8B-4369-4941-AEBD-6ED57529A47E"
    } ],
    "formats" : {
    },
    "glossaryLinks" : {
    }
  } ],
  "properties" : {
    "author" : "",
    "title" : "",
    "engine" : "false",
    "modificationdate" : "10/07/07",
    "documentation" : "",
    "language" : "English",
    "creationdate" : "10/07/07",
    "version" : ""
  },
  "stencilset" : {
    "url" : "/stencilsets/petrinets/petrinet.json?version=4.3.4",
    "namespace" : "http://b3mn.org/stencilset/petrinet#"
  },
  "ssextensions" : [ ],
  "stencil" : {
    "id" : "Diagram"
  },
  "formats" : {
  }
}