{
  "bounds" : {
    "lowerRight" : {
      "y" : 1050,
      "x" : 1485
    },
    "upperLeft" : {
      "y" : 0,
      "x" : 0
    }
  },
  "resourceId" : "canvas",
  "childShapes" : [ {
    "bounds" : {
      "lowerRight" : {
        "y" : 165,
        "x" : 75
      },
      "upperLeft" : {
        "y" : 135,
        "x" : 45
      }
    },
    "dockers" : [ ],
    "resourceId" : "sid-523534AD-33EF-4A48-B00E-7C4AAF64F0F0",
    "labels" : [ ],
    "layers" : [ ],
    "childShapes" : [ ],
    "properties" : {
      "exttype" : "Push",
      "id" : "",
      "title" : "A",
      "external" : "false",
      "locatortypes" : "",
      "locatornames" : "",
      "numberoftokens_drawing" : "0",
      "numberoftokens_text" : "",
      "numberOfTokens" : "0",
      "locatorexpr" : "",
      "href" : ""
    },
    "stencil" : {
      "id" : "Place"
    },
    "outgoing" : [ {
      "resourceId" : "sid-AEF578B5-DAA3-4A07-8015-447606361C4F"
    } ],
    "formats" : {
    },
    "glossaryLinks" : {
    }
  }, {
    "bounds" : {
      "lowerRight" : {
        "y" : 170,
        "x" : 145
      },
      "upperLeft" : {
        "y" : 130,
        "x" : 105
      }
    },
    "dockers" : [ ],
    "resourceId" : "sid-62ABE9CC-6EC0-4234-B3A9-DB158352F98D",
    "labels" : [ ],
    "layers" : [ ],
    "childShapes" : [ ],
    "properties" : {
      "id" : "",
      "title" : "B",
      "communicationtype" : "Default",
      "communicationchannel" : "",
      "guard" : "",
      "oform" : "",
      "omodel" : "",
      "firetype" : "Automatic",
      "href" : ""
    },
    "stencil" : {
      "id" : "Transition"
    },
    "outgoing" : [ {
      "resourceId" : "sid-D96EBEED-1E11-497B-9954-A969BBDD2E1B"
    } ],
    "formats" : {
    },
    "glossaryLinks" : {
    }
  }, {
    "bounds" : {
      "lowerRight" : {
        "y" : 150,
        "x" : 104.703125
      },
      "upperLeft" : {
        "y" : 150,
        "x" : 75.21875
      }
    },
    "dockers" : [ {
      "y" : 15,
      "x" : 15
    }, {
      "y" : 20,
      "x" : 20
    } ],
    "resourceId" : "sid-AEF578B5-DAA3-4A07-8015-447606361C4F",
    "labels" : [ ],
    "layers" : [ ],
    "target" : {
      "resourceId" : "sid-62ABE9CC-6EC0-4234-B3A9-DB158352F98D"
    },
    "childShapes" : [ ],
    "properties" : {
      "id" : "",
      "label" : "",
      "transformation" : ""
    },
    "stencil" : {
      "id" : "Arc"
    },
    "outgoing" : [ {
      "resourceId" : "sid-62ABE9CC-6EC0-4234-B3A9-DB158352F98D"
    } ],
    "formats" : {
    },
    "glossaryLinks" : {
    }
  }, {
    "bounds" : {
      "lowerRight" : {
        "y" : 165,
        "x" : 210
      },
      "upperLeft" : {
        "y" : 135,
        "x" : 180
      }
    },
    "dockers" : [ ],
    "resourceId" : "sid-9636188B-0FB7-43B6-B0E1-1DB3CBE2C77B",
    "labels" : [ ],
    "layers" : [ ],
    "childShapes" : [ ],
    "properties" : {
      "exttype" : "Push",
      "id" : "",
      "title" : "C",
      "external" : "false",
      "locatortypes" : "",
      "locatornames" : "",
      "numberoftokens_drawing" : "0",
      "numberoftokens_text" : "",
      "numberOfTokens" : "0",
      "locatorexpr" : "",
      "href" : ""
    },
    "stencil" : {
      "id" : "Place"
    },
    "outgoing" : [ {
      "resourceId" : "sid-D60526B7-DADA-4BFC-B770-6CDBCFDC7FD9"
    }, {
      "resourceId" : "sid-B8402911-E5EB-4842-8D04-C0D6D889CBEA"
    } ],
    "formats" : {
    },
    "glossaryLinks" : {
    }
  }, {
    "bounds" : {
      "lowerRight" : {
        "y" : 150,
        "x" : 179.78125
      },
      "upperLeft" : {
        "y" : 150,
        "x" : 145
      }
    },
    "dockers" : [ {
      "y" : 20,
      "x" : 20
    }, {
      "y" : 15,
      "x" : 15
    } ],
    "resourceId" : "sid-D96EBEED-1E11-497B-9954-A969BBDD2E1B",
    "labels" : [ ],
    "layers" : [ ],
    "target" : {
      "resourceId" : "sid-9636188B-0FB7-43B6-B0E1-1DB3CBE2C77B"
    },
    "childShapes" : [ ],
    "properties" : {
      "id" : "",
      "label" : "",
      "transformation" : ""
    },
    "stencil" : {
      "id" : "Arc"
    },
    "outgoing" : [ {
      "resourceId" : "sid-9636188B-0FB7-43B6-B0E1-1DB3CBE2C77B"
    } ],
    "formats" : {
    },
    "glossaryLinks" : {
    }
  }, {
    "bounds" : {
      "lowerRight" : {
        "y" : 115,
        "x" : 280
      },
      "upperLeft" : {
        "y" : 75,
        "x" : 240
      }
    },
    "dockers" : [ ],
    "resourceId" : "sid-D00921D6-8B23-4D70-9646-72EF07C05BD6",
    "labels" : [ ],
    "layers" : [ ],
    "childShapes" : [ ],
    "properties" : {
      "id" : "",
      "title" : "",
      "communicationtype" : "Default",
      "communicationchannel" : "",
      "guard" : "",
      "oform" : "",
      "omodel" : "",
      "firetype" : "Automatic",
      "href" : ""
    },
    "stencil" : {
      "id" : "Transition"
    },
    "outgoing" : [ {
      "resourceId" : "sid-16D8CF6C-6A8D-4A33-867A-C0EA3C388179"
    } ],
    "formats" : {
    },
    "glossaryLinks" : {
    }
  }, {
    "bounds" : {
      "lowerRight" : {
        "y" : 139.90093275853383,
        "x" : 239.9397387146309
      },
      "upperLeft" : {
        "y" : 111.97406724146617,
        "x" : 206.9352612853691
      }
    },
    "dockers" : [ {
      "y" : 15,
      "x" : 15
    }, {
      "y" : 20,
      "x" : 20
    } ],
    "resourceId" : "sid-D60526B7-DADA-4BFC-B770-6CDBCFDC7FD9",
    "labels" : [ ],
    "layers" : [ ],
    "target" : {
      "resourceId" : "sid-D00921D6-8B23-4D70-9646-72EF07C05BD6"
    },
    "childShapes" : [ ],
    "properties" : {
      "id" : "",
      "label" : "",
      "transformation" : ""
    },
    "stencil" : {
      "id" : "Arc"
    },
    "outgoing" : [ {
      "resourceId" : "sid-D00921D6-8B23-4D70-9646-72EF07C05BD6"
    } ],
    "formats" : {
    },
    "glossaryLinks" : {
    }
  }, {
    "bounds" : {
      "lowerRight" : {
        "y" : 220,
        "x" : 280
      },
      "upperLeft" : {
        "y" : 180,
        "x" : 240
      }
    },
    "dockers" : [ ],
    "resourceId" : "sid-7D68C86E-9EB5-47AD-98AC-C01343B8A08F",
    "labels" : [ ],
    "layers" : [ ],
    "childShapes" : [ ],
    "properties" : {
      "id" : "",
      "title" : "D",
      "communicationtype" : "Default",
      "communicationchannel" : "",
      "guard" : "",
      "oform" : "",
      "omodel" : "",
      "firetype" : "Automatic",
      "href" : ""
    },
    "stencil" : {
      "id" : "Transition"
    },
    "outgoing" : [ {
      "resourceId" : "sid-3AFB9D96-B7C9-4ABF-9CB6-130634BB47F3"
    }, {
      "resourceId" : "sid-ECC26BD4-D70F-41D9-9B2E-A2EF42844EF6"
    } ],
    "formats" : {
    },
    "glossaryLinks" : {
    }
  }, {
    "bounds" : {
      "lowerRight" : {
        "y" : 184.54653923915032,
        "x" : 239.9105010108954
      },
      "upperLeft" : {
        "y" : 159.20346076084968,
        "x" : 206.9644989891046
      }
    },
    "dockers" : [ {
      "y" : 15,
      "x" : 15
    }, {
      "y" : 20,
      "x" : 20
    } ],
    "resourceId" : "sid-B8402911-E5EB-4842-8D04-C0D6D889CBEA",
    "labels" : [ ],
    "layers" : [ ],
    "target" : {
      "resourceId" : "sid-7D68C86E-9EB5-47AD-98AC-C01343B8A08F"
    },
    "childShapes" : [ ],
    "properties" : {
      "id" : "",
      "label" : "",
      "transformation" : ""
    },
    "stencil" : {
      "id" : "Arc"
    },
    "outgoing" : [ {
      "resourceId" : "sid-7D68C86E-9EB5-47AD-98AC-C01343B8A08F"
    } ],
    "formats" : {
    },
    "glossaryLinks" : {
    }
  }, {
    "bounds" : {
      "lowerRight" : {
        "y" : 110,
        "x" : 360
      },
      "upperLeft" : {
        "y" : 80,
        "x" : 330
      }
    },
    "dockers" : [ ],
    "resourceId" : "sid-F807CD6C-7CFF-4917-B757-C7E7694F68AC",
    "labels" : [ ],
    "layers" : [ ],
    "childShapes" : [ ],
    "properties" : {
      "exttype" : "Push",
      "id" : "",
      "title" : "E",
      "external" : "false",
      "locatortypes" : "",
      "locatornames" : "",
      "numberoftokens_drawing" : "0",
      "numberoftokens_text" : "",
      "numberOfTokens" : "0",
      "locatorexpr" : "",
      "href" : ""
    },
    "stencil" : {
      "id" : "Place"
    },
    "outgoing" : [ {
      "resourceId" : "sid-1CA1A9DA-D76F-4D58-B5F6-070D6237A2DC"
    } ],
    "formats" : {
    },
    "glossaryLinks" : {
    }
  }, {
    "bounds" : {
      "lowerRight" : {
        "y" : 95,
        "x" : 329.390625
      },
      "upperLeft" : {
        "y" : 95,
        "x" : 280
      }
    },
    "dockers" : [ {
      "y" : 20,
      "x" : 20
    }, {
      "y" : 15,
      "x" : 15
    } ],
    "resourceId" : "sid-16D8CF6C-6A8D-4A33-867A-C0EA3C388179",
    "labels" : [ ],
    "layers" : [ ],
    "target" : {
      "resourceId" : "sid-F807CD6C-7CFF-4917-B757-C7E7694F68AC"
    },
    "childShapes" : [ ],
    "properties" : {
      "id" : "",
      "label" : "",
      "transformation" : ""
    },
    "stencil" : {
      "id" : "Arc"
    },
    "outgoing" : [ {
      "resourceId" : "sid-F807CD6C-7CFF-4917-B757-C7E7694F68AC"
    } ],
    "formats" : {
    },
    "glossaryLinks" : {
    }
  }, {
    "bounds" : {
      "lowerRight" : {
        "y" : 115,
        "x" : 430
      },
      "upperLeft" : {
        "y" : 75,
        "x" : 390
      }
    },
    "dockers" : [ ],
    "resourceId" : "sid-E3D456CF-E4E9-4142-8556-F68200778A0A",
    "labels" : [ ],
    "layers" : [ ],
    "childShapes" : [ ],
    "properties" : {
      "id" : "",
      "title" : "F",
      "communicationtype" : "Default",
      "communicationchannel" : "",
      "guard" : "",
      "oform" : "",
      "omodel" : "",
      "firetype" : "Automatic",
      "href" : ""
    },
    "stencil" : {
      "id" : "Transition"
    },
    "outgoing" : [ {
      "resourceId" : "sid-82728159-BF52-4B5B-A63F-FEA049223FB0"
    } ],
    "formats" : {
    },
    "glossaryLinks" : {
    }
  }, {
    "bounds" : {
      "lowerRight" : {
        "y" : 95,
        "x" : 389.703125
      },
      "upperLeft" : {
        "y" : 95,
        "x" : 360.21875
      }
    },
    "dockers" : [ {
      "y" : 15,
      "x" : 15
    }, {
      "y" : 20,
      "x" : 20
    } ],
    "resourceId" : "sid-1CA1A9DA-D76F-4D58-B5F6-070D6237A2DC",
    "labels" : [ ],
    "layers" : [ ],
    "target" : {
      "resourceId" : "sid-E3D456CF-E4E9-4142-8556-F68200778A0A"
    },
    "childShapes" : [ ],
    "properties" : {
      "id" : "",
      "label" : "",
      "transformation" : ""
    },
    "stencil" : {
      "id" : "Arc"
    },
    "outgoing" : [ {
      "resourceId" : "sid-E3D456CF-E4E9-4142-8556-F68200778A0A"
    } ],
    "formats" : {
    },
    "glossaryLinks" : {
    }
  }, {
    "bounds" : {
      "lowerRight" : {
        "y" : 110,
        "x" : 525
      },
      "upperLeft" : {
        "y" : 80,
        "x" : 495
      }
    },
    "dockers" : [ ],
    "resourceId" : "sid-91011530-54B6-4E5A-AFFC-F065605CE609",
    "labels" : [ ],
    "layers" : [ ],
    "childShapes" : [ ],
    "properties" : {
      "exttype" : "Push",
      "id" : "",
      "title" : "G",
      "external" : "false",
      "locatortypes" : "",
      "locatornames" : "",
      "numberoftokens_drawing" : "0",
      "numberoftokens_text" : "",
      "numberOfTokens" : "0",
      "locatorexpr" : "",
      "href" : ""
    },
    "stencil" : {
      "id" : "Place"
    },
    "outgoing" : [ {
      "resourceId" : "sid-6E5720EE-38E6-4AF0-90CC-598B9938BA86"
    }, {
      "resourceId" : "sid-A6CC9292-0C2F-4B62-934A-05D50D8127DB"
    } ],
    "formats" : {
    },
    "glossaryLinks" : {
    }
  }, {
    "bounds" : {
      "lowerRight" : {
        "y" : 95,
        "x" : 494.9375
      },
      "upperLeft" : {
        "y" : 95,
        "x" : 430
      }
    },
    "dockers" : [ {
      "y" : 20,
      "x" : 20
    }, {
      "y" : 15,
      "x" : 15
    } ],
    "resourceId" : "sid-82728159-BF52-4B5B-A63F-FEA049223FB0",
    "labels" : [ ],
    "layers" : [ ],
    "target" : {
      "resourceId" : "sid-91011530-54B6-4E5A-AFFC-F065605CE609"
    },
    "childShapes" : [ ],
    "properties" : {
      "id" : "",
      "label" : "",
      "transformation" : ""
    },
    "stencil" : {
      "id" : "Arc"
    },
    "outgoing" : [ {
      "resourceId" : "sid-91011530-54B6-4E5A-AFFC-F065605CE609"
    } ],
    "formats" : {
    },
    "glossaryLinks" : {
    }
  }, {
    "bounds" : {
      "lowerRight" : {
        "y" : 55,
        "x" : 430
      },
      "upperLeft" : {
        "y" : 15,
        "x" : 390
      }
    },
    "dockers" : [ ],
    "resourceId" : "sid-B6C640EE-BCE8-4352-BCCE-BBE9164048B9",
    "labels" : [ ],
    "layers" : [ ],
    "childShapes" : [ ],
    "properties" : {
      "id" : "",
      "title" : "",
      "communicationtype" : "Default",
      "communicationchannel" : "",
      "guard" : "",
      "oform" : "",
      "omodel" : "",
      "firetype" : "Automatic",
      "href" : ""
    },
    "stencil" : {
      "id" : "Transition"
    },
    "outgoing" : [ {
      "resourceId" : "sid-2AC6AFF1-355C-4839-A8D1-A14F33472E2F"
    } ],
    "formats" : {
    },
    "glossaryLinks" : {
    }
  }, {
    "bounds" : {
      "lowerRight" : {
        "y" : 86.98550424457247,
        "x" : 496.64250707428744
      },
      "upperLeft" : {
        "y" : 47.00000000000001,
        "x" : 430
      }
    },
    "dockers" : [ {
      "y" : 15,
      "x" : 15
    }, {
      "y" : 20,
      "x" : 20
    } ],
    "resourceId" : "sid-6E5720EE-38E6-4AF0-90CC-598B9938BA86",
    "labels" : [ ],
    "layers" : [ ],
    "target" : {
      "resourceId" : "sid-B6C640EE-BCE8-4352-BCCE-BBE9164048B9"
    },
    "childShapes" : [ ],
    "properties" : {
      "id" : "",
      "label" : "",
      "transformation" : ""
    },
    "stencil" : {
      "id" : "Arc"
    },
    "outgoing" : [ {
      "resourceId" : "sid-B6C640EE-BCE8-4352-BCCE-BBE9164048B9"
    } ],
    "formats" : {
    },
    "glossaryLinks" : {
    }
  }, {
    "bounds" : {
      "lowerRight" : {
        "y" : 84.47796989726693,
        "x" : 389.96832155537254
      },
      "upperLeft" : {
        "y" : 53.49078010273307,
        "x" : 356.39886594462746
      }
    },
    "dockers" : [ {
      "y" : 20,
      "x" : 20
    }, {
      "y" : 15,
      "x" : 15
    } ],
    "resourceId" : "sid-2AC6AFF1-355C-4839-A8D1-A14F33472E2F",
    "labels" : [ ],
    "layers" : [ ],
    "target" : {
      "resourceId" : "sid-F807CD6C-7CFF-4917-B757-C7E7694F68AC"
    },
    "childShapes" : [ ],
    "properties" : {
      "id" : "",
      "label" : "",
      "transformation" : ""
    },
    "stencil" : {
      "id" : "Arc"
    },
    "outgoing" : [ {
      "resourceId" : "sid-F807CD6C-7CFF-4917-B757-C7E7694F68AC"
    } ],
    "formats" : {
    },
    "glossaryLinks" : {
    }
  }, {
    "bounds" : {
      "lowerRight" : {
        "y" : 215,
        "x" : 690
      },
      "upperLeft" : {
        "y" : 185,
        "x" : 660
      }
    },
    "dockers" : [ ],
    "resourceId" : "sid-D18D1457-1463-4107-B48E-F7010B2B3093",
    "labels" : [ ],
    "layers" : [ ],
    "childShapes" : [ ],
    "properties" : {
      "exttype" : "Push",
      "id" : "",
      "title" : "H",
      "external" : "false",
      "locatortypes" : "",
      "locatornames" : "",
      "numberoftokens_drawing" : "0",
      "numberoftokens_text" : "",
      "numberOfTokens" : "0",
      "locatorexpr" : "",
      "href" : ""
    },
    "stencil" : {
      "id" : "Place"
    },
    "outgoing" : [ {
      "resourceId" : "sid-4950AB33-F3A4-4854-A532-395DD944DE44"
    } ],
    "formats" : {
    },
    "glossaryLinks" : {
    }
  }, {
    "bounds" : {
      "lowerRight" : {
        "y" : 200,
        "x" : 659.41015625
      },
      "upperLeft" : {
        "y" : 200,
        "x" : 280
      }
    },
    "dockers" : [ {
      "y" : 20,
      "x" : 20
    }, {
      "y" : 15,
      "x" : 15
    } ],
    "resourceId" : "sid-3AFB9D96-B7C9-4ABF-9CB6-130634BB47F3",
    "labels" : [ ],
    "layers" : [ ],
    "target" : {
      "resourceId" : "sid-D18D1457-1463-4107-B48E-F7010B2B3093"
    },
    "childShapes" : [ ],
    "properties" : {
      "id" : "",
      "label" : "",
      "transformation" : ""
    },
    "stencil" : {
      "id" : "Arc"
    },
    "outgoing" : [ {
      "resourceId" : "sid-D18D1457-1463-4107-B48E-F7010B2B3093"
    } ],
    "formats" : {
    },
    "glossaryLinks" : {
    }
  }, {
    "bounds" : {
      "lowerRight" : {
        "y" : 115,
        "x" : 595
      },
      "upperLeft" : {
        "y" : 75,
        "x" : 555
      }
    },
    "dockers" : [ ],
    "resourceId" : "sid-B7F83CFE-F798-420D-BC07-80FC13D63234",
    "labels" : [ ],
    "layers" : [ ],
    "childShapes" : [ ],
    "properties" : {
      "id" : "",
      "title" : "I",
      "communicationtype" : "Default",
      "communicationchannel" : "",
      "guard" : "",
      "oform" : "",
      "omodel" : "",
      "firetype" : "Automatic",
      "href" : ""
    },
    "stencil" : {
      "id" : "Transition"
    },
    "outgoing" : [ {
      "resourceId" : "sid-3326C02F-3C08-4BD7-9F8C-E852DA5C15AF"
    }, {
      "resourceId" : "sid-3E60B1AC-A533-483D-9CF8-FA594CDBCE88"
    } ],
    "formats" : {
    },
    "glossaryLinks" : {
    }
  }, {
    "bounds" : {
      "lowerRight" : {
        "y" : 95,
        "x" : 554.703125
      },
      "upperLeft" : {
        "y" : 95,
        "x" : 525.21875
      }
    },
    "dockers" : [ {
      "y" : 15,
      "x" : 15
    }, {
      "y" : 20,
      "x" : 20
    } ],
    "resourceId" : "sid-A6CC9292-0C2F-4B62-934A-05D50D8127DB",
    "labels" : [ ],
    "layers" : [ ],
    "target" : {
      "resourceId" : "sid-B7F83CFE-F798-420D-BC07-80FC13D63234"
    },
    "childShapes" : [ ],
    "properties" : {
      "id" : "",
      "label" : "",
      "transformation" : ""
    },
    "stencil" : {
      "id" : "Arc"
    },
    "outgoing" : [ {
      "resourceId" : "sid-B7F83CFE-F798-420D-BC07-80FC13D63234"
    } ],
    "formats" : {
    },
    "glossaryLinks" : {
    }
  }, {
    "bounds" : {
      "lowerRight" : {
        "y" : 110,
        "x" : 720
      },
      "upperLeft" : {
        "y" : 80,
        "x" : 690
      }
    },
    "dockers" : [ ],
    "resourceId" : "sid-68B60300-28DB-4A11-91DA-B4A33A8785F6",
    "labels" : [ ],
    "layers" : [ ],
    "childShapes" : [ ],
    "properties" : {
      "exttype" : "Push",
      "id" : "",
      "title" : "J",
      "external" : "false",
      "locatortypes" : "",
      "locatornames" : "",
      "numberoftokens_drawing" : "0",
      "numberoftokens_text" : "",
      "numberOfTokens" : "0",
      "locatorexpr" : "",
      "href" : ""
    },
    "stencil" : {
      "id" : "Place"
    },
    "outgoing" : [ {
      "resourceId" : "sid-968DF416-6652-4F68-A6C1-7F5CFBB75DBA"
    } ],
    "formats" : {
    },
    "glossaryLinks" : {
    }
  }, {
    "bounds" : {
      "lowerRight" : {
        "y" : 95,
        "x" : 689.78125
      },
      "upperLeft" : {
        "y" : 95,
        "x" : 595
      }
    },
    "dockers" : [ {
      "y" : 20,
      "x" : 20
    }, {
      "y" : 15,
      "x" : 15
    } ],
    "resourceId" : "sid-3326C02F-3C08-4BD7-9F8C-E852DA5C15AF",
    "labels" : [ ],
    "layers" : [ ],
    "target" : {
      "resourceId" : "sid-68B60300-28DB-4A11-91DA-B4A33A8785F6"
    },
    "childShapes" : [ ],
    "properties" : {
      "id" : "",
      "label" : "",
      "transformation" : ""
    },
    "stencil" : {
      "id" : "Arc"
    },
    "outgoing" : [ {
      "resourceId" : "sid-68B60300-28DB-4A11-91DA-B4A33A8785F6"
    } ],
    "formats" : {
    },
    "glossaryLinks" : {
    }
  }, {
    "bounds" : {
      "lowerRight" : {
        "y" : 195.2808988764045,
        "x" : 690.120476440967
      },
      "upperLeft" : {
        "y" : 98.51089881729992,
        "x" : 280
      }
    },
    "dockers" : [ {
      "y" : 20,
      "x" : 20
    }, {
      "y" : 15,
      "x" : 15
    } ],
    "resourceId" : "sid-ECC26BD4-D70F-41D9-9B2E-A2EF42844EF6",
    "labels" : [ ],
    "layers" : [ ],
    "target" : {
      "resourceId" : "sid-68B60300-28DB-4A11-91DA-B4A33A8785F6"
    },
    "childShapes" : [ ],
    "properties" : {
      "id" : "",
      "label" : "",
      "transformation" : ""
    },
    "stencil" : {
      "id" : "Arc"
    },
    "outgoing" : [ {
      "resourceId" : "sid-68B60300-28DB-4A11-91DA-B4A33A8785F6"
    } ],
    "formats" : {
    },
    "glossaryLinks" : {
    }
  }, {
    "bounds" : {
      "lowerRight" : {
        "y" : 190,
        "x" : 805
      },
      "upperLeft" : {
        "y" : 150,
        "x" : 765
      }
    },
    "dockers" : [ ],
    "resourceId" : "sid-1E71E128-3E54-48F5-BBA0-F98375786DD4",
    "labels" : [ ],
    "layers" : [ ],
    "childShapes" : [ ],
    "properties" : {
      "id" : "",
      "title" : "K",
      "communicationtype" : "Default",
      "communicationchannel" : "",
      "guard" : "",
      "oform" : "",
      "omodel" : "",
      "firetype" : "Automatic",
      "href" : ""
    },
    "stencil" : {
      "id" : "Transition"
    },
    "outgoing" : [ {
      "resourceId" : "sid-A9AF5342-A598-487F-842B-698401743177"
    } ],
    "formats" : {
    },
    "glossaryLinks" : {
    }
  }, {
    "bounds" : {
      "lowerRight" : {
        "y" : 151.15199637111866,
        "x" : 764.8954627958599
      },
      "upperLeft" : {
        "y" : 105.64487862888133,
        "x" : 716.3545372041401
      }
    },
    "dockers" : [ {
      "y" : 15,
      "x" : 15
    }, {
      "y" : 20,
      "x" : 20
    } ],
    "resourceId" : "sid-968DF416-6652-4F68-A6C1-7F5CFBB75DBA",
    "labels" : [ ],
    "layers" : [ ],
    "target" : {
      "resourceId" : "sid-1E71E128-3E54-48F5-BBA0-F98375786DD4"
    },
    "childShapes" : [ ],
    "properties" : {
      "id" : "",
      "label" : "",
      "transformation" : ""
    },
    "stencil" : {
      "id" : "Arc"
    },
    "outgoing" : [ {
      "resourceId" : "sid-1E71E128-3E54-48F5-BBA0-F98375786DD4"
    } ],
    "formats" : {
    },
    "glossaryLinks" : {
    }
  }, {
    "bounds" : {
      "lowerRight" : {
        "y" : 188.61179956896552,
        "x" : 664.1540948275862
      },
      "upperLeft" : {
        "y" : 115,
        "x" : 594.047619047619
      }
    },
    "dockers" : [ {
      "y" : 20,
      "x" : 20
    }, {
      "y" : 15,
      "x" : 15
    } ],
    "resourceId" : "sid-3E60B1AC-A533-483D-9CF8-FA594CDBCE88",
    "labels" : [ ],
    "layers" : [ ],
    "target" : {
      "resourceId" : "sid-D18D1457-1463-4107-B48E-F7010B2B3093"
    },
    "childShapes" : [ ],
    "properties" : {
      "id" : "",
      "label" : "",
      "transformation" : ""
    },
    "stencil" : {
      "id" : "Arc"
    },
    "outgoing" : [ {
      "resourceId" : "sid-D18D1457-1463-4107-B48E-F7010B2B3093"
    } ],
    "formats" : {
    },
    "glossaryLinks" : {
    }
  }, {
    "bounds" : {
      "lowerRight" : {
        "y" : 195.98688259420788,
        "x" : 764.2696111787623
      },
      "upperLeft" : {
        "y" : 175.65374240579212,
        "x" : 689.7147638212377
      }
    },
    "dockers" : [ {
      "y" : 15,
      "x" : 15
    }, {
      "y" : 20,
      "x" : 20
    } ],
    "resourceId" : "sid-4950AB33-F3A4-4854-A532-395DD944DE44",
    "labels" : [ ],
    "layers" : [ ],
    "target" : {
      "resourceId" : "sid-1E71E128-3E54-48F5-BBA0-F98375786DD4"
    },
    "childShapes" : [ ],
    "properties" : {
      "id" : "",
      "label" : "",
      "transformation" : ""
    },
    "stencil" : {
      "id" : "Arc"
    },
    "outgoing" : [ {
      "resourceId" : "sid-1E71E128-3E54-48F5-BBA0-F98375786DD4"
    } ],
    "formats" : {
    },
    "glossaryLinks" : {
    }
  }, {
    "bounds" : {
      "lowerRight" : {
        "y" : 185,
        "x" : 870
      },
      "upperLeft" : {
        "y" : 155,
        "x" : 840
      }
    },
    "dockers" : [ ],
    "resourceId" : "sid-8F64035B-0AA2-4B6B-AFA0-47703F7C6DCF",
    "labels" : [ ],
    "layers" : [ ],
    "childShapes" : [ ],
    "properties" : {
      "exttype" : "Push",
      "id" : "",
      "title" : "L",
      "external" : "false",
      "locatortypes" : "",
      "locatornames" : "",
      "numberoftokens_drawing" : "0",
      "numberoftokens_text" : "",
      "numberOfTokens" : "0",
      "locatorexpr" : "",
      "href" : ""
    },
    "stencil" : {
      "id" : "Place"
    },
    "outgoing" : [ ],
    "formats" : {
    },
    "glossaryLinks" : {
    }
  }, {
    "bounds" : {
      "lowerRight" : {
        "y" : 170,
        "x" : 839.78125
      },
      "upperLeft" : {
        "y" : 170,
        "x" : 805
      }
    },
    "dockers" : [ {
      "y" : 20,
      "x" : 20
    }, {
      "y" : 15,
      "x" : 15
    } ],
    "resourceId" : "sid-A9AF5342-A598-487F-842B-698401743177",
    "labels" : [ ],
    "layers" : [ ],
    "target" : {
      "resourceId" : "sid-8F64035B-0AA2-4B6B-AFA0-47703F7C6DCF"
    },
    "childShapes" : [ ],
    "properties" : {
      "id" : "",
      "label" : "",
      "transformation" : ""
    },
    "stencil" : {
      "id" : "Arc"
    },
    "outgoing" : [ {
      "resourceId" : "sid-8F64035B-0AA2-4B6B-AFA0-47703F7C6DCF"
    } ],
    "formats" : {
    },
    "glossaryLinks" : {
    }
  } ],
  "properties" : {
    "author" : "",
    "title" : "",
    "engine" : "false",
    "modificationdate" : "10/07/07",
    "documentation" : "",
    "language" : "English",
    "creationdate" : "10/07/07",
    "version" : ""
  },
  "stencilset" : {
    "url" : "/stencilsets/petrinets/petrinet.json?version=4.3.4",
    "namespace" : "http://b3mn.org/stencilset/petrinet#"
  },
  "ssextensions" : [ ],
  "stencil" : {
    "id" : "Diagram"
  },
  "formats" : {
  }
}