{
  "revision" : {
    "creationDate" : null,
    "elementCounts" : {
      "total" : 59,
      "Place" : 16,
      "Arc" : 32,
      "Transition" : 10,
      "Diagram" : 1
    },
    "connectedness" : 100,
    "isLastRevision" : "true",
    "revisionNumber" : 1
  },
  "model" : {
    "modelingLanguage" : "petrinet",
    "numberOfRevisions" : 1,
    "naturalLanguage" : "de",
    "timestampModelCollection" : null,
    "directoryId" : "773949995",
    "groupName" : "PetriNet",
    "modelDate" : "2012-08-30",
    "modelName" : "1572516618",
    "modelId" : "1572516618"
  }
}