{
  "revision" : {
    "creationDate" : null,
    "elementCounts" : {
      "total" : 62,
      "Place" : 12,
      "Arc" : 32,
      "Transition" : 17,
      "Diagram" : 1
    },
    "connectedness" : 79,
    "isLastRevision" : "false",
    "revisionNumber" : 1
  },
  "model" : {
    "modelingLanguage" : "petrinet",
    "numberOfRevisions" : 2,
    "naturalLanguage" : "de",
    "timestampModelCollection" : null,
    "directoryId" : "1400604583",
    "groupName" : "PetriNet",
    "modelDate" : "2012-08-30",
    "modelName" : "1626000716",
    "modelId" : "1626000716"
  }
}