{
  "bounds" : {
    "lowerRight" : {
      "y" : 1050,
      "x" : 1485
    },
    "upperLeft" : {
      "y" : 0,
      "x" : 0
    }
  },
  "resourceId" : "canvas",
  "childShapes" : [ {
    "bounds" : {
      "lowerRight" : {
        "y" : 135,
        "x" : 150
      },
      "upperLeft" : {
        "y" : 105,
        "x" : 120
      }
    },
    "dockers" : [ ],
    "resourceId" : "sid-D6C7FB02-E7E7-49F0-80C8-18D8E6462566",
    "labels" : [ ],
    "layers" : [ ],
    "childShapes" : [ ],
    "properties" : {
      "exttype" : "Push",
      "id" : "",
      "title" : "A",
      "external" : "false",
      "locatortypes" : "",
      "locatornames" : "",
      "numberoftokens_drawing" : "0",
      "numberoftokens_text" : "",
      "numberOfTokens" : "0",
      "locatorexpr" : "",
      "href" : ""
    },
    "stencil" : {
      "id" : "Place"
    },
    "outgoing" : [ {
      "resourceId" : "sid-B0353483-36F2-4B78-8500-BC64567CF93C"
    }, {
      "resourceId" : "sid-3744C6C8-8BEE-4704-BE44-33BAA14956B5"
    }, {
      "resourceId" : "sid-AD3FA948-737A-4C9E-B366-981E84B7E3D9"
    }, {
      "resourceId" : "sid-3F100FB4-288D-4993-BDF1-058536709B4D"
    } ],
    "formats" : {
    },
    "glossaryLinks" : {
    }
  }, {
    "bounds" : {
      "lowerRight" : {
        "y" : 238,
        "x" : 251
      },
      "upperLeft" : {
        "y" : 198,
        "x" : 211
      }
    },
    "dockers" : [ ],
    "resourceId" : "sid-9836A546-03CA-4C40-B1B3-A170329E552F",
    "labels" : [ ],
    "layers" : [ ],
    "childShapes" : [ ],
    "properties" : {
      "id" : "",
      "title" : "B",
      "communicationtype" : "Default",
      "communicationchannel" : "",
      "guard" : "",
      "oform" : "",
      "omodel" : "",
      "firetype" : "Automatic",
      "href" : ""
    },
    "stencil" : {
      "id" : "Transition"
    },
    "outgoing" : [ {
      "resourceId" : "sid-5784227F-FD43-4E74-B876-CA46526DA74E"
    } ],
    "formats" : {
    },
    "glossaryLinks" : {
    }
  }, {
    "bounds" : {
      "lowerRight" : {
        "y" : 115,
        "x" : 250
      },
      "upperLeft" : {
        "y" : 75,
        "x" : 210
      }
    },
    "dockers" : [ ],
    "resourceId" : "sid-6792E36A-8D98-45DC-A457-89F08F8CE31D",
    "labels" : [ ],
    "layers" : [ ],
    "childShapes" : [ ],
    "properties" : {
      "id" : "",
      "title" : "",
      "communicationtype" : "Default",
      "communicationchannel" : "",
      "guard" : "",
      "oform" : "",
      "omodel" : "",
      "firetype" : "Automatic",
      "href" : ""
    },
    "stencil" : {
      "id" : "Transition"
    },
    "outgoing" : [ {
      "resourceId" : "sid-4AD9507C-2DF7-4F40-B341-366260E6FD4C"
    } ],
    "formats" : {
    },
    "glossaryLinks" : {
    }
  }, {
    "bounds" : {
      "lowerRight" : {
        "y" : 55,
        "x" : 250
      },
      "upperLeft" : {
        "y" : 15,
        "x" : 210
      }
    },
    "dockers" : [ ],
    "resourceId" : "sid-D3DCB87B-0666-43E6-BDEA-6F9C378A896D",
    "labels" : [ ],
    "layers" : [ ],
    "childShapes" : [ ],
    "properties" : {
      "id" : "",
      "title" : "",
      "communicationtype" : "Default",
      "communicationchannel" : "",
      "guard" : "",
      "oform" : "",
      "omodel" : "",
      "firetype" : "Automatic",
      "href" : ""
    },
    "stencil" : {
      "id" : "Transition"
    },
    "outgoing" : [ {
      "resourceId" : "sid-DFA07A70-8348-4D91-88DE-6FC33CE4621E"
    } ],
    "formats" : {
    },
    "glossaryLinks" : {
    }
  }, {
    "bounds" : {
      "lowerRight" : {
        "y" : 140,
        "x" : 55
      },
      "upperLeft" : {
        "y" : 100,
        "x" : 15
      }
    },
    "dockers" : [ ],
    "resourceId" : "sid-441D9E3C-F2D2-4131-9B12-E87B96E6B7B5",
    "labels" : [ ],
    "layers" : [ ],
    "childShapes" : [ ],
    "properties" : {
      "id" : "",
      "title" : "C",
      "communicationtype" : "Default",
      "communicationchannel" : "",
      "guard" : "",
      "oform" : "",
      "omodel" : "",
      "firetype" : "Automatic",
      "href" : ""
    },
    "stencil" : {
      "id" : "Transition"
    },
    "outgoing" : [ {
      "resourceId" : "sid-8A8D2CD5-E221-46D1-A346-5559A239BCCD"
    } ],
    "formats" : {
    },
    "glossaryLinks" : {
    }
  }, {
    "bounds" : {
      "lowerRight" : {
        "y" : 175,
        "x" : 250
      },
      "upperLeft" : {
        "y" : 135,
        "x" : 210
      }
    },
    "dockers" : [ ],
    "resourceId" : "sid-233768A2-02C1-4E83-BBB6-4BF705AE7859",
    "labels" : [ ],
    "layers" : [ ],
    "childShapes" : [ ],
    "properties" : {
      "id" : "",
      "title" : "",
      "communicationtype" : "Default",
      "communicationchannel" : "",
      "guard" : "",
      "oform" : "",
      "omodel" : "",
      "firetype" : "Automatic",
      "href" : ""
    },
    "stencil" : {
      "id" : "Transition"
    },
    "outgoing" : [ {
      "resourceId" : "sid-6B9B1DEF-99C5-40B0-95D0-F6F3FD5BF8F0"
    } ],
    "formats" : {
    },
    "glossaryLinks" : {
    }
  }, {
    "bounds" : {
      "lowerRight" : {
        "y" : 147.54491964117264,
        "x" : 209.76478188318288
      },
      "upperLeft" : {
        "y" : 125.26758035882736,
        "x" : 149.29771811681712
      }
    },
    "dockers" : [ {
      "y" : 15,
      "x" : 15
    }, {
      "y" : 20,
      "x" : 20
    } ],
    "resourceId" : "sid-3F100FB4-288D-4993-BDF1-058536709B4D",
    "labels" : [ ],
    "layers" : [ ],
    "target" : {
      "resourceId" : "sid-233768A2-02C1-4E83-BBB6-4BF705AE7859"
    },
    "childShapes" : [ ],
    "properties" : {
      "id" : "",
      "label" : "",
      "transformation" : ""
    },
    "stencil" : {
      "id" : "Arc"
    },
    "outgoing" : [ {
      "resourceId" : "sid-233768A2-02C1-4E83-BBB6-4BF705AE7859"
    } ],
    "formats" : {
    },
    "glossaryLinks" : {
    }
  }, {
    "bounds" : {
      "lowerRight" : {
        "y" : 197.3793914186249,
        "x" : 210.80022016518356
      },
      "upperLeft" : {
        "y" : 131.0502960813751,
        "x" : 145.82477983481644
      }
    },
    "dockers" : [ {
      "y" : 15,
      "x" : 15
    }, {
      "y" : 20,
      "x" : 20
    } ],
    "resourceId" : "sid-B0353483-36F2-4B78-8500-BC64567CF93C",
    "labels" : [ ],
    "layers" : [ ],
    "target" : {
      "resourceId" : "sid-9836A546-03CA-4C40-B1B3-A170329E552F"
    },
    "childShapes" : [ ],
    "properties" : {
      "id" : "",
      "label" : "",
      "transformation" : ""
    },
    "stencil" : {
      "id" : "Arc"
    },
    "outgoing" : [ {
      "resourceId" : "sid-9836A546-03CA-4C40-B1B3-A170329E552F"
    } ],
    "formats" : {
    },
    "glossaryLinks" : {
    }
  }, {
    "bounds" : {
      "lowerRight" : {
        "y" : 50,
        "x" : 330
      },
      "upperLeft" : {
        "y" : 20,
        "x" : 300
      }
    },
    "dockers" : [ ],
    "resourceId" : "sid-DB494C01-23EA-4382-9CB2-3756E5B96AB8",
    "labels" : [ ],
    "layers" : [ ],
    "childShapes" : [ ],
    "properties" : {
      "exttype" : "Push",
      "id" : "",
      "title" : "D",
      "external" : "false",
      "locatortypes" : "",
      "locatornames" : "",
      "numberoftokens_drawing" : "0",
      "numberoftokens_text" : "",
      "numberOfTokens" : "0",
      "locatorexpr" : "",
      "href" : ""
    },
    "stencil" : {
      "id" : "Place"
    },
    "outgoing" : [ {
      "resourceId" : "sid-F8D54AA2-818A-43C0-83E0-FAC4033E32C1"
    } ],
    "formats" : {
    },
    "glossaryLinks" : {
    }
  }, {
    "bounds" : {
      "lowerRight" : {
        "y" : 110,
        "x" : 330
      },
      "upperLeft" : {
        "y" : 80,
        "x" : 300
      }
    },
    "dockers" : [ ],
    "resourceId" : "sid-97BBC8A5-16A2-4052-918A-761EF4D3B4AA",
    "labels" : [ ],
    "layers" : [ ],
    "childShapes" : [ ],
    "properties" : {
      "exttype" : "Push",
      "id" : "",
      "title" : "E",
      "external" : "false",
      "locatortypes" : "",
      "locatornames" : "",
      "numberoftokens_drawing" : "0",
      "numberoftokens_text" : "",
      "numberOfTokens" : "0",
      "locatorexpr" : "",
      "href" : ""
    },
    "stencil" : {
      "id" : "Place"
    },
    "outgoing" : [ {
      "resourceId" : "sid-7E252823-0B77-441B-8B28-FDBF75A27F7B"
    } ],
    "formats" : {
    },
    "glossaryLinks" : {
    }
  }, {
    "bounds" : {
      "lowerRight" : {
        "y" : 170,
        "x" : 330
      },
      "upperLeft" : {
        "y" : 140,
        "x" : 300
      }
    },
    "dockers" : [ ],
    "resourceId" : "sid-ADEE6BAE-49AC-412F-BF30-3302FE858720",
    "labels" : [ ],
    "layers" : [ ],
    "childShapes" : [ ],
    "properties" : {
      "exttype" : "Push",
      "id" : "",
      "title" : "F",
      "external" : "false",
      "locatortypes" : "",
      "locatornames" : "",
      "numberoftokens_drawing" : "0",
      "numberoftokens_text" : "",
      "numberOfTokens" : "0",
      "locatorexpr" : "",
      "href" : ""
    },
    "stencil" : {
      "id" : "Place"
    },
    "outgoing" : [ {
      "resourceId" : "sid-6B445D72-7ED4-41D3-A275-9E05B50AF3E7"
    } ],
    "formats" : {
    },
    "glossaryLinks" : {
    }
  }, {
    "bounds" : {
      "lowerRight" : {
        "y" : 233,
        "x" : 330
      },
      "upperLeft" : {
        "y" : 203,
        "x" : 300
      }
    },
    "dockers" : [ ],
    "resourceId" : "sid-C954DDFB-1BFB-48CA-93D1-2BB9368F9B06",
    "labels" : [ ],
    "layers" : [ ],
    "childShapes" : [ ],
    "properties" : {
      "exttype" : "Push",
      "id" : "",
      "title" : "G",
      "external" : "false",
      "locatortypes" : "",
      "locatornames" : "",
      "numberoftokens_drawing" : "0",
      "numberoftokens_text" : "",
      "numberOfTokens" : "0",
      "locatorexpr" : "",
      "href" : ""
    },
    "stencil" : {
      "id" : "Place"
    },
    "outgoing" : [ {
      "resourceId" : "sid-41DCCFD8-8478-42AC-9CDB-D4D6815BE4EF"
    } ],
    "formats" : {
    },
    "glossaryLinks" : {
    }
  }, {
    "bounds" : {
      "lowerRight" : {
        "y" : 55,
        "x" : 430
      },
      "upperLeft" : {
        "y" : 15,
        "x" : 390
      }
    },
    "dockers" : [ ],
    "resourceId" : "sid-C27B8DC1-C58B-4469-ADD3-E74F303C67A5",
    "labels" : [ ],
    "layers" : [ ],
    "childShapes" : [ ],
    "properties" : {
      "id" : "",
      "title" : "",
      "communicationtype" : "Default",
      "communicationchannel" : "",
      "guard" : "",
      "oform" : "",
      "omodel" : "",
      "firetype" : "Automatic",
      "href" : ""
    },
    "stencil" : {
      "id" : "Transition"
    },
    "outgoing" : [ {
      "resourceId" : "sid-10BAF1D2-EA2D-4583-BD19-6201195AB790"
    } ],
    "formats" : {
    },
    "glossaryLinks" : {
    }
  }, {
    "bounds" : {
      "lowerRight" : {
        "y" : 115,
        "x" : 430
      },
      "upperLeft" : {
        "y" : 75,
        "x" : 390
      }
    },
    "dockers" : [ ],
    "resourceId" : "sid-D43A2E84-6EEE-4144-BCD7-87AFBC32A5C0",
    "labels" : [ ],
    "layers" : [ ],
    "childShapes" : [ ],
    "properties" : {
      "id" : "",
      "title" : "",
      "communicationtype" : "Default",
      "communicationchannel" : "",
      "guard" : "",
      "oform" : "",
      "omodel" : "",
      "firetype" : "Automatic",
      "href" : ""
    },
    "stencil" : {
      "id" : "Transition"
    },
    "outgoing" : [ {
      "resourceId" : "sid-6DDEB266-5B36-4FB7-ADBF-BAA79A22B29B"
    } ],
    "formats" : {
    },
    "glossaryLinks" : {
    }
  }, {
    "bounds" : {
      "lowerRight" : {
        "y" : 175,
        "x" : 430
      },
      "upperLeft" : {
        "y" : 135,
        "x" : 390
      }
    },
    "dockers" : [ ],
    "resourceId" : "sid-B488EAAC-1172-49D8-AD05-C7B7DAD26324",
    "labels" : [ ],
    "layers" : [ ],
    "childShapes" : [ ],
    "properties" : {
      "id" : "",
      "title" : "",
      "communicationtype" : "Default",
      "communicationchannel" : "",
      "guard" : "",
      "oform" : "",
      "omodel" : "",
      "firetype" : "Automatic",
      "href" : ""
    },
    "stencil" : {
      "id" : "Transition"
    },
    "outgoing" : [ {
      "resourceId" : "sid-424A809A-7145-44EA-8AE1-8DC86315A830"
    } ],
    "formats" : {
    },
    "glossaryLinks" : {
    }
  }, {
    "bounds" : {
      "lowerRight" : {
        "y" : 238,
        "x" : 430
      },
      "upperLeft" : {
        "y" : 198,
        "x" : 390
      }
    },
    "dockers" : [ ],
    "resourceId" : "sid-4A0ABF18-996D-4655-95F9-DE623E611D42",
    "labels" : [ ],
    "layers" : [ ],
    "childShapes" : [ ],
    "properties" : {
      "id" : "",
      "title" : "H",
      "communicationtype" : "Default",
      "communicationchannel" : "",
      "guard" : "",
      "oform" : "",
      "omodel" : "",
      "firetype" : "Automatic",
      "href" : ""
    },
    "stencil" : {
      "id" : "Transition"
    },
    "outgoing" : [ {
      "resourceId" : "sid-39DEB707-DB0D-47C1-A58C-A8B81DA66D9B"
    } ],
    "formats" : {
    },
    "glossaryLinks" : {
    }
  }, {
    "bounds" : {
      "lowerRight" : {
        "y" : 218,
        "x" : 299.5625
      },
      "upperLeft" : {
        "y" : 218,
        "x" : 251
      }
    },
    "dockers" : [ {
      "y" : 20,
      "x" : 20
    }, {
      "y" : 15,
      "x" : 15
    } ],
    "resourceId" : "sid-5784227F-FD43-4E74-B876-CA46526DA74E",
    "labels" : [ ],
    "layers" : [ ],
    "target" : {
      "resourceId" : "sid-C954DDFB-1BFB-48CA-93D1-2BB9368F9B06"
    },
    "childShapes" : [ ],
    "properties" : {
      "id" : "",
      "label" : "",
      "transformation" : ""
    },
    "stencil" : {
      "id" : "Arc"
    },
    "outgoing" : [ {
      "resourceId" : "sid-C954DDFB-1BFB-48CA-93D1-2BB9368F9B06"
    } ],
    "formats" : {
    },
    "glossaryLinks" : {
    }
  }, {
    "bounds" : {
      "lowerRight" : {
        "y" : 155,
        "x" : 299.390625
      },
      "upperLeft" : {
        "y" : 155,
        "x" : 250
      }
    },
    "dockers" : [ {
      "y" : 20,
      "x" : 20
    }, {
      "y" : 15,
      "x" : 15
    } ],
    "resourceId" : "sid-6B9B1DEF-99C5-40B0-95D0-F6F3FD5BF8F0",
    "labels" : [ ],
    "layers" : [ ],
    "target" : {
      "resourceId" : "sid-ADEE6BAE-49AC-412F-BF30-3302FE858720"
    },
    "childShapes" : [ ],
    "properties" : {
      "id" : "",
      "label" : "",
      "transformation" : ""
    },
    "stencil" : {
      "id" : "Arc"
    },
    "outgoing" : [ {
      "resourceId" : "sid-ADEE6BAE-49AC-412F-BF30-3302FE858720"
    } ],
    "formats" : {
    },
    "glossaryLinks" : {
    }
  }, {
    "bounds" : {
      "lowerRight" : {
        "y" : 35,
        "x" : 299.390625
      },
      "upperLeft" : {
        "y" : 35,
        "x" : 250
      }
    },
    "dockers" : [ {
      "y" : 20,
      "x" : 20
    }, {
      "y" : 15,
      "x" : 15
    } ],
    "resourceId" : "sid-DFA07A70-8348-4D91-88DE-6FC33CE4621E",
    "labels" : [ ],
    "layers" : [ ],
    "target" : {
      "resourceId" : "sid-DB494C01-23EA-4382-9CB2-3756E5B96AB8"
    },
    "childShapes" : [ ],
    "properties" : {
      "id" : "",
      "label" : "",
      "transformation" : ""
    },
    "stencil" : {
      "id" : "Arc"
    },
    "outgoing" : [ {
      "resourceId" : "sid-DB494C01-23EA-4382-9CB2-3756E5B96AB8"
    } ],
    "formats" : {
    },
    "glossaryLinks" : {
    }
  }, {
    "bounds" : {
      "lowerRight" : {
        "y" : 95,
        "x" : 299.390625
      },
      "upperLeft" : {
        "y" : 95,
        "x" : 250
      }
    },
    "dockers" : [ {
      "y" : 20,
      "x" : 20
    }, {
      "y" : 15,
      "x" : 15
    } ],
    "resourceId" : "sid-4AD9507C-2DF7-4F40-B341-366260E6FD4C",
    "labels" : [ ],
    "layers" : [ ],
    "target" : {
      "resourceId" : "sid-97BBC8A5-16A2-4052-918A-761EF4D3B4AA"
    },
    "childShapes" : [ ],
    "properties" : {
      "id" : "",
      "label" : "",
      "transformation" : ""
    },
    "stencil" : {
      "id" : "Arc"
    },
    "outgoing" : [ {
      "resourceId" : "sid-97BBC8A5-16A2-4052-918A-761EF4D3B4AA"
    } ],
    "formats" : {
    },
    "glossaryLinks" : {
    }
  }, {
    "bounds" : {
      "lowerRight" : {
        "y" : 35,
        "x" : 389.703125
      },
      "upperLeft" : {
        "y" : 35,
        "x" : 330.84375
      }
    },
    "dockers" : [ {
      "y" : 15,
      "x" : 15
    }, {
      "y" : 20,
      "x" : 20
    } ],
    "resourceId" : "sid-F8D54AA2-818A-43C0-83E0-FAC4033E32C1",
    "labels" : [ ],
    "layers" : [ ],
    "target" : {
      "resourceId" : "sid-C27B8DC1-C58B-4469-ADD3-E74F303C67A5"
    },
    "childShapes" : [ ],
    "properties" : {
      "id" : "",
      "label" : "",
      "transformation" : ""
    },
    "stencil" : {
      "id" : "Arc"
    },
    "outgoing" : [ {
      "resourceId" : "sid-C27B8DC1-C58B-4469-ADD3-E74F303C67A5"
    } ],
    "formats" : {
    },
    "glossaryLinks" : {
    }
  }, {
    "bounds" : {
      "lowerRight" : {
        "y" : 95,
        "x" : 389.703125
      },
      "upperLeft" : {
        "y" : 95,
        "x" : 330.84375
      }
    },
    "dockers" : [ {
      "y" : 15,
      "x" : 15
    }, {
      "y" : 20,
      "x" : 20
    } ],
    "resourceId" : "sid-7E252823-0B77-441B-8B28-FDBF75A27F7B",
    "labels" : [ ],
    "layers" : [ ],
    "target" : {
      "resourceId" : "sid-D43A2E84-6EEE-4144-BCD7-87AFBC32A5C0"
    },
    "childShapes" : [ ],
    "properties" : {
      "id" : "",
      "label" : "",
      "transformation" : ""
    },
    "stencil" : {
      "id" : "Arc"
    },
    "outgoing" : [ {
      "resourceId" : "sid-D43A2E84-6EEE-4144-BCD7-87AFBC32A5C0"
    } ],
    "formats" : {
    },
    "glossaryLinks" : {
    }
  }, {
    "bounds" : {
      "lowerRight" : {
        "y" : 155,
        "x" : 389.703125
      },
      "upperLeft" : {
        "y" : 155,
        "x" : 330.84375
      }
    },
    "dockers" : [ {
      "y" : 15,
      "x" : 15
    }, {
      "y" : 20,
      "x" : 20
    } ],
    "resourceId" : "sid-6B445D72-7ED4-41D3-A275-9E05B50AF3E7",
    "labels" : [ ],
    "layers" : [ ],
    "target" : {
      "resourceId" : "sid-B488EAAC-1172-49D8-AD05-C7B7DAD26324"
    },
    "childShapes" : [ ],
    "properties" : {
      "id" : "",
      "label" : "",
      "transformation" : ""
    },
    "stencil" : {
      "id" : "Arc"
    },
    "outgoing" : [ {
      "resourceId" : "sid-B488EAAC-1172-49D8-AD05-C7B7DAD26324"
    } ],
    "formats" : {
    },
    "glossaryLinks" : {
    }
  }, {
    "bounds" : {
      "lowerRight" : {
        "y" : 218,
        "x" : 389.703125
      },
      "upperLeft" : {
        "y" : 218,
        "x" : 330.84375
      }
    },
    "dockers" : [ {
      "y" : 15,
      "x" : 15
    }, {
      "y" : 20,
      "x" : 20
    } ],
    "resourceId" : "sid-41DCCFD8-8478-42AC-9CDB-D4D6815BE4EF",
    "labels" : [ ],
    "layers" : [ ],
    "target" : {
      "resourceId" : "sid-4A0ABF18-996D-4655-95F9-DE623E611D42"
    },
    "childShapes" : [ ],
    "properties" : {
      "id" : "",
      "label" : "",
      "transformation" : ""
    },
    "stencil" : {
      "id" : "Arc"
    },
    "outgoing" : [ {
      "resourceId" : "sid-4A0ABF18-996D-4655-95F9-DE623E611D42"
    } ],
    "formats" : {
    },
    "glossaryLinks" : {
    }
  }, {
    "bounds" : {
      "lowerRight" : {
        "y" : 135,
        "x" : 555
      },
      "upperLeft" : {
        "y" : 105,
        "x" : 525
      }
    },
    "dockers" : [ ],
    "resourceId" : "sid-83B48270-720C-4657-B67F-F2204EAC810A",
    "labels" : [ ],
    "layers" : [ ],
    "childShapes" : [ ],
    "properties" : {
      "exttype" : "Push",
      "id" : "",
      "title" : "I",
      "external" : "false",
      "locatortypes" : "",
      "locatornames" : "",
      "numberoftokens_drawing" : "0",
      "numberoftokens_text" : "",
      "numberOfTokens" : "0",
      "locatorexpr" : "",
      "href" : ""
    },
    "stencil" : {
      "id" : "Place"
    },
    "outgoing" : [ {
      "resourceId" : "sid-8AC3C089-9382-4833-9B9D-B368564C67DB"
    } ],
    "formats" : {
    },
    "glossaryLinks" : {
    }
  }, {
    "bounds" : {
      "lowerRight" : {
        "y" : 111.4840006370173,
        "x" : 526.9755303860264
      },
      "upperLeft" : {
        "y" : 48.076923076923066,
        "x" : 430
      }
    },
    "dockers" : [ {
      "y" : 20,
      "x" : 20
    }, {
      "y" : 15,
      "x" : 15
    } ],
    "resourceId" : "sid-10BAF1D2-EA2D-4583-BD19-6201195AB790",
    "labels" : [ ],
    "layers" : [ ],
    "target" : {
      "resourceId" : "sid-83B48270-720C-4657-B67F-F2204EAC810A"
    },
    "childShapes" : [ ],
    "properties" : {
      "id" : "",
      "label" : "",
      "transformation" : ""
    },
    "stencil" : {
      "id" : "Arc"
    },
    "outgoing" : [ {
      "resourceId" : "sid-83B48270-720C-4657-B67F-F2204EAC810A"
    } ],
    "formats" : {
    },
    "glossaryLinks" : {
    }
  }, {
    "bounds" : {
      "lowerRight" : {
        "y" : 149.6153846153846,
        "x" : 524.8156342414793
      },
      "upperLeft" : {
        "y" : 124.08809847344787,
        "x" : 430
      }
    },
    "dockers" : [ {
      "y" : 20,
      "x" : 20
    }, {
      "y" : 15,
      "x" : 15
    } ],
    "resourceId" : "sid-424A809A-7145-44EA-8AE1-8DC86315A830",
    "labels" : [ ],
    "layers" : [ ],
    "target" : {
      "resourceId" : "sid-83B48270-720C-4657-B67F-F2204EAC810A"
    },
    "childShapes" : [ ],
    "properties" : {
      "id" : "",
      "label" : "",
      "transformation" : ""
    },
    "stencil" : {
      "id" : "Arc"
    },
    "outgoing" : [ {
      "resourceId" : "sid-83B48270-720C-4657-B67F-F2204EAC810A"
    } ],
    "formats" : {
    },
    "glossaryLinks" : {
    }
  }, {
    "bounds" : {
      "lowerRight" : {
        "y" : 117.07677760634988,
        "x" : 524.7992435530193
      },
      "upperLeft" : {
        "y" : 98.84615384615384,
        "x" : 430
      }
    },
    "dockers" : [ {
      "y" : 20,
      "x" : 20
    }, {
      "y" : 15,
      "x" : 15
    } ],
    "resourceId" : "sid-6DDEB266-5B36-4FB7-ADBF-BAA79A22B29B",
    "labels" : [ ],
    "layers" : [ ],
    "target" : {
      "resourceId" : "sid-83B48270-720C-4657-B67F-F2204EAC810A"
    },
    "childShapes" : [ ],
    "properties" : {
      "id" : "",
      "label" : "",
      "transformation" : ""
    },
    "stencil" : {
      "id" : "Arc"
    },
    "outgoing" : [ {
      "resourceId" : "sid-83B48270-720C-4657-B67F-F2204EAC810A"
    } ],
    "formats" : {
    },
    "glossaryLinks" : {
    }
  }, {
    "bounds" : {
      "lowerRight" : {
        "y" : 202.9230769230769,
        "x" : 527.5217891117579
      },
      "upperLeft" : {
        "y" : 129.40665128498247,
        "x" : 430
      }
    },
    "dockers" : [ {
      "y" : 20,
      "x" : 20
    }, {
      "y" : 15,
      "x" : 15
    } ],
    "resourceId" : "sid-39DEB707-DB0D-47C1-A58C-A8B81DA66D9B",
    "labels" : [ ],
    "layers" : [ ],
    "target" : {
      "resourceId" : "sid-83B48270-720C-4657-B67F-F2204EAC810A"
    },
    "childShapes" : [ ],
    "properties" : {
      "id" : "",
      "label" : "",
      "transformation" : ""
    },
    "stencil" : {
      "id" : "Arc"
    },
    "outgoing" : [ {
      "resourceId" : "sid-83B48270-720C-4657-B67F-F2204EAC810A"
    } ],
    "formats" : {
    },
    "glossaryLinks" : {
    }
  }, {
    "bounds" : {
      "lowerRight" : {
        "y" : 120,
        "x" : 119.9375
      },
      "upperLeft" : {
        "y" : 120,
        "x" : 55
      }
    },
    "dockers" : [ {
      "y" : 20,
      "x" : 20
    }, {
      "y" : 15,
      "x" : 15
    } ],
    "resourceId" : "sid-8A8D2CD5-E221-46D1-A346-5559A239BCCD",
    "labels" : [ ],
    "layers" : [ ],
    "target" : {
      "resourceId" : "sid-D6C7FB02-E7E7-49F0-80C8-18D8E6462566"
    },
    "childShapes" : [ ],
    "properties" : {
      "id" : "",
      "label" : "",
      "transformation" : ""
    },
    "stencil" : {
      "id" : "Arc"
    },
    "outgoing" : [ {
      "resourceId" : "sid-D6C7FB02-E7E7-49F0-80C8-18D8E6462566"
    } ],
    "formats" : {
    },
    "glossaryLinks" : {
    }
  }, {
    "bounds" : {
      "lowerRight" : {
        "y" : 140,
        "x" : 655
      },
      "upperLeft" : {
        "y" : 100,
        "x" : 615
      }
    },
    "dockers" : [ ],
    "resourceId" : "sid-D4A3EDA9-2E99-48E6-B75B-74E1565976E6",
    "labels" : [ ],
    "layers" : [ ],
    "childShapes" : [ ],
    "properties" : {
      "id" : "",
      "title" : "J",
      "communicationtype" : "Default",
      "communicationchannel" : "",
      "guard" : "",
      "oform" : "",
      "omodel" : "",
      "firetype" : "Automatic",
      "href" : ""
    },
    "stencil" : {
      "id" : "Transition"
    },
    "outgoing" : [ {
      "resourceId" : "sid-D426D77D-75B8-4669-931C-0D492533933F"
    } ],
    "formats" : {
    },
    "glossaryLinks" : {
    }
  }, {
    "bounds" : {
      "lowerRight" : {
        "y" : 120,
        "x" : 614.703125
      },
      "upperLeft" : {
        "y" : 120,
        "x" : 555.84375
      }
    },
    "dockers" : [ {
      "y" : 15,
      "x" : 15
    }, {
      "y" : 20,
      "x" : 20
    } ],
    "resourceId" : "sid-8AC3C089-9382-4833-9B9D-B368564C67DB",
    "labels" : [ ],
    "layers" : [ ],
    "target" : {
      "resourceId" : "sid-D4A3EDA9-2E99-48E6-B75B-74E1565976E6"
    },
    "childShapes" : [ ],
    "properties" : {
      "id" : "",
      "label" : "",
      "transformation" : ""
    },
    "stencil" : {
      "id" : "Arc"
    },
    "outgoing" : [ {
      "resourceId" : "sid-D4A3EDA9-2E99-48E6-B75B-74E1565976E6"
    } ],
    "formats" : {
    },
    "glossaryLinks" : {
    }
  }, {
    "bounds" : {
      "lowerRight" : {
        "y" : 135,
        "x" : 735
      },
      "upperLeft" : {
        "y" : 105,
        "x" : 705
      }
    },
    "dockers" : [ ],
    "resourceId" : "sid-94682264-36FC-4EE0-85E4-D253B7734FD0",
    "labels" : [ ],
    "layers" : [ ],
    "childShapes" : [ ],
    "properties" : {
      "exttype" : "Push",
      "id" : "",
      "title" : "",
      "external" : "false",
      "locatortypes" : "",
      "locatornames" : "",
      "numberoftokens_drawing" : "0",
      "numberoftokens_text" : "",
      "numberOfTokens" : "0",
      "locatorexpr" : "",
      "href" : ""
    },
    "stencil" : {
      "id" : "Place"
    },
    "outgoing" : [ {
      "resourceId" : "sid-9F28491F-7BA5-4760-901A-A12E3B2E2278"
    } ],
    "formats" : {
    },
    "glossaryLinks" : {
    }
  }, {
    "bounds" : {
      "lowerRight" : {
        "y" : 120,
        "x" : 704.390625
      },
      "upperLeft" : {
        "y" : 120,
        "x" : 655
      }
    },
    "dockers" : [ {
      "y" : 20,
      "x" : 20
    }, {
      "y" : 15,
      "x" : 15
    } ],
    "resourceId" : "sid-D426D77D-75B8-4669-931C-0D492533933F",
    "labels" : [ ],
    "layers" : [ ],
    "target" : {
      "resourceId" : "sid-94682264-36FC-4EE0-85E4-D253B7734FD0"
    },
    "childShapes" : [ ],
    "properties" : {
      "id" : "",
      "label" : "",
      "transformation" : ""
    },
    "stencil" : {
      "id" : "Arc"
    },
    "outgoing" : [ {
      "resourceId" : "sid-94682264-36FC-4EE0-85E4-D253B7734FD0"
    } ],
    "formats" : {
    },
    "glossaryLinks" : {
    }
  }, {
    "bounds" : {
      "lowerRight" : {
        "y" : 280,
        "x" : 740
      },
      "upperLeft" : {
        "y" : 240,
        "x" : 700
      }
    },
    "dockers" : [ ],
    "resourceId" : "sid-6F476A18-F845-4D55-8966-1D56422AF90E",
    "labels" : [ ],
    "layers" : [ ],
    "childShapes" : [ ],
    "properties" : {
      "id" : "",
      "title" : "K",
      "communicationtype" : "Default",
      "communicationchannel" : "",
      "guard" : "",
      "oform" : "",
      "omodel" : "",
      "firetype" : "Automatic",
      "href" : ""
    },
    "stencil" : {
      "id" : "Transition"
    },
    "outgoing" : [ {
      "resourceId" : "sid-35B92245-140C-4005-9BCD-EE4621863365"
    } ],
    "formats" : {
    },
    "glossaryLinks" : {
    }
  }, {
    "bounds" : {
      "lowerRight" : {
        "y" : 239.3125,
        "x" : 720
      },
      "upperLeft" : {
        "y" : 135.21875,
        "x" : 720
      }
    },
    "dockers" : [ {
      "y" : 15,
      "x" : 15
    }, {
      "y" : 20,
      "x" : 20
    } ],
    "resourceId" : "sid-9F28491F-7BA5-4760-901A-A12E3B2E2278",
    "labels" : [ ],
    "layers" : [ ],
    "target" : {
      "resourceId" : "sid-6F476A18-F845-4D55-8966-1D56422AF90E"
    },
    "childShapes" : [ ],
    "properties" : {
      "id" : "",
      "label" : "",
      "transformation" : ""
    },
    "stencil" : {
      "id" : "Arc"
    },
    "outgoing" : [ {
      "resourceId" : "sid-6F476A18-F845-4D55-8966-1D56422AF90E"
    } ],
    "formats" : {
    },
    "glossaryLinks" : {
    }
  }, {
    "bounds" : {
      "lowerRight" : {
        "y" : 365,
        "x" : 560
      },
      "upperLeft" : {
        "y" : 325,
        "x" : 520
      }
    },
    "dockers" : [ ],
    "resourceId" : "sid-406A7FA8-4A25-4D7A-999E-E21ECB9E2ED2",
    "labels" : [ ],
    "layers" : [ ],
    "childShapes" : [ ],
    "properties" : {
      "id" : "",
      "title" : "L",
      "communicationtype" : "Default",
      "communicationchannel" : "",
      "guard" : "",
      "oform" : "",
      "omodel" : "",
      "firetype" : "Automatic",
      "href" : ""
    },
    "stencil" : {
      "id" : "Transition"
    },
    "outgoing" : [ {
      "resourceId" : "sid-CFC7D79D-8C6A-4B61-80F3-6362A0E12EBF"
    } ],
    "formats" : {
    },
    "glossaryLinks" : {
    }
  }, {
    "bounds" : {
      "lowerRight" : {
        "y" : 360,
        "x" : 465
      },
      "upperLeft" : {
        "y" : 330,
        "x" : 435
      }
    },
    "dockers" : [ ],
    "resourceId" : "sid-1688D29D-F1BF-4169-988E-D8AEAFE1960C",
    "labels" : [ ],
    "layers" : [ ],
    "childShapes" : [ ],
    "properties" : {
      "exttype" : "Push",
      "id" : "",
      "title" : "",
      "external" : "false",
      "locatortypes" : "",
      "locatornames" : "",
      "numberoftokens_drawing" : "0",
      "numberoftokens_text" : "",
      "numberOfTokens" : "0",
      "locatorexpr" : "",
      "href" : ""
    },
    "stencil" : {
      "id" : "Place"
    },
    "outgoing" : [ {
      "resourceId" : "sid-E3E3C927-4539-4A4D-83F5-449DE6C68C71"
    } ],
    "formats" : {
    },
    "glossaryLinks" : {
    }
  }, {
    "bounds" : {
      "lowerRight" : {
        "y" : 365,
        "x" : 400
      },
      "upperLeft" : {
        "y" : 325,
        "x" : 360
      }
    },
    "dockers" : [ ],
    "resourceId" : "sid-2C00A50B-3558-4315-96ED-76A5308DA9C2",
    "labels" : [ ],
    "layers" : [ ],
    "childShapes" : [ ],
    "properties" : {
      "id" : "",
      "title" : "M",
      "communicationtype" : "Default",
      "communicationchannel" : "",
      "guard" : "",
      "oform" : "",
      "omodel" : "",
      "firetype" : "Automatic",
      "href" : ""
    },
    "stencil" : {
      "id" : "Transition"
    },
    "outgoing" : [ {
      "resourceId" : "sid-E141030E-C482-485B-96C1-4979480D3101"
    } ],
    "formats" : {
    },
    "glossaryLinks" : {
    }
  }, {
    "bounds" : {
      "lowerRight" : {
        "y" : 275,
        "x" : 660
      },
      "upperLeft" : {
        "y" : 245,
        "x" : 630
      }
    },
    "dockers" : [ ],
    "resourceId" : "sid-6A354EE2-C538-451C-B5F1-762FD68A17FC",
    "labels" : [ ],
    "layers" : [ ],
    "childShapes" : [ ],
    "properties" : {
      "exttype" : "Push",
      "id" : "",
      "title" : "N",
      "external" : "false",
      "locatortypes" : "",
      "locatornames" : "",
      "numberoftokens_drawing" : "0",
      "numberoftokens_text" : "",
      "numberOfTokens" : "0",
      "locatorexpr" : "",
      "href" : ""
    },
    "stencil" : {
      "id" : "Place"
    },
    "outgoing" : [ {
      "resourceId" : "sid-46F5FBD6-1144-475F-924B-4B992FF90A01"
    }, {
      "resourceId" : "sid-18A2CDD6-80AF-4BA4-B60C-931070329D5E"
    } ],
    "formats" : {
    },
    "glossaryLinks" : {
    }
  }, {
    "bounds" : {
      "lowerRight" : {
        "y" : 260,
        "x" : 699.078125
      },
      "upperLeft" : {
        "y" : 260,
        "x" : 660.0625
      }
    },
    "dockers" : [ {
      "y" : 20,
      "x" : 20
    }, {
      "y" : 15,
      "x" : 15
    } ],
    "resourceId" : "sid-35B92245-140C-4005-9BCD-EE4621863365",
    "labels" : [ ],
    "layers" : [ ],
    "target" : {
      "resourceId" : "sid-6A354EE2-C538-451C-B5F1-762FD68A17FC"
    },
    "childShapes" : [ ],
    "properties" : {
      "id" : "",
      "label" : "",
      "transformation" : ""
    },
    "stencil" : {
      "id" : "Arc"
    },
    "outgoing" : [ {
      "resourceId" : "sid-6A354EE2-C538-451C-B5F1-762FD68A17FC"
    } ],
    "formats" : {
    },
    "glossaryLinks" : {
    }
  }, {
    "bounds" : {
      "lowerRight" : {
        "y" : 345,
        "x" : 434.78125
      },
      "upperLeft" : {
        "y" : 345,
        "x" : 400
      }
    },
    "dockers" : [ {
      "y" : 15,
      "x" : 15
    }, {
      "y" : 20,
      "x" : 20
    } ],
    "resourceId" : "sid-E3E3C927-4539-4A4D-83F5-449DE6C68C71",
    "labels" : [ ],
    "layers" : [ ],
    "target" : {
      "resourceId" : "sid-2C00A50B-3558-4315-96ED-76A5308DA9C2"
    },
    "childShapes" : [ ],
    "properties" : {
      "id" : "",
      "label" : "",
      "transformation" : ""
    },
    "stencil" : {
      "id" : "Arc"
    },
    "outgoing" : [ {
      "resourceId" : "sid-2C00A50B-3558-4315-96ED-76A5308DA9C2"
    } ],
    "formats" : {
    },
    "glossaryLinks" : {
    }
  }, {
    "bounds" : {
      "lowerRight" : {
        "y" : 360,
        "x" : 330
      },
      "upperLeft" : {
        "y" : 330,
        "x" : 300
      }
    },
    "dockers" : [ ],
    "resourceId" : "sid-E0A34991-14A1-4BF7-90A3-25A728D927EE",
    "labels" : [ ],
    "layers" : [ ],
    "childShapes" : [ ],
    "properties" : {
      "exttype" : "Push",
      "id" : "",
      "title" : "",
      "external" : "false",
      "locatortypes" : "",
      "locatornames" : "",
      "numberoftokens_drawing" : "0",
      "numberoftokens_text" : "",
      "numberOfTokens" : "0",
      "locatorexpr" : "",
      "href" : ""
    },
    "stencil" : {
      "id" : "Place"
    },
    "outgoing" : [ {
      "resourceId" : "sid-ADB8D827-E9E5-41EE-89B5-ACC77407B532"
    } ],
    "formats" : {
    },
    "glossaryLinks" : {
    }
  }, {
    "bounds" : {
      "lowerRight" : {
        "y" : 345,
        "x" : 359.703125
      },
      "upperLeft" : {
        "y" : 345,
        "x" : 330.21875
      }
    },
    "dockers" : [ {
      "y" : 20,
      "x" : 20
    }, {
      "y" : 15,
      "x" : 15
    } ],
    "resourceId" : "sid-E141030E-C482-485B-96C1-4979480D3101",
    "labels" : [ ],
    "layers" : [ ],
    "target" : {
      "resourceId" : "sid-E0A34991-14A1-4BF7-90A3-25A728D927EE"
    },
    "childShapes" : [ ],
    "properties" : {
      "id" : "",
      "label" : "",
      "transformation" : ""
    },
    "stencil" : {
      "id" : "Arc"
    },
    "outgoing" : [ {
      "resourceId" : "sid-E0A34991-14A1-4BF7-90A3-25A728D927EE"
    } ],
    "formats" : {
    },
    "glossaryLinks" : {
    }
  }, {
    "bounds" : {
      "lowerRight" : {
        "y" : 365,
        "x" : 250
      },
      "upperLeft" : {
        "y" : 325,
        "x" : 210
      }
    },
    "dockers" : [ ],
    "resourceId" : "sid-96EC3E80-5A79-4A22-9BE8-3778D6CBC67E",
    "labels" : [ ],
    "layers" : [ ],
    "childShapes" : [ ],
    "properties" : {
      "id" : "",
      "title" : "O",
      "communicationtype" : "Default",
      "communicationchannel" : "",
      "guard" : "",
      "oform" : "",
      "omodel" : "",
      "firetype" : "Automatic",
      "href" : ""
    },
    "stencil" : {
      "id" : "Transition"
    },
    "outgoing" : [ {
      "resourceId" : "sid-255A0986-D69D-475E-99AC-A4868FCA690E"
    } ],
    "formats" : {
    },
    "glossaryLinks" : {
    }
  }, {
    "bounds" : {
      "lowerRight" : {
        "y" : 360,
        "x" : 165
      },
      "upperLeft" : {
        "y" : 330,
        "x" : 135
      }
    },
    "dockers" : [ ],
    "resourceId" : "sid-544BBA70-608E-4837-B3FE-14B4CD892BF1",
    "labels" : [ ],
    "layers" : [ ],
    "childShapes" : [ ],
    "properties" : {
      "exttype" : "Push",
      "id" : "",
      "title" : "",
      "external" : "false",
      "locatortypes" : "",
      "locatornames" : "",
      "numberoftokens_drawing" : "0",
      "numberoftokens_text" : "",
      "numberOfTokens" : "0",
      "locatorexpr" : "",
      "href" : ""
    },
    "stencil" : {
      "id" : "Place"
    },
    "outgoing" : [ {
      "resourceId" : "sid-DB6EB37C-AE75-4925-AA78-C54A3A895BEC"
    } ],
    "formats" : {
    },
    "glossaryLinks" : {
    }
  }, {
    "bounds" : {
      "lowerRight" : {
        "y" : 345,
        "x" : 299.390625
      },
      "upperLeft" : {
        "y" : 345,
        "x" : 250
      }
    },
    "dockers" : [ {
      "y" : 15,
      "x" : 15
    }, {
      "y" : 20,
      "x" : 20
    } ],
    "resourceId" : "sid-ADB8D827-E9E5-41EE-89B5-ACC77407B532",
    "labels" : [ ],
    "layers" : [ ],
    "target" : {
      "resourceId" : "sid-96EC3E80-5A79-4A22-9BE8-3778D6CBC67E"
    },
    "childShapes" : [ ],
    "properties" : {
      "id" : "",
      "label" : "",
      "transformation" : ""
    },
    "stencil" : {
      "id" : "Arc"
    },
    "outgoing" : [ {
      "resourceId" : "sid-96EC3E80-5A79-4A22-9BE8-3778D6CBC67E"
    } ],
    "formats" : {
    },
    "glossaryLinks" : {
    }
  }, {
    "bounds" : {
      "lowerRight" : {
        "y" : 345,
        "x" : 209.625
      },
      "upperLeft" : {
        "y" : 345,
        "x" : 165.375
      }
    },
    "dockers" : [ {
      "y" : 20,
      "x" : 20
    }, {
      "y" : 15,
      "x" : 15
    } ],
    "resourceId" : "sid-255A0986-D69D-475E-99AC-A4868FCA690E",
    "labels" : [ ],
    "layers" : [ ],
    "target" : {
      "resourceId" : "sid-544BBA70-608E-4837-B3FE-14B4CD892BF1"
    },
    "childShapes" : [ ],
    "properties" : {
      "id" : "",
      "label" : "",
      "transformation" : ""
    },
    "stencil" : {
      "id" : "Arc"
    },
    "outgoing" : [ {
      "resourceId" : "sid-544BBA70-608E-4837-B3FE-14B4CD892BF1"
    } ],
    "formats" : {
    },
    "glossaryLinks" : {
    }
  }, {
    "bounds" : {
      "lowerRight" : {
        "y" : 365,
        "x" : 55
      },
      "upperLeft" : {
        "y" : 325,
        "x" : 15
      }
    },
    "dockers" : [ ],
    "resourceId" : "sid-35FFE6E8-2861-45A8-B139-3F71056E18B0",
    "labels" : [ ],
    "layers" : [ ],
    "childShapes" : [ ],
    "properties" : {
      "id" : "",
      "title" : "P",
      "communicationtype" : "Default",
      "communicationchannel" : "",
      "guard" : "",
      "oform" : "",
      "omodel" : "",
      "firetype" : "Automatic",
      "href" : ""
    },
    "stencil" : {
      "id" : "Transition"
    },
    "outgoing" : [ ],
    "formats" : {
    },
    "glossaryLinks" : {
    }
  }, {
    "bounds" : {
      "lowerRight" : {
        "y" : 345,
        "x" : 134.625
      },
      "upperLeft" : {
        "y" : 345,
        "x" : 55
      }
    },
    "dockers" : [ {
      "y" : 15,
      "x" : 15
    }, {
      "y" : 20,
      "x" : 20
    } ],
    "resourceId" : "sid-DB6EB37C-AE75-4925-AA78-C54A3A895BEC",
    "labels" : [ ],
    "layers" : [ ],
    "target" : {
      "resourceId" : "sid-35FFE6E8-2861-45A8-B139-3F71056E18B0"
    },
    "childShapes" : [ ],
    "properties" : {
      "id" : "",
      "label" : "",
      "transformation" : ""
    },
    "stencil" : {
      "id" : "Arc"
    },
    "outgoing" : [ {
      "resourceId" : "sid-35FFE6E8-2861-45A8-B139-3F71056E18B0"
    } ],
    "formats" : {
    },
    "glossaryLinks" : {
    }
  }, {
    "bounds" : {
      "lowerRight" : {
        "y" : 280,
        "x" : 595
      },
      "upperLeft" : {
        "y" : 240,
        "x" : 555
      }
    },
    "dockers" : [ ],
    "resourceId" : "sid-9CB38218-5CBC-4566-A646-2A050A099F28",
    "labels" : [ ],
    "layers" : [ ],
    "childShapes" : [ ],
    "properties" : {
      "id" : "",
      "title" : "Q",
      "communicationtype" : "Default",
      "communicationchannel" : "",
      "guard" : "",
      "oform" : "",
      "omodel" : "",
      "firetype" : "Automatic",
      "href" : ""
    },
    "stencil" : {
      "id" : "Transition"
    },
    "outgoing" : [ {
      "resourceId" : "sid-BEB14C1A-8E22-443E-97F6-F54E42085708"
    } ],
    "formats" : {
    },
    "glossaryLinks" : {
    }
  }, {
    "bounds" : {
      "lowerRight" : {
        "y" : 260,
        "x" : 554.234375
      },
      "upperLeft" : {
        "y" : 135.21875,
        "x" : 135
      }
    },
    "dockers" : [ {
      "y" : 20,
      "x" : 20
    }, {
      "y" : 260,
      "x" : 135
    }, {
      "y" : 15,
      "x" : 15
    } ],
    "resourceId" : "sid-BEB14C1A-8E22-443E-97F6-F54E42085708",
    "labels" : [ ],
    "layers" : [ ],
    "target" : {
      "resourceId" : "sid-D6C7FB02-E7E7-49F0-80C8-18D8E6462566"
    },
    "childShapes" : [ ],
    "properties" : {
      "id" : "",
      "label" : "",
      "transformation" : ""
    },
    "stencil" : {
      "id" : "Arc"
    },
    "outgoing" : [ {
      "resourceId" : "sid-D6C7FB02-E7E7-49F0-80C8-18D8E6462566"
    } ],
    "formats" : {
    },
    "glossaryLinks" : {
    }
  }, {
    "bounds" : {
      "lowerRight" : {
        "y" : 109.37226764053017,
        "x" : 209.9578836864749
      },
      "upperLeft" : {
        "y" : 52.932419859469825,
        "x" : 146.8780538135251
      }
    },
    "dockers" : [ {
      "y" : 15,
      "x" : 15
    }, {
      "y" : 20,
      "x" : 20
    } ],
    "resourceId" : "sid-AD3FA948-737A-4C9E-B366-981E84B7E3D9",
    "labels" : [ ],
    "layers" : [ ],
    "target" : {
      "resourceId" : "sid-D3DCB87B-0666-43E6-BDEA-6F9C378A896D"
    },
    "childShapes" : [ ],
    "properties" : {
      "id" : "",
      "label" : "",
      "transformation" : ""
    },
    "stencil" : {
      "id" : "Arc"
    },
    "outgoing" : [ {
      "resourceId" : "sid-D3DCB87B-0666-43E6-BDEA-6F9C378A896D"
    } ],
    "formats" : {
    },
    "glossaryLinks" : {
    }
  }, {
    "bounds" : {
      "lowerRight" : {
        "y" : 116.03456920072036,
        "x" : 209.73605046273735
      },
      "upperLeft" : {
        "y" : 100.33261829927964,
        "x" : 150.06863703726265
      }
    },
    "dockers" : [ {
      "y" : 15,
      "x" : 15
    }, {
      "y" : 20,
      "x" : 20
    } ],
    "resourceId" : "sid-3744C6C8-8BEE-4704-BE44-33BAA14956B5",
    "labels" : [ ],
    "layers" : [ ],
    "target" : {
      "resourceId" : "sid-6792E36A-8D98-45DC-A457-89F08F8CE31D"
    },
    "childShapes" : [ ],
    "properties" : {
      "id" : "",
      "label" : "",
      "transformation" : ""
    },
    "stencil" : {
      "id" : "Arc"
    },
    "outgoing" : [ {
      "resourceId" : "sid-6792E36A-8D98-45DC-A457-89F08F8CE31D"
    } ],
    "formats" : {
    },
    "glossaryLinks" : {
    }
  }, {
    "bounds" : {
      "lowerRight" : {
        "y" : 260,
        "x" : 629.78125
      },
      "upperLeft" : {
        "y" : 260,
        "x" : 595
      }
    },
    "dockers" : [ {
      "y" : 15,
      "x" : 15
    }, {
      "y" : 20,
      "x" : 20
    } ],
    "resourceId" : "sid-46F5FBD6-1144-475F-924B-4B992FF90A01",
    "labels" : [ ],
    "layers" : [ ],
    "target" : {
      "resourceId" : "sid-9CB38218-5CBC-4566-A646-2A050A099F28"
    },
    "childShapes" : [ ],
    "properties" : {
      "id" : "",
      "label" : "",
      "transformation" : ""
    },
    "stencil" : {
      "id" : "Arc"
    },
    "outgoing" : [ {
      "resourceId" : "sid-9CB38218-5CBC-4566-A646-2A050A099F28"
    } ],
    "formats" : {
    },
    "glossaryLinks" : {
    }
  }, {
    "bounds" : {
      "lowerRight" : {
        "y" : 365,
        "x" : 665
      },
      "upperLeft" : {
        "y" : 325,
        "x" : 625
      }
    },
    "dockers" : [ ],
    "resourceId" : "sid-7B5B428A-5733-4ED7-9764-164EE8134807",
    "labels" : [ ],
    "layers" : [ ],
    "childShapes" : [ ],
    "properties" : {
      "id" : "",
      "title" : "R",
      "communicationtype" : "Default",
      "communicationchannel" : "",
      "guard" : "",
      "oform" : "",
      "omodel" : "",
      "firetype" : "Automatic",
      "href" : ""
    },
    "stencil" : {
      "id" : "Transition"
    },
    "outgoing" : [ {
      "resourceId" : "sid-2D179561-A7D3-4E0C-BA5D-452D415BD398"
    } ],
    "formats" : {
    },
    "glossaryLinks" : {
    }
  }, {
    "bounds" : {
      "lowerRight" : {
        "y" : 435,
        "x" : 600
      },
      "upperLeft" : {
        "y" : 405,
        "x" : 570
      }
    },
    "dockers" : [ ],
    "resourceId" : "sid-DC47A2C8-A6F9-4EAB-A61D-6BF95D0F7860",
    "labels" : [ ],
    "layers" : [ ],
    "childShapes" : [ ],
    "properties" : {
      "exttype" : "Push",
      "id" : "",
      "title" : "S",
      "external" : "false",
      "locatortypes" : "",
      "locatornames" : "",
      "numberoftokens_drawing" : "0",
      "numberoftokens_text" : "",
      "numberOfTokens" : "0",
      "locatorexpr" : "",
      "href" : ""
    },
    "stencil" : {
      "id" : "Place"
    },
    "outgoing" : [ {
      "resourceId" : "sid-EE80D8EF-DDA8-4D93-B3E0-A0CC38CA99B9"
    } ],
    "formats" : {
    },
    "glossaryLinks" : {
    }
  }, {
    "bounds" : {
      "lowerRight" : {
        "y" : 324.078125,
        "x" : 645
      },
      "upperLeft" : {
        "y" : 275.609375,
        "x" : 645
      }
    },
    "dockers" : [ {
      "y" : 15,
      "x" : 15
    }, {
      "y" : 20,
      "x" : 20
    } ],
    "resourceId" : "sid-18A2CDD6-80AF-4BA4-B60C-931070329D5E",
    "labels" : [ ],
    "layers" : [ ],
    "target" : {
      "resourceId" : "sid-7B5B428A-5733-4ED7-9764-164EE8134807"
    },
    "childShapes" : [ ],
    "properties" : {
      "id" : "",
      "label" : "",
      "transformation" : ""
    },
    "stencil" : {
      "id" : "Arc"
    },
    "outgoing" : [ {
      "resourceId" : "sid-7B5B428A-5733-4ED7-9764-164EE8134807"
    } ],
    "formats" : {
    },
    "glossaryLinks" : {
    }
  }, {
    "bounds" : {
      "lowerRight" : {
        "y" : 408.086318690557,
        "x" : 629
      },
      "upperLeft" : {
        "y" : 365,
        "x" : 594.5309450475544
      }
    },
    "dockers" : [ {
      "y" : 20,
      "x" : 20
    }, {
      "y" : 15,
      "x" : 15
    } ],
    "resourceId" : "sid-2D179561-A7D3-4E0C-BA5D-452D415BD398",
    "labels" : [ ],
    "layers" : [ ],
    "target" : {
      "resourceId" : "sid-DC47A2C8-A6F9-4EAB-A61D-6BF95D0F7860"
    },
    "childShapes" : [ ],
    "properties" : {
      "id" : "",
      "label" : "",
      "transformation" : ""
    },
    "stencil" : {
      "id" : "Arc"
    },
    "outgoing" : [ {
      "resourceId" : "sid-DC47A2C8-A6F9-4EAB-A61D-6BF95D0F7860"
    } ],
    "formats" : {
    },
    "glossaryLinks" : {
    }
  }, {
    "bounds" : {
      "lowerRight" : {
        "y" : 406.83781957428744,
        "x" : 577.1026917445724
      },
      "upperLeft" : {
        "y" : 365,
        "x" : 552
      }
    },
    "dockers" : [ {
      "y" : 15,
      "x" : 15
    }, {
      "y" : 20,
      "x" : 20
    } ],
    "resourceId" : "sid-EE80D8EF-DDA8-4D93-B3E0-A0CC38CA99B9",
    "labels" : [ ],
    "layers" : [ ],
    "target" : {
      "resourceId" : "sid-406A7FA8-4A25-4D7A-999E-E21ECB9E2ED2"
    },
    "childShapes" : [ ],
    "properties" : {
      "id" : "",
      "label" : "",
      "transformation" : ""
    },
    "stencil" : {
      "id" : "Arc"
    },
    "outgoing" : [ {
      "resourceId" : "sid-406A7FA8-4A25-4D7A-999E-E21ECB9E2ED2"
    } ],
    "formats" : {
    },
    "glossaryLinks" : {
    }
  }, {
    "bounds" : {
      "lowerRight" : {
        "y" : 345,
        "x" : 519.3125
      },
      "upperLeft" : {
        "y" : 345,
        "x" : 465.0625
      }
    },
    "dockers" : [ {
      "y" : 20,
      "x" : 20
    }, {
      "y" : 15,
      "x" : 15
    } ],
    "resourceId" : "sid-CFC7D79D-8C6A-4B61-80F3-6362A0E12EBF",
    "labels" : [ ],
    "layers" : [ ],
    "target" : {
      "resourceId" : "sid-1688D29D-F1BF-4169-988E-D8AEAFE1960C"
    },
    "childShapes" : [ ],
    "properties" : {
      "id" : "",
      "label" : "",
      "transformation" : ""
    },
    "stencil" : {
      "id" : "Arc"
    },
    "outgoing" : [ {
      "resourceId" : "sid-1688D29D-F1BF-4169-988E-D8AEAFE1960C"
    } ],
    "formats" : {
    },
    "glossaryLinks" : {
    }
  } ],
  "properties" : {
    "author" : "",
    "title" : "",
    "engine" : "false",
    "modificationdate" : "10/07/07",
    "documentation" : "",
    "language" : "English",
    "creationdate" : "10/07/07",
    "version" : ""
  },
  "stencilset" : {
    "url" : "/stencilsets/petrinets/petrinet.json?version=5.3.1",
    "namespace" : "http://b3mn.org/stencilset/petrinet#"
  },
  "ssextensions" : [ ],
  "offset" : {
    "y" : 5,
    "x" : 1.234375
  },
  "stencil" : {
    "id" : "Diagram"
  },
  "formats" : {
  }
}