{
  "revision" : {
    "creationDate" : null,
    "elementCounts" : {
      "total" : 28,
      "Place" : 6,
      "Arc" : 16,
      "Transition" : 5,
      "Diagram" : 1
    },
    "connectedness" : 100,
    "isLastRevision" : "true",
    "revisionNumber" : 3
  },
  "model" : {
    "modelingLanguage" : "petrinet",
    "numberOfRevisions" : 3,
    "naturalLanguage" : "de",
    "timestampModelCollection" : null,
    "directoryId" : "347330127",
    "groupName" : "PetriNet",
    "modelDate" : "2010-11-10",
    "modelName" : "Aufgabe 3",
    "modelId" : "477698920"
  }
}