{
  "bounds" : {
    "lowerRight" : {
      "y" : 1050,
      "x" : 1485
    },
    "upperLeft" : {
      "y" : 0,
      "x" : 0
    }
  },
  "resourceId" : "canvas",
  "childShapes" : [ {
    "dockers" : [ ],
    "bounds" : {
      "lowerRight" : {
        "y" : 180,
        "x" : 295.4499960621596
      },
      "upperLeft" : {
        "y" : 150,
        "x" : 265.4499960621596
      }
    },
    "resourceId" : "sid-14FDEB81-F367-4905-B459-A1A20D12434F",
    "childShapes" : [ ],
    "properties" : {
      "exttype" : "Push",
      "id" : "",
      "title" : "Auswahl",
      "external" : "false",
      "numberoftokens" : 1,
      "locatortypes" : "",
      "locatornames" : "",
      "numberoftokens_drawing" : "1",
      "numberoftokens_text" : "",
      "locatorexpr" : "",
      "href" : ""
    },
    "stencil" : {
      "id" : "Place"
    },
    "outgoing" : [ {
      "resourceId" : "sid-C519AFF5-0987-4F26-9C18-4C92CB5A9AE4"
    }, {
      "resourceId" : "sid-31269D7F-7FF6-4F32-A541-C6D2746F31BC"
    } ]
  }, {
    "dockers" : [ ],
    "bounds" : {
      "lowerRight" : {
        "y" : 180,
        "x" : 399.9499960621596
      },
      "upperLeft" : {
        "y" : 150,
        "x" : 369.9499960621596
      }
    },
    "resourceId" : "sid-31D76312-ADC0-49A4-BAB7-5910D38F13CB",
    "childShapes" : [ ],
    "properties" : {
      "exttype" : "Push",
      "id" : "",
      "title" : "Geldb?rse",
      "external" : "false",
      "numberoftokens" : 3,
      "locatortypes" : "",
      "locatornames" : "",
      "numberoftokens_drawing" : "3",
      "numberoftokens_text" : "",
      "locatorexpr" : "",
      "href" : ""
    },
    "stencil" : {
      "id" : "Place"
    },
    "outgoing" : [ {
      "resourceId" : "sid-A36FF3DD-8A0A-4AA6-8C03-DF6C0B9362A8"
    } ]
  }, {
    "dockers" : [ ],
    "bounds" : {
      "lowerRight" : {
        "y" : 180.5,
        "x" : 602
      },
      "upperLeft" : {
        "y" : 150.5,
        "x" : 572
      }
    },
    "resourceId" : "sid-323A0AFA-913E-4FEF-9638-FB53C4E315E2",
    "childShapes" : [ ],
    "properties" : {
      "exttype" : "Push",
      "id" : "",
      "title" : "Geld",
      "external" : "false",
      "numberoftokens" : 0,
      "locatortypes" : "",
      "locatornames" : "",
      "numberoftokens_drawing" : "0",
      "numberoftokens_text" : "",
      "locatorexpr" : "",
      "href" : "3"
    },
    "stencil" : {
      "id" : "Place"
    },
    "outgoing" : [ {
      "resourceId" : "sid-7536D659-8AEA-420E-9EBD-13B966ADC298"
    }, {
      "resourceId" : "sid-0588EA52-5108-4A43-BA2A-D2F8BEFC656F"
    }, {
      "resourceId" : "sid-C7CA0C08-C6AD-43B8-BE6E-1360AE9AF8DC"
    }, {
      "resourceId" : "sid-512E94D3-FE58-47CC-BA83-701D8977E45B"
    }, {
      "resourceId" : "sid-579113CA-F867-48CF-A69E-BD774714D852"
    }, {
      "resourceId" : "sid-0C7FAB68-4F14-4494-B3A8-2031DCBBC09E"
    } ]
  }, {
    "dockers" : [ ],
    "bounds" : {
      "lowerRight" : {
        "y" : 180,
        "x" : 683.3999890952113
      },
      "upperLeft" : {
        "y" : 150,
        "x" : 653.3999890952113
      }
    },
    "resourceId" : "sid-437C4732-4333-4594-8040-5222E5F7A497",
    "childShapes" : [ ],
    "properties" : {
      "exttype" : "Push",
      "id" : "",
      "title" : "Ausgabe",
      "external" : "false",
      "numberoftokens" : 0,
      "locatortypes" : "",
      "locatornames" : "",
      "numberoftokens_drawing" : "0",
      "numberoftokens_text" : "",
      "locatorexpr" : "",
      "href" : ""
    },
    "stencil" : {
      "id" : "Place"
    },
    "outgoing" : [ ]
  }, {
    "dockers" : [ ],
    "bounds" : {
      "lowerRight" : {
        "y" : 80,
        "x" : 399.9499960621596
      },
      "upperLeft" : {
        "y" : 50,
        "x" : 369.9499960621596
      }
    },
    "resourceId" : "sid-27349F5F-9A05-4DBC-91A4-2FACC3F5C476",
    "childShapes" : [ ],
    "properties" : {
      "exttype" : "Push",
      "id" : "",
      "title" : "Cola",
      "external" : "false",
      "numberoftokens" : 0,
      "locatortypes" : "",
      "locatornames" : "",
      "numberoftokens_drawing" : "0",
      "numberoftokens_text" : "",
      "locatorexpr" : "",
      "href" : ""
    },
    "stencil" : {
      "id" : "Place"
    },
    "outgoing" : [ {
      "resourceId" : "sid-87E9ECC3-CE6A-4260-B593-AB5FB1FD57CC"
    } ]
  }, {
    "dockers" : [ ],
    "bounds" : {
      "lowerRight" : {
        "y" : 283,
        "x" : 399.9499960621596
      },
      "upperLeft" : {
        "y" : 253,
        "x" : 369.9499960621596
      }
    },
    "resourceId" : "sid-1B7CD9B9-3B73-473A-88E8-05E0F205A3F5",
    "childShapes" : [ ],
    "properties" : {
      "exttype" : "Push",
      "id" : "",
      "title" : "Orangenlimonade",
      "external" : "false",
      "numberoftokens" : 0,
      "locatortypes" : "",
      "locatornames" : "",
      "numberoftokens_drawing" : "0",
      "numberoftokens_text" : "",
      "locatorexpr" : "",
      "href" : ""
    },
    "stencil" : {
      "id" : "Place"
    },
    "outgoing" : [ {
      "resourceId" : "sid-FD913BEB-DCC1-442E-9A0C-EBE03141AE2B"
    } ]
  }, {
    "dockers" : [ ],
    "bounds" : {
      "lowerRight" : {
        "y" : 85,
        "x" : 326.4499960621596
      },
      "upperLeft" : {
        "y" : 45,
        "x" : 235.4499960621596
      }
    },
    "resourceId" : "sid-0959846F-3743-41AF-8D53-102546A72DD8",
    "childShapes" : [ ],
    "properties" : {
      "id" : "",
      "title" : "Entscheidung Cola",
      "communicationtype" : "Default",
      "communicationchannel" : "",
      "guard" : "",
      "oform" : "",
      "omodel" : "",
      "firetype" : "Automatic",
      "href" : ""
    },
    "stencil" : {
      "id" : "Transition"
    },
    "outgoing" : [ {
      "resourceId" : "sid-AFE9F325-84FE-406D-9AA0-42BA1FA1C93C"
    } ]
  }, {
    "dockers" : [ {
      "y" : 15,
      "x" : 14.999999999999998
    }, {
      "y" : 20,
      "x" : 45.499999999999986
    } ],
    "bounds" : {
      "lowerRight" : {
        "y" : 149.93751249976563,
        "x" : 280.8473398746584
      },
      "upperLeft" : {
        "y" : 85.53123750023437,
        "x" : 280.52530849966075
      }
    },
    "resourceId" : "sid-C519AFF5-0987-4F26-9C18-4C92CB5A9AE4",
    "target" : {
      "resourceId" : "sid-0959846F-3743-41AF-8D53-102546A72DD8"
    },
    "childShapes" : [ ],
    "properties" : {
      "id" : "",
      "label" : "",
      "transformation" : ""
    },
    "stencil" : {
      "id" : "Arc"
    },
    "outgoing" : [ {
      "resourceId" : "sid-0959846F-3743-41AF-8D53-102546A72DD8"
    } ]
  }, {
    "dockers" : [ ],
    "bounds" : {
      "lowerRight" : {
        "y" : 288,
        "x" : 326.9499960621596
      },
      "upperLeft" : {
        "y" : 248,
        "x" : 235.9499960621596
      }
    },
    "resourceId" : "sid-79329565-2294-499F-9DBC-7B415184B0EF",
    "childShapes" : [ ],
    "properties" : {
      "id" : "",
      "title" : "Entscheidung Limo",
      "communicationtype" : "Default",
      "communicationchannel" : "",
      "guard" : "",
      "oform" : "",
      "omodel" : "",
      "firetype" : "Automatic",
      "href" : ""
    },
    "stencil" : {
      "id" : "Transition"
    },
    "outgoing" : [ {
      "resourceId" : "sid-588739FE-E44E-4F69-887E-48D7EFEDC994"
    } ]
  }, {
    "dockers" : [ {
      "y" : 20,
      "x" : 45.499999999999986
    }, {
      "y" : 15,
      "x" : 15
    } ],
    "bounds" : {
      "lowerRight" : {
        "y" : 268,
        "x" : 369.3953085621596
      },
      "upperLeft" : {
        "y" : 268,
        "x" : 327.7312460621596
      }
    },
    "resourceId" : "sid-588739FE-E44E-4F69-887E-48D7EFEDC994",
    "target" : {
      "resourceId" : "sid-1B7CD9B9-3B73-473A-88E8-05E0F205A3F5"
    },
    "childShapes" : [ ],
    "properties" : {
      "id" : "",
      "label" : "",
      "transformation" : ""
    },
    "stencil" : {
      "id" : "Arc"
    },
    "outgoing" : [ {
      "resourceId" : "sid-1B7CD9B9-3B73-473A-88E8-05E0F205A3F5"
    } ]
  }, {
    "dockers" : [ {
      "y" : 20,
      "x" : 45.499999999999986
    }, {
      "y" : 15,
      "x" : 15
    } ],
    "bounds" : {
      "lowerRight" : {
        "y" : 65,
        "x" : 369.3249960621596
      },
      "upperLeft" : {
        "y" : 65,
        "x" : 327.4499960621596
      }
    },
    "resourceId" : "sid-AFE9F325-84FE-406D-9AA0-42BA1FA1C93C",
    "target" : {
      "resourceId" : "sid-27349F5F-9A05-4DBC-91A4-2FACC3F5C476"
    },
    "childShapes" : [ ],
    "properties" : {
      "id" : "",
      "label" : "",
      "transformation" : ""
    },
    "stencil" : {
      "id" : "Arc"
    },
    "outgoing" : [ {
      "resourceId" : "sid-27349F5F-9A05-4DBC-91A4-2FACC3F5C476"
    } ]
  }, {
    "dockers" : [ ],
    "bounds" : {
      "lowerRight" : {
        "y" : 172.5,
        "x" : 544.7499924272299
      },
      "upperLeft" : {
        "y" : 157.5,
        "x" : 453.74999242723
      }
    },
    "resourceId" : "sid-BD10B8C4-ECAD-461A-AFA0-412B11F8C874",
    "childShapes" : [ ],
    "properties" : {
      "id" : "",
      "title" : "M?nzeinwurf\n",
      "communicationtype" : "Default",
      "communicationchannel" : "",
      "guard" : "",
      "oform" : "",
      "omodel" : "",
      "firetype" : "Automatic",
      "href" : ""
    },
    "stencil" : {
      "id" : "Transition"
    },
    "outgoing" : [ {
      "resourceId" : "sid-B7F5D5FD-096D-4ED6-BB99-7CBE27C30964"
    } ]
  }, {
    "dockers" : [ {
      "y" : 15,
      "x" : 15
    }, {
      "y" : 7.5,
      "x" : 45.49999999999997
    } ],
    "bounds" : {
      "lowerRight" : {
        "y" : 165,
        "x" : 453.6015563471243
      },
      "upperLeft" : {
        "y" : 165,
        "x" : 400.2374956077934
      }
    },
    "resourceId" : "sid-A36FF3DD-8A0A-4AA6-8C03-DF6C0B9362A8",
    "target" : {
      "resourceId" : "sid-BD10B8C4-ECAD-461A-AFA0-412B11F8C874"
    },
    "childShapes" : [ ],
    "properties" : {
      "id" : "",
      "label" : "",
      "transformation" : ""
    },
    "stencil" : {
      "id" : "Arc"
    },
    "outgoing" : [ {
      "resourceId" : "sid-BD10B8C4-ECAD-461A-AFA0-412B11F8C874"
    } ]
  }, {
    "dockers" : [ {
      "y" : 6.247757887418629,
      "x" : 57.18936932746683
    }, {
      "y" : 15,
      "x" : 15
    } ],
    "bounds" : {
      "lowerRight" : {
        "y" : 165.1484232783594,
        "x" : 571.738895585164
      },
      "upperLeft" : {
        "y" : 164.53739513720458,
        "x" : 545.2156257308587
      }
    },
    "resourceId" : "sid-B7F5D5FD-096D-4ED6-BB99-7CBE27C30964",
    "target" : {
      "resourceId" : "sid-323A0AFA-913E-4FEF-9638-FB53C4E315E2"
    },
    "childShapes" : [ ],
    "properties" : {
      "id" : "",
      "label" : "",
      "transformation" : ""
    },
    "stencil" : {
      "id" : "Arc"
    },
    "outgoing" : [ {
      "resourceId" : "sid-323A0AFA-913E-4FEF-9638-FB53C4E315E2"
    } ]
  }, {
    "dockers" : [ ],
    "bounds" : {
      "lowerRight" : {
        "y" : 283,
        "x" : 632
      },
      "upperLeft" : {
        "y" : 253,
        "x" : 541
      }
    },
    "resourceId" : "sid-6F576435-8C63-4B70-87DA-B3CBF2BF81A8",
    "childShapes" : [ ],
    "properties" : {
      "id" : "",
      "title" : "Limoausgabe\n",
      "communicationtype" : "Default",
      "communicationchannel" : "",
      "guard" : "",
      "oform" : "",
      "omodel" : "",
      "firetype" : "Automatic",
      "href" : ""
    },
    "stencil" : {
      "id" : "Transition"
    },
    "outgoing" : [ {
      "resourceId" : "sid-2A6EC586-8F21-4F62-BE78-E09C08EB80A3"
    } ]
  }, {
    "dockers" : [ {
      "y" : 15,
      "x" : 15
    }, {
      "y" : 15.24680769963789,
      "x" : 48.1959616021185
    } ],
    "bounds" : {
      "lowerRight" : {
        "y" : 65.18775671214834,
        "x" : 540.7086266552252
      },
      "upperLeft" : {
        "y" : 65.01855909926769,
        "x" : 400.3461960376535
      }
    },
    "resourceId" : "sid-87E9ECC3-CE6A-4260-B593-AB5FB1FD57CC",
    "target" : {
      "resourceId" : "sid-562FA0A8-213C-4CAA-8F67-2E20B7A0B9DD"
    },
    "childShapes" : [ ],
    "properties" : {
      "id" : "",
      "label" : "",
      "transformation" : ""
    },
    "stencil" : {
      "id" : "Arc"
    },
    "outgoing" : [ {
      "resourceId" : "sid-562FA0A8-213C-4CAA-8F67-2E20B7A0B9DD"
    } ]
  }, {
    "dockers" : [ {
      "y" : 15,
      "x" : 15
    }, {
      "y" : 15,
      "x" : 45.5
    } ],
    "bounds" : {
      "lowerRight" : {
        "y" : 268,
        "x" : 540.6236319357151
      },
      "upperLeft" : {
        "y" : 268,
        "x" : 400.12148071403897
      }
    },
    "resourceId" : "sid-FD913BEB-DCC1-442E-9A0C-EBE03141AE2B",
    "target" : {
      "resourceId" : "sid-6F576435-8C63-4B70-87DA-B3CBF2BF81A8"
    },
    "childShapes" : [ ],
    "properties" : {
      "id" : "",
      "label" : "",
      "transformation" : ""
    },
    "stencil" : {
      "id" : "Arc"
    },
    "outgoing" : [ {
      "resourceId" : "sid-6F576435-8C63-4B70-87DA-B3CBF2BF81A8"
    } ]
  }, {
    "dockers" : [ {
      "y" : 15,
      "x" : 45.5
    }, {
      "y" : 15,
      "x" : 15
    } ],
    "bounds" : {
      "lowerRight" : {
        "y" : 252.73290612086237,
        "x" : 658.8198023736895
      },
      "upperLeft" : {
        "y" : 177.04834387913763,
        "x" : 598.639561380747
      }
    },
    "resourceId" : "sid-2A6EC586-8F21-4F62-BE78-E09C08EB80A3",
    "target" : {
      "resourceId" : "sid-437C4732-4333-4594-8040-5222E5F7A497"
    },
    "childShapes" : [ ],
    "properties" : {
      "id" : "",
      "label" : "",
      "transformation" : ""
    },
    "stencil" : {
      "id" : "Arc"
    },
    "outgoing" : [ {
      "resourceId" : "sid-437C4732-4333-4594-8040-5222E5F7A497"
    } ]
  }, {
    "dockers" : [ {
      "y" : 15.246807699637891,
      "x" : 48.19596160211857
    }, {
      "y" : 15,
      "x" : 15
    } ],
    "bounds" : {
      "lowerRight" : {
        "y" : 152.52510443557236,
        "x" : 658.5574517203687
      },
      "upperLeft" : {
        "y" : 80.05966870860527,
        "x" : 601.3831246213306
      }
    },
    "resourceId" : "sid-B46AA5AC-7CD4-4E89-B3D5-57D9AFFD220D",
    "target" : {
      "resourceId" : "sid-437C4732-4333-4594-8040-5222E5F7A497"
    },
    "childShapes" : [ ],
    "properties" : {
      "id" : "",
      "label" : "",
      "transformation" : ""
    },
    "stencil" : {
      "id" : "Arc"
    },
    "outgoing" : [ {
      "resourceId" : "sid-437C4732-4333-4594-8040-5222E5F7A497"
    } ]
  }, {
    "dockers" : [ {
      "y" : 15,
      "x" : 15
    }, {
      "y" : 15.09433962264151,
      "x" : 45.78616352201258
    } ],
    "bounds" : {
      "lowerRight" : {
        "y" : 150.380458070869,
        "x" : 587.2430717147041
      },
      "upperLeft" : {
        "y" : 80.21388155177252,
        "x" : 587.0430918073083
      }
    },
    "resourceId" : "sid-0588EA52-5108-4A43-BA2A-D2F8BEFC656F",
    "target" : {
      "resourceId" : "sid-562FA0A8-213C-4CAA-8F67-2E20B7A0B9DD"
    },
    "childShapes" : [ ],
    "properties" : {
      "id" : "",
      "label" : "",
      "transformation" : ""
    },
    "stencil" : {
      "id" : "Arc"
    },
    "outgoing" : [ {
      "resourceId" : "sid-562FA0A8-213C-4CAA-8F67-2E20B7A0B9DD"
    } ]
  }, {
    "dockers" : [ {
      "y" : 15,
      "x" : 15
    }, {
      "y" : 15,
      "x" : 45.5
    } ],
    "bounds" : {
      "lowerRight" : {
        "y" : 252.58594939746763,
        "x" : 586.924809509256
      },
      "upperLeft" : {
        "y" : 180.91405060253237,
        "x" : 586.575190490744
      }
    },
    "resourceId" : "sid-512E94D3-FE58-47CC-BA83-701D8977E45B",
    "target" : {
      "resourceId" : "sid-6F576435-8C63-4B70-87DA-B3CBF2BF81A8"
    },
    "childShapes" : [ ],
    "properties" : {
      "id" : "",
      "label" : "",
      "transformation" : ""
    },
    "stencil" : {
      "id" : "Arc"
    },
    "outgoing" : [ {
      "resourceId" : "sid-6F576435-8C63-4B70-87DA-B3CBF2BF81A8"
    } ]
  }, {
    "dockers" : [ ],
    "bounds" : {
      "lowerRight" : {
        "y" : 80,
        "x" : 632.5
      },
      "upperLeft" : {
        "y" : 50,
        "x" : 541.5
      }
    },
    "resourceId" : "sid-562FA0A8-213C-4CAA-8F67-2E20B7A0B9DD",
    "childShapes" : [ ],
    "properties" : {
      "id" : "",
      "title" : "Colaausgabe",
      "communicationtype" : "Default",
      "communicationchannel" : "",
      "guard" : "",
      "oform" : "",
      "omodel" : "",
      "firetype" : "Automatic",
      "type" : "http://b3mn.org/stencilset/petrinet#Transition",
      "href" : ""
    },
    "stencil" : {
      "id" : "Transition"
    },
    "outgoing" : [ {
      "resourceId" : "sid-B46AA5AC-7CD4-4E89-B3D5-57D9AFFD220D"
    } ]
  }, {
    "dockers" : [ {
      "y" : 15,
      "x" : 5
    }, {
      "y" : 15.09433962264151,
      "x" : 35.5
    } ],
    "bounds" : {
      "lowerRight" : {
        "y" : 153.51813089622644,
        "x" : 577
      },
      "upperLeft" : {
        "y" : 80.21388561320754,
        "x" : 577
      }
    },
    "resourceId" : "sid-C7CA0C08-C6AD-43B8-BE6E-1360AE9AF8DC",
    "target" : {
      "resourceId" : "sid-562FA0A8-213C-4CAA-8F67-2E20B7A0B9DD"
    },
    "childShapes" : [ ],
    "properties" : {
      "id" : "",
      "label" : "",
      "transformation" : ""
    },
    "stencil" : {
      "id" : "Arc"
    },
    "outgoing" : [ {
      "resourceId" : "sid-562FA0A8-213C-4CAA-8F67-2E20B7A0B9DD"
    } ]
  }, {
    "dockers" : [ {
      "y" : 15,
      "x" : 25
    }, {
      "y" : 15.09433962264151,
      "x" : 55.5
    } ],
    "bounds" : {
      "lowerRight" : {
        "y" : 153.51813089622644,
        "x" : 597
      },
      "upperLeft" : {
        "y" : 80.21388561320754,
        "x" : 597
      }
    },
    "resourceId" : "sid-7536D659-8AEA-420E-9EBD-13B966ADC298",
    "target" : {
      "resourceId" : "sid-562FA0A8-213C-4CAA-8F67-2E20B7A0B9DD"
    },
    "childShapes" : [ ],
    "properties" : {
      "id" : "",
      "label" : "",
      "transformation" : ""
    },
    "stencil" : {
      "id" : "Arc"
    },
    "outgoing" : [ {
      "resourceId" : "sid-562FA0A8-213C-4CAA-8F67-2E20B7A0B9DD"
    } ]
  }, {
    "dockers" : [ {
      "y" : 15,
      "x" : 25
    }, {
      "y" : 15,
      "x" : 56
    } ],
    "bounds" : {
      "lowerRight" : {
        "y" : 252.5859375,
        "x" : 597
      },
      "upperLeft" : {
        "y" : 176.91015625,
        "x" : 597
      }
    },
    "resourceId" : "sid-0C7FAB68-4F14-4494-B3A8-2031DCBBC09E",
    "target" : {
      "resourceId" : "sid-6F576435-8C63-4B70-87DA-B3CBF2BF81A8"
    },
    "childShapes" : [ ],
    "properties" : {
      "id" : "",
      "label" : "",
      "transformation" : ""
    },
    "stencil" : {
      "id" : "Arc"
    },
    "outgoing" : [ {
      "resourceId" : "sid-6F576435-8C63-4B70-87DA-B3CBF2BF81A8"
    } ]
  }, {
    "dockers" : [ {
      "y" : 15,
      "x" : 5
    }, {
      "y" : 15,
      "x" : 36
    } ],
    "bounds" : {
      "lowerRight" : {
        "y" : 252.5859375,
        "x" : 577
      },
      "upperLeft" : {
        "y" : 176.91015625,
        "x" : 577
      }
    },
    "resourceId" : "sid-579113CA-F867-48CF-A69E-BD774714D852",
    "target" : {
      "resourceId" : "sid-6F576435-8C63-4B70-87DA-B3CBF2BF81A8"
    },
    "childShapes" : [ ],
    "properties" : {
      "id" : "",
      "label" : "",
      "transformation" : ""
    },
    "stencil" : {
      "id" : "Arc"
    },
    "outgoing" : [ {
      "resourceId" : "sid-6F576435-8C63-4B70-87DA-B3CBF2BF81A8"
    } ]
  }, {
    "dockers" : [ {
      "y" : 15,
      "x" : 14.999999999999998
    }, {
      "y" : 20,
      "x" : 45.499999999999986
    } ],
    "bounds" : {
      "lowerRight" : {
        "y" : 247.6875471264639,
        "x" : 281.252787781834
      },
      "upperLeft" : {
        "y" : 180.4843278735361,
        "x" : 280.60032934248517
      }
    },
    "resourceId" : "sid-31269D7F-7FF6-4F32-A541-C6D2746F31BC",
    "target" : {
      "resourceId" : "sid-79329565-2294-499F-9DBC-7B415184B0EF"
    },
    "childShapes" : [ ],
    "properties" : {
      "id" : "",
      "label" : "",
      "transformation" : ""
    },
    "stencil" : {
      "id" : "Arc"
    },
    "outgoing" : [ {
      "resourceId" : "sid-79329565-2294-499F-9DBC-7B415184B0EF"
    } ]
  } ],
  "properties" : {
    "author" : "",
    "title" : "",
    "modificationdate" : "10/07/07",
    "engine" : "false",
    "documentation" : "",
    "language" : "English",
    "creationdate" : "10/07/07",
    "version" : ""
  },
  "ssextensions" : [ ],
  "stencilset" : {
    "url" : "/stencilsets/petrinets/petrinet.json?version=4.3.2",
    "namespace" : "http://b3mn.org/stencilset/petrinet#"
  },
  "stencil" : {
    "id" : "Diagram"
  }
}