{
  "revision" : {
    "creationDate" : null,
    "elementCounts" : {
      "total" : 52,
      "Place" : 14,
      "Arc" : 25,
      "Transition" : 12,
      "Diagram" : 1
    },
    "connectedness" : 100,
    "isLastRevision" : "false",
    "revisionNumber" : 1
  },
  "model" : {
    "modelingLanguage" : "petrinet",
    "numberOfRevisions" : 4,
    "naturalLanguage" : "de",
    "timestampModelCollection" : null,
    "directoryId" : "655816151",
    "groupName" : "PetriNet",
    "modelDate" : "2012-08-30",
    "modelName" : "541626242",
    "modelId" : "541626242"
  }
}