{
  "revision" : {
    "creationDate" : null,
    "elementCounts" : {
      "total" : 32,
      "Place" : 8,
      "Arc" : 16,
      "Transition" : 7,
      "Diagram" : 1
    },
    "connectedness" : 100,
    "isLastRevision" : "false",
    "revisionNumber" : 1
  },
  "model" : {
    "modelingLanguage" : "petrinet",
    "numberOfRevisions" : 2,
    "naturalLanguage" : "de",
    "timestampModelCollection" : null,
    "directoryId" : "898526010",
    "groupName" : "PetriNet",
    "modelDate" : "2012-08-30",
    "modelName" : "1489394280",
    "modelId" : "1489394280"
  }
}