{
  "bounds" : {
    "lowerRight" : {
      "y" : 1050,
      "x" : 1485
    },
    "upperLeft" : {
      "y" : 0,
      "x" : 0
    }
  },
  "resourceId" : "canvas",
  "childShapes" : [ {
    "bounds" : {
      "lowerRight" : {
        "y" : 192,
        "x" : 151
      },
      "upperLeft" : {
        "y" : 135,
        "x" : 45
      }
    },
    "dockers" : [ ],
    "resourceId" : "sid-EC2583CB-D688-4B3A-83B8-3FF9017878AB",
    "labels" : [ ],
    "layers" : [ ],
    "childShapes" : [ ],
    "properties" : {
      "id" : "",
      "title" : "A",
      "communicationtype" : "Default",
      "communicationchannel" : "",
      "guard" : "",
      "oform" : "",
      "omodel" : "",
      "firetype" : "Automatic",
      "href" : ""
    },
    "stencil" : {
      "id" : "Transition"
    },
    "outgoing" : [ {
      "resourceId" : "sid-77AE075F-D7D2-48A6-9D74-9B5BF458FE2C"
    } ],
    "formats" : {
    },
    "glossaryLinks" : {
    }
  }, {
    "bounds" : {
      "lowerRight" : {
        "y" : 65,
        "x" : 215
      },
      "upperLeft" : {
        "y" : 35,
        "x" : 185
      }
    },
    "dockers" : [ ],
    "resourceId" : "sid-DB03E2C3-CDFA-4CD5-84BF-2AB7A5E0DFBE",
    "labels" : [ ],
    "layers" : [ ],
    "childShapes" : [ ],
    "properties" : {
      "exttype" : "Push",
      "id" : "",
      "title" : "",
      "external" : "false",
      "locatortypes" : "",
      "locatornames" : "",
      "numberoftokens_drawing" : "0",
      "numberoftokens_text" : "",
      "numberOfTokens" : "0",
      "locatorexpr" : "",
      "href" : ""
    },
    "stencil" : {
      "id" : "Place"
    },
    "outgoing" : [ {
      "resourceId" : "sid-13C9901A-7CC3-435D-9DE8-C300A45ED912"
    }, {
      "resourceId" : "sid-B47C676C-31AE-4E35-B2FB-08E7DB1A560B"
    } ],
    "formats" : {
    },
    "glossaryLinks" : {
    }
  }, {
    "bounds" : {
      "lowerRight" : {
        "y" : 550,
        "x" : 249
      },
      "upperLeft" : {
        "y" : 520,
        "x" : 219
      }
    },
    "dockers" : [ ],
    "resourceId" : "sid-A7AEE672-AE74-4537-8F14-4CF33A3746FD",
    "labels" : [ ],
    "layers" : [ ],
    "childShapes" : [ ],
    "properties" : {
      "exttype" : "Push",
      "id" : "",
      "title" : "",
      "external" : "false",
      "locatortypes" : "",
      "locatornames" : "",
      "numberoftokens_drawing" : "0",
      "numberoftokens_text" : "",
      "numberOfTokens" : "0",
      "locatorexpr" : "",
      "href" : ""
    },
    "stencil" : {
      "id" : "Place"
    },
    "outgoing" : [ ],
    "formats" : {
    },
    "glossaryLinks" : {
    }
  }, {
    "bounds" : {
      "lowerRight" : {
        "y" : 130,
        "x" : 458
      },
      "upperLeft" : {
        "y" : 90,
        "x" : 352
      }
    },
    "dockers" : [ ],
    "resourceId" : "sid-ED05B336-DFEC-491A-AE45-CA1182E35352",
    "labels" : [ ],
    "layers" : [ ],
    "childShapes" : [ ],
    "properties" : {
      "id" : "",
      "title" : "B",
      "communicationtype" : "Default",
      "communicationchannel" : "",
      "guard" : "",
      "oform" : "",
      "omodel" : "",
      "firetype" : "Automatic",
      "href" : ""
    },
    "stencil" : {
      "id" : "Transition"
    },
    "outgoing" : [ {
      "resourceId" : "sid-86ECA7E7-E33F-4D20-AF64-F8D201FB32D8"
    } ],
    "formats" : {
    },
    "glossaryLinks" : {
    }
  }, {
    "bounds" : {
      "lowerRight" : {
        "y" : 367,
        "x" : 214
      },
      "upperLeft" : {
        "y" : 310,
        "x" : 87
      }
    },
    "dockers" : [ ],
    "resourceId" : "sid-A273D31B-0FF6-4CBF-9942-525368F05809",
    "labels" : [ ],
    "layers" : [ ],
    "childShapes" : [ ],
    "properties" : {
      "id" : "",
      "title" : "C",
      "communicationtype" : "Default",
      "communicationchannel" : "",
      "guard" : "",
      "oform" : "",
      "omodel" : "",
      "firetype" : "Automatic",
      "href" : ""
    },
    "stencil" : {
      "id" : "Transition"
    },
    "outgoing" : [ {
      "resourceId" : "sid-85B39843-53C0-4168-8B8D-C16B6C24FDC4"
    } ],
    "formats" : {
    },
    "glossaryLinks" : {
    }
  }, {
    "bounds" : {
      "lowerRight" : {
        "y" : 484,
        "x" : 254
      },
      "upperLeft" : {
        "y" : 444,
        "x" : 214
      }
    },
    "dockers" : [ ],
    "resourceId" : "sid-5921AA0B-8D37-4A74-83B2-135AFDDB9264",
    "labels" : [ ],
    "layers" : [ ],
    "childShapes" : [ ],
    "properties" : {
      "id" : "",
      "title" : "D",
      "communicationtype" : "Default",
      "communicationchannel" : "",
      "guard" : "",
      "oform" : "",
      "omodel" : "",
      "firetype" : "Automatic",
      "href" : ""
    },
    "stencil" : {
      "id" : "Transition"
    },
    "outgoing" : [ {
      "resourceId" : "sid-D941DDB8-2171-4C5C-A91B-AA92678459D3"
    } ],
    "formats" : {
    },
    "glossaryLinks" : {
    }
  }, {
    "bounds" : {
      "lowerRight" : {
        "y" : 467,
        "x" : 533
      },
      "upperLeft" : {
        "y" : 410,
        "x" : 438
      }
    },
    "dockers" : [ ],
    "resourceId" : "sid-0592AC01-B44F-4888-A801-5E6A9B52D0D6",
    "labels" : [ ],
    "layers" : [ ],
    "childShapes" : [ ],
    "properties" : {
      "id" : "",
      "title" : "E",
      "communicationtype" : "Default",
      "communicationchannel" : "",
      "guard" : "",
      "oform" : "",
      "omodel" : "",
      "firetype" : "Automatic",
      "href" : ""
    },
    "stencil" : {
      "id" : "Transition"
    },
    "outgoing" : [ {
      "resourceId" : "sid-351D33FD-5184-4642-8D92-529DD95081BA"
    } ],
    "formats" : {
    },
    "glossaryLinks" : {
    }
  }, {
    "bounds" : {
      "lowerRight" : {
        "y" : 195,
        "x" : 420
      },
      "upperLeft" : {
        "y" : 165,
        "x" : 390
      }
    },
    "dockers" : [ ],
    "resourceId" : "sid-6DF2EEC9-A74B-419F-9C34-7275932D4D3C",
    "labels" : [ ],
    "layers" : [ ],
    "childShapes" : [ ],
    "properties" : {
      "exttype" : "Push",
      "id" : "",
      "title" : "",
      "external" : "false",
      "locatortypes" : "",
      "locatornames" : "",
      "numberoftokens_drawing" : "0",
      "numberoftokens_text" : "",
      "numberOfTokens" : "0",
      "locatorexpr" : "",
      "href" : ""
    },
    "stencil" : {
      "id" : "Place"
    },
    "outgoing" : [ {
      "resourceId" : "sid-BB9E9487-DC48-4009-873F-E3305B298AAD"
    }, {
      "resourceId" : "sid-BEFA81DD-FBA3-43FB-804F-4E455BAD8B5D"
    } ],
    "formats" : {
    },
    "glossaryLinks" : {
    }
  }, {
    "bounds" : {
      "lowerRight" : {
        "y" : 134.38121728116613,
        "x" : 189.7690785258057
      },
      "upperLeft" : {
        "y" : 61.38440771883387,
        "x" : 124.16842147419432
      }
    },
    "dockers" : [ {
      "y" : 15,
      "x" : 15
    }, {
      "y" : 28.5,
      "x" : 53
    } ],
    "resourceId" : "sid-13C9901A-7CC3-435D-9DE8-C300A45ED912",
    "labels" : [ ],
    "layers" : [ ],
    "target" : {
      "resourceId" : "sid-EC2583CB-D688-4B3A-83B8-3FF9017878AB"
    },
    "childShapes" : [ ],
    "properties" : {
      "id" : "",
      "label" : "",
      "transformation" : ""
    },
    "stencil" : {
      "id" : "Arc"
    },
    "outgoing" : [ {
      "resourceId" : "sid-EC2583CB-D688-4B3A-83B8-3FF9017878AB"
    } ],
    "formats" : {
    },
    "glossaryLinks" : {
    }
  }, {
    "bounds" : {
      "lowerRight" : {
        "y" : 275,
        "x" : 113
      },
      "upperLeft" : {
        "y" : 245,
        "x" : 83
      }
    },
    "dockers" : [ ],
    "resourceId" : "sid-9E80FF26-59E4-46AE-AAF3-54A183C2A986",
    "labels" : [ ],
    "layers" : [ ],
    "childShapes" : [ ],
    "properties" : {
      "exttype" : "Push",
      "id" : "",
      "title" : "",
      "external" : "false",
      "locatortypes" : "",
      "locatornames" : "",
      "numberoftokens_drawing" : "0",
      "numberoftokens_text" : "",
      "numberOfTokens" : "0",
      "locatorexpr" : "",
      "href" : ""
    },
    "stencil" : {
      "id" : "Place"
    },
    "outgoing" : [ {
      "resourceId" : "sid-AF8061A3-7081-4EE7-B890-4627E9C8C0D4"
    } ],
    "formats" : {
    },
    "glossaryLinks" : {
    }
  }, {
    "bounds" : {
      "lowerRight" : {
        "y" : 244.67578125,
        "x" : 98
      },
      "upperLeft" : {
        "y" : 192,
        "x" : 98
      }
    },
    "dockers" : [ {
      "y" : 28.5,
      "x" : 53
    }, {
      "y" : 15,
      "x" : 15
    } ],
    "resourceId" : "sid-77AE075F-D7D2-48A6-9D74-9B5BF458FE2C",
    "labels" : [ ],
    "layers" : [ ],
    "target" : {
      "resourceId" : "sid-9E80FF26-59E4-46AE-AAF3-54A183C2A986"
    },
    "childShapes" : [ ],
    "properties" : {
      "id" : "",
      "label" : "",
      "transformation" : ""
    },
    "stencil" : {
      "id" : "Arc"
    },
    "outgoing" : [ {
      "resourceId" : "sid-9E80FF26-59E4-46AE-AAF3-54A183C2A986"
    } ],
    "formats" : {
    },
    "glossaryLinks" : {
    }
  }, {
    "bounds" : {
      "lowerRight" : {
        "y" : 309.45782763958357,
        "x" : 131.0768910965368
      },
      "upperLeft" : {
        "y" : 273.09685986041643,
        "x" : 106.7590464034632
      }
    },
    "dockers" : [ {
      "y" : 15,
      "x" : 15
    }, {
      "y" : 28.5,
      "x" : 63.5
    } ],
    "resourceId" : "sid-AF8061A3-7081-4EE7-B890-4627E9C8C0D4",
    "labels" : [ ],
    "layers" : [ ],
    "target" : {
      "resourceId" : "sid-A273D31B-0FF6-4CBF-9942-525368F05809"
    },
    "childShapes" : [ ],
    "properties" : {
      "id" : "",
      "label" : "",
      "transformation" : ""
    },
    "stencil" : {
      "id" : "Arc"
    },
    "outgoing" : [ {
      "resourceId" : "sid-A273D31B-0FF6-4CBF-9942-525368F05809"
    } ],
    "formats" : {
    },
    "glossaryLinks" : {
    }
  }, {
    "bounds" : {
      "lowerRight" : {
        "y" : 460,
        "x" : 165
      },
      "upperLeft" : {
        "y" : 430,
        "x" : 135
      }
    },
    "dockers" : [ ],
    "resourceId" : "sid-92CFB383-6574-4119-BED4-88233CBE1DBE",
    "labels" : [ ],
    "layers" : [ ],
    "childShapes" : [ ],
    "properties" : {
      "exttype" : "Push",
      "id" : "",
      "title" : "",
      "external" : "false",
      "locatortypes" : "",
      "locatornames" : "",
      "numberoftokens_drawing" : "0",
      "numberoftokens_text" : "",
      "numberOfTokens" : "0",
      "locatorexpr" : "",
      "href" : ""
    },
    "stencil" : {
      "id" : "Place"
    },
    "outgoing" : [ {
      "resourceId" : "sid-4EB812D1-964B-442A-8351-E830A47C8A13"
    } ],
    "formats" : {
    },
    "glossaryLinks" : {
    }
  }, {
    "bounds" : {
      "lowerRight" : {
        "y" : 429.0234485205589,
        "x" : 150.3661971830986
      },
      "upperLeft" : {
        "y" : 367,
        "x" : 150.07500728394103
      }
    },
    "dockers" : [ {
      "y" : 28.5,
      "x" : 63.5
    }, {
      "y" : 15,
      "x" : 15
    } ],
    "resourceId" : "sid-85B39843-53C0-4168-8B8D-C16B6C24FDC4",
    "labels" : [ ],
    "layers" : [ ],
    "target" : {
      "resourceId" : "sid-92CFB383-6574-4119-BED4-88233CBE1DBE"
    },
    "childShapes" : [ ],
    "properties" : {
      "id" : "",
      "label" : "",
      "transformation" : ""
    },
    "stencil" : {
      "id" : "Arc"
    },
    "outgoing" : [ {
      "resourceId" : "sid-92CFB383-6574-4119-BED4-88233CBE1DBE"
    } ],
    "formats" : {
    },
    "glossaryLinks" : {
    }
  }, {
    "bounds" : {
      "lowerRight" : {
        "y" : 459.3262577527161,
        "x" : 213.33713953832395
      },
      "upperLeft" : {
        "y" : 448.4862422472839,
        "x" : 165.41286046167605
      }
    },
    "dockers" : [ {
      "y" : 15,
      "x" : 15
    }, {
      "y" : 20,
      "x" : 20
    } ],
    "resourceId" : "sid-4EB812D1-964B-442A-8351-E830A47C8A13",
    "labels" : [ ],
    "layers" : [ ],
    "target" : {
      "resourceId" : "sid-5921AA0B-8D37-4A74-83B2-135AFDDB9264"
    },
    "childShapes" : [ ],
    "properties" : {
      "id" : "",
      "label" : "",
      "transformation" : ""
    },
    "stencil" : {
      "id" : "Arc"
    },
    "outgoing" : [ {
      "resourceId" : "sid-5921AA0B-8D37-4A74-83B2-135AFDDB9264"
    } ],
    "formats" : {
    },
    "glossaryLinks" : {
    }
  }, {
    "bounds" : {
      "lowerRight" : {
        "y" : 519.578125,
        "x" : 234
      },
      "upperLeft" : {
        "y" : 484,
        "x" : 234
      }
    },
    "dockers" : [ {
      "y" : 20,
      "x" : 20
    }, {
      "y" : 15,
      "x" : 15
    } ],
    "resourceId" : "sid-D941DDB8-2171-4C5C-A91B-AA92678459D3",
    "labels" : [ ],
    "layers" : [ ],
    "target" : {
      "resourceId" : "sid-A7AEE672-AE74-4537-8F14-4CF33A3746FD"
    },
    "childShapes" : [ ],
    "properties" : {
      "id" : "",
      "label" : "",
      "transformation" : ""
    },
    "stencil" : {
      "id" : "Arc"
    },
    "outgoing" : [ {
      "resourceId" : "sid-A7AEE672-AE74-4537-8F14-4CF33A3746FD"
    } ],
    "formats" : {
    },
    "glossaryLinks" : {
    }
  }, {
    "bounds" : {
      "lowerRight" : {
        "y" : 94.25035124672928,
        "x" : 351.1887000929917
      },
      "upperLeft" : {
        "y" : 54.26527375327071,
        "x" : 214.57301865700828
      }
    },
    "dockers" : [ {
      "y" : 15,
      "x" : 15
    }, {
      "y" : 20,
      "x" : 53
    } ],
    "resourceId" : "sid-B47C676C-31AE-4E35-B2FB-08E7DB1A560B",
    "labels" : [ ],
    "layers" : [ ],
    "target" : {
      "resourceId" : "sid-ED05B336-DFEC-491A-AE45-CA1182E35352"
    },
    "childShapes" : [ ],
    "properties" : {
      "id" : "",
      "label" : "",
      "transformation" : ""
    },
    "stencil" : {
      "id" : "Arc"
    },
    "outgoing" : [ {
      "resourceId" : "sid-ED05B336-DFEC-491A-AE45-CA1182E35352"
    } ],
    "formats" : {
    },
    "glossaryLinks" : {
    }
  }, {
    "bounds" : {
      "lowerRight" : {
        "y" : 164.78125,
        "x" : 405
      },
      "upperLeft" : {
        "y" : 130,
        "x" : 405
      }
    },
    "dockers" : [ {
      "y" : 20,
      "x" : 53
    }, {
      "y" : 15,
      "x" : 15
    } ],
    "resourceId" : "sid-86ECA7E7-E33F-4D20-AF64-F8D201FB32D8",
    "labels" : [ ],
    "layers" : [ ],
    "target" : {
      "resourceId" : "sid-6DF2EEC9-A74B-419F-9C34-7275932D4D3C"
    },
    "childShapes" : [ ],
    "properties" : {
      "id" : "",
      "label" : "",
      "transformation" : ""
    },
    "stencil" : {
      "id" : "Arc"
    },
    "outgoing" : [ {
      "resourceId" : "sid-6DF2EEC9-A74B-419F-9C34-7275932D4D3C"
    } ],
    "formats" : {
    },
    "glossaryLinks" : {
    }
  }, {
    "bounds" : {
      "lowerRight" : {
        "y" : 286,
        "x" : 390
      },
      "upperLeft" : {
        "y" : 234,
        "x" : 305
      }
    },
    "dockers" : [ ],
    "resourceId" : "sid-84ED1E10-679E-4D82-A189-69746CDD0DD6",
    "labels" : [ ],
    "layers" : [ ],
    "childShapes" : [ ],
    "properties" : {
      "id" : "",
      "title" : "F",
      "communicationtype" : "Default",
      "communicationchannel" : "",
      "guard" : "",
      "oform" : "",
      "omodel" : "",
      "firetype" : "Automatic",
      "href" : ""
    },
    "stencil" : {
      "id" : "Transition"
    },
    "outgoing" : [ {
      "resourceId" : "sid-6D8924B8-6F91-4C4B-88C4-A631AF8F62DA"
    } ],
    "formats" : {
    },
    "glossaryLinks" : {
    }
  }, {
    "bounds" : {
      "lowerRight" : {
        "y" : 233.5629846286573,
        "x" : 395.8812077018474
      },
      "upperLeft" : {
        "y" : 192.6870153713427,
        "x" : 366.5016047981526
      }
    },
    "dockers" : [ {
      "y" : 15,
      "x" : 15
    }, {
      "y" : 26,
      "x" : 42.5
    } ],
    "resourceId" : "sid-BB9E9487-DC48-4009-873F-E3305B298AAD",
    "labels" : [ ],
    "layers" : [ ],
    "target" : {
      "resourceId" : "sid-84ED1E10-679E-4D82-A189-69746CDD0DD6"
    },
    "childShapes" : [ ],
    "properties" : {
      "id" : "",
      "label" : "",
      "transformation" : ""
    },
    "stencil" : {
      "id" : "Arc"
    },
    "outgoing" : [ {
      "resourceId" : "sid-84ED1E10-679E-4D82-A189-69746CDD0DD6"
    } ],
    "formats" : {
    },
    "glossaryLinks" : {
    }
  }, {
    "bounds" : {
      "lowerRight" : {
        "y" : 286,
        "x" : 527
      },
      "upperLeft" : {
        "y" : 234,
        "x" : 445
      }
    },
    "dockers" : [ ],
    "resourceId" : "sid-0276A539-1927-45C2-9D4A-452C4AE88FA8",
    "labels" : [ ],
    "layers" : [ ],
    "childShapes" : [ ],
    "properties" : {
      "id" : "",
      "title" : "G",
      "communicationtype" : "Default",
      "communicationchannel" : "",
      "guard" : "",
      "oform" : "",
      "omodel" : "",
      "firetype" : "Automatic",
      "href" : ""
    },
    "stencil" : {
      "id" : "Transition"
    },
    "outgoing" : [ {
      "resourceId" : "sid-64753DC4-FB64-4221-ADCF-2405F67DA8A0"
    } ],
    "formats" : {
    },
    "glossaryLinks" : {
    }
  }, {
    "bounds" : {
      "lowerRight" : {
        "y" : 233.67229874093883,
        "x" : 459.34320247520054
      },
      "upperLeft" : {
        "y" : 190.70270125906117,
        "x" : 415.83648502479946
      }
    },
    "dockers" : [ {
      "y" : 15,
      "x" : 15
    }, {
      "y" : 26,
      "x" : 41
    } ],
    "resourceId" : "sid-BEFA81DD-FBA3-43FB-804F-4E455BAD8B5D",
    "labels" : [ ],
    "layers" : [ ],
    "target" : {
      "resourceId" : "sid-0276A539-1927-45C2-9D4A-452C4AE88FA8"
    },
    "childShapes" : [ ],
    "properties" : {
      "id" : "",
      "label" : "",
      "transformation" : ""
    },
    "stencil" : {
      "id" : "Arc"
    },
    "outgoing" : [ {
      "resourceId" : "sid-0276A539-1927-45C2-9D4A-452C4AE88FA8"
    } ],
    "formats" : {
    },
    "glossaryLinks" : {
    }
  }, {
    "bounds" : {
      "lowerRight" : {
        "y" : 275,
        "x" : 255
      },
      "upperLeft" : {
        "y" : 245,
        "x" : 225
      }
    },
    "dockers" : [ ],
    "resourceId" : "sid-A7204C56-DDD6-476B-AD26-9EC36FCBE0CB",
    "labels" : [ ],
    "layers" : [ ],
    "childShapes" : [ ],
    "properties" : {
      "exttype" : "Push",
      "id" : "",
      "title" : "",
      "external" : "false",
      "locatortypes" : "",
      "locatornames" : "",
      "numberoftokens_drawing" : "0",
      "numberoftokens_text" : "",
      "numberOfTokens" : "0",
      "locatorexpr" : "",
      "href" : ""
    },
    "stencil" : {
      "id" : "Place"
    },
    "outgoing" : [ {
      "resourceId" : "sid-CB6553BF-0F5C-4C73-A581-FED250643BA0"
    } ],
    "formats" : {
    },
    "glossaryLinks" : {
    }
  }, {
    "bounds" : {
      "lowerRight" : {
        "y" : 260,
        "x" : 304.5078125
      },
      "upperLeft" : {
        "y" : 260,
        "x" : 255.27734375
      }
    },
    "dockers" : [ {
      "y" : 26,
      "x" : 42.5
    }, {
      "y" : 15,
      "x" : 15
    } ],
    "resourceId" : "sid-6D8924B8-6F91-4C4B-88C4-A631AF8F62DA",
    "labels" : [ ],
    "layers" : [ ],
    "target" : {
      "resourceId" : "sid-A7204C56-DDD6-476B-AD26-9EC36FCBE0CB"
    },
    "childShapes" : [ ],
    "properties" : {
      "id" : "",
      "label" : "",
      "transformation" : ""
    },
    "stencil" : {
      "id" : "Arc"
    },
    "outgoing" : [ {
      "resourceId" : "sid-A7204C56-DDD6-476B-AD26-9EC36FCBE0CB"
    } ],
    "formats" : {
    },
    "glossaryLinks" : {
    }
  }, {
    "bounds" : {
      "lowerRight" : {
        "y" : 309.6296663244867,
        "x" : 228.06070436040207
      },
      "upperLeft" : {
        "y" : 270.4718961755133,
        "x" : 183.41585813959793
      }
    },
    "dockers" : [ {
      "y" : 15,
      "x" : 15
    }, {
      "y" : 28.5,
      "x" : 63.5
    } ],
    "resourceId" : "sid-CB6553BF-0F5C-4C73-A581-FED250643BA0",
    "labels" : [ ],
    "layers" : [ ],
    "target" : {
      "resourceId" : "sid-A273D31B-0FF6-4CBF-9942-525368F05809"
    },
    "childShapes" : [ ],
    "properties" : {
      "id" : "",
      "label" : "",
      "transformation" : ""
    },
    "stencil" : {
      "id" : "Arc"
    },
    "outgoing" : [ {
      "resourceId" : "sid-A273D31B-0FF6-4CBF-9942-525368F05809"
    } ],
    "formats" : {
    },
    "glossaryLinks" : {
    }
  }, {
    "bounds" : {
      "lowerRight" : {
        "y" : 365,
        "x" : 501
      },
      "upperLeft" : {
        "y" : 335,
        "x" : 471
      }
    },
    "dockers" : [ ],
    "resourceId" : "sid-8DB31222-B8EA-4594-A3A1-FB351A6B7DC7",
    "labels" : [ ],
    "layers" : [ ],
    "childShapes" : [ ],
    "properties" : {
      "exttype" : "Push",
      "id" : "",
      "title" : "",
      "external" : "false",
      "locatortypes" : "",
      "locatornames" : "",
      "numberoftokens_drawing" : "0",
      "numberoftokens_text" : "",
      "numberOfTokens" : "0",
      "locatorexpr" : "",
      "href" : ""
    },
    "stencil" : {
      "id" : "Place"
    },
    "outgoing" : [ {
      "resourceId" : "sid-1D6E5516-ECD3-41C6-8F9A-824B6FD3792D"
    } ],
    "formats" : {
    },
    "glossaryLinks" : {
    }
  }, {
    "bounds" : {
      "lowerRight" : {
        "y" : 454,
        "x" : 363
      },
      "upperLeft" : {
        "y" : 424,
        "x" : 333
      }
    },
    "dockers" : [ ],
    "resourceId" : "sid-93247425-774F-4DB7-B11F-9E71FF6688B2",
    "labels" : [ ],
    "layers" : [ ],
    "childShapes" : [ ],
    "properties" : {
      "exttype" : "Push",
      "id" : "",
      "title" : "",
      "external" : "false",
      "locatortypes" : "",
      "locatornames" : "",
      "numberoftokens_drawing" : "0",
      "numberoftokens_text" : "",
      "numberOfTokens" : "0",
      "locatorexpr" : "",
      "href" : ""
    },
    "stencil" : {
      "id" : "Place"
    },
    "outgoing" : [ {
      "resourceId" : "sid-1A16AF25-9EB4-4A4D-9737-8E779FA01583"
    } ],
    "formats" : {
    },
    "glossaryLinks" : {
    }
  }, {
    "bounds" : {
      "lowerRight" : {
        "y" : 334.9375,
        "x" : 486
      },
      "upperLeft" : {
        "y" : 286,
        "x" : 486
      }
    },
    "dockers" : [ {
      "y" : 26,
      "x" : 41
    }, {
      "y" : 15,
      "x" : 15
    } ],
    "resourceId" : "sid-64753DC4-FB64-4221-ADCF-2405F67DA8A0",
    "labels" : [ ],
    "layers" : [ ],
    "target" : {
      "resourceId" : "sid-8DB31222-B8EA-4594-A3A1-FB351A6B7DC7"
    },
    "childShapes" : [ ],
    "properties" : {
      "id" : "",
      "label" : "",
      "transformation" : ""
    },
    "stencil" : {
      "id" : "Arc"
    },
    "outgoing" : [ {
      "resourceId" : "sid-8DB31222-B8EA-4594-A3A1-FB351A6B7DC7"
    } ],
    "formats" : {
    },
    "glossaryLinks" : {
    }
  }, {
    "bounds" : {
      "lowerRight" : {
        "y" : 409.84376595927193,
        "x" : 485.91231912265124
      },
      "upperLeft" : {
        "y" : 365.51951529072807,
        "x" : 485.66189962734876
      }
    },
    "dockers" : [ {
      "y" : 15,
      "x" : 15
    }, {
      "y" : 28.5,
      "x" : 47.5
    } ],
    "resourceId" : "sid-1D6E5516-ECD3-41C6-8F9A-824B6FD3792D",
    "labels" : [ ],
    "layers" : [ ],
    "target" : {
      "resourceId" : "sid-0592AC01-B44F-4888-A801-5E6A9B52D0D6"
    },
    "childShapes" : [ ],
    "properties" : {
      "id" : "",
      "label" : "",
      "transformation" : ""
    },
    "stencil" : {
      "id" : "Arc"
    },
    "outgoing" : [ {
      "resourceId" : "sid-0592AC01-B44F-4888-A801-5E6A9B52D0D6"
    } ],
    "formats" : {
    },
    "glossaryLinks" : {
    }
  }, {
    "bounds" : {
      "lowerRight" : {
        "y" : 438.94362928540545,
        "x" : 437.23438161150466
      },
      "upperLeft" : {
        "y" : 438.67551133959455,
        "x" : 363.50194651349534
      }
    },
    "dockers" : [ {
      "y" : 28.5,
      "x" : 47.5
    }, {
      "y" : 15,
      "x" : 15
    } ],
    "resourceId" : "sid-351D33FD-5184-4642-8D92-529DD95081BA",
    "labels" : [ ],
    "layers" : [ ],
    "target" : {
      "resourceId" : "sid-93247425-774F-4DB7-B11F-9E71FF6688B2"
    },
    "childShapes" : [ ],
    "properties" : {
      "id" : "",
      "label" : "",
      "transformation" : ""
    },
    "stencil" : {
      "id" : "Arc"
    },
    "outgoing" : [ {
      "resourceId" : "sid-93247425-774F-4DB7-B11F-9E71FF6688B2"
    } ],
    "formats" : {
    },
    "glossaryLinks" : {
    }
  }, {
    "bounds" : {
      "lowerRight" : {
        "y" : 459.6140350877193,
        "x" : 332.77321191165515
      },
      "upperLeft" : {
        "y" : 442.3392079141107,
        "x" : 254
      }
    },
    "dockers" : [ {
      "y" : 15,
      "x" : 15
    }, {
      "y" : 20,
      "x" : 20
    } ],
    "resourceId" : "sid-1A16AF25-9EB4-4A4D-9737-8E779FA01583",
    "labels" : [ ],
    "layers" : [ ],
    "target" : {
      "resourceId" : "sid-5921AA0B-8D37-4A74-83B2-135AFDDB9264"
    },
    "childShapes" : [ ],
    "properties" : {
      "id" : "",
      "label" : "",
      "transformation" : ""
    },
    "stencil" : {
      "id" : "Arc"
    },
    "outgoing" : [ {
      "resourceId" : "sid-5921AA0B-8D37-4A74-83B2-135AFDDB9264"
    } ],
    "formats" : {
    },
    "glossaryLinks" : {
    }
  } ],
  "properties" : {
    "author" : "",
    "title" : "",
    "engine" : "false",
    "modificationdate" : "10/07/07",
    "documentation" : "",
    "language" : "English",
    "creationdate" : "10/07/07",
    "version" : ""
  },
  "stencilset" : {
    "url" : "/stencilsets/petrinets/petrinet.json?version=6.0.0",
    "namespace" : "http://b3mn.org/stencilset/petrinet#"
  },
  "ssextensions" : [ ],
  "stencil" : {
    "id" : "Diagram"
  },
  "formats" : {
  }
}