{
  "bounds" : {
    "lowerRight" : {
      "y" : 1050,
      "x" : 1485
    },
    "upperLeft" : {
      "y" : 0,
      "x" : 0
    }
  },
  "resourceId" : "canvas",
  "childShapes" : [ {
    "bounds" : {
      "lowerRight" : {
        "y" : 180,
        "x" : 47.5
      },
      "upperLeft" : {
        "y" : 150,
        "x" : 17.5
      }
    },
    "dockers" : [ ],
    "resourceId" : "sid-1EAF6C30-5CD5-4724-B782-A00793827BCC",
    "labels" : [ ],
    "layers" : [ ],
    "childShapes" : [ ],
    "properties" : {
      "exttype" : "Push",
      "id" : "",
      "title" : "A",
      "external" : "false",
      "locatortypes" : "",
      "locatornames" : "",
      "numberoftokens_drawing" : "0",
      "numberoftokens_text" : "",
      "numberOfTokens" : "0",
      "locatorexpr" : "",
      "href" : ""
    },
    "stencil" : {
      "id" : "Place"
    },
    "outgoing" : [ {
      "resourceId" : "sid-158E9B71-A5CA-4CAA-9819-EA9E2BF7AF01"
    } ],
    "formats" : {
    },
    "glossaryLinks" : {
    }
  }, {
    "bounds" : {
      "lowerRight" : {
        "y" : 185,
        "x" : 132.5
      },
      "upperLeft" : {
        "y" : 145,
        "x" : 92.5
      }
    },
    "dockers" : [ ],
    "resourceId" : "sid-09C747DE-7D28-43E7-B698-4D7344E0F690",
    "labels" : [ ],
    "layers" : [ ],
    "childShapes" : [ ],
    "properties" : {
      "id" : "",
      "title" : "B",
      "communicationtype" : "Default",
      "communicationchannel" : "",
      "guard" : "",
      "oform" : "",
      "omodel" : "",
      "firetype" : "Automatic",
      "href" : ""
    },
    "stencil" : {
      "id" : "Transition"
    },
    "outgoing" : [ {
      "resourceId" : "sid-E22E07C1-9EAE-410C-B38D-69BD6EE51E37"
    } ],
    "formats" : {
    },
    "glossaryLinks" : {
    }
  }, {
    "bounds" : {
      "lowerRight" : {
        "y" : 165,
        "x" : 92.125
      },
      "upperLeft" : {
        "y" : 165,
        "x" : 47.875
      }
    },
    "dockers" : [ {
      "y" : 15,
      "x" : 15
    }, {
      "y" : 20,
      "x" : 20
    } ],
    "resourceId" : "sid-158E9B71-A5CA-4CAA-9819-EA9E2BF7AF01",
    "labels" : [ ],
    "layers" : [ ],
    "target" : {
      "resourceId" : "sid-09C747DE-7D28-43E7-B698-4D7344E0F690"
    },
    "childShapes" : [ ],
    "properties" : {
      "id" : "",
      "label" : "",
      "transformation" : ""
    },
    "stencil" : {
      "id" : "Arc"
    },
    "outgoing" : [ {
      "resourceId" : "sid-09C747DE-7D28-43E7-B698-4D7344E0F690"
    } ],
    "formats" : {
    },
    "glossaryLinks" : {
    }
  }, {
    "bounds" : {
      "lowerRight" : {
        "y" : 120,
        "x" : 287.5757550945113
      },
      "upperLeft" : {
        "y" : 90,
        "x" : 257.5757550945113
      }
    },
    "dockers" : [ ],
    "resourceId" : "sid-B0B94539-E2A3-480E-9403-A4D803C2E591",
    "labels" : [ ],
    "layers" : [ ],
    "childShapes" : [ ],
    "properties" : {
      "exttype" : "Push",
      "id" : "",
      "title" : "C",
      "external" : "false",
      "locatortypes" : "",
      "locatornames" : "",
      "numberoftokens_drawing" : "0",
      "numberoftokens_text" : "",
      "numberOfTokens" : "0",
      "locatorexpr" : "",
      "href" : ""
    },
    "stencil" : {
      "id" : "Place"
    },
    "outgoing" : [ {
      "resourceId" : "sid-CC192CD9-D364-48AF-85B3-92193C59F3CF"
    }, {
      "resourceId" : "sid-DFE096BB-1FF0-4204-97A9-7113E6102018"
    } ],
    "formats" : {
    },
    "glossaryLinks" : {
    }
  }, {
    "bounds" : {
      "lowerRight" : {
        "y" : 105,
        "x" : 257.3712097767992
      },
      "upperLeft" : {
        "y" : 105,
        "x" : 202.55302850595118
      }
    },
    "dockers" : [ {
      "y" : 20,
      "x" : 20
    }, {
      "y" : 15,
      "x" : 15
    } ],
    "resourceId" : "sid-C6FED8C0-B487-4946-AD3D-A2DD2C76F3E3",
    "labels" : [ ],
    "layers" : [ ],
    "target" : {
      "resourceId" : "sid-B0B94539-E2A3-480E-9403-A4D803C2E591"
    },
    "childShapes" : [ ],
    "properties" : {
      "id" : "",
      "label" : "",
      "transformation" : ""
    },
    "stencil" : {
      "id" : "Arc"
    },
    "outgoing" : [ {
      "resourceId" : "sid-B0B94539-E2A3-480E-9403-A4D803C2E591"
    } ],
    "formats" : {
    },
    "glossaryLinks" : {
    }
  }, {
    "bounds" : {
      "lowerRight" : {
        "y" : 245,
        "x" : 292.4242400889518
      },
      "upperLeft" : {
        "y" : 215,
        "x" : 262.4242400889518
      }
    },
    "dockers" : [ ],
    "resourceId" : "sid-971073B9-9BDA-4E04-9577-84FA5D95D93D",
    "labels" : [ ],
    "layers" : [ ],
    "childShapes" : [ ],
    "properties" : {
      "exttype" : "Push",
      "id" : "",
      "title" : "",
      "external" : "false",
      "locatortypes" : "",
      "locatornames" : "",
      "numberoftokens_drawing" : "0",
      "numberoftokens_text" : "",
      "numberOfTokens" : "0",
      "locatorexpr" : "",
      "href" : ""
    },
    "stencil" : {
      "id" : "Place"
    },
    "outgoing" : [ {
      "resourceId" : "sid-F43271B6-74E5-4E40-BD83-947B8502CD9E"
    } ],
    "formats" : {
    },
    "glossaryLinks" : {
    }
  }, {
    "bounds" : {
      "lowerRight" : {
        "y" : 230,
        "x" : 261.46211899085847
      },
      "upperLeft" : {
        "y" : 230,
        "x" : 202.11742248867574
      }
    },
    "dockers" : [ {
      "y" : 20,
      "x" : 20
    }, {
      "y" : 15,
      "x" : 15
    } ],
    "resourceId" : "sid-5A774CED-7667-43F7-BF46-D1CDE7648F74",
    "labels" : [ ],
    "layers" : [ ],
    "target" : {
      "resourceId" : "sid-971073B9-9BDA-4E04-9577-84FA5D95D93D"
    },
    "childShapes" : [ ],
    "properties" : {
      "id" : "",
      "label" : "",
      "transformation" : ""
    },
    "stencil" : {
      "id" : "Arc"
    },
    "outgoing" : [ {
      "resourceId" : "sid-971073B9-9BDA-4E04-9577-84FA5D95D93D"
    } ],
    "formats" : {
    },
    "glossaryLinks" : {
    }
  }, {
    "bounds" : {
      "lowerRight" : {
        "y" : 250,
        "x" : 373.3333301223087
      },
      "upperLeft" : {
        "y" : 210,
        "x" : 333.3333301223087
      }
    },
    "dockers" : [ ],
    "resourceId" : "sid-3223DF1D-7D86-4A85-8E8C-3ACCC5FB0A9B",
    "labels" : [ ],
    "layers" : [ ],
    "childShapes" : [ ],
    "properties" : {
      "id" : "",
      "title" : "D",
      "communicationtype" : "Default",
      "communicationchannel" : "",
      "guard" : "",
      "oform" : "",
      "omodel" : "",
      "firetype" : "Automatic",
      "href" : ""
    },
    "stencil" : {
      "id" : "Transition"
    },
    "outgoing" : [ {
      "resourceId" : "sid-6D0E1554-EFFA-4543-9C83-C0B214AB31D3"
    }, {
      "resourceId" : "sid-81C69C32-4C95-4B37-A9DD-ADC220F51A95"
    } ],
    "formats" : {
    },
    "glossaryLinks" : {
    }
  }, {
    "bounds" : {
      "lowerRight" : {
        "y" : 230,
        "x" : 332.7630178480839
      },
      "upperLeft" : {
        "y" : 230,
        "x" : 292.65719447020626
      }
    },
    "dockers" : [ {
      "y" : 15,
      "x" : 15
    }, {
      "y" : 20,
      "x" : 20
    } ],
    "resourceId" : "sid-F43271B6-74E5-4E40-BD83-947B8502CD9E",
    "labels" : [ ],
    "layers" : [ ],
    "target" : {
      "resourceId" : "sid-3223DF1D-7D86-4A85-8E8C-3ACCC5FB0A9B"
    },
    "childShapes" : [ ],
    "properties" : {
      "id" : "",
      "label" : "",
      "transformation" : ""
    },
    "stencil" : {
      "id" : "Arc"
    },
    "outgoing" : [ {
      "resourceId" : "sid-3223DF1D-7D86-4A85-8E8C-3ACCC5FB0A9B"
    } ],
    "formats" : {
    },
    "glossaryLinks" : {
    }
  }, {
    "bounds" : {
      "lowerRight" : {
        "y" : 225,
        "x" : 465
      },
      "upperLeft" : {
        "y" : 195,
        "x" : 435
      }
    },
    "dockers" : [ ],
    "resourceId" : "sid-08534DDB-207A-4751-9556-B6ECE5357153",
    "labels" : [ ],
    "layers" : [ ],
    "childShapes" : [ ],
    "properties" : {
      "exttype" : "Push",
      "id" : "",
      "title" : "",
      "external" : "false",
      "locatortypes" : "",
      "locatornames" : "",
      "numberoftokens_drawing" : "0",
      "numberoftokens_text" : "",
      "numberOfTokens" : "0",
      "locatorexpr" : "",
      "href" : ""
    },
    "stencil" : {
      "id" : "Place"
    },
    "outgoing" : [ {
      "resourceId" : "sid-D2C06533-8BEC-4BBA-AFCD-222C991D0B56"
    } ],
    "formats" : {
    },
    "glossaryLinks" : {
    }
  }, {
    "bounds" : {
      "lowerRight" : {
        "y" : 225.73489440241784,
        "x" : 434.6717807691878
      },
      "upperLeft" : {
        "y" : 213.17135559758216,
        "x" : 373.9480078620571
      }
    },
    "dockers" : [ {
      "y" : 20,
      "x" : 20
    }, {
      "y" : 15,
      "x" : 15
    } ],
    "resourceId" : "sid-6D0E1554-EFFA-4543-9C83-C0B214AB31D3",
    "labels" : [ ],
    "layers" : [ ],
    "target" : {
      "resourceId" : "sid-08534DDB-207A-4751-9556-B6ECE5357153"
    },
    "childShapes" : [ ],
    "properties" : {
      "id" : "",
      "label" : "",
      "transformation" : ""
    },
    "stencil" : {
      "id" : "Arc"
    },
    "outgoing" : [ {
      "resourceId" : "sid-08534DDB-207A-4751-9556-B6ECE5357153"
    } ],
    "formats" : {
    },
    "glossaryLinks" : {
    }
  }, {
    "bounds" : {
      "lowerRight" : {
        "y" : 315,
        "x" : 465
      },
      "upperLeft" : {
        "y" : 285,
        "x" : 435
      }
    },
    "dockers" : [ ],
    "resourceId" : "sid-A110A9A8-C461-48FD-B748-3C487A10B97C",
    "labels" : [ ],
    "layers" : [ ],
    "childShapes" : [ ],
    "properties" : {
      "exttype" : "Push",
      "id" : "",
      "title" : "",
      "external" : "false",
      "locatortypes" : "",
      "locatornames" : "",
      "numberoftokens_drawing" : "0",
      "numberoftokens_text" : "",
      "numberOfTokens" : "0",
      "locatorexpr" : "",
      "href" : ""
    },
    "stencil" : {
      "id" : "Place"
    },
    "outgoing" : [ {
      "resourceId" : "sid-F9339007-1837-4AF2-B71A-77C3C352D414"
    } ],
    "formats" : {
    },
    "glossaryLinks" : {
    }
  }, {
    "bounds" : {
      "lowerRight" : {
        "y" : 290.6634902006287,
        "x" : 437.10672413449066
      },
      "upperLeft" : {
        "y" : 244.80525979937127,
        "x" : 373.7786895720127
      }
    },
    "dockers" : [ {
      "y" : 20,
      "x" : 20
    }, {
      "y" : 15,
      "x" : 15
    } ],
    "resourceId" : "sid-81C69C32-4C95-4B37-A9DD-ADC220F51A95",
    "labels" : [ ],
    "layers" : [ ],
    "target" : {
      "resourceId" : "sid-A110A9A8-C461-48FD-B748-3C487A10B97C"
    },
    "childShapes" : [ ],
    "properties" : {
      "id" : "",
      "label" : "",
      "transformation" : ""
    },
    "stencil" : {
      "id" : "Arc"
    },
    "outgoing" : [ {
      "resourceId" : "sid-A110A9A8-C461-48FD-B748-3C487A10B97C"
    } ],
    "formats" : {
    },
    "glossaryLinks" : {
    }
  }, {
    "bounds" : {
      "lowerRight" : {
        "y" : 320,
        "x" : 595
      },
      "upperLeft" : {
        "y" : 280,
        "x" : 555
      }
    },
    "dockers" : [ ],
    "resourceId" : "sid-124BAD45-8B4D-4D70-9CAA-68098BCE432E",
    "labels" : [ ],
    "layers" : [ ],
    "childShapes" : [ ],
    "properties" : {
      "id" : "",
      "title" : "E",
      "communicationtype" : "Default",
      "communicationchannel" : "",
      "guard" : "",
      "oform" : "",
      "omodel" : "",
      "firetype" : "Automatic",
      "href" : ""
    },
    "stencil" : {
      "id" : "Transition"
    },
    "outgoing" : [ {
      "resourceId" : "sid-66074740-A2E4-481D-90FA-6DACCBDEBA59"
    } ],
    "formats" : {
    },
    "glossaryLinks" : {
    }
  }, {
    "bounds" : {
      "lowerRight" : {
        "y" : 300,
        "x" : 554.46875
      },
      "upperLeft" : {
        "y" : 300,
        "x" : 465.6484375
      }
    },
    "dockers" : [ {
      "y" : 15,
      "x" : 15
    }, {
      "y" : 20,
      "x" : 20
    } ],
    "resourceId" : "sid-F9339007-1837-4AF2-B71A-77C3C352D414",
    "labels" : [ ],
    "layers" : [ ],
    "target" : {
      "resourceId" : "sid-124BAD45-8B4D-4D70-9CAA-68098BCE432E"
    },
    "childShapes" : [ ],
    "properties" : {
      "id" : "",
      "label" : "",
      "transformation" : ""
    },
    "stencil" : {
      "id" : "Arc"
    },
    "outgoing" : [ {
      "resourceId" : "sid-124BAD45-8B4D-4D70-9CAA-68098BCE432E"
    } ],
    "formats" : {
    },
    "glossaryLinks" : {
    }
  }, {
    "bounds" : {
      "lowerRight" : {
        "y" : 125,
        "x" : 403.63636013342773
      },
      "upperLeft" : {
        "y" : 85,
        "x" : 363.63636013342773
      }
    },
    "dockers" : [ ],
    "resourceId" : "sid-5887355E-CCBF-4CFF-A03D-73AC2BEEBC0E",
    "labels" : [ ],
    "layers" : [ ],
    "childShapes" : [ ],
    "properties" : {
      "id" : "",
      "title" : "F",
      "communicationtype" : "Default",
      "communicationchannel" : "",
      "guard" : "",
      "oform" : "",
      "omodel" : "",
      "firetype" : "Automatic",
      "href" : ""
    },
    "stencil" : {
      "id" : "Transition"
    },
    "outgoing" : [ {
      "resourceId" : "sid-C9A0D36A-E093-477D-8DEF-01323039E3C0"
    } ],
    "formats" : {
    },
    "glossaryLinks" : {
    }
  }, {
    "bounds" : {
      "lowerRight" : {
        "y" : 105,
        "x" : 363.54781864236395
      },
      "upperLeft" : {
        "y" : 105,
        "x" : 288.3259917012424
      }
    },
    "dockers" : [ {
      "y" : 15,
      "x" : 15
    }, {
      "y" : 20,
      "x" : 20
    } ],
    "resourceId" : "sid-CC192CD9-D364-48AF-85B3-92193C59F3CF",
    "labels" : [ ],
    "layers" : [ ],
    "target" : {
      "resourceId" : "sid-5887355E-CCBF-4CFF-A03D-73AC2BEEBC0E"
    },
    "childShapes" : [ ],
    "properties" : {
      "id" : "",
      "label" : "",
      "transformation" : ""
    },
    "stencil" : {
      "id" : "Arc"
    },
    "outgoing" : [ {
      "resourceId" : "sid-5887355E-CCBF-4CFF-A03D-73AC2BEEBC0E"
    } ],
    "formats" : {
    },
    "glossaryLinks" : {
    }
  }, {
    "bounds" : {
      "lowerRight" : {
        "y" : 120,
        "x" : 465
      },
      "upperLeft" : {
        "y" : 90,
        "x" : 435
      }
    },
    "dockers" : [ ],
    "resourceId" : "sid-8257AB47-DB0D-40DB-874A-B95CAE4640C4",
    "labels" : [ ],
    "layers" : [ ],
    "childShapes" : [ ],
    "properties" : {
      "exttype" : "Push",
      "id" : "",
      "title" : "G",
      "external" : "false",
      "locatortypes" : "",
      "locatornames" : "",
      "numberoftokens_drawing" : "0",
      "numberoftokens_text" : "",
      "numberOfTokens" : "0",
      "locatorexpr" : "",
      "href" : ""
    },
    "stencil" : {
      "id" : "Place"
    },
    "outgoing" : [ {
      "resourceId" : "sid-26589EF6-2F18-4EE1-84E8-DBCDE7AD3741"
    }, {
      "resourceId" : "sid-FEEDE04D-D9A6-44CC-A312-5B9E65900B9A"
    } ],
    "formats" : {
    },
    "glossaryLinks" : {
    }
  }, {
    "bounds" : {
      "lowerRight" : {
        "y" : 105,
        "x" : 434.48295377918737
      },
      "upperLeft" : {
        "y" : 105,
        "x" : 404.3380657188163
      }
    },
    "dockers" : [ {
      "y" : 20,
      "x" : 20
    }, {
      "y" : 15,
      "x" : 15
    } ],
    "resourceId" : "sid-C9A0D36A-E093-477D-8DEF-01323039E3C0",
    "labels" : [ ],
    "layers" : [ ],
    "target" : {
      "resourceId" : "sid-8257AB47-DB0D-40DB-874A-B95CAE4640C4"
    },
    "childShapes" : [ ],
    "properties" : {
      "id" : "",
      "label" : "",
      "transformation" : ""
    },
    "stencil" : {
      "id" : "Arc"
    },
    "outgoing" : [ {
      "resourceId" : "sid-8257AB47-DB0D-40DB-874A-B95CAE4640C4"
    } ],
    "formats" : {
    },
    "glossaryLinks" : {
    }
  }, {
    "bounds" : {
      "lowerRight" : {
        "y" : 125,
        "x" : 595
      },
      "upperLeft" : {
        "y" : 85,
        "x" : 555
      }
    },
    "dockers" : [ ],
    "resourceId" : "sid-D43399BA-BD69-47BB-B38B-3E91AE7AA7CD",
    "labels" : [ ],
    "layers" : [ ],
    "childShapes" : [ ],
    "properties" : {
      "id" : "",
      "title" : "H",
      "communicationtype" : "Default",
      "communicationchannel" : "",
      "guard" : "",
      "oform" : "",
      "omodel" : "",
      "firetype" : "Automatic",
      "href" : ""
    },
    "stencil" : {
      "id" : "Transition"
    },
    "outgoing" : [ {
      "resourceId" : "sid-FD9BD0CA-EF8D-4CC1-938E-8BDF0BDB6069"
    } ],
    "formats" : {
    },
    "glossaryLinks" : {
    }
  }, {
    "bounds" : {
      "lowerRight" : {
        "y" : 105,
        "x" : 554.46875
      },
      "upperLeft" : {
        "y" : 105,
        "x" : 465.6484375
      }
    },
    "dockers" : [ {
      "y" : 15,
      "x" : 15
    }, {
      "y" : 20,
      "x" : 20
    } ],
    "resourceId" : "sid-26589EF6-2F18-4EE1-84E8-DBCDE7AD3741",
    "labels" : [ ],
    "layers" : [ ],
    "target" : {
      "resourceId" : "sid-D43399BA-BD69-47BB-B38B-3E91AE7AA7CD"
    },
    "childShapes" : [ ],
    "properties" : {
      "id" : "",
      "label" : "",
      "transformation" : ""
    },
    "stencil" : {
      "id" : "Arc"
    },
    "outgoing" : [ {
      "resourceId" : "sid-D43399BA-BD69-47BB-B38B-3E91AE7AA7CD"
    } ],
    "formats" : {
    },
    "glossaryLinks" : {
    }
  }, {
    "bounds" : {
      "lowerRight" : {
        "y" : 185,
        "x" : 595
      },
      "upperLeft" : {
        "y" : 145,
        "x" : 555
      }
    },
    "dockers" : [ ],
    "resourceId" : "sid-2EB1CB3B-275C-4BD9-B8C3-F11262525344",
    "labels" : [ ],
    "layers" : [ ],
    "childShapes" : [ ],
    "properties" : {
      "id" : "",
      "title" : "I",
      "communicationtype" : "Default",
      "communicationchannel" : "",
      "guard" : "",
      "oform" : "",
      "omodel" : "",
      "firetype" : "Automatic",
      "href" : ""
    },
    "stencil" : {
      "id" : "Transition"
    },
    "outgoing" : [ {
      "resourceId" : "sid-234717B0-E73D-4082-AECF-CD9A45FC22F1"
    } ],
    "formats" : {
    },
    "glossaryLinks" : {
    }
  }, {
    "bounds" : {
      "lowerRight" : {
        "y" : 204.73940553172727,
        "x" : 554.5278625881313
      },
      "upperLeft" : {
        "y" : 172.36996946827273,
        "x" : 464.61276241186874
      }
    },
    "dockers" : [ {
      "y" : 15,
      "x" : 15
    }, {
      "y" : 20,
      "x" : 20
    } ],
    "resourceId" : "sid-D2C06533-8BEC-4BBA-AFCD-222C991D0B56",
    "labels" : [ ],
    "layers" : [ ],
    "target" : {
      "resourceId" : "sid-2EB1CB3B-275C-4BD9-B8C3-F11262525344"
    },
    "childShapes" : [ ],
    "properties" : {
      "id" : "",
      "label" : "",
      "transformation" : ""
    },
    "stencil" : {
      "id" : "Arc"
    },
    "outgoing" : [ {
      "resourceId" : "sid-2EB1CB3B-275C-4BD9-B8C3-F11262525344"
    } ],
    "formats" : {
    },
    "glossaryLinks" : {
    }
  }, {
    "bounds" : {
      "lowerRight" : {
        "y" : 120,
        "x" : 681.515145239058
      },
      "upperLeft" : {
        "y" : 90,
        "x" : 651.515145239058
      }
    },
    "dockers" : [ ],
    "resourceId" : "sid-2245A031-28A4-4F62-B74D-B26EADBFCB0C",
    "labels" : [ ],
    "layers" : [ ],
    "childShapes" : [ ],
    "properties" : {
      "exttype" : "Push",
      "id" : "",
      "title" : "J",
      "external" : "false",
      "locatortypes" : "",
      "locatornames" : "",
      "numberoftokens_drawing" : "0",
      "numberoftokens_text" : "",
      "numberOfTokens" : "0",
      "locatorexpr" : "",
      "href" : ""
    },
    "stencil" : {
      "id" : "Place"
    },
    "outgoing" : [ {
      "resourceId" : "sid-523EF8F4-DABD-45EE-AEAC-7093B7ED9BDB"
    } ],
    "formats" : {
    },
    "glossaryLinks" : {
    }
  }, {
    "bounds" : {
      "lowerRight" : {
        "y" : 151.79545650439684,
        "x" : 653.5245040305997
      },
      "upperLeft" : {
        "y" : 113.51704349560316,
        "x" : 595.1402619302598
      }
    },
    "dockers" : [ {
      "y" : 20,
      "x" : 20
    }, {
      "y" : 15,
      "x" : 15
    } ],
    "resourceId" : "sid-234717B0-E73D-4082-AECF-CD9A45FC22F1",
    "labels" : [ ],
    "layers" : [ ],
    "target" : {
      "resourceId" : "sid-2245A031-28A4-4F62-B74D-B26EADBFCB0C"
    },
    "childShapes" : [ ],
    "properties" : {
      "id" : "",
      "label" : "",
      "transformation" : ""
    },
    "stencil" : {
      "id" : "Arc"
    },
    "outgoing" : [ {
      "resourceId" : "sid-2245A031-28A4-4F62-B74D-B26EADBFCB0C"
    } ],
    "formats" : {
    },
    "glossaryLinks" : {
    }
  }, {
    "bounds" : {
      "lowerRight" : {
        "y" : 105,
        "x" : 651.2159037954552
      },
      "upperLeft" : {
        "y" : 105,
        "x" : 595.3039759488639
      }
    },
    "dockers" : [ {
      "y" : 20,
      "x" : 20
    }, {
      "y" : 15,
      "x" : 15
    } ],
    "resourceId" : "sid-FD9BD0CA-EF8D-4CC1-938E-8BDF0BDB6069",
    "labels" : [ ],
    "layers" : [ ],
    "target" : {
      "resourceId" : "sid-2245A031-28A4-4F62-B74D-B26EADBFCB0C"
    },
    "childShapes" : [ ],
    "properties" : {
      "id" : "",
      "label" : "",
      "transformation" : ""
    },
    "stencil" : {
      "id" : "Arc"
    },
    "outgoing" : [ {
      "resourceId" : "sid-2245A031-28A4-4F62-B74D-B26EADBFCB0C"
    } ],
    "formats" : {
    },
    "glossaryLinks" : {
    }
  }, {
    "bounds" : {
      "lowerRight" : {
        "y" : 210,
        "x" : 845
      },
      "upperLeft" : {
        "y" : 170,
        "x" : 805
      }
    },
    "dockers" : [ ],
    "resourceId" : "sid-AAF61AD4-848B-4A54-AE99-F3D6E7FB7910",
    "labels" : [ ],
    "layers" : [ ],
    "childShapes" : [ ],
    "properties" : {
      "id" : "",
      "title" : "K",
      "communicationtype" : "Default",
      "communicationchannel" : "",
      "guard" : "",
      "oform" : "",
      "omodel" : "",
      "firetype" : "Automatic",
      "href" : ""
    },
    "stencil" : {
      "id" : "Transition"
    },
    "outgoing" : [ {
      "resourceId" : "sid-5FF7BE7A-EAE6-4B11-9240-788616DC3216"
    } ],
    "formats" : {
    },
    "glossaryLinks" : {
    }
  }, {
    "bounds" : {
      "lowerRight" : {
        "y" : 250,
        "x" : 595
      },
      "upperLeft" : {
        "y" : 210,
        "x" : 555
      }
    },
    "dockers" : [ ],
    "resourceId" : "sid-60056003-FFC2-4464-BED8-197D186E120F",
    "labels" : [ ],
    "layers" : [ ],
    "childShapes" : [ ],
    "properties" : {
      "id" : "",
      "title" : "L",
      "communicationtype" : "Default",
      "communicationchannel" : "",
      "guard" : "",
      "oform" : "",
      "omodel" : "",
      "firetype" : "Automatic",
      "href" : ""
    },
    "stencil" : {
      "id" : "Transition"
    },
    "outgoing" : [ {
      "resourceId" : "sid-23E726BB-31E9-44B5-86F9-09EDA02F49CE"
    } ],
    "formats" : {
    },
    "glossaryLinks" : {
    }
  }, {
    "bounds" : {
      "lowerRight" : {
        "y" : 209.76164321881345,
        "x" : 554.7616432188134
      },
      "upperLeft" : {
        "y" : 115.96101303118655,
        "x" : 460.96101303118655
      }
    },
    "dockers" : [ {
      "y" : 15,
      "x" : 15
    }, {
      "y" : 20,
      "x" : 20
    } ],
    "resourceId" : "sid-FEEDE04D-D9A6-44CC-A312-5B9E65900B9A",
    "labels" : [ ],
    "layers" : [ ],
    "target" : {
      "resourceId" : "sid-60056003-FFC2-4464-BED8-197D186E120F"
    },
    "childShapes" : [ ],
    "properties" : {
      "id" : "",
      "label" : "",
      "transformation" : ""
    },
    "stencil" : {
      "id" : "Arc"
    },
    "outgoing" : [ {
      "resourceId" : "sid-60056003-FFC2-4464-BED8-197D186E120F"
    } ],
    "formats" : {
    },
    "glossaryLinks" : {
    }
  }, {
    "bounds" : {
      "lowerRight" : {
        "y" : 285,
        "x" : 681.515145239058
      },
      "upperLeft" : {
        "y" : 255,
        "x" : 651.515145239058
      }
    },
    "dockers" : [ ],
    "resourceId" : "sid-EADAC2DD-3417-4611-A3D6-B5A2212367B7",
    "labels" : [ ],
    "layers" : [ ],
    "childShapes" : [ ],
    "properties" : {
      "exttype" : "Push",
      "id" : "",
      "title" : "M",
      "external" : "false",
      "locatortypes" : "",
      "locatornames" : "",
      "numberoftokens_drawing" : "0",
      "numberoftokens_text" : "",
      "numberOfTokens" : "0",
      "locatorexpr" : "",
      "href" : ""
    },
    "stencil" : {
      "id" : "Place"
    },
    "outgoing" : [ {
      "resourceId" : "sid-A14DF5BF-0D71-4E58-BAB6-38229EC0D328"
    } ],
    "formats" : {
    },
    "glossaryLinks" : {
    }
  }, {
    "bounds" : {
      "lowerRight" : {
        "y" : 263.9744994983451,
        "x" : 652.729531400384
      },
      "upperLeft" : {
        "y" : 238.83800050165488,
        "x" : 595.2202724882954
      }
    },
    "dockers" : [ {
      "y" : 20,
      "x" : 20
    }, {
      "y" : 15,
      "x" : 15
    } ],
    "resourceId" : "sid-23E726BB-31E9-44B5-86F9-09EDA02F49CE",
    "labels" : [ ],
    "layers" : [ ],
    "target" : {
      "resourceId" : "sid-EADAC2DD-3417-4611-A3D6-B5A2212367B7"
    },
    "childShapes" : [ ],
    "properties" : {
      "id" : "",
      "label" : "",
      "transformation" : ""
    },
    "stencil" : {
      "id" : "Arc"
    },
    "outgoing" : [ {
      "resourceId" : "sid-EADAC2DD-3417-4611-A3D6-B5A2212367B7"
    } ],
    "formats" : {
    },
    "glossaryLinks" : {
    }
  }, {
    "bounds" : {
      "lowerRight" : {
        "y" : 293.3603708872258,
        "x" : 651.9806210635323
      },
      "upperLeft" : {
        "y" : 274.7646291127742,
        "x" : 595.254220752967
      }
    },
    "dockers" : [ {
      "y" : 20,
      "x" : 20
    }, {
      "y" : 15,
      "x" : 15
    } ],
    "resourceId" : "sid-66074740-A2E4-481D-90FA-6DACCBDEBA59",
    "labels" : [ ],
    "layers" : [ ],
    "target" : {
      "resourceId" : "sid-EADAC2DD-3417-4611-A3D6-B5A2212367B7"
    },
    "childShapes" : [ ],
    "properties" : {
      "id" : "",
      "label" : "",
      "transformation" : ""
    },
    "stencil" : {
      "id" : "Arc"
    },
    "outgoing" : [ {
      "resourceId" : "sid-EADAC2DD-3417-4611-A3D6-B5A2212367B7"
    } ],
    "formats" : {
    },
    "glossaryLinks" : {
    }
  }, {
    "bounds" : {
      "lowerRight" : {
        "y" : 205,
        "x" : 910
      },
      "upperLeft" : {
        "y" : 175,
        "x" : 880
      }
    },
    "dockers" : [ ],
    "resourceId" : "sid-18784E88-8F2C-441A-867C-61CF0F6EA7BB",
    "labels" : [ ],
    "layers" : [ ],
    "childShapes" : [ ],
    "properties" : {
      "exttype" : "Push",
      "id" : "",
      "title" : "",
      "external" : "false",
      "locatortypes" : "",
      "locatornames" : "",
      "numberoftokens_drawing" : "0",
      "numberoftokens_text" : "",
      "numberOfTokens" : "0",
      "locatorexpr" : "",
      "href" : ""
    },
    "stencil" : {
      "id" : "Place"
    },
    "outgoing" : [ {
      "resourceId" : "sid-1BF660B0-348E-4301-8101-16110CC0D06D"
    } ],
    "formats" : {
    },
    "glossaryLinks" : {
    }
  }, {
    "bounds" : {
      "lowerRight" : {
        "y" : 190,
        "x" : 879.78125
      },
      "upperLeft" : {
        "y" : 190,
        "x" : 845.6875
      }
    },
    "dockers" : [ {
      "y" : 20,
      "x" : 20
    }, {
      "y" : 15,
      "x" : 15
    } ],
    "resourceId" : "sid-5FF7BE7A-EAE6-4B11-9240-788616DC3216",
    "labels" : [ ],
    "layers" : [ ],
    "target" : {
      "resourceId" : "sid-18784E88-8F2C-441A-867C-61CF0F6EA7BB"
    },
    "childShapes" : [ ],
    "properties" : {
      "id" : "",
      "label" : "",
      "transformation" : ""
    },
    "stencil" : {
      "id" : "Arc"
    },
    "outgoing" : [ {
      "resourceId" : "sid-18784E88-8F2C-441A-867C-61CF0F6EA7BB"
    } ],
    "formats" : {
    },
    "glossaryLinks" : {
    }
  }, {
    "bounds" : {
      "lowerRight" : {
        "y" : 210,
        "x" : 1004.8484753613666
      },
      "upperLeft" : {
        "y" : 170,
        "x" : 964.8484753613666
      }
    },
    "dockers" : [ ],
    "resourceId" : "sid-C5960D16-3617-44D4-A92A-C356874D914C",
    "labels" : [ ],
    "layers" : [ ],
    "childShapes" : [ ],
    "properties" : {
      "id" : "",
      "title" : "N",
      "communicationtype" : "Default",
      "communicationchannel" : "",
      "guard" : "",
      "oform" : "",
      "omodel" : "",
      "firetype" : "Automatic",
      "href" : ""
    },
    "stencil" : {
      "id" : "Transition"
    },
    "outgoing" : [ {
      "resourceId" : "sid-BECF002E-24BD-4719-9D04-01AE3E73E01B"
    } ],
    "formats" : {
    },
    "glossaryLinks" : {
    }
  }, {
    "bounds" : {
      "lowerRight" : {
        "y" : 190,
        "x" : 964.1941213760676
      },
      "upperLeft" : {
        "y" : 190,
        "x" : 910.0388242752135
      }
    },
    "dockers" : [ {
      "y" : 15,
      "x" : 15
    }, {
      "y" : 20,
      "x" : 20
    } ],
    "resourceId" : "sid-1BF660B0-348E-4301-8101-16110CC0D06D",
    "labels" : [ ],
    "layers" : [ ],
    "target" : {
      "resourceId" : "sid-C5960D16-3617-44D4-A92A-C356874D914C"
    },
    "childShapes" : [ ],
    "properties" : {
      "id" : "",
      "label" : "",
      "transformation" : ""
    },
    "stencil" : {
      "id" : "Arc"
    },
    "outgoing" : [ {
      "resourceId" : "sid-C5960D16-3617-44D4-A92A-C356874D914C"
    } ],
    "formats" : {
    },
    "glossaryLinks" : {
    }
  }, {
    "bounds" : {
      "lowerRight" : {
        "y" : 205,
        "x" : 1242.121200444759
      },
      "upperLeft" : {
        "y" : 175,
        "x" : 1212.121200444759
      }
    },
    "dockers" : [ ],
    "resourceId" : "sid-A8BDF117-2151-48DC-B0AC-9D17CCB69C7C",
    "labels" : [ ],
    "layers" : [ ],
    "childShapes" : [ ],
    "properties" : {
      "exttype" : "Push",
      "id" : "",
      "title" : "O",
      "external" : "false",
      "locatortypes" : "",
      "locatornames" : "",
      "numberoftokens_drawing" : "0",
      "numberoftokens_text" : "",
      "numberOfTokens" : "0",
      "locatorexpr" : "",
      "href" : ""
    },
    "stencil" : {
      "id" : "Place"
    },
    "outgoing" : [ ],
    "formats" : {
    },
    "glossaryLinks" : {
    }
  }, {
    "bounds" : {
      "lowerRight" : {
        "y" : 205,
        "x" : 1085.7575653947235
      },
      "upperLeft" : {
        "y" : 175,
        "x" : 1055.7575653947235
      }
    },
    "dockers" : [ ],
    "resourceId" : "sid-6FDDB78A-F50B-4C08-819B-A839D20D2FDF",
    "labels" : [ ],
    "layers" : [ ],
    "childShapes" : [ ],
    "properties" : {
      "exttype" : "Push",
      "id" : "",
      "title" : "",
      "external" : "false",
      "locatortypes" : "",
      "locatornames" : "",
      "numberoftokens_drawing" : "0",
      "numberoftokens_text" : "",
      "numberOfTokens" : "0",
      "locatorexpr" : "",
      "href" : ""
    },
    "stencil" : {
      "id" : "Place"
    },
    "outgoing" : [ {
      "resourceId" : "sid-4F0B7FAB-6E13-423E-B9A1-F99C31F2DD4B"
    }, {
      "resourceId" : "sid-E04815E6-3032-43A1-97E5-840B8CFF6AFC"
    } ],
    "formats" : {
    },
    "glossaryLinks" : {
    }
  }, {
    "bounds" : {
      "lowerRight" : {
        "y" : 190,
        "x" : 1054.9919405452406
      },
      "upperLeft" : {
        "y" : 190,
        "x" : 1005.312253572049
      }
    },
    "dockers" : [ {
      "y" : 20,
      "x" : 20
    }, {
      "y" : 15,
      "x" : 15
    } ],
    "resourceId" : "sid-BECF002E-24BD-4719-9D04-01AE3E73E01B",
    "labels" : [ ],
    "layers" : [ ],
    "target" : {
      "resourceId" : "sid-6FDDB78A-F50B-4C08-819B-A839D20D2FDF"
    },
    "childShapes" : [ ],
    "properties" : {
      "id" : "",
      "label" : "",
      "transformation" : ""
    },
    "stencil" : {
      "id" : "Arc"
    },
    "outgoing" : [ {
      "resourceId" : "sid-6FDDB78A-F50B-4C08-819B-A839D20D2FDF"
    } ],
    "formats" : {
    },
    "glossaryLinks" : {
    }
  }, {
    "bounds" : {
      "lowerRight" : {
        "y" : 210,
        "x" : 1171.515140422521
      },
      "upperLeft" : {
        "y" : 170,
        "x" : 1131.515140422521
      }
    },
    "dockers" : [ ],
    "resourceId" : "sid-45E83DE5-D773-46B2-BC15-9D3CE705C4EB",
    "labels" : [ ],
    "layers" : [ ],
    "childShapes" : [ ],
    "properties" : {
      "id" : "",
      "title" : "",
      "communicationtype" : "Default",
      "communicationchannel" : "",
      "guard" : "",
      "oform" : "",
      "omodel" : "",
      "firetype" : "Automatic",
      "href" : ""
    },
    "stencil" : {
      "id" : "Transition"
    },
    "outgoing" : [ {
      "resourceId" : "sid-9B926AEB-32E4-45E3-976E-A499615AE610"
    } ],
    "formats" : {
    },
    "glossaryLinks" : {
    }
  }, {
    "bounds" : {
      "lowerRight" : {
        "y" : 190,
        "x" : 1130.9566652204762
      },
      "upperLeft" : {
        "y" : 190,
        "x" : 1086.268692157531
      }
    },
    "dockers" : [ {
      "y" : 15,
      "x" : 15
    }, {
      "y" : 20,
      "x" : 20
    } ],
    "resourceId" : "sid-4F0B7FAB-6E13-423E-B9A1-F99C31F2DD4B",
    "labels" : [ ],
    "layers" : [ ],
    "target" : {
      "resourceId" : "sid-45E83DE5-D773-46B2-BC15-9D3CE705C4EB"
    },
    "childShapes" : [ ],
    "properties" : {
      "id" : "",
      "label" : "",
      "transformation" : ""
    },
    "stencil" : {
      "id" : "Arc"
    },
    "outgoing" : [ {
      "resourceId" : "sid-45E83DE5-D773-46B2-BC15-9D3CE705C4EB"
    } ],
    "formats" : {
    },
    "glossaryLinks" : {
    }
  }, {
    "bounds" : {
      "lowerRight" : {
        "y" : 190,
        "x" : 1211.9450641905894
      },
      "upperLeft" : {
        "y" : 190,
        "x" : 1172.0073277720044
      }
    },
    "dockers" : [ {
      "y" : 20,
      "x" : 20
    }, {
      "y" : 15,
      "x" : 15
    } ],
    "resourceId" : "sid-9B926AEB-32E4-45E3-976E-A499615AE610",
    "labels" : [ ],
    "layers" : [ ],
    "target" : {
      "resourceId" : "sid-A8BDF117-2151-48DC-B0AC-9D17CCB69C7C"
    },
    "childShapes" : [ ],
    "properties" : {
      "id" : "",
      "label" : "",
      "transformation" : ""
    },
    "stencil" : {
      "id" : "Arc"
    },
    "outgoing" : [ {
      "resourceId" : "sid-A8BDF117-2151-48DC-B0AC-9D17CCB69C7C"
    } ],
    "formats" : {
    },
    "glossaryLinks" : {
    }
  }, {
    "bounds" : {
      "lowerRight" : {
        "y" : 180,
        "x" : 196.66666506115436
      },
      "upperLeft" : {
        "y" : 150,
        "x" : 166.66666506115436
      }
    },
    "dockers" : [ ],
    "resourceId" : "sid-07FEE156-1A9E-4E1B-AD94-88B94ED77C7C",
    "labels" : [ ],
    "layers" : [ ],
    "childShapes" : [ ],
    "properties" : {
      "exttype" : "Push",
      "id" : "",
      "title" : "P",
      "external" : "false",
      "locatortypes" : "",
      "locatornames" : "",
      "numberoftokens_drawing" : "0",
      "numberoftokens_text" : "",
      "numberOfTokens" : "0",
      "locatorexpr" : "",
      "href" : ""
    },
    "stencil" : {
      "id" : "Place"
    },
    "outgoing" : [ {
      "resourceId" : "sid-BD30053A-63DF-4769-B38E-4018E3F24AD0"
    }, {
      "resourceId" : "sid-3E6F9EBF-EFAB-4F37-895F-BBF294598241"
    } ],
    "formats" : {
    },
    "glossaryLinks" : {
    }
  }, {
    "bounds" : {
      "lowerRight" : {
        "y" : 165,
        "x" : 166.61718622060738
      },
      "upperLeft" : {
        "y" : 165,
        "x" : 132.95312454844967
      }
    },
    "dockers" : [ {
      "y" : 20,
      "x" : 20
    }, {
      "y" : 15,
      "x" : 15
    } ],
    "resourceId" : "sid-E22E07C1-9EAE-410C-B38D-69BD6EE51E37",
    "labels" : [ ],
    "layers" : [ ],
    "target" : {
      "resourceId" : "sid-07FEE156-1A9E-4E1B-AD94-88B94ED77C7C"
    },
    "childShapes" : [ ],
    "properties" : {
      "id" : "",
      "label" : "",
      "transformation" : ""
    },
    "stencil" : {
      "id" : "Arc"
    },
    "outgoing" : [ {
      "resourceId" : "sid-07FEE156-1A9E-4E1B-AD94-88B94ED77C7C"
    } ],
    "formats" : {
    },
    "glossaryLinks" : {
    }
  }, {
    "bounds" : {
      "lowerRight" : {
        "y" : 250,
        "x" : 201.66666506115436
      },
      "upperLeft" : {
        "y" : 210,
        "x" : 161.66666506115436
      }
    },
    "dockers" : [ ],
    "resourceId" : "sid-05F19B97-8C08-4C3B-B195-1BAFB4CF6F03",
    "labels" : [ ],
    "layers" : [ ],
    "childShapes" : [ ],
    "properties" : {
      "id" : "",
      "title" : "Q",
      "communicationtype" : "Default",
      "communicationchannel" : "",
      "guard" : "",
      "oform" : "",
      "omodel" : "",
      "firetype" : "Automatic",
      "href" : ""
    },
    "stencil" : {
      "id" : "Transition"
    },
    "outgoing" : [ {
      "resourceId" : "sid-5A774CED-7667-43F7-BF46-D1CDE7648F74"
    } ],
    "formats" : {
    },
    "glossaryLinks" : {
    }
  }, {
    "bounds" : {
      "lowerRight" : {
        "y" : 209.703125,
        "x" : 181.66666506115436
      },
      "upperLeft" : {
        "y" : 180.21875,
        "x" : 181.66666506115436
      }
    },
    "dockers" : [ {
      "y" : 15,
      "x" : 15
    }, {
      "y" : 20,
      "x" : 20
    } ],
    "resourceId" : "sid-BD30053A-63DF-4769-B38E-4018E3F24AD0",
    "labels" : [ ],
    "layers" : [ ],
    "target" : {
      "resourceId" : "sid-05F19B97-8C08-4C3B-B195-1BAFB4CF6F03"
    },
    "childShapes" : [ ],
    "properties" : {
      "id" : "",
      "label" : "",
      "transformation" : ""
    },
    "stencil" : {
      "id" : "Arc"
    },
    "outgoing" : [ {
      "resourceId" : "sid-05F19B97-8C08-4C3B-B195-1BAFB4CF6F03"
    } ],
    "formats" : {
    },
    "glossaryLinks" : {
    }
  }, {
    "bounds" : {
      "lowerRight" : {
        "y" : 125,
        "x" : 201.66666506115436
      },
      "upperLeft" : {
        "y" : 85,
        "x" : 161.66666506115436
      }
    },
    "dockers" : [ ],
    "resourceId" : "sid-445E6D4F-12B0-40C9-9E0F-614DEFC76FB7",
    "labels" : [ ],
    "layers" : [ ],
    "childShapes" : [ ],
    "properties" : {
      "id" : "",
      "title" : "R",
      "communicationtype" : "Default",
      "communicationchannel" : "",
      "guard" : "",
      "oform" : "",
      "omodel" : "",
      "firetype" : "Automatic",
      "href" : ""
    },
    "stencil" : {
      "id" : "Transition"
    },
    "outgoing" : [ {
      "resourceId" : "sid-C6FED8C0-B487-4946-AD3D-A2DD2C76F3E3"
    } ],
    "formats" : {
    },
    "glossaryLinks" : {
    }
  }, {
    "bounds" : {
      "lowerRight" : {
        "y" : 149.9375,
        "x" : 181.66666506115436
      },
      "upperLeft" : {
        "y" : 125.6875,
        "x" : 181.66666506115436
      }
    },
    "dockers" : [ {
      "y" : 15,
      "x" : 15
    }, {
      "y" : 20,
      "x" : 20
    } ],
    "resourceId" : "sid-3E6F9EBF-EFAB-4F37-895F-BBF294598241",
    "labels" : [ ],
    "layers" : [ ],
    "target" : {
      "resourceId" : "sid-445E6D4F-12B0-40C9-9E0F-614DEFC76FB7"
    },
    "childShapes" : [ ],
    "properties" : {
      "id" : "",
      "label" : "",
      "transformation" : ""
    },
    "stencil" : {
      "id" : "Arc"
    },
    "outgoing" : [ {
      "resourceId" : "sid-445E6D4F-12B0-40C9-9E0F-614DEFC76FB7"
    } ],
    "formats" : {
    },
    "glossaryLinks" : {
    }
  }, {
    "bounds" : {
      "lowerRight" : {
        "y" : 89.8112359046936,
        "x" : 272.5757550945113
      },
      "upperLeft" : {
        "y" : 59.59595489501953,
        "x" : 181.6666650611544
      }
    },
    "dockers" : [ {
      "y" : 15,
      "x" : 15
    }, {
      "y" : 59.59595489501953,
      "x" : 272.5757550945113
    }, {
      "y" : 59.59595489501953,
      "x" : 181.6666650611544
    }, {
      "y" : 20,
      "x" : 20.00000000000003
    } ],
    "resourceId" : "sid-DFE096BB-1FF0-4204-97A9-7113E6102018",
    "labels" : [ ],
    "layers" : [ ],
    "target" : {
      "resourceId" : "sid-445E6D4F-12B0-40C9-9E0F-614DEFC76FB7"
    },
    "childShapes" : [ ],
    "properties" : {
      "id" : "",
      "label" : "",
      "transformation" : ""
    },
    "stencil" : {
      "id" : "Arc"
    },
    "outgoing" : [ {
      "resourceId" : "sid-445E6D4F-12B0-40C9-9E0F-614DEFC76FB7"
    } ],
    "formats" : {
    },
    "glossaryLinks" : {
    }
  }, {
    "bounds" : {
      "lowerRight" : {
        "y" : 125,
        "x" : 787.2727202668555
      },
      "upperLeft" : {
        "y" : 85,
        "x" : 747.2727202668555
      }
    },
    "dockers" : [ ],
    "resourceId" : "sid-50866DDF-6063-45B9-A9FF-84FD1863A551",
    "labels" : [ ],
    "layers" : [ ],
    "childShapes" : [ ],
    "properties" : {
      "id" : "",
      "title" : "S",
      "communicationtype" : "Default",
      "communicationchannel" : "",
      "guard" : "",
      "oform" : "",
      "omodel" : "",
      "firetype" : "Automatic",
      "href" : ""
    },
    "stencil" : {
      "id" : "Transition"
    },
    "outgoing" : [ {
      "resourceId" : "sid-3761BD37-D4E5-45F7-82CD-99F92015C6C8"
    } ],
    "formats" : {
    },
    "glossaryLinks" : {
    }
  }, {
    "bounds" : {
      "lowerRight" : {
        "y" : 105,
        "x" : 746.5935063942388
      },
      "upperLeft" : {
        "y" : 105,
        "x" : 681.684179227342
      }
    },
    "dockers" : [ {
      "y" : 15,
      "x" : 15
    }, {
      "y" : 20,
      "x" : 20
    } ],
    "resourceId" : "sid-523EF8F4-DABD-45EE-AEAC-7093B7ED9BDB",
    "labels" : [ ],
    "layers" : [ ],
    "target" : {
      "resourceId" : "sid-50866DDF-6063-45B9-A9FF-84FD1863A551"
    },
    "childShapes" : [ ],
    "properties" : {
      "id" : "",
      "label" : "",
      "transformation" : ""
    },
    "stencil" : {
      "id" : "Arc"
    },
    "outgoing" : [ {
      "resourceId" : "sid-50866DDF-6063-45B9-A9FF-84FD1863A551"
    } ],
    "formats" : {
    },
    "glossaryLinks" : {
    }
  }, {
    "bounds" : {
      "lowerRight" : {
        "y" : 120.00000000000001,
        "x" : 837.8787802890934
      },
      "upperLeft" : {
        "y" : 90,
        "x" : 807.8787802890934
      }
    },
    "dockers" : [ ],
    "resourceId" : "sid-C308EC39-3C35-4B12-BFAB-C9624FB7C1C8",
    "labels" : [ ],
    "layers" : [ ],
    "childShapes" : [ ],
    "properties" : {
      "exttype" : "Push",
      "id" : "",
      "title" : "",
      "external" : "false",
      "locatortypes" : "",
      "locatornames" : "",
      "numberoftokens_drawing" : "0",
      "numberoftokens_text" : "",
      "numberOfTokens" : "0",
      "locatorexpr" : "",
      "href" : ""
    },
    "stencil" : {
      "id" : "Place"
    },
    "outgoing" : [ {
      "resourceId" : "sid-78557E8B-F50C-45E9-A1A7-967D48E1BCB2"
    } ],
    "formats" : {
    },
    "glossaryLinks" : {
    }
  }, {
    "bounds" : {
      "lowerRight" : {
        "y" : 105,
        "x" : 807.1084205956863
      },
      "upperLeft" : {
        "y" : 105,
        "x" : 787.3873033994997
      }
    },
    "dockers" : [ {
      "y" : 20,
      "x" : 20
    }, {
      "y" : 15.000000000000007,
      "x" : 15
    } ],
    "resourceId" : "sid-3761BD37-D4E5-45F7-82CD-99F92015C6C8",
    "labels" : [ ],
    "layers" : [ ],
    "target" : {
      "resourceId" : "sid-C308EC39-3C35-4B12-BFAB-C9624FB7C1C8"
    },
    "childShapes" : [ ],
    "properties" : {
      "id" : "",
      "label" : "",
      "transformation" : ""
    },
    "stencil" : {
      "id" : "Arc"
    },
    "outgoing" : [ {
      "resourceId" : "sid-C308EC39-3C35-4B12-BFAB-C9624FB7C1C8"
    } ],
    "formats" : {
    },
    "glossaryLinks" : {
    }
  }, {
    "bounds" : {
      "lowerRight" : {
        "y" : 169.0784362437699,
        "x" : 824.4778913714975
      },
      "upperLeft" : {
        "y" : 120.60906375623011,
        "x" : 823.2683126856641
      }
    },
    "dockers" : [ {
      "y" : 15,
      "x" : 15
    }, {
      "y" : 20,
      "x" : 20
    } ],
    "resourceId" : "sid-78557E8B-F50C-45E9-A1A7-967D48E1BCB2",
    "labels" : [ ],
    "layers" : [ ],
    "target" : {
      "resourceId" : "sid-AAF61AD4-848B-4A54-AE99-F3D6E7FB7910"
    },
    "childShapes" : [ ],
    "properties" : {
      "id" : "",
      "label" : "",
      "transformation" : ""
    },
    "stencil" : {
      "id" : "Arc"
    },
    "outgoing" : [ {
      "resourceId" : "sid-AAF61AD4-848B-4A54-AE99-F3D6E7FB7910"
    } ],
    "formats" : {
    },
    "glossaryLinks" : {
    }
  }, {
    "bounds" : {
      "lowerRight" : {
        "y" : 290,
        "x" : 787.2727202668555
      },
      "upperLeft" : {
        "y" : 250,
        "x" : 747.2727202668555
      }
    },
    "dockers" : [ ],
    "resourceId" : "sid-C3A1767E-4C27-44FE-B207-841661394006",
    "labels" : [ ],
    "layers" : [ ],
    "childShapes" : [ ],
    "properties" : {
      "id" : "",
      "title" : "T",
      "communicationtype" : "Default",
      "communicationchannel" : "",
      "guard" : "",
      "oform" : "",
      "omodel" : "",
      "firetype" : "Automatic",
      "href" : ""
    },
    "stencil" : {
      "id" : "Transition"
    },
    "outgoing" : [ {
      "resourceId" : "sid-61884818-92E3-4867-AD1E-E3FC80FA4031"
    } ],
    "formats" : {
    },
    "glossaryLinks" : {
    }
  }, {
    "bounds" : {
      "lowerRight" : {
        "y" : 270,
        "x" : 746.5935063942388
      },
      "upperLeft" : {
        "y" : 270,
        "x" : 681.684179227342
      }
    },
    "dockers" : [ {
      "y" : 15,
      "x" : 15
    }, {
      "y" : 20,
      "x" : 20
    } ],
    "resourceId" : "sid-A14DF5BF-0D71-4E58-BAB6-38229EC0D328",
    "labels" : [ ],
    "layers" : [ ],
    "target" : {
      "resourceId" : "sid-C3A1767E-4C27-44FE-B207-841661394006"
    },
    "childShapes" : [ ],
    "properties" : {
      "id" : "",
      "label" : "",
      "transformation" : ""
    },
    "stencil" : {
      "id" : "Arc"
    },
    "outgoing" : [ {
      "resourceId" : "sid-C3A1767E-4C27-44FE-B207-841661394006"
    } ],
    "formats" : {
    },
    "glossaryLinks" : {
    }
  }, {
    "bounds" : {
      "lowerRight" : {
        "y" : 285,
        "x" : 840
      },
      "upperLeft" : {
        "y" : 255,
        "x" : 810
      }
    },
    "dockers" : [ ],
    "resourceId" : "sid-B1A0D0D7-2EA4-4E31-ABAB-1520D84C2EB4",
    "labels" : [ ],
    "layers" : [ ],
    "childShapes" : [ ],
    "properties" : {
      "exttype" : "Push",
      "id" : "",
      "title" : "",
      "external" : "false",
      "locatortypes" : "",
      "locatornames" : "",
      "numberoftokens_drawing" : "0",
      "numberoftokens_text" : "",
      "numberOfTokens" : "0",
      "locatorexpr" : "",
      "href" : ""
    },
    "stencil" : {
      "id" : "Place"
    },
    "outgoing" : [ {
      "resourceId" : "sid-8A061DA7-2EE1-48A6-94D7-A6207DA31197"
    } ],
    "formats" : {
    },
    "glossaryLinks" : {
    }
  }, {
    "bounds" : {
      "lowerRight" : {
        "y" : 270,
        "x" : 809.5681800667139
      },
      "upperLeft" : {
        "y" : 270,
        "x" : 788.1164726751238
      }
    },
    "dockers" : [ {
      "y" : 20,
      "x" : 20
    }, {
      "y" : 15,
      "x" : 15
    } ],
    "resourceId" : "sid-61884818-92E3-4867-AD1E-E3FC80FA4031",
    "labels" : [ ],
    "layers" : [ ],
    "target" : {
      "resourceId" : "sid-B1A0D0D7-2EA4-4E31-ABAB-1520D84C2EB4"
    },
    "childShapes" : [ ],
    "properties" : {
      "id" : "",
      "label" : "",
      "transformation" : ""
    },
    "stencil" : {
      "id" : "Arc"
    },
    "outgoing" : [ {
      "resourceId" : "sid-B1A0D0D7-2EA4-4E31-ABAB-1520D84C2EB4"
    } ],
    "formats" : {
    },
    "glossaryLinks" : {
    }
  }, {
    "bounds" : {
      "lowerRight" : {
        "y" : 254.625,
        "x" : 825
      },
      "upperLeft" : {
        "y" : 211,
        "x" : 825
      }
    },
    "dockers" : [ {
      "y" : 15,
      "x" : 15
    }, {
      "y" : 20,
      "x" : 20
    } ],
    "resourceId" : "sid-8A061DA7-2EE1-48A6-94D7-A6207DA31197",
    "labels" : [ ],
    "layers" : [ ],
    "target" : {
      "resourceId" : "sid-AAF61AD4-848B-4A54-AE99-F3D6E7FB7910"
    },
    "childShapes" : [ ],
    "properties" : {
      "id" : "",
      "label" : "",
      "transformation" : ""
    },
    "stencil" : {
      "id" : "Arc"
    },
    "outgoing" : [ {
      "resourceId" : "sid-AAF61AD4-848B-4A54-AE99-F3D6E7FB7910"
    } ],
    "formats" : {
    },
    "glossaryLinks" : {
    }
  }, {
    "bounds" : {
      "lowerRight" : {
        "y" : 120,
        "x" : 999.8484753613666
      },
      "upperLeft" : {
        "y" : 90,
        "x" : 969.8484753613666
      }
    },
    "dockers" : [ ],
    "resourceId" : "sid-45F59B77-CD95-40AB-9E53-45D83CEE3FA5",
    "labels" : [ ],
    "layers" : [ ],
    "childShapes" : [ ],
    "properties" : {
      "exttype" : "Push",
      "id" : "",
      "title" : "",
      "external" : "false",
      "locatortypes" : "",
      "locatornames" : "",
      "numberoftokens_drawing" : "0",
      "numberoftokens_text" : "",
      "numberOfTokens" : "0",
      "locatorexpr" : "",
      "href" : ""
    },
    "stencil" : {
      "id" : "Place"
    },
    "outgoing" : [ {
      "resourceId" : "sid-27C73FFF-FA03-49C4-9295-A57E13CDE14D"
    } ],
    "formats" : {
    },
    "glossaryLinks" : {
    }
  }, {
    "bounds" : {
      "lowerRight" : {
        "y" : 169.078125,
        "x" : 984.8484753613666
      },
      "upperLeft" : {
        "y" : 120.609375,
        "x" : 984.8484753613666
      }
    },
    "dockers" : [ {
      "y" : 15,
      "x" : 15
    }, {
      "y" : 20,
      "x" : 20
    } ],
    "resourceId" : "sid-27C73FFF-FA03-49C4-9295-A57E13CDE14D",
    "labels" : [ ],
    "layers" : [ ],
    "target" : {
      "resourceId" : "sid-C5960D16-3617-44D4-A92A-C356874D914C"
    },
    "childShapes" : [ ],
    "properties" : {
      "id" : "",
      "label" : "",
      "transformation" : ""
    },
    "stencil" : {
      "id" : "Arc"
    },
    "outgoing" : [ {
      "resourceId" : "sid-C5960D16-3617-44D4-A92A-C356874D914C"
    } ],
    "formats" : {
    },
    "glossaryLinks" : {
    }
  }, {
    "bounds" : {
      "lowerRight" : {
        "y" : 290,
        "x" : 1004.8484753613665
      },
      "upperLeft" : {
        "y" : 249.99999999999997,
        "x" : 964.8484753613665
      }
    },
    "dockers" : [ ],
    "resourceId" : "sid-D91B6B08-9F3A-4AAF-9F65-614545C18A00",
    "labels" : [ ],
    "layers" : [ ],
    "childShapes" : [ ],
    "properties" : {
      "id" : "",
      "title" : "",
      "communicationtype" : "Default",
      "communicationchannel" : "",
      "guard" : "",
      "oform" : "",
      "omodel" : "",
      "firetype" : "Automatic",
      "href" : ""
    },
    "stencil" : {
      "id" : "Transition"
    },
    "outgoing" : [ {
      "resourceId" : "sid-5D016F5A-D68F-4B86-BC97-45A9DE99355C"
    } ],
    "formats" : {
    },
    "glossaryLinks" : {
    }
  }, {
    "bounds" : {
      "lowerRight" : {
        "y" : 251.19350994870106,
        "x" : 1059.2871017633806
      },
      "upperLeft" : {
        "y" : 200.68149005129894,
        "x" : 1005.0440809492225
      }
    },
    "dockers" : [ {
      "y" : 15,
      "x" : 15
    }, {
      "y" : 20.000000000000014,
      "x" : 20
    } ],
    "resourceId" : "sid-E04815E6-3032-43A1-97E5-840B8CFF6AFC",
    "labels" : [ ],
    "layers" : [ ],
    "target" : {
      "resourceId" : "sid-D91B6B08-9F3A-4AAF-9F65-614545C18A00"
    },
    "childShapes" : [ ],
    "properties" : {
      "id" : "",
      "label" : "",
      "transformation" : ""
    },
    "stencil" : {
      "id" : "Arc"
    },
    "outgoing" : [ {
      "resourceId" : "sid-D91B6B08-9F3A-4AAF-9F65-614545C18A00"
    } ],
    "formats" : {
    },
    "glossaryLinks" : {
    }
  }, {
    "bounds" : {
      "lowerRight" : {
        "y" : 251.8350109730785,
        "x" : 964.4472682485559
      },
      "upperLeft" : {
        "y" : 200.03998902692152,
        "x" : 906.2759713339219
      }
    },
    "dockers" : [ {
      "y" : 20,
      "x" : 20
    }, {
      "y" : 15,
      "x" : 15
    } ],
    "resourceId" : "sid-5D016F5A-D68F-4B86-BC97-45A9DE99355C",
    "labels" : [ ],
    "layers" : [ ],
    "target" : {
      "resourceId" : "sid-18784E88-8F2C-441A-867C-61CF0F6EA7BB"
    },
    "childShapes" : [ ],
    "properties" : {
      "id" : "",
      "label" : "",
      "transformation" : ""
    },
    "stencil" : {
      "id" : "Arc"
    },
    "outgoing" : [ {
      "resourceId" : "sid-18784E88-8F2C-441A-867C-61CF0F6EA7BB"
    } ],
    "formats" : {
    },
    "glossaryLinks" : {
    }
  } ],
  "properties" : {
    "author" : "",
    "title" : "",
    "engine" : "false",
    "modificationdate" : "10/07/07",
    "documentation" : "",
    "language" : "English",
    "creationdate" : "10/07/07",
    "version" : ""
  },
  "stencilset" : {
    "url" : "/stencilsets/petrinets/petrinet.json",
    "namespace" : "http://b3mn.org/stencilset/petrinet#"
  },
  "ssextensions" : [ ],
  "stencil" : {
    "id" : "Diagram"
  },
  "formats" : {
  }
}