{
  "revision" : {
    "creationDate" : null,
    "elementCounts" : {
      "total" : 67,
      "Place" : 15,
      "Arc" : 35,
      "Transition" : 16,
      "Diagram" : 1
    },
    "connectedness" : 74,
    "isLastRevision" : "false",
    "revisionNumber" : 6
  },
  "model" : {
    "modelingLanguage" : "petrinet",
    "numberOfRevisions" : 9,
    "naturalLanguage" : "de",
    "timestampModelCollection" : null,
    "directoryId" : "1943429442",
    "groupName" : "PetriNet",
    "modelDate" : "2012-08-30",
    "modelName" : "770181941",
    "modelId" : "770181941"
  }
}