{
  "bounds" : {
    "lowerRight" : {
      "y" : 1050,
      "x" : 1485
    },
    "upperLeft" : {
      "y" : 0,
      "x" : 0
    }
  },
  "resourceId" : "canvas",
  "childShapes" : [ {
    "bounds" : {
      "lowerRight" : {
        "y" : 270,
        "x" : 225
      },
      "upperLeft" : {
        "y" : 240,
        "x" : 195
      }
    },
    "dockers" : [ ],
    "resourceId" : "sid-82F9949A-9530-43E0-9BB1-E14C1CFEB82F",
    "labels" : [ ],
    "layers" : [ ],
    "childShapes" : [ ],
    "properties" : {
      "exttype" : "Push",
      "id" : "",
      "title" : "",
      "external" : "false",
      "locatortypes" : "",
      "locatornames" : "",
      "numberoftokens_drawing" : "0",
      "numberoftokens_text" : "",
      "numberOfTokens" : "0",
      "locatorexpr" : "",
      "href" : ""
    },
    "stencil" : {
      "id" : "Place"
    },
    "outgoing" : [ {
      "resourceId" : "sid-6A18D0C0-9B83-407D-AE14-AABEA17EDE9B"
    } ],
    "formats" : {
    },
    "glossaryLinks" : {
    }
  }, {
    "bounds" : {
      "lowerRight" : {
        "y" : 275,
        "x" : 310
      },
      "upperLeft" : {
        "y" : 235,
        "x" : 270
      }
    },
    "dockers" : [ ],
    "resourceId" : "sid-AC8D49EC-D45A-4392-B709-CA36C2405E40",
    "labels" : [ ],
    "layers" : [ ],
    "childShapes" : [ ],
    "properties" : {
      "id" : "",
      "title" : "A",
      "communicationtype" : "Default",
      "communicationchannel" : "",
      "guard" : "",
      "oform" : "",
      "omodel" : "",
      "firetype" : "Automatic",
      "href" : ""
    },
    "stencil" : {
      "id" : "Transition"
    },
    "outgoing" : [ {
      "resourceId" : "sid-8BFDCB7F-4F1F-4A45-8937-9A7E70F863B6"
    }, {
      "resourceId" : "sid-EFBDC242-FF9D-4AEA-B00E-C7D28464D324"
    } ],
    "formats" : {
    },
    "glossaryLinks" : {
    }
  }, {
    "bounds" : {
      "lowerRight" : {
        "y" : 255,
        "x" : 269.625
      },
      "upperLeft" : {
        "y" : 255,
        "x" : 225.375
      }
    },
    "dockers" : [ {
      "y" : 15,
      "x" : 15
    }, {
      "y" : 20,
      "x" : 20
    } ],
    "resourceId" : "sid-6A18D0C0-9B83-407D-AE14-AABEA17EDE9B",
    "labels" : [ ],
    "layers" : [ ],
    "target" : {
      "resourceId" : "sid-AC8D49EC-D45A-4392-B709-CA36C2405E40"
    },
    "childShapes" : [ ],
    "properties" : {
      "id" : "",
      "label" : "",
      "transformation" : ""
    },
    "stencil" : {
      "id" : "Arc"
    },
    "outgoing" : [ {
      "resourceId" : "sid-AC8D49EC-D45A-4392-B709-CA36C2405E40"
    } ],
    "formats" : {
    },
    "glossaryLinks" : {
    }
  }, {
    "bounds" : {
      "lowerRight" : {
        "y" : 270,
        "x" : 385
      },
      "upperLeft" : {
        "y" : 240,
        "x" : 355
      }
    },
    "dockers" : [ ],
    "resourceId" : "sid-65768555-00CD-4E5F-931A-5791F1FE8528",
    "labels" : [ ],
    "layers" : [ ],
    "childShapes" : [ ],
    "properties" : {
      "exttype" : "Push",
      "id" : "",
      "title" : "",
      "external" : "false",
      "locatortypes" : "",
      "locatornames" : "",
      "numberoftokens_drawing" : "0",
      "numberoftokens_text" : "",
      "numberOfTokens" : "0",
      "locatorexpr" : "",
      "href" : ""
    },
    "stencil" : {
      "id" : "Place"
    },
    "outgoing" : [ {
      "resourceId" : "sid-8EABB698-E3F7-47D1-AF8C-F7810AC3E45E"
    } ],
    "formats" : {
    },
    "glossaryLinks" : {
    }
  }, {
    "bounds" : {
      "lowerRight" : {
        "y" : 255,
        "x" : 354.625
      },
      "upperLeft" : {
        "y" : 255,
        "x" : 311
      }
    },
    "dockers" : [ {
      "y" : 20,
      "x" : 20
    }, {
      "y" : 15,
      "x" : 15
    } ],
    "resourceId" : "sid-8BFDCB7F-4F1F-4A45-8937-9A7E70F863B6",
    "labels" : [ ],
    "layers" : [ ],
    "target" : {
      "resourceId" : "sid-65768555-00CD-4E5F-931A-5791F1FE8528"
    },
    "childShapes" : [ ],
    "properties" : {
      "id" : "",
      "label" : "",
      "transformation" : ""
    },
    "stencil" : {
      "id" : "Arc"
    },
    "outgoing" : [ {
      "resourceId" : "sid-65768555-00CD-4E5F-931A-5791F1FE8528"
    } ],
    "formats" : {
    },
    "glossaryLinks" : {
    }
  }, {
    "bounds" : {
      "lowerRight" : {
        "y" : 275,
        "x" : 470
      },
      "upperLeft" : {
        "y" : 235,
        "x" : 430
      }
    },
    "dockers" : [ ],
    "resourceId" : "sid-97C1FE8F-07A8-40A4-8303-144E3B1F2FFD",
    "labels" : [ ],
    "layers" : [ ],
    "childShapes" : [ ],
    "properties" : {
      "id" : "",
      "title" : "B",
      "communicationtype" : "Default",
      "communicationchannel" : "",
      "guard" : "",
      "oform" : "",
      "omodel" : "",
      "firetype" : "Automatic",
      "href" : ""
    },
    "stencil" : {
      "id" : "Transition"
    },
    "outgoing" : [ {
      "resourceId" : "sid-7439D5DF-2025-4975-B76E-86E5AB792AA7"
    } ],
    "formats" : {
    },
    "glossaryLinks" : {
    }
  }, {
    "bounds" : {
      "lowerRight" : {
        "y" : 255,
        "x" : 429.625
      },
      "upperLeft" : {
        "y" : 255,
        "x" : 385.375
      }
    },
    "dockers" : [ {
      "y" : 15,
      "x" : 15
    }, {
      "y" : 20,
      "x" : 20
    } ],
    "resourceId" : "sid-8EABB698-E3F7-47D1-AF8C-F7810AC3E45E",
    "labels" : [ ],
    "layers" : [ ],
    "target" : {
      "resourceId" : "sid-97C1FE8F-07A8-40A4-8303-144E3B1F2FFD"
    },
    "childShapes" : [ ],
    "properties" : {
      "id" : "",
      "label" : "",
      "transformation" : ""
    },
    "stencil" : {
      "id" : "Arc"
    },
    "outgoing" : [ {
      "resourceId" : "sid-97C1FE8F-07A8-40A4-8303-144E3B1F2FFD"
    } ],
    "formats" : {
    },
    "glossaryLinks" : {
    }
  }, {
    "bounds" : {
      "lowerRight" : {
        "y" : 270,
        "x" : 545
      },
      "upperLeft" : {
        "y" : 240,
        "x" : 515
      }
    },
    "dockers" : [ ],
    "resourceId" : "sid-9714F728-4052-4FF8-ADD6-17DD9B9515CF",
    "labels" : [ ],
    "layers" : [ ],
    "childShapes" : [ ],
    "properties" : {
      "exttype" : "Push",
      "id" : "",
      "title" : "",
      "external" : "false",
      "locatortypes" : "",
      "locatornames" : "",
      "numberoftokens_drawing" : "0",
      "numberoftokens_text" : "",
      "numberOfTokens" : "0",
      "locatorexpr" : "",
      "href" : ""
    },
    "stencil" : {
      "id" : "Place"
    },
    "outgoing" : [ {
      "resourceId" : "sid-2FA96662-A86E-4B22-855C-9867690F2FFF"
    } ],
    "formats" : {
    },
    "glossaryLinks" : {
    }
  }, {
    "bounds" : {
      "lowerRight" : {
        "y" : 255,
        "x" : 514.625
      },
      "upperLeft" : {
        "y" : 255,
        "x" : 471
      }
    },
    "dockers" : [ {
      "y" : 20,
      "x" : 20
    }, {
      "y" : 15,
      "x" : 15
    } ],
    "resourceId" : "sid-7439D5DF-2025-4975-B76E-86E5AB792AA7",
    "labels" : [ ],
    "layers" : [ ],
    "target" : {
      "resourceId" : "sid-9714F728-4052-4FF8-ADD6-17DD9B9515CF"
    },
    "childShapes" : [ ],
    "properties" : {
      "id" : "",
      "label" : "",
      "transformation" : ""
    },
    "stencil" : {
      "id" : "Arc"
    },
    "outgoing" : [ {
      "resourceId" : "sid-9714F728-4052-4FF8-ADD6-17DD9B9515CF"
    } ],
    "formats" : {
    },
    "glossaryLinks" : {
    }
  }, {
    "bounds" : {
      "lowerRight" : {
        "y" : 275,
        "x" : 630
      },
      "upperLeft" : {
        "y" : 235,
        "x" : 590
      }
    },
    "dockers" : [ ],
    "resourceId" : "sid-F27B5196-052B-4904-8EAC-789BDAC0C78A",
    "labels" : [ ],
    "layers" : [ ],
    "childShapes" : [ ],
    "properties" : {
      "id" : "",
      "title" : "C",
      "communicationtype" : "Default",
      "communicationchannel" : "",
      "guard" : "",
      "oform" : "",
      "omodel" : "",
      "firetype" : "Automatic",
      "href" : ""
    },
    "stencil" : {
      "id" : "Transition"
    },
    "outgoing" : [ {
      "resourceId" : "sid-111C2A42-17BC-4201-8035-7CF63CE8F725"
    } ],
    "formats" : {
    },
    "glossaryLinks" : {
    }
  }, {
    "bounds" : {
      "lowerRight" : {
        "y" : 255,
        "x" : 589.625
      },
      "upperLeft" : {
        "y" : 255,
        "x" : 545.375
      }
    },
    "dockers" : [ {
      "y" : 15,
      "x" : 15
    }, {
      "y" : 20,
      "x" : 20
    } ],
    "resourceId" : "sid-2FA96662-A86E-4B22-855C-9867690F2FFF",
    "labels" : [ ],
    "layers" : [ ],
    "target" : {
      "resourceId" : "sid-F27B5196-052B-4904-8EAC-789BDAC0C78A"
    },
    "childShapes" : [ ],
    "properties" : {
      "id" : "",
      "label" : "",
      "transformation" : ""
    },
    "stencil" : {
      "id" : "Arc"
    },
    "outgoing" : [ {
      "resourceId" : "sid-F27B5196-052B-4904-8EAC-789BDAC0C78A"
    } ],
    "formats" : {
    },
    "glossaryLinks" : {
    }
  }, {
    "bounds" : {
      "lowerRight" : {
        "y" : 270,
        "x" : 705
      },
      "upperLeft" : {
        "y" : 240,
        "x" : 675
      }
    },
    "dockers" : [ ],
    "resourceId" : "sid-83B4E520-CFC3-4B7E-ACC2-0D4A6A49CB48",
    "labels" : [ ],
    "layers" : [ ],
    "childShapes" : [ ],
    "properties" : {
      "exttype" : "Push",
      "id" : "",
      "title" : "",
      "external" : "false",
      "locatortypes" : "",
      "locatornames" : "",
      "numberoftokens_drawing" : "0",
      "numberoftokens_text" : "",
      "numberOfTokens" : "0",
      "locatorexpr" : "",
      "href" : ""
    },
    "stencil" : {
      "id" : "Place"
    },
    "outgoing" : [ {
      "resourceId" : "sid-0FD3023F-DB72-41C7-B52B-E06972B945CD"
    } ],
    "formats" : {
    },
    "glossaryLinks" : {
    }
  }, {
    "bounds" : {
      "lowerRight" : {
        "y" : 255,
        "x" : 674.625
      },
      "upperLeft" : {
        "y" : 255,
        "x" : 631
      }
    },
    "dockers" : [ {
      "y" : 20,
      "x" : 20
    }, {
      "y" : 15,
      "x" : 15
    } ],
    "resourceId" : "sid-111C2A42-17BC-4201-8035-7CF63CE8F725",
    "labels" : [ ],
    "layers" : [ ],
    "target" : {
      "resourceId" : "sid-83B4E520-CFC3-4B7E-ACC2-0D4A6A49CB48"
    },
    "childShapes" : [ ],
    "properties" : {
      "id" : "",
      "label" : "",
      "transformation" : ""
    },
    "stencil" : {
      "id" : "Arc"
    },
    "outgoing" : [ {
      "resourceId" : "sid-83B4E520-CFC3-4B7E-ACC2-0D4A6A49CB48"
    } ],
    "formats" : {
    },
    "glossaryLinks" : {
    }
  }, {
    "bounds" : {
      "lowerRight" : {
        "y" : 275,
        "x" : 790
      },
      "upperLeft" : {
        "y" : 235,
        "x" : 750
      }
    },
    "dockers" : [ ],
    "resourceId" : "sid-AABBAD3D-E0B2-49CF-8CC8-520A18EB453F",
    "labels" : [ ],
    "layers" : [ ],
    "childShapes" : [ ],
    "properties" : {
      "id" : "",
      "title" : "D",
      "communicationtype" : "Default",
      "communicationchannel" : "",
      "guard" : "",
      "oform" : "",
      "omodel" : "",
      "firetype" : "Automatic",
      "href" : ""
    },
    "stencil" : {
      "id" : "Transition"
    },
    "outgoing" : [ {
      "resourceId" : "sid-3D166513-188C-4CA5-9D1B-DCC77706FE47"
    } ],
    "formats" : {
    },
    "glossaryLinks" : {
    }
  }, {
    "bounds" : {
      "lowerRight" : {
        "y" : 255,
        "x" : 749.625
      },
      "upperLeft" : {
        "y" : 255,
        "x" : 705.375
      }
    },
    "dockers" : [ {
      "y" : 15,
      "x" : 15
    }, {
      "y" : 20,
      "x" : 20
    } ],
    "resourceId" : "sid-0FD3023F-DB72-41C7-B52B-E06972B945CD",
    "labels" : [ ],
    "layers" : [ ],
    "target" : {
      "resourceId" : "sid-AABBAD3D-E0B2-49CF-8CC8-520A18EB453F"
    },
    "childShapes" : [ ],
    "properties" : {
      "id" : "",
      "label" : "",
      "transformation" : ""
    },
    "stencil" : {
      "id" : "Arc"
    },
    "outgoing" : [ {
      "resourceId" : "sid-AABBAD3D-E0B2-49CF-8CC8-520A18EB453F"
    } ],
    "formats" : {
    },
    "glossaryLinks" : {
    }
  }, {
    "bounds" : {
      "lowerRight" : {
        "y" : 270,
        "x" : 865
      },
      "upperLeft" : {
        "y" : 240,
        "x" : 835
      }
    },
    "dockers" : [ ],
    "resourceId" : "sid-FF2148BA-35FE-4398-857B-D7C9BC32A247",
    "labels" : [ ],
    "layers" : [ ],
    "childShapes" : [ ],
    "properties" : {
      "exttype" : "Push",
      "id" : "",
      "title" : "",
      "external" : "false",
      "locatortypes" : "",
      "locatornames" : "",
      "numberoftokens_drawing" : "0",
      "numberoftokens_text" : "",
      "numberOfTokens" : "0",
      "locatorexpr" : "",
      "href" : ""
    },
    "stencil" : {
      "id" : "Place"
    },
    "outgoing" : [ {
      "resourceId" : "sid-899E1E3F-C88B-414E-832B-81A1A5EB4191"
    } ],
    "formats" : {
    },
    "glossaryLinks" : {
    }
  }, {
    "bounds" : {
      "lowerRight" : {
        "y" : 255,
        "x" : 834.625
      },
      "upperLeft" : {
        "y" : 255,
        "x" : 791
      }
    },
    "dockers" : [ {
      "y" : 20,
      "x" : 20
    }, {
      "y" : 15,
      "x" : 15
    } ],
    "resourceId" : "sid-3D166513-188C-4CA5-9D1B-DCC77706FE47",
    "labels" : [ ],
    "layers" : [ ],
    "target" : {
      "resourceId" : "sid-FF2148BA-35FE-4398-857B-D7C9BC32A247"
    },
    "childShapes" : [ ],
    "properties" : {
      "id" : "",
      "label" : "",
      "transformation" : ""
    },
    "stencil" : {
      "id" : "Arc"
    },
    "outgoing" : [ {
      "resourceId" : "sid-FF2148BA-35FE-4398-857B-D7C9BC32A247"
    } ],
    "formats" : {
    },
    "glossaryLinks" : {
    }
  }, {
    "bounds" : {
      "lowerRight" : {
        "y" : 281.5,
        "x" : 971
      },
      "upperLeft" : {
        "y" : 228.5,
        "x" : 910
      }
    },
    "dockers" : [ ],
    "resourceId" : "sid-98862028-D573-45DC-906A-4094DEBE1631",
    "labels" : [ ],
    "layers" : [ ],
    "childShapes" : [ ],
    "properties" : {
      "id" : "",
      "title" : "E",
      "communicationtype" : "Default",
      "communicationchannel" : "",
      "guard" : "",
      "oform" : "",
      "omodel" : "",
      "firetype" : "Automatic",
      "href" : ""
    },
    "stencil" : {
      "id" : "Transition"
    },
    "outgoing" : [ {
      "resourceId" : "sid-8AF286E6-136B-492D-B56E-C96A39EE2D65"
    }, {
      "resourceId" : "sid-35788751-36C3-4484-9F2D-2D6E8B96DD06"
    } ],
    "formats" : {
    },
    "glossaryLinks" : {
    }
  }, {
    "bounds" : {
      "lowerRight" : {
        "y" : 255,
        "x" : 909.8046875
      },
      "upperLeft" : {
        "y" : 255,
        "x" : 865.140625
      }
    },
    "dockers" : [ {
      "y" : 15,
      "x" : 15
    }, {
      "y" : 26.5,
      "x" : 30.5
    } ],
    "resourceId" : "sid-899E1E3F-C88B-414E-832B-81A1A5EB4191",
    "labels" : [ ],
    "layers" : [ ],
    "target" : {
      "resourceId" : "sid-98862028-D573-45DC-906A-4094DEBE1631"
    },
    "childShapes" : [ ],
    "properties" : {
      "id" : "",
      "label" : "",
      "transformation" : ""
    },
    "stencil" : {
      "id" : "Arc"
    },
    "outgoing" : [ {
      "resourceId" : "sid-98862028-D573-45DC-906A-4094DEBE1631"
    } ],
    "formats" : {
    },
    "glossaryLinks" : {
    }
  }, {
    "bounds" : {
      "lowerRight" : {
        "y" : 270,
        "x" : 1025
      },
      "upperLeft" : {
        "y" : 240,
        "x" : 995
      }
    },
    "dockers" : [ ],
    "resourceId" : "sid-B058A751-9644-40E0-92A1-D69A5772B20E",
    "labels" : [ ],
    "layers" : [ ],
    "childShapes" : [ ],
    "properties" : {
      "exttype" : "Push",
      "id" : "",
      "title" : "",
      "external" : "false",
      "locatortypes" : "",
      "locatornames" : "",
      "numberoftokens_drawing" : "0",
      "numberoftokens_text" : "",
      "numberOfTokens" : "0",
      "locatorexpr" : "",
      "href" : ""
    },
    "stencil" : {
      "id" : "Place"
    },
    "outgoing" : [ ],
    "formats" : {
    },
    "glossaryLinks" : {
    }
  }, {
    "bounds" : {
      "lowerRight" : {
        "y" : 255,
        "x" : 994.8828125
      },
      "upperLeft" : {
        "y" : 255,
        "x" : 971.90625
      }
    },
    "dockers" : [ {
      "y" : 26.5,
      "x" : 30.5
    }, {
      "y" : 15,
      "x" : 15
    } ],
    "resourceId" : "sid-8AF286E6-136B-492D-B56E-C96A39EE2D65",
    "labels" : [ ],
    "layers" : [ ],
    "target" : {
      "resourceId" : "sid-B058A751-9644-40E0-92A1-D69A5772B20E"
    },
    "childShapes" : [ ],
    "properties" : {
      "id" : "",
      "label" : "",
      "transformation" : ""
    },
    "stencil" : {
      "id" : "Arc"
    },
    "outgoing" : [ {
      "resourceId" : "sid-B058A751-9644-40E0-92A1-D69A5772B20E"
    } ],
    "formats" : {
    },
    "glossaryLinks" : {
    }
  }, {
    "bounds" : {
      "lowerRight" : {
        "y" : 195,
        "x" : 305
      },
      "upperLeft" : {
        "y" : 165,
        "x" : 275
      }
    },
    "dockers" : [ ],
    "resourceId" : "sid-07EFB4DE-D3F6-41F6-8F1B-FBDCF5452E9C",
    "labels" : [ ],
    "layers" : [ ],
    "childShapes" : [ ],
    "properties" : {
      "exttype" : "Push",
      "id" : "",
      "title" : "",
      "external" : "false",
      "locatortypes" : "",
      "locatornames" : "",
      "numberoftokens_drawing" : "0",
      "numberoftokens_text" : "",
      "numberOfTokens" : "0",
      "locatorexpr" : "",
      "href" : ""
    },
    "stencil" : {
      "id" : "Place"
    },
    "outgoing" : [ {
      "resourceId" : "sid-56FD8C31-4CE5-4771-92BE-600511146FCA"
    } ],
    "formats" : {
    },
    "glossaryLinks" : {
    }
  }, {
    "bounds" : {
      "lowerRight" : {
        "y" : 234.078125,
        "x" : 290
      },
      "upperLeft" : {
        "y" : 195.0625,
        "x" : 290
      }
    },
    "dockers" : [ {
      "y" : 15,
      "x" : 15
    }, {
      "y" : 20,
      "x" : 20
    } ],
    "resourceId" : "sid-56FD8C31-4CE5-4771-92BE-600511146FCA",
    "labels" : [ ],
    "layers" : [ ],
    "target" : {
      "resourceId" : "sid-AC8D49EC-D45A-4392-B709-CA36C2405E40"
    },
    "childShapes" : [ ],
    "properties" : {
      "id" : "",
      "label" : "",
      "transformation" : ""
    },
    "stencil" : {
      "id" : "Arc"
    },
    "outgoing" : [ {
      "resourceId" : "sid-AC8D49EC-D45A-4392-B709-CA36C2405E40"
    } ],
    "formats" : {
    },
    "glossaryLinks" : {
    }
  }, {
    "bounds" : {
      "lowerRight" : {
        "y" : 228.21875,
        "x" : 940.5
      },
      "upperLeft" : {
        "y" : 180,
        "x" : 305.61083984375
      }
    },
    "dockers" : [ {
      "y" : 26.5,
      "x" : 30.5
    }, {
      "y" : 180,
      "x" : 940.5
    }, {
      "y" : 15,
      "x" : 15
    } ],
    "resourceId" : "sid-35788751-36C3-4484-9F2D-2D6E8B96DD06",
    "labels" : [ ],
    "layers" : [ ],
    "target" : {
      "resourceId" : "sid-07EFB4DE-D3F6-41F6-8F1B-FBDCF5452E9C"
    },
    "childShapes" : [ ],
    "properties" : {
      "id" : "",
      "label" : "",
      "transformation" : ""
    },
    "stencil" : {
      "id" : "Arc"
    },
    "outgoing" : [ {
      "resourceId" : "sid-07EFB4DE-D3F6-41F6-8F1B-FBDCF5452E9C"
    } ],
    "formats" : {
    },
    "glossaryLinks" : {
    }
  }, {
    "bounds" : {
      "lowerRight" : {
        "y" : 420,
        "x" : 305
      },
      "upperLeft" : {
        "y" : 390,
        "x" : 275
      }
    },
    "dockers" : [ ],
    "resourceId" : "sid-5EB16A5C-D22B-468D-BC58-D902D95E2D97",
    "labels" : [ ],
    "layers" : [ ],
    "childShapes" : [ ],
    "properties" : {
      "exttype" : "Push",
      "id" : "",
      "title" : "",
      "external" : "false",
      "locatortypes" : "",
      "locatornames" : "",
      "numberoftokens_drawing" : "0",
      "numberoftokens_text" : "",
      "numberOfTokens" : "0",
      "locatorexpr" : "",
      "href" : ""
    },
    "stencil" : {
      "id" : "Place"
    },
    "outgoing" : [ {
      "resourceId" : "sid-6ED4B3DF-4C29-4DBA-8EF9-531782453849"
    }, {
      "resourceId" : "sid-AD8FB747-BB71-4F40-A8DC-5CC4B93AB0C7"
    } ],
    "formats" : {
    },
    "glossaryLinks" : {
    }
  }, {
    "bounds" : {
      "lowerRight" : {
        "y" : 389.9375,
        "x" : 290
      },
      "upperLeft" : {
        "y" : 275.921875,
        "x" : 290
      }
    },
    "dockers" : [ {
      "y" : 20,
      "x" : 20
    }, {
      "y" : 15,
      "x" : 15
    } ],
    "resourceId" : "sid-EFBDC242-FF9D-4AEA-B00E-C7D28464D324",
    "labels" : [ ],
    "layers" : [ ],
    "target" : {
      "resourceId" : "sid-5EB16A5C-D22B-468D-BC58-D902D95E2D97"
    },
    "childShapes" : [ ],
    "properties" : {
      "id" : "",
      "label" : "",
      "transformation" : ""
    },
    "stencil" : {
      "id" : "Arc"
    },
    "outgoing" : [ {
      "resourceId" : "sid-5EB16A5C-D22B-468D-BC58-D902D95E2D97"
    } ],
    "formats" : {
    },
    "glossaryLinks" : {
    }
  }, {
    "bounds" : {
      "lowerRight" : {
        "y" : 370,
        "x" : 508
      },
      "upperLeft" : {
        "y" : 330,
        "x" : 468
      }
    },
    "dockers" : [ ],
    "resourceId" : "sid-07033EEC-F3F4-4272-A1A4-257652CA5D21",
    "labels" : [ ],
    "layers" : [ ],
    "childShapes" : [ ],
    "properties" : {
      "id" : "",
      "title" : "F",
      "communicationtype" : "Default",
      "communicationchannel" : "",
      "guard" : "",
      "oform" : "",
      "omodel" : "",
      "firetype" : "Automatic",
      "href" : ""
    },
    "stencil" : {
      "id" : "Transition"
    },
    "outgoing" : [ {
      "resourceId" : "sid-5B671573-DA8C-4B43-9EB7-0D1B81E91065"
    } ],
    "formats" : {
    },
    "glossaryLinks" : {
    }
  }, {
    "bounds" : {
      "lowerRight" : {
        "y" : 400.8651686362139,
        "x" : 467.70054459037004
      },
      "upperLeft" : {
        "y" : 355.6387376137861,
        "x" : 304.88539290962996
      }
    },
    "dockers" : [ {
      "y" : 15,
      "x" : 15
    }, {
      "y" : 20,
      "x" : 20
    } ],
    "resourceId" : "sid-6ED4B3DF-4C29-4DBA-8EF9-531782453849",
    "labels" : [ ],
    "layers" : [ ],
    "target" : {
      "resourceId" : "sid-07033EEC-F3F4-4272-A1A4-257652CA5D21"
    },
    "childShapes" : [ ],
    "properties" : {
      "id" : "",
      "label" : "",
      "transformation" : ""
    },
    "stencil" : {
      "id" : "Arc"
    },
    "outgoing" : [ {
      "resourceId" : "sid-07033EEC-F3F4-4272-A1A4-257652CA5D21"
    } ],
    "formats" : {
    },
    "glossaryLinks" : {
    }
  }, {
    "bounds" : {
      "lowerRight" : {
        "y" : 460,
        "x" : 545
      },
      "upperLeft" : {
        "y" : 420,
        "x" : 430
      }
    },
    "dockers" : [ ],
    "resourceId" : "sid-7C07421F-4840-4A97-823A-D6B7C1EEA8E3",
    "labels" : [ ],
    "layers" : [ ],
    "childShapes" : [ ],
    "properties" : {
      "id" : "",
      "title" : "G",
      "communicationtype" : "Default",
      "communicationchannel" : "",
      "guard" : "",
      "oform" : "",
      "omodel" : "",
      "firetype" : "Automatic",
      "href" : ""
    },
    "stencil" : {
      "id" : "Transition"
    },
    "outgoing" : [ {
      "resourceId" : "sid-5AC7B9F6-256D-498A-9316-BF178D9931F0"
    } ],
    "formats" : {
    },
    "glossaryLinks" : {
    }
  }, {
    "bounds" : {
      "lowerRight" : {
        "y" : 429.70831617651424,
        "x" : 429.425498424616
      },
      "upperLeft" : {
        "y" : 407.63543382348576,
        "x" : 304.871376575384
      }
    },
    "dockers" : [ {
      "y" : 15,
      "x" : 15
    }, {
      "y" : 20,
      "x" : 57.5
    } ],
    "resourceId" : "sid-AD8FB747-BB71-4F40-A8DC-5CC4B93AB0C7",
    "labels" : [ ],
    "layers" : [ ],
    "target" : {
      "resourceId" : "sid-7C07421F-4840-4A97-823A-D6B7C1EEA8E3"
    },
    "childShapes" : [ ],
    "properties" : {
      "id" : "",
      "label" : "",
      "transformation" : ""
    },
    "stencil" : {
      "id" : "Arc"
    },
    "outgoing" : [ {
      "resourceId" : "sid-7C07421F-4840-4A97-823A-D6B7C1EEA8E3"
    } ],
    "formats" : {
    },
    "glossaryLinks" : {
    }
  }, {
    "bounds" : {
      "lowerRight" : {
        "y" : 420,
        "x" : 705
      },
      "upperLeft" : {
        "y" : 390,
        "x" : 675
      }
    },
    "dockers" : [ ],
    "resourceId" : "sid-0124A955-CD78-4C76-A59F-F2B18FC2D5A2",
    "labels" : [ ],
    "layers" : [ ],
    "childShapes" : [ ],
    "properties" : {
      "exttype" : "Push",
      "id" : "",
      "title" : "",
      "external" : "false",
      "locatortypes" : "",
      "locatornames" : "",
      "numberoftokens_drawing" : "0",
      "numberoftokens_text" : "",
      "numberOfTokens" : "0",
      "locatorexpr" : "",
      "href" : ""
    },
    "stencil" : {
      "id" : "Place"
    },
    "outgoing" : [ {
      "resourceId" : "sid-1F80ADCA-B921-4CFE-B65D-C8C38C5BAE86"
    } ],
    "formats" : {
    },
    "glossaryLinks" : {
    }
  }, {
    "bounds" : {
      "lowerRight" : {
        "y" : 429.9859357147812,
        "x" : 674.7763289569483
      },
      "upperLeft" : {
        "y" : 407.6312517852188,
        "x" : 545.4385147930517
      }
    },
    "dockers" : [ {
      "y" : 20,
      "x" : 57.5
    }, {
      "y" : 15,
      "x" : 15
    } ],
    "resourceId" : "sid-5AC7B9F6-256D-498A-9316-BF178D9931F0",
    "labels" : [ ],
    "layers" : [ ],
    "target" : {
      "resourceId" : "sid-0124A955-CD78-4C76-A59F-F2B18FC2D5A2"
    },
    "childShapes" : [ ],
    "properties" : {
      "id" : "",
      "label" : "",
      "transformation" : ""
    },
    "stencil" : {
      "id" : "Arc"
    },
    "outgoing" : [ {
      "resourceId" : "sid-0124A955-CD78-4C76-A59F-F2B18FC2D5A2"
    } ],
    "formats" : {
    },
    "glossaryLinks" : {
    }
  }, {
    "bounds" : {
      "lowerRight" : {
        "y" : 400.8700992914644,
        "x" : 674.8320010341056
      },
      "upperLeft" : {
        "y" : 355.6338069585356,
        "x" : 508.69143646589447
      }
    },
    "dockers" : [ {
      "y" : 20,
      "x" : 20
    }, {
      "y" : 15,
      "x" : 15
    } ],
    "resourceId" : "sid-5B671573-DA8C-4B43-9EB7-0D1B81E91065",
    "labels" : [ ],
    "layers" : [ ],
    "target" : {
      "resourceId" : "sid-0124A955-CD78-4C76-A59F-F2B18FC2D5A2"
    },
    "childShapes" : [ ],
    "properties" : {
      "id" : "",
      "label" : "",
      "transformation" : ""
    },
    "stencil" : {
      "id" : "Arc"
    },
    "outgoing" : [ {
      "resourceId" : "sid-0124A955-CD78-4C76-A59F-F2B18FC2D5A2"
    } ],
    "formats" : {
    },
    "glossaryLinks" : {
    }
  }, {
    "bounds" : {
      "lowerRight" : {
        "y" : 405,
        "x" : 940.5
      },
      "upperLeft" : {
        "y" : 281.78125,
        "x" : 705.677734375
      }
    },
    "dockers" : [ {
      "y" : 15,
      "x" : 15
    }, {
      "y" : 405,
      "x" : 940.5
    }, {
      "y" : 26.5,
      "x" : 30.5
    } ],
    "resourceId" : "sid-1F80ADCA-B921-4CFE-B65D-C8C38C5BAE86",
    "labels" : [ ],
    "layers" : [ ],
    "target" : {
      "resourceId" : "sid-98862028-D573-45DC-906A-4094DEBE1631"
    },
    "childShapes" : [ ],
    "properties" : {
      "id" : "",
      "label" : "",
      "transformation" : ""
    },
    "stencil" : {
      "id" : "Arc"
    },
    "outgoing" : [ {
      "resourceId" : "sid-98862028-D573-45DC-906A-4094DEBE1631"
    } ],
    "formats" : {
    },
    "glossaryLinks" : {
    }
  } ],
  "properties" : {
    "author" : "",
    "title" : "",
    "engine" : "false",
    "modificationdate" : "10/07/07",
    "documentation" : "",
    "language" : "English",
    "creationdate" : "10/07/07",
    "version" : ""
  },
  "stencilset" : {
    "url" : "/stencilsets/petrinets/petrinet.json?version=4.3.2",
    "namespace" : "http://b3mn.org/stencilset/petrinet#"
  },
  "ssextensions" : [ ],
  "stencil" : {
    "id" : "Diagram"
  },
  "formats" : {
  }
}