{
  "revision" : {
    "creationDate" : null,
    "elementCounts" : {
      "total" : 45,
      "Place" : 12,
      "Arc" : 24,
      "Transition" : 8,
      "Diagram" : 1
    },
    "connectedness" : 100,
    "isLastRevision" : "false",
    "revisionNumber" : 3
  },
  "model" : {
    "modelingLanguage" : "petrinet",
    "numberOfRevisions" : 5,
    "naturalLanguage" : "de",
    "timestampModelCollection" : null,
    "directoryId" : "945195334",
    "groupName" : "PetriNet",
    "modelDate" : "2012-08-30",
    "modelName" : "1274323935",
    "modelId" : "1274323935"
  }
}