{
  "revision" : {
    "creationDate" : null,
    "elementCounts" : {
      "total" : 28,
      "Place" : 6,
      "Arc" : 14,
      "Transition" : 7,
      "Diagram" : 1
    },
    "connectedness" : 100,
    "isLastRevision" : "true",
    "revisionNumber" : 1
  },
  "model" : {
    "modelingLanguage" : "petrinet",
    "numberOfRevisions" : 1,
    "naturalLanguage" : "de",
    "timestampModelCollection" : null,
    "directoryId" : "69540404",
    "groupName" : "PetriNet",
    "modelDate" : "2012-08-30",
    "modelName" : "1990033233",
    "modelId" : "1990033233"
  }
}