{
  "revision" : {
    "creationDate" : null,
    "elementCounts" : {
      "total" : 46,
      "Place" : 10,
      "Arc" : 26,
      "Transition" : 9,
      "Diagram" : 1
    },
    "connectedness" : 58,
    "isLastRevision" : "false",
    "revisionNumber" : 10
  },
  "model" : {
    "modelingLanguage" : "petrinet",
    "numberOfRevisions" : 12,
    "naturalLanguage" : "de",
    "timestampModelCollection" : null,
    "directoryId" : "1835829447",
    "groupName" : "PetriNet",
    "modelDate" : "2010-11-14",
    "modelName" : "Aufgabe 3a",
    "modelId" : "1364348685"
  }
}