{
  "revision" : {
    "creationDate" : null,
    "elementCounts" : {
      "total" : 35,
      "Place" : 8,
      "Arc" : 18,
      "Transition" : 8,
      "Diagram" : 1
    },
    "connectedness" : 100,
    "isLastRevision" : "true",
    "revisionNumber" : 2
  },
  "model" : {
    "modelingLanguage" : "petrinet",
    "numberOfRevisions" : 2,
    "naturalLanguage" : "de",
    "timestampModelCollection" : null,
    "directoryId" : "1345325287",
    "groupName" : "PetriNet",
    "modelDate" : "2012-08-30",
    "modelName" : "1755974551",
    "modelId" : "1755974551"
  }
}