{
  "bounds" : {
    "lowerRight" : {
      "y" : 1050,
      "x" : 1485
    },
    "upperLeft" : {
      "y" : 0,
      "x" : 0
    }
  },
  "resourceId" : "canvas",
  "childShapes" : [ {
    "bounds" : {
      "lowerRight" : {
        "y" : 375.5,
        "x" : 75
      },
      "upperLeft" : {
        "y" : 345.5,
        "x" : 45
      }
    },
    "dockers" : [ ],
    "resourceId" : "sid-0BCAA658-D64B-474B-BD7A-889867967D23",
    "labels" : [ ],
    "layers" : [ ],
    "childShapes" : [ ],
    "properties" : {
      "exttype" : "Push",
      "id" : "",
      "title" : "",
      "external" : "false",
      "locatortypes" : "",
      "locatornames" : "",
      "numberoftokens_drawing" : "0",
      "numberoftokens_text" : "",
      "numberOfTokens" : "0",
      "locatorexpr" : "",
      "href" : ""
    },
    "stencil" : {
      "id" : "Place"
    },
    "outgoing" : [ {
      "resourceId" : "sid-1FD49BFF-0B67-4EB6-9698-F11BDF4BC8EB"
    }, {
      "resourceId" : "sid-BC002BF6-4540-4249-929D-E3F81CA18F80"
    } ],
    "formats" : {
    },
    "glossaryLinks" : {
    }
  }, {
    "bounds" : {
      "lowerRight" : {
        "y" : 220.5,
        "x" : 240
      },
      "upperLeft" : {
        "y" : 149.5,
        "x" : 150
      }
    },
    "dockers" : [ ],
    "resourceId" : "sid-B947DBCA-1553-43FE-A647-672CD6444FED",
    "labels" : [ ],
    "layers" : [ ],
    "childShapes" : [ ],
    "properties" : {
      "id" : "",
      "title" : "A",
      "communicationtype" : "Default",
      "communicationchannel" : "",
      "guard" : "",
      "oform" : "",
      "omodel" : "",
      "firetype" : "Automatic",
      "href" : ""
    },
    "stencil" : {
      "id" : "Transition"
    },
    "outgoing" : [ {
      "resourceId" : "sid-F7B81CE9-3E82-407A-95CF-3E02ABB6C295"
    } ],
    "formats" : {
    },
    "glossaryLinks" : {
    }
  }, {
    "bounds" : {
      "lowerRight" : {
        "y" : 566,
        "x" : 240
      },
      "upperLeft" : {
        "y" : 495,
        "x" : 150
      }
    },
    "dockers" : [ ],
    "resourceId" : "sid-32745205-8970-48D2-95B1-73B3DD04788A",
    "labels" : [ ],
    "layers" : [ ],
    "childShapes" : [ ],
    "properties" : {
      "id" : "",
      "title" : "B",
      "communicationtype" : "Default",
      "communicationchannel" : "",
      "guard" : "",
      "oform" : "",
      "omodel" : "",
      "firetype" : "Automatic",
      "href" : ""
    },
    "stencil" : {
      "id" : "Transition"
    },
    "outgoing" : [ {
      "resourceId" : "sid-6FFD1E4A-BB61-4715-B54B-0FF6ADA46509"
    } ],
    "formats" : {
    },
    "glossaryLinks" : {
    }
  }, {
    "bounds" : {
      "lowerRight" : {
        "y" : 494.5215766525017,
        "x" : 166.4288991063984
      },
      "upperLeft" : {
        "y" : 372.5721733474983,
        "x" : 69.58672589360158
      }
    },
    "dockers" : [ {
      "y" : 15,
      "x" : 15
    }, {
      "y" : 35.5,
      "x" : 45
    } ],
    "resourceId" : "sid-1FD49BFF-0B67-4EB6-9698-F11BDF4BC8EB",
    "labels" : [ ],
    "layers" : [ ],
    "target" : {
      "resourceId" : "sid-32745205-8970-48D2-95B1-73B3DD04788A"
    },
    "childShapes" : [ ],
    "properties" : {
      "id" : "",
      "label" : "",
      "transformation" : ""
    },
    "stencil" : {
      "id" : "Arc"
    },
    "outgoing" : [ {
      "resourceId" : "sid-32745205-8970-48D2-95B1-73B3DD04788A"
    } ],
    "formats" : {
    },
    "glossaryLinks" : {
    }
  }, {
    "bounds" : {
      "lowerRight" : {
        "y" : 347.522832698373,
        "x" : 149.56335102583225
      },
      "upperLeft" : {
        "y" : 215.12872980162697,
        "x" : 67.99524272416777
      }
    },
    "dockers" : [ {
      "y" : 15,
      "x" : 15
    }, {
      "y" : 28.4,
      "x" : 22.5
    } ],
    "resourceId" : "sid-BC002BF6-4540-4249-929D-E3F81CA18F80",
    "labels" : [ ],
    "layers" : [ ],
    "target" : {
      "resourceId" : "sid-B947DBCA-1553-43FE-A647-672CD6444FED"
    },
    "childShapes" : [ ],
    "properties" : {
      "id" : "",
      "label" : "",
      "transformation" : ""
    },
    "stencil" : {
      "id" : "Arc"
    },
    "outgoing" : [ {
      "resourceId" : "sid-B947DBCA-1553-43FE-A647-672CD6444FED"
    } ],
    "formats" : {
    },
    "glossaryLinks" : {
    }
  }, {
    "bounds" : {
      "lowerRight" : {
        "y" : 545.5,
        "x" : 420
      },
      "upperLeft" : {
        "y" : 515.5,
        "x" : 390
      }
    },
    "dockers" : [ ],
    "resourceId" : "sid-9F47711C-DECD-4CFA-8E69-D0E9ADE90524",
    "labels" : [ ],
    "layers" : [ ],
    "childShapes" : [ ],
    "properties" : {
      "exttype" : "Push",
      "id" : "",
      "title" : "",
      "external" : "false",
      "locatortypes" : "",
      "locatornames" : "",
      "numberoftokens_drawing" : "0",
      "numberoftokens_text" : "",
      "numberOfTokens" : "0",
      "locatorexpr" : "",
      "href" : ""
    },
    "stencil" : {
      "id" : "Place"
    },
    "outgoing" : [ {
      "resourceId" : "sid-1E261BB8-B9D0-47F4-AFB0-35CBBB5E0C5B"
    } ],
    "formats" : {
    },
    "glossaryLinks" : {
    }
  }, {
    "bounds" : {
      "lowerRight" : {
        "y" : 530.5,
        "x" : 389.234375
      },
      "upperLeft" : {
        "y" : 530.5,
        "x" : 240.296875
      }
    },
    "dockers" : [ {
      "y" : 35.5,
      "x" : 45
    }, {
      "y" : 15,
      "x" : 15
    } ],
    "resourceId" : "sid-6FFD1E4A-BB61-4715-B54B-0FF6ADA46509",
    "labels" : [ ],
    "layers" : [ ],
    "target" : {
      "resourceId" : "sid-9F47711C-DECD-4CFA-8E69-D0E9ADE90524"
    },
    "childShapes" : [ ],
    "properties" : {
      "id" : "",
      "label" : "",
      "transformation" : ""
    },
    "stencil" : {
      "id" : "Arc"
    },
    "outgoing" : [ {
      "resourceId" : "sid-9F47711C-DECD-4CFA-8E69-D0E9ADE90524"
    } ],
    "formats" : {
    },
    "glossaryLinks" : {
    }
  }, {
    "bounds" : {
      "lowerRight" : {
        "y" : 200,
        "x" : 420
      },
      "upperLeft" : {
        "y" : 170,
        "x" : 390
      }
    },
    "dockers" : [ ],
    "resourceId" : "sid-852F5BFD-2862-4112-B273-33464AF94993",
    "labels" : [ ],
    "layers" : [ ],
    "childShapes" : [ ],
    "properties" : {
      "exttype" : "Push",
      "id" : "",
      "title" : "",
      "external" : "false",
      "locatortypes" : "",
      "locatornames" : "",
      "numberoftokens_drawing" : "0",
      "numberoftokens_text" : "",
      "numberOfTokens" : "0",
      "locatorexpr" : "",
      "href" : ""
    },
    "stencil" : {
      "id" : "Place"
    },
    "outgoing" : [ {
      "resourceId" : "sid-C83AEE94-6CAF-4B46-8A92-70F8473A86FD"
    } ],
    "formats" : {
    },
    "glossaryLinks" : {
    }
  }, {
    "bounds" : {
      "lowerRight" : {
        "y" : 185,
        "x" : 389.234375
      },
      "upperLeft" : {
        "y" : 185,
        "x" : 240.296875
      }
    },
    "dockers" : [ {
      "y" : 35.5,
      "x" : 45
    }, {
      "y" : 15,
      "x" : 15
    } ],
    "resourceId" : "sid-F7B81CE9-3E82-407A-95CF-3E02ABB6C295",
    "labels" : [ ],
    "layers" : [ ],
    "target" : {
      "resourceId" : "sid-852F5BFD-2862-4112-B273-33464AF94993"
    },
    "childShapes" : [ ],
    "properties" : {
      "id" : "",
      "label" : "",
      "transformation" : ""
    },
    "stencil" : {
      "id" : "Arc"
    },
    "outgoing" : [ {
      "resourceId" : "sid-852F5BFD-2862-4112-B273-33464AF94993"
    } ],
    "formats" : {
    },
    "glossaryLinks" : {
    }
  }, {
    "bounds" : {
      "lowerRight" : {
        "y" : 375.5,
        "x" : 180
      },
      "upperLeft" : {
        "y" : 345.5,
        "x" : 150
      }
    },
    "dockers" : [ ],
    "resourceId" : "sid-23746F28-DC7F-4B70-AEFC-7556DCDFA795",
    "labels" : [ ],
    "layers" : [ ],
    "childShapes" : [ ],
    "properties" : {
      "exttype" : "Push",
      "id" : "",
      "title" : "",
      "external" : "false",
      "locatortypes" : "",
      "locatornames" : "",
      "numberoftokens_drawing" : "0",
      "numberoftokens_text" : "",
      "numberOfTokens" : "0",
      "locatorexpr" : "",
      "href" : ""
    },
    "stencil" : {
      "id" : "Place"
    },
    "outgoing" : [ {
      "resourceId" : "sid-8C3017B8-C069-45D5-801F-0FC2EA62DD41"
    }, {
      "resourceId" : "sid-7CD5153F-1FA3-4944-A67B-6A156BBDE78F"
    }, {
      "resourceId" : "sid-F0BEAB8C-9CC3-4FFC-93E5-D9D0681BBAA4"
    } ],
    "formats" : {
    },
    "glossaryLinks" : {
    }
  }, {
    "bounds" : {
      "lowerRight" : {
        "y" : 301,
        "x" : 379.75
      },
      "upperLeft" : {
        "y" : 270,
        "x" : 285.75
      }
    },
    "dockers" : [ ],
    "resourceId" : "sid-10AB92D6-F603-4288-8F76-E7220AFA6819",
    "labels" : [ ],
    "layers" : [ ],
    "childShapes" : [ ],
    "properties" : {
      "id" : "",
      "title" : "C",
      "communicationtype" : "Default",
      "communicationchannel" : "",
      "guard" : "",
      "oform" : "",
      "omodel" : "",
      "firetype" : "Automatic",
      "href" : ""
    },
    "stencil" : {
      "id" : "Transition"
    },
    "outgoing" : [ {
      "resourceId" : "sid-F77C78B8-98D1-495C-A617-6A7128D1F324"
    } ],
    "formats" : {
    },
    "glossaryLinks" : {
    }
  }, {
    "bounds" : {
      "lowerRight" : {
        "y" : 354.23246777890427,
        "x" : 297.762869598816
      },
      "upperLeft" : {
        "y" : 301.14253222109573,
        "x" : 179.01838040118398
      }
    },
    "dockers" : [ {
      "y" : 15,
      "x" : 15
    }, {
      "y" : 15.5,
      "x" : 47
    } ],
    "resourceId" : "sid-8C3017B8-C069-45D5-801F-0FC2EA62DD41",
    "labels" : [ ],
    "layers" : [ ],
    "target" : {
      "resourceId" : "sid-10AB92D6-F603-4288-8F76-E7220AFA6819"
    },
    "childShapes" : [ ],
    "properties" : {
      "id" : "",
      "label" : "",
      "transformation" : ""
    },
    "stencil" : {
      "id" : "Arc"
    },
    "outgoing" : [ {
      "resourceId" : "sid-10AB92D6-F603-4288-8F76-E7220AFA6819"
    } ],
    "formats" : {
    },
    "glossaryLinks" : {
    }
  }, {
    "bounds" : {
      "lowerRight" : {
        "y" : 375.5,
        "x" : 480
      },
      "upperLeft" : {
        "y" : 345.5,
        "x" : 450
      }
    },
    "dockers" : [ ],
    "resourceId" : "sid-18AFD693-AA57-414F-8302-B7B4F1A7F936",
    "labels" : [ ],
    "layers" : [ ],
    "childShapes" : [ ],
    "properties" : {
      "exttype" : "Push",
      "id" : "",
      "title" : "",
      "external" : "false",
      "locatortypes" : "",
      "locatornames" : "",
      "numberoftokens_drawing" : "0",
      "numberoftokens_text" : "",
      "numberOfTokens" : "0",
      "locatorexpr" : "",
      "href" : ""
    },
    "stencil" : {
      "id" : "Place"
    },
    "outgoing" : [ {
      "resourceId" : "sid-BD28FDA3-FEB1-446B-9087-6015BD14A357"
    }, {
      "resourceId" : "sid-E9A5CEA4-A486-4294-9E70-33C097AEB8B5"
    }, {
      "resourceId" : "sid-EC14B59E-4D62-4BFE-B2A8-934EACC46DEE"
    } ],
    "formats" : {
    },
    "glossaryLinks" : {
    }
  }, {
    "bounds" : {
      "lowerRight" : {
        "y" : 360.5,
        "x" : 449.53515625
      },
      "upperLeft" : {
        "y" : 360.5,
        "x" : 380.244140625
      }
    },
    "dockers" : [ {
      "y" : 15.5,
      "x" : 47
    }, {
      "y" : 15,
      "x" : 15
    } ],
    "resourceId" : "sid-D787B039-FECC-4DC4-B4D0-28B2FE4442B4",
    "labels" : [ ],
    "layers" : [ ],
    "target" : {
      "resourceId" : "sid-18AFD693-AA57-414F-8302-B7B4F1A7F936"
    },
    "childShapes" : [ ],
    "properties" : {
      "id" : "",
      "label" : "",
      "transformation" : ""
    },
    "stencil" : {
      "id" : "Arc"
    },
    "outgoing" : [ {
      "resourceId" : "sid-18AFD693-AA57-414F-8302-B7B4F1A7F936"
    } ],
    "formats" : {
    },
    "glossaryLinks" : {
    }
  }, {
    "bounds" : {
      "lowerRight" : {
        "y" : 566,
        "x" : 650
      },
      "upperLeft" : {
        "y" : 495,
        "x" : 560
      }
    },
    "dockers" : [ ],
    "resourceId" : "sid-C49AED67-EC64-4A88-803F-80A835BFDACB",
    "labels" : [ ],
    "layers" : [ ],
    "childShapes" : [ ],
    "properties" : {
      "id" : "",
      "title" : "D",
      "communicationtype" : "Default",
      "communicationchannel" : "",
      "guard" : "",
      "oform" : "",
      "omodel" : "",
      "firetype" : "Automatic",
      "href" : ""
    },
    "stencil" : {
      "id" : "Transition"
    },
    "outgoing" : [ {
      "resourceId" : "sid-0C744CC3-364C-4A24-A76B-FC7A2BADFA26"
    } ],
    "formats" : {
    },
    "glossaryLinks" : {
    }
  }, {
    "bounds" : {
      "lowerRight" : {
        "y" : 494.53275726438295,
        "x" : 575.3799177471388
      },
      "upperLeft" : {
        "y" : 372.56099273561705,
        "x" : 474.9325822528611
      }
    },
    "dockers" : [ {
      "y" : 15,
      "x" : 15
    }, {
      "y" : 35.5,
      "x" : 45
    } ],
    "resourceId" : "sid-BD28FDA3-FEB1-446B-9087-6015BD14A357",
    "labels" : [ ],
    "layers" : [ ],
    "target" : {
      "resourceId" : "sid-C49AED67-EC64-4A88-803F-80A835BFDACB"
    },
    "childShapes" : [ ],
    "properties" : {
      "id" : "",
      "label" : "",
      "transformation" : ""
    },
    "stencil" : {
      "id" : "Arc"
    },
    "outgoing" : [ {
      "resourceId" : "sid-C49AED67-EC64-4A88-803F-80A835BFDACB"
    } ],
    "formats" : {
    },
    "glossaryLinks" : {
    }
  }, {
    "bounds" : {
      "lowerRight" : {
        "y" : 220.5,
        "x" : 650
      },
      "upperLeft" : {
        "y" : 149.5,
        "x" : 560
      }
    },
    "dockers" : [ ],
    "resourceId" : "sid-42DEF5FF-A168-4386-94D2-2C2A11C81416",
    "labels" : [ ],
    "layers" : [ ],
    "childShapes" : [ ],
    "properties" : {
      "id" : "",
      "title" : "E",
      "communicationtype" : "Default",
      "communicationchannel" : "",
      "guard" : "",
      "oform" : "",
      "omodel" : "",
      "firetype" : "Automatic",
      "href" : ""
    },
    "stencil" : {
      "id" : "Transition"
    },
    "outgoing" : [ {
      "resourceId" : "sid-4BE7A46F-A49B-4A53-8BB8-F17A1AC2DECA"
    } ],
    "formats" : {
    },
    "glossaryLinks" : {
    }
  }, {
    "bounds" : {
      "lowerRight" : {
        "y" : 348.74951280623605,
        "x" : 576.4857669821827
      },
      "upperLeft" : {
        "y" : 220.74462781876392,
        "x" : 474.3736080178174
      }
    },
    "dockers" : [ {
      "y" : 15,
      "x" : 15
    }, {
      "y" : 35.5,
      "x" : 45
    } ],
    "resourceId" : "sid-E9A5CEA4-A486-4294-9E70-33C097AEB8B5",
    "labels" : [ ],
    "layers" : [ ],
    "target" : {
      "resourceId" : "sid-42DEF5FF-A168-4386-94D2-2C2A11C81416"
    },
    "childShapes" : [ ],
    "properties" : {
      "id" : "",
      "label" : "",
      "transformation" : ""
    },
    "stencil" : {
      "id" : "Arc"
    },
    "outgoing" : [ {
      "resourceId" : "sid-42DEF5FF-A168-4386-94D2-2C2A11C81416"
    } ],
    "formats" : {
    },
    "glossaryLinks" : {
    }
  }, {
    "bounds" : {
      "lowerRight" : {
        "y" : 185,
        "x" : 559.46875
      },
      "upperLeft" : {
        "y" : 185,
        "x" : 420.0625
      }
    },
    "dockers" : [ {
      "y" : 15,
      "x" : 15
    }, {
      "y" : 35.5,
      "x" : 45
    } ],
    "resourceId" : "sid-C83AEE94-6CAF-4B46-8A92-70F8473A86FD",
    "labels" : [ ],
    "layers" : [ ],
    "target" : {
      "resourceId" : "sid-42DEF5FF-A168-4386-94D2-2C2A11C81416"
    },
    "childShapes" : [ ],
    "properties" : {
      "id" : "",
      "label" : "",
      "transformation" : ""
    },
    "stencil" : {
      "id" : "Arc"
    },
    "outgoing" : [ {
      "resourceId" : "sid-42DEF5FF-A168-4386-94D2-2C2A11C81416"
    } ],
    "formats" : {
    },
    "glossaryLinks" : {
    }
  }, {
    "bounds" : {
      "lowerRight" : {
        "y" : 530.5,
        "x" : 559.46875
      },
      "upperLeft" : {
        "y" : 530.5,
        "x" : 420.0625
      }
    },
    "dockers" : [ {
      "y" : 15,
      "x" : 15
    }, {
      "y" : 35.5,
      "x" : 45
    } ],
    "resourceId" : "sid-1E261BB8-B9D0-47F4-AFB0-35CBBB5E0C5B",
    "labels" : [ ],
    "layers" : [ ],
    "target" : {
      "resourceId" : "sid-C49AED67-EC64-4A88-803F-80A835BFDACB"
    },
    "childShapes" : [ ],
    "properties" : {
      "id" : "",
      "label" : "",
      "transformation" : ""
    },
    "stencil" : {
      "id" : "Arc"
    },
    "outgoing" : [ {
      "resourceId" : "sid-C49AED67-EC64-4A88-803F-80A835BFDACB"
    } ],
    "formats" : {
    },
    "glossaryLinks" : {
    }
  }, {
    "bounds" : {
      "lowerRight" : {
        "y" : 200,
        "x" : 750
      },
      "upperLeft" : {
        "y" : 170,
        "x" : 720
      }
    },
    "dockers" : [ ],
    "resourceId" : "sid-64EFD7BA-A3BF-4387-B313-30BEEDA352C9",
    "labels" : [ ],
    "layers" : [ ],
    "childShapes" : [ ],
    "properties" : {
      "exttype" : "Push",
      "id" : "",
      "title" : "",
      "external" : "false",
      "locatortypes" : "",
      "locatornames" : "",
      "numberoftokens_drawing" : "0",
      "numberoftokens_text" : "",
      "numberOfTokens" : "0",
      "locatorexpr" : "",
      "href" : ""
    },
    "stencil" : {
      "id" : "Place"
    },
    "outgoing" : [ ],
    "formats" : {
    },
    "glossaryLinks" : {
    }
  }, {
    "bounds" : {
      "lowerRight" : {
        "y" : 185,
        "x" : 719.78125
      },
      "upperLeft" : {
        "y" : 185,
        "x" : 650.6875
      }
    },
    "dockers" : [ {
      "y" : 35.5,
      "x" : 45
    }, {
      "y" : 15,
      "x" : 15
    } ],
    "resourceId" : "sid-4BE7A46F-A49B-4A53-8BB8-F17A1AC2DECA",
    "labels" : [ ],
    "layers" : [ ],
    "target" : {
      "resourceId" : "sid-64EFD7BA-A3BF-4387-B313-30BEEDA352C9"
    },
    "childShapes" : [ ],
    "properties" : {
      "id" : "",
      "label" : "",
      "transformation" : ""
    },
    "stencil" : {
      "id" : "Arc"
    },
    "outgoing" : [ {
      "resourceId" : "sid-64EFD7BA-A3BF-4387-B313-30BEEDA352C9"
    } ],
    "formats" : {
    },
    "glossaryLinks" : {
    }
  }, {
    "bounds" : {
      "lowerRight" : {
        "y" : 545.5,
        "x" : 750
      },
      "upperLeft" : {
        "y" : 515.5,
        "x" : 720
      }
    },
    "dockers" : [ ],
    "resourceId" : "sid-DB12E75A-A995-4435-AFDB-32C9A38331D3",
    "labels" : [ ],
    "layers" : [ ],
    "childShapes" : [ ],
    "properties" : {
      "exttype" : "Push",
      "id" : "",
      "title" : "",
      "external" : "false",
      "locatortypes" : "",
      "locatornames" : "",
      "numberoftokens_drawing" : "0",
      "numberoftokens_text" : "",
      "numberOfTokens" : "0",
      "locatorexpr" : "",
      "href" : ""
    },
    "stencil" : {
      "id" : "Place"
    },
    "outgoing" : [ ],
    "formats" : {
    },
    "glossaryLinks" : {
    }
  }, {
    "bounds" : {
      "lowerRight" : {
        "y" : 530.5,
        "x" : 719.78125
      },
      "upperLeft" : {
        "y" : 530.5,
        "x" : 650.6875
      }
    },
    "dockers" : [ {
      "y" : 35.5,
      "x" : 45
    }, {
      "y" : 15,
      "x" : 15
    } ],
    "resourceId" : "sid-0C744CC3-364C-4A24-A76B-FC7A2BADFA26",
    "labels" : [ ],
    "layers" : [ ],
    "target" : {
      "resourceId" : "sid-DB12E75A-A995-4435-AFDB-32C9A38331D3"
    },
    "childShapes" : [ ],
    "properties" : {
      "id" : "",
      "label" : "",
      "transformation" : ""
    },
    "stencil" : {
      "id" : "Arc"
    },
    "outgoing" : [ {
      "resourceId" : "sid-DB12E75A-A995-4435-AFDB-32C9A38331D3"
    } ],
    "formats" : {
    },
    "glossaryLinks" : {
    }
  }, {
    "bounds" : {
      "lowerRight" : {
        "y" : 376,
        "x" : 379.75
      },
      "upperLeft" : {
        "y" : 345,
        "x" : 285.75
      }
    },
    "dockers" : [ ],
    "resourceId" : "sid-080EC275-51DA-4F5D-AC86-D2F6C79D7310",
    "labels" : [ ],
    "layers" : [ ],
    "childShapes" : [ ],
    "properties" : {
      "id" : "",
      "title" : "F",
      "communicationtype" : "Default",
      "communicationchannel" : "",
      "guard" : "",
      "oform" : "",
      "omodel" : "",
      "firetype" : "Automatic",
      "href" : ""
    },
    "stencil" : {
      "id" : "Transition"
    },
    "outgoing" : [ {
      "resourceId" : "sid-D787B039-FECC-4DC4-B4D0-28B2FE4442B4"
    } ],
    "formats" : {
    },
    "glossaryLinks" : {
    }
  }, {
    "bounds" : {
      "lowerRight" : {
        "y" : 352.97544703321904,
        "x" : 451.73170493524293
      },
      "upperLeft" : {
        "y" : 301.22767796678096,
        "x" : 360.48313881475707
      }
    },
    "dockers" : [ {
      "y" : 15.5,
      "x" : 47
    }, {
      "y" : 15,
      "x" : 15
    } ],
    "resourceId" : "sid-F77C78B8-98D1-495C-A617-6A7128D1F324",
    "labels" : [ ],
    "layers" : [ ],
    "target" : {
      "resourceId" : "sid-18AFD693-AA57-414F-8302-B7B4F1A7F936"
    },
    "childShapes" : [ ],
    "properties" : {
      "id" : "",
      "label" : "",
      "transformation" : ""
    },
    "stencil" : {
      "id" : "Arc"
    },
    "outgoing" : [ {
      "resourceId" : "sid-18AFD693-AA57-414F-8302-B7B4F1A7F936"
    } ],
    "formats" : {
    },
    "glossaryLinks" : {
    }
  }, {
    "bounds" : {
      "lowerRight" : {
        "y" : 360.5,
        "x" : 285.2255859375
      },
      "upperLeft" : {
        "y" : 360.5,
        "x" : 180.416015625
      }
    },
    "dockers" : [ {
      "y" : 15,
      "x" : 15
    }, {
      "y" : 15.5,
      "x" : 47
    } ],
    "resourceId" : "sid-7CD5153F-1FA3-4944-A67B-6A156BBDE78F",
    "labels" : [ ],
    "layers" : [ ],
    "target" : {
      "resourceId" : "sid-080EC275-51DA-4F5D-AC86-D2F6C79D7310"
    },
    "childShapes" : [ ],
    "properties" : {
      "id" : "",
      "label" : "",
      "transformation" : ""
    },
    "stencil" : {
      "id" : "Arc"
    },
    "outgoing" : [ {
      "resourceId" : "sid-080EC275-51DA-4F5D-AC86-D2F6C79D7310"
    } ],
    "formats" : {
    },
    "glossaryLinks" : {
    }
  }, {
    "bounds" : {
      "lowerRight" : {
        "y" : 441.2661517803012,
        "x" : 285.09207908694
      },
      "upperLeft" : {
        "y" : 369.2650982196988,
        "x" : 178.03292091306005
      }
    },
    "dockers" : [ {
      "y" : 15,
      "x" : 15
    }, {
      "y" : 16,
      "x" : 21.25
    } ],
    "resourceId" : "sid-F0BEAB8C-9CC3-4FFC-93E5-D9D0681BBAA4",
    "labels" : [ ],
    "layers" : [ ],
    "target" : {
      "resourceId" : "sid-70B3F20D-709B-4FC3-9AD7-76EA96094F86"
    },
    "childShapes" : [ ],
    "properties" : {
      "id" : "",
      "label" : "",
      "transformation" : ""
    },
    "stencil" : {
      "id" : "Arc"
    },
    "outgoing" : [ {
      "resourceId" : "sid-70B3F20D-709B-4FC3-9AD7-76EA96094F86"
    } ],
    "formats" : {
    },
    "glossaryLinks" : {
    }
  }, {
    "bounds" : {
      "lowerRight" : {
        "y" : 471,
        "x" : 379.75
      },
      "upperLeft" : {
        "y" : 440,
        "x" : 285.75
      }
    },
    "dockers" : [ ],
    "resourceId" : "sid-70B3F20D-709B-4FC3-9AD7-76EA96094F86",
    "labels" : [ ],
    "layers" : [ ],
    "childShapes" : [ ],
    "properties" : {
      "id" : "",
      "title" : "G",
      "communicationtype" : "Default",
      "communicationchannel" : "",
      "guard" : "",
      "oform" : "",
      "omodel" : "",
      "firetype" : "Automatic",
      "href" : ""
    },
    "stencil" : {
      "id" : "Transition"
    },
    "outgoing" : [ {
      "resourceId" : "sid-98584188-60AF-4562-BD27-1ECFE7F49C52"
    } ],
    "formats" : {
    },
    "glossaryLinks" : {
    }
  }, {
    "bounds" : {
      "lowerRight" : {
        "y" : 439.7017416707763,
        "x" : 452.3059895561596
      },
      "upperLeft" : {
        "y" : 369.6185708292237,
        "x" : 354.7428385688404
      }
    },
    "dockers" : [ {
      "y" : 15.5,
      "x" : 47
    }, {
      "y" : 15,
      "x" : 15
    } ],
    "resourceId" : "sid-98584188-60AF-4562-BD27-1ECFE7F49C52",
    "labels" : [ ],
    "layers" : [ ],
    "target" : {
      "resourceId" : "sid-18AFD693-AA57-414F-8302-B7B4F1A7F936"
    },
    "childShapes" : [ ],
    "properties" : {
      "id" : "",
      "label" : "",
      "transformation" : ""
    },
    "stencil" : {
      "id" : "Arc"
    },
    "outgoing" : [ {
      "resourceId" : "sid-18AFD693-AA57-414F-8302-B7B4F1A7F936"
    } ],
    "formats" : {
    },
    "glossaryLinks" : {
    }
  }, {
    "bounds" : {
      "lowerRight" : {
        "y" : 396,
        "x" : 650
      },
      "upperLeft" : {
        "y" : 325,
        "x" : 560
      }
    },
    "dockers" : [ ],
    "resourceId" : "sid-460EDE5F-78D9-4E3A-B625-522E8C753C53",
    "labels" : [ ],
    "layers" : [ ],
    "childShapes" : [ ],
    "properties" : {
      "id" : "",
      "title" : "H",
      "communicationtype" : "Default",
      "communicationchannel" : "",
      "guard" : "",
      "oform" : "",
      "omodel" : "",
      "firetype" : "Automatic",
      "href" : ""
    },
    "stencil" : {
      "id" : "Transition"
    },
    "outgoing" : [ {
      "resourceId" : "sid-81F3E463-D69B-4AE0-B7A5-A997FB7B2709"
    } ],
    "formats" : {
    },
    "glossaryLinks" : {
    }
  }, {
    "bounds" : {
      "lowerRight" : {
        "y" : 360.5,
        "x" : 559.15625
      },
      "upperLeft" : {
        "y" : 360.5,
        "x" : 480.21875
      }
    },
    "dockers" : [ {
      "y" : 15,
      "x" : 15
    }, {
      "y" : 35.5,
      "x" : 45
    } ],
    "resourceId" : "sid-EC14B59E-4D62-4BFE-B2A8-934EACC46DEE",
    "labels" : [ ],
    "layers" : [ ],
    "target" : {
      "resourceId" : "sid-460EDE5F-78D9-4E3A-B625-522E8C753C53"
    },
    "childShapes" : [ ],
    "properties" : {
      "id" : "",
      "label" : "",
      "transformation" : ""
    },
    "stencil" : {
      "id" : "Arc"
    },
    "outgoing" : [ {
      "resourceId" : "sid-460EDE5F-78D9-4E3A-B625-522E8C753C53"
    } ],
    "formats" : {
    },
    "glossaryLinks" : {
    }
  }, {
    "bounds" : {
      "lowerRight" : {
        "y" : 375.5,
        "x" : 750
      },
      "upperLeft" : {
        "y" : 345.5,
        "x" : 720
      }
    },
    "dockers" : [ ],
    "resourceId" : "sid-DBE86187-4A6E-44F6-B9BA-F85E8EC2115B",
    "labels" : [ ],
    "layers" : [ ],
    "childShapes" : [ ],
    "properties" : {
      "exttype" : "Push",
      "id" : "",
      "title" : "",
      "external" : "false",
      "locatortypes" : "",
      "locatornames" : "",
      "numberoftokens_drawing" : "0",
      "numberoftokens_text" : "",
      "numberOfTokens" : "0",
      "locatorexpr" : "",
      "href" : ""
    },
    "stencil" : {
      "id" : "Place"
    },
    "outgoing" : [ ],
    "formats" : {
    },
    "glossaryLinks" : {
    }
  }, {
    "bounds" : {
      "lowerRight" : {
        "y" : 360.5,
        "x" : 719.78125
      },
      "upperLeft" : {
        "y" : 360.5,
        "x" : 650.6875
      }
    },
    "dockers" : [ {
      "y" : 35.5,
      "x" : 45
    }, {
      "y" : 15,
      "x" : 15
    } ],
    "resourceId" : "sid-81F3E463-D69B-4AE0-B7A5-A997FB7B2709",
    "labels" : [ ],
    "layers" : [ ],
    "target" : {
      "resourceId" : "sid-DBE86187-4A6E-44F6-B9BA-F85E8EC2115B"
    },
    "childShapes" : [ ],
    "properties" : {
      "id" : "",
      "label" : "",
      "transformation" : ""
    },
    "stencil" : {
      "id" : "Arc"
    },
    "outgoing" : [ {
      "resourceId" : "sid-DBE86187-4A6E-44F6-B9BA-F85E8EC2115B"
    } ],
    "formats" : {
    },
    "glossaryLinks" : {
    }
  } ],
  "properties" : {
    "author" : "",
    "title" : "",
    "engine" : "false",
    "modificationdate" : "10/07/07",
    "documentation" : "",
    "language" : "English",
    "creationdate" : "10/07/07",
    "version" : ""
  },
  "stencilset" : {
    "url" : "/editor/stencilsets/petrinets/petrinet.json",
    "namespace" : "http://b3mn.org/stencilset/petrinet#"
  },
  "ssextensions" : [ ],
  "stencil" : {
    "id" : "Diagram"
  },
  "formats" : {
  }
}