{
  "bounds" : {
    "lowerRight" : {
      "y" : 1050,
      "x" : 1485
    },
    "upperLeft" : {
      "y" : 0,
      "x" : 0
    }
  },
  "resourceId" : "canvas",
  "childShapes" : [ {
    "bounds" : {
      "lowerRight" : {
        "y" : 420,
        "x" : 330
      },
      "upperLeft" : {
        "y" : 390,
        "x" : 300
      }
    },
    "dockers" : [ ],
    "resourceId" : "sid-39A8C747-B73C-41B3-8FBE-B55932531122",
    "labels" : [ ],
    "layers" : [ ],
    "childShapes" : [ ],
    "properties" : {
      "exttype" : "Push",
      "id" : "",
      "title" : "A",
      "external" : "false",
      "locatortypes" : "",
      "locatornames" : "",
      "numberoftokens_drawing" : "0",
      "numberoftokens_text" : "",
      "numberOfTokens" : "0",
      "locatorexpr" : "",
      "href" : ""
    },
    "stencil" : {
      "id" : "Place"
    },
    "outgoing" : [ {
      "resourceId" : "sid-A91010CE-FCB8-4FCC-8542-577B47C369BF"
    } ],
    "formats" : {
    },
    "glossaryLinks" : {
    }
  }, {
    "bounds" : {
      "lowerRight" : {
        "y" : 420,
        "x" : 455
      },
      "upperLeft" : {
        "y" : 390,
        "x" : 425
      }
    },
    "dockers" : [ ],
    "resourceId" : "sid-8CE6619D-7392-4539-9B18-2029EF9EC31A",
    "labels" : [ ],
    "layers" : [ ],
    "childShapes" : [ ],
    "properties" : {
      "exttype" : "Push",
      "id" : "",
      "title" : "B",
      "external" : "false",
      "locatortypes" : "",
      "locatornames" : "",
      "numberoftokens_drawing" : "0",
      "numberoftokens_text" : "",
      "numberOfTokens" : "0",
      "locatorexpr" : "",
      "href" : ""
    },
    "stencil" : {
      "id" : "Place"
    },
    "outgoing" : [ {
      "resourceId" : "sid-BA06B6B6-61AB-491B-871F-BF8ECC0CB8A4"
    } ],
    "formats" : {
    },
    "glossaryLinks" : {
    }
  }, {
    "bounds" : {
      "lowerRight" : {
        "y" : 280,
        "x" : 505
      },
      "upperLeft" : {
        "y" : 240,
        "x" : 465
      }
    },
    "dockers" : [ ],
    "resourceId" : "sid-E6FA31B0-6277-468A-B6C3-995F98DE46B4",
    "labels" : [ ],
    "layers" : [ ],
    "childShapes" : [ ],
    "properties" : {
      "id" : "",
      "title" : "C",
      "communicationtype" : "Default",
      "communicationchannel" : "",
      "guard" : "",
      "oform" : "",
      "omodel" : "",
      "firetype" : "Automatic",
      "href" : ""
    },
    "stencil" : {
      "id" : "Transition"
    },
    "outgoing" : [ {
      "resourceId" : "sid-0D90D41E-8F84-43CF-9E06-17D8694DAAF1"
    } ],
    "formats" : {
    },
    "glossaryLinks" : {
    }
  }, {
    "bounds" : {
      "lowerRight" : {
        "y" : 394.72214714391725,
        "x" : 464.3172910480409
      },
      "upperLeft" : {
        "y" : 277.64113410608275,
        "x" : 327.0498964519591
      }
    },
    "dockers" : [ {
      "y" : 15,
      "x" : 15
    }, {
      "y" : 20,
      "x" : 20
    } ],
    "resourceId" : "sid-A91010CE-FCB8-4FCC-8542-577B47C369BF",
    "labels" : [ ],
    "layers" : [ ],
    "target" : {
      "resourceId" : "sid-E6FA31B0-6277-468A-B6C3-995F98DE46B4"
    },
    "childShapes" : [ ],
    "properties" : {
      "id" : "",
      "label" : "",
      "transformation" : ""
    },
    "stencil" : {
      "id" : "Arc"
    },
    "outgoing" : [ {
      "resourceId" : "sid-E6FA31B0-6277-468A-B6C3-995F98DE46B4"
    } ],
    "formats" : {
    },
    "glossaryLinks" : {
    }
  }, {
    "bounds" : {
      "lowerRight" : {
        "y" : 370,
        "x" : 505
      },
      "upperLeft" : {
        "y" : 330,
        "x" : 465
      }
    },
    "dockers" : [ ],
    "resourceId" : "sid-ED8DB1BA-32E5-4717-A60A-9982B15BD6A3",
    "labels" : [ ],
    "layers" : [ ],
    "childShapes" : [ ],
    "properties" : {
      "id" : "",
      "title" : "D",
      "communicationtype" : "Default",
      "communicationchannel" : "",
      "guard" : "",
      "oform" : "",
      "omodel" : "",
      "firetype" : "Automatic",
      "href" : ""
    },
    "stencil" : {
      "id" : "Transition"
    },
    "outgoing" : [ {
      "resourceId" : "sid-E62B69A7-2B51-4F6D-ABE0-01AA4650BDD7"
    } ],
    "formats" : {
    },
    "glossaryLinks" : {
    }
  }, {
    "bounds" : {
      "lowerRight" : {
        "y" : 393.0541677007966,
        "x" : 468.1948872097427
      },
      "upperLeft" : {
        "y" : 370.53958229920335,
        "x" : 449.7738627902573
      }
    },
    "dockers" : [ {
      "y" : 15,
      "x" : 15
    }, {
      "y" : 20,
      "x" : 20
    } ],
    "resourceId" : "sid-BA06B6B6-61AB-491B-871F-BF8ECC0CB8A4",
    "labels" : [ ],
    "layers" : [ ],
    "target" : {
      "resourceId" : "sid-ED8DB1BA-32E5-4717-A60A-9982B15BD6A3"
    },
    "childShapes" : [ ],
    "properties" : {
      "id" : "",
      "label" : "",
      "transformation" : ""
    },
    "stencil" : {
      "id" : "Arc"
    },
    "outgoing" : [ {
      "resourceId" : "sid-ED8DB1BA-32E5-4717-A60A-9982B15BD6A3"
    } ],
    "formats" : {
    },
    "glossaryLinks" : {
    }
  }, {
    "bounds" : {
      "lowerRight" : {
        "y" : 190,
        "x" : 205
      },
      "upperLeft" : {
        "y" : 150,
        "x" : 165
      }
    },
    "dockers" : [ ],
    "resourceId" : "sid-9662E27F-C44D-4DF3-A6E0-2F08849158E8",
    "labels" : [ ],
    "layers" : [ ],
    "childShapes" : [ ],
    "properties" : {
      "id" : "",
      "title" : "E",
      "communicationtype" : "Default",
      "communicationchannel" : "",
      "guard" : "",
      "oform" : "",
      "omodel" : "",
      "firetype" : "Automatic",
      "href" : ""
    },
    "stencil" : {
      "id" : "Transition"
    },
    "outgoing" : [ {
      "resourceId" : "sid-DE674824-191F-4B1A-B841-9EA78D88C526"
    } ],
    "formats" : {
    },
    "glossaryLinks" : {
    }
  }, {
    "bounds" : {
      "lowerRight" : {
        "y" : 185,
        "x" : 280
      },
      "upperLeft" : {
        "y" : 155,
        "x" : 250
      }
    },
    "dockers" : [ ],
    "resourceId" : "sid-713E27E4-E6C9-4686-9651-EFFB4CF39B8D",
    "labels" : [ ],
    "layers" : [ ],
    "childShapes" : [ ],
    "properties" : {
      "exttype" : "Push",
      "id" : "",
      "title" : "F",
      "external" : "false",
      "locatortypes" : "",
      "locatornames" : "",
      "numberoftokens_drawing" : "0",
      "numberoftokens_text" : "",
      "numberOfTokens" : "0",
      "locatorexpr" : "",
      "href" : ""
    },
    "stencil" : {
      "id" : "Place"
    },
    "outgoing" : [ {
      "resourceId" : "sid-20A846B8-1865-4986-9C83-42E1E6D484C7"
    } ],
    "formats" : {
    },
    "glossaryLinks" : {
    }
  }, {
    "bounds" : {
      "lowerRight" : {
        "y" : 170,
        "x" : 249.625
      },
      "upperLeft" : {
        "y" : 170,
        "x" : 206
      }
    },
    "dockers" : [ {
      "y" : 20,
      "x" : 20
    }, {
      "y" : 15,
      "x" : 15
    } ],
    "resourceId" : "sid-DE674824-191F-4B1A-B841-9EA78D88C526",
    "labels" : [ ],
    "layers" : [ ],
    "target" : {
      "resourceId" : "sid-713E27E4-E6C9-4686-9651-EFFB4CF39B8D"
    },
    "childShapes" : [ ],
    "properties" : {
      "id" : "",
      "label" : "",
      "transformation" : ""
    },
    "stencil" : {
      "id" : "Arc"
    },
    "outgoing" : [ {
      "resourceId" : "sid-713E27E4-E6C9-4686-9651-EFFB4CF39B8D"
    } ],
    "formats" : {
    },
    "glossaryLinks" : {
    }
  }, {
    "bounds" : {
      "lowerRight" : {
        "y" : 190,
        "x" : 365
      },
      "upperLeft" : {
        "y" : 150,
        "x" : 325
      }
    },
    "dockers" : [ ],
    "resourceId" : "sid-D6F84200-6924-4AFA-8C6A-47A92477A114",
    "labels" : [ ],
    "layers" : [ ],
    "childShapes" : [ ],
    "properties" : {
      "id" : "",
      "title" : "G",
      "communicationtype" : "Default",
      "communicationchannel" : "",
      "guard" : "",
      "oform" : "",
      "omodel" : "",
      "firetype" : "Automatic",
      "href" : ""
    },
    "stencil" : {
      "id" : "Transition"
    },
    "outgoing" : [ {
      "resourceId" : "sid-32BEEB86-895B-45AB-9B45-0F7CABD34093"
    } ],
    "formats" : {
    },
    "glossaryLinks" : {
    }
  }, {
    "bounds" : {
      "lowerRight" : {
        "y" : 170,
        "x" : 324.625
      },
      "upperLeft" : {
        "y" : 170,
        "x" : 280.375
      }
    },
    "dockers" : [ {
      "y" : 15,
      "x" : 15
    }, {
      "y" : 20,
      "x" : 20
    } ],
    "resourceId" : "sid-20A846B8-1865-4986-9C83-42E1E6D484C7",
    "labels" : [ ],
    "layers" : [ ],
    "target" : {
      "resourceId" : "sid-D6F84200-6924-4AFA-8C6A-47A92477A114"
    },
    "childShapes" : [ ],
    "properties" : {
      "id" : "",
      "label" : "",
      "transformation" : ""
    },
    "stencil" : {
      "id" : "Arc"
    },
    "outgoing" : [ {
      "resourceId" : "sid-D6F84200-6924-4AFA-8C6A-47A92477A114"
    } ],
    "formats" : {
    },
    "glossaryLinks" : {
    }
  }, {
    "bounds" : {
      "lowerRight" : {
        "y" : 185,
        "x" : 450
      },
      "upperLeft" : {
        "y" : 155,
        "x" : 420
      }
    },
    "dockers" : [ ],
    "resourceId" : "sid-DB275E3C-3313-4CDC-933D-CFE9B43A52EA",
    "labels" : [ ],
    "layers" : [ ],
    "childShapes" : [ ],
    "properties" : {
      "exttype" : "Push",
      "id" : "",
      "title" : "H",
      "external" : "false",
      "locatortypes" : "",
      "locatornames" : "",
      "numberoftokens_drawing" : "0",
      "numberoftokens_text" : "",
      "numberOfTokens" : "0",
      "locatorexpr" : "",
      "href" : ""
    },
    "stencil" : {
      "id" : "Place"
    },
    "outgoing" : [ {
      "resourceId" : "sid-969061B7-E28C-4D0A-BD67-150F34A5A3A5"
    } ],
    "formats" : {
    },
    "glossaryLinks" : {
    }
  }, {
    "bounds" : {
      "lowerRight" : {
        "y" : 170,
        "x" : 419.9375
      },
      "upperLeft" : {
        "y" : 170,
        "x" : 365.6875
      }
    },
    "dockers" : [ {
      "y" : 20,
      "x" : 20
    }, {
      "y" : 15,
      "x" : 15
    } ],
    "resourceId" : "sid-32BEEB86-895B-45AB-9B45-0F7CABD34093",
    "labels" : [ ],
    "layers" : [ ],
    "target" : {
      "resourceId" : "sid-DB275E3C-3313-4CDC-933D-CFE9B43A52EA"
    },
    "childShapes" : [ ],
    "properties" : {
      "id" : "",
      "label" : "",
      "transformation" : ""
    },
    "stencil" : {
      "id" : "Arc"
    },
    "outgoing" : [ {
      "resourceId" : "sid-DB275E3C-3313-4CDC-933D-CFE9B43A52EA"
    } ],
    "formats" : {
    },
    "glossaryLinks" : {
    }
  }, {
    "bounds" : {
      "lowerRight" : {
        "y" : 190,
        "x" : 535
      },
      "upperLeft" : {
        "y" : 150,
        "x" : 495
      }
    },
    "dockers" : [ ],
    "resourceId" : "sid-72E4F0A9-33AD-4771-AC44-3ABBE439DBEC",
    "labels" : [ ],
    "layers" : [ ],
    "childShapes" : [ ],
    "properties" : {
      "id" : "",
      "title" : "I",
      "communicationtype" : "Default",
      "communicationchannel" : "",
      "guard" : "",
      "oform" : "",
      "omodel" : "",
      "firetype" : "Automatic",
      "href" : ""
    },
    "stencil" : {
      "id" : "Transition"
    },
    "outgoing" : [ {
      "resourceId" : "sid-8155BBEA-10AD-4E80-B203-850B95E294E8"
    } ],
    "formats" : {
    },
    "glossaryLinks" : {
    }
  }, {
    "bounds" : {
      "lowerRight" : {
        "y" : 170,
        "x" : 494.625
      },
      "upperLeft" : {
        "y" : 170,
        "x" : 450.375
      }
    },
    "dockers" : [ {
      "y" : 15,
      "x" : 15
    }, {
      "y" : 20,
      "x" : 20
    } ],
    "resourceId" : "sid-969061B7-E28C-4D0A-BD67-150F34A5A3A5",
    "labels" : [ ],
    "layers" : [ ],
    "target" : {
      "resourceId" : "sid-72E4F0A9-33AD-4771-AC44-3ABBE439DBEC"
    },
    "childShapes" : [ ],
    "properties" : {
      "id" : "",
      "label" : "",
      "transformation" : ""
    },
    "stencil" : {
      "id" : "Arc"
    },
    "outgoing" : [ {
      "resourceId" : "sid-72E4F0A9-33AD-4771-AC44-3ABBE439DBEC"
    } ],
    "formats" : {
    },
    "glossaryLinks" : {
    }
  }, {
    "bounds" : {
      "lowerRight" : {
        "y" : 185,
        "x" : 610
      },
      "upperLeft" : {
        "y" : 155,
        "x" : 580
      }
    },
    "dockers" : [ ],
    "resourceId" : "sid-E21D338F-D77D-4659-9B96-9D41D6A05F54",
    "labels" : [ ],
    "layers" : [ ],
    "childShapes" : [ ],
    "properties" : {
      "exttype" : "Push",
      "id" : "",
      "title" : "J",
      "external" : "false",
      "locatortypes" : "",
      "locatornames" : "",
      "numberoftokens_drawing" : "0",
      "numberoftokens_text" : "",
      "numberOfTokens" : "0",
      "locatorexpr" : "",
      "href" : ""
    },
    "stencil" : {
      "id" : "Place"
    },
    "outgoing" : [ {
      "resourceId" : "sid-4F68A51C-6809-4914-B750-26F0011D6B5B"
    }, {
      "resourceId" : "sid-531F10E6-3722-41B8-A92A-631010B789A4"
    } ],
    "formats" : {
    },
    "glossaryLinks" : {
    }
  }, {
    "bounds" : {
      "lowerRight" : {
        "y" : 170,
        "x" : 579.625
      },
      "upperLeft" : {
        "y" : 170,
        "x" : 536
      }
    },
    "dockers" : [ {
      "y" : 20,
      "x" : 20
    }, {
      "y" : 15,
      "x" : 15
    } ],
    "resourceId" : "sid-8155BBEA-10AD-4E80-B203-850B95E294E8",
    "labels" : [ ],
    "layers" : [ ],
    "target" : {
      "resourceId" : "sid-E21D338F-D77D-4659-9B96-9D41D6A05F54"
    },
    "childShapes" : [ ],
    "properties" : {
      "id" : "",
      "label" : "",
      "transformation" : ""
    },
    "stencil" : {
      "id" : "Arc"
    },
    "outgoing" : [ {
      "resourceId" : "sid-E21D338F-D77D-4659-9B96-9D41D6A05F54"
    } ],
    "formats" : {
    },
    "glossaryLinks" : {
    }
  }, {
    "bounds" : {
      "lowerRight" : {
        "y" : 244.6295473534222,
        "x" : 586.5024717236726
      },
      "upperLeft" : {
        "y" : 182.9095151465778,
        "x" : 505.23776265132744
      }
    },
    "dockers" : [ {
      "y" : 15,
      "x" : 23.5
    }, {
      "y" : 20,
      "x" : 20
    } ],
    "resourceId" : "sid-4F68A51C-6809-4914-B750-26F0011D6B5B",
    "labels" : [ ],
    "layers" : [ ],
    "target" : {
      "resourceId" : "sid-E6FA31B0-6277-468A-B6C3-995F98DE46B4"
    },
    "childShapes" : [ ],
    "properties" : {
      "id" : "",
      "label" : "",
      "transformation" : ""
    },
    "stencil" : {
      "id" : "Arc"
    },
    "outgoing" : [ {
      "resourceId" : "sid-E6FA31B0-6277-468A-B6C3-995F98DE46B4"
    } ],
    "formats" : {
    },
    "glossaryLinks" : {
    }
  }, {
    "bounds" : {
      "lowerRight" : {
        "y" : 329.459218166348,
        "x" : 586.7441749905461
      },
      "upperLeft" : {
        "y" : 183.50953183365195,
        "x" : 497.552700009454
      }
    },
    "dockers" : [ {
      "y" : 15,
      "x" : 15
    }, {
      "y" : 20,
      "x" : 20
    } ],
    "resourceId" : "sid-531F10E6-3722-41B8-A92A-631010B789A4",
    "labels" : [ ],
    "layers" : [ ],
    "target" : {
      "resourceId" : "sid-ED8DB1BA-32E5-4717-A60A-9982B15BD6A3"
    },
    "childShapes" : [ ],
    "properties" : {
      "id" : "",
      "label" : "",
      "transformation" : ""
    },
    "stencil" : {
      "id" : "Arc"
    },
    "outgoing" : [ {
      "resourceId" : "sid-ED8DB1BA-32E5-4717-A60A-9982B15BD6A3"
    } ],
    "formats" : {
    },
    "glossaryLinks" : {
    }
  }, {
    "bounds" : {
      "lowerRight" : {
        "y" : 170,
        "x" : 164.078125
      },
      "upperLeft" : {
        "y" : 170,
        "x" : 125.0625
      }
    },
    "dockers" : [ {
      "y" : 15,
      "x" : 15
    }, {
      "y" : 20,
      "x" : 20
    } ],
    "resourceId" : "sid-C5B09EC2-CAC0-4C7F-8B77-55CFC3B0B3DD",
    "labels" : [ ],
    "layers" : [ ],
    "target" : {
      "resourceId" : "sid-9662E27F-C44D-4DF3-A6E0-2F08849158E8"
    },
    "childShapes" : [ ],
    "properties" : {
      "id" : "",
      "label" : "",
      "transformation" : ""
    },
    "stencil" : {
      "id" : "Arc"
    },
    "outgoing" : [ {
      "resourceId" : "sid-9662E27F-C44D-4DF3-A6E0-2F08849158E8"
    } ],
    "formats" : {
    },
    "glossaryLinks" : {
    }
  }, {
    "bounds" : {
      "lowerRight" : {
        "y" : 315,
        "x" : 690
      },
      "upperLeft" : {
        "y" : 285,
        "x" : 660
      }
    },
    "dockers" : [ ],
    "resourceId" : "sid-3D0E8628-84E4-4AB9-807A-23744F1A4E94",
    "labels" : [ ],
    "layers" : [ ],
    "childShapes" : [ ],
    "properties" : {
      "exttype" : "Push",
      "id" : "",
      "title" : "K",
      "external" : "false",
      "locatortypes" : "",
      "locatornames" : "",
      "numberoftokens_drawing" : "0",
      "numberoftokens_text" : "",
      "numberOfTokens" : "0",
      "locatorexpr" : "",
      "href" : ""
    },
    "stencil" : {
      "id" : "Place"
    },
    "outgoing" : [ ],
    "formats" : {
    },
    "glossaryLinks" : {
    }
  }, {
    "bounds" : {
      "lowerRight" : {
        "y" : 344.66738170072034,
        "x" : 659.9313629627374
      },
      "upperLeft" : {
        "y" : 303.96543079927966,
        "x" : 505.26394953726265
      }
    },
    "dockers" : [ {
      "y" : 20,
      "x" : 20
    }, {
      "y" : 15,
      "x" : 15
    } ],
    "resourceId" : "sid-E62B69A7-2B51-4F6D-ABE0-01AA4650BDD7",
    "labels" : [ ],
    "layers" : [ ],
    "target" : {
      "resourceId" : "sid-3D0E8628-84E4-4AB9-807A-23744F1A4E94"
    },
    "childShapes" : [ ],
    "properties" : {
      "id" : "",
      "label" : "",
      "transformation" : ""
    },
    "stencil" : {
      "id" : "Arc"
    },
    "outgoing" : [ {
      "resourceId" : "sid-3D0E8628-84E4-4AB9-807A-23744F1A4E94"
    } ],
    "formats" : {
    },
    "glossaryLinks" : {
    }
  }, {
    "bounds" : {
      "lowerRight" : {
        "y" : 185,
        "x" : 125
      },
      "upperLeft" : {
        "y" : 155,
        "x" : 95
      }
    },
    "dockers" : [ ],
    "resourceId" : "sid-F233BF9D-D824-460A-93A1-EEABF5CF460A",
    "labels" : [ ],
    "layers" : [ ],
    "childShapes" : [ ],
    "properties" : {
      "exttype" : "Push",
      "id" : "",
      "title" : "",
      "external" : "false",
      "locatortypes" : "",
      "locatornames" : "",
      "numberoftokens_drawing" : "0",
      "numberoftokens_text" : "",
      "numberOfTokens" : "0",
      "locatorexpr" : "",
      "href" : ""
    },
    "stencil" : {
      "id" : "Place"
    },
    "outgoing" : [ {
      "resourceId" : "sid-C5B09EC2-CAC0-4C7F-8B77-55CFC3B0B3DD"
    } ],
    "formats" : {
    },
    "glossaryLinks" : {
    }
  }, {
    "bounds" : {
      "lowerRight" : {
        "y" : 296.8252395189502,
        "x" : 659.9198877150133
      },
      "upperLeft" : {
        "y" : 264.2685104810498,
        "x" : 505.27542478498674
      }
    },
    "dockers" : [ {
      "y" : 20,
      "x" : 20
    }, {
      "y" : 15,
      "x" : 15
    } ],
    "resourceId" : "sid-0D90D41E-8F84-43CF-9E06-17D8694DAAF1",
    "labels" : [ ],
    "layers" : [ ],
    "target" : {
      "resourceId" : "sid-3D0E8628-84E4-4AB9-807A-23744F1A4E94"
    },
    "childShapes" : [ ],
    "properties" : {
      "id" : "",
      "label" : "",
      "transformation" : ""
    },
    "stencil" : {
      "id" : "Arc"
    },
    "outgoing" : [ {
      "resourceId" : "sid-3D0E8628-84E4-4AB9-807A-23744F1A4E94"
    } ],
    "formats" : {
    },
    "glossaryLinks" : {
    }
  }, {
    "bounds" : {
      "lowerRight" : {
        "y" : 580,
        "x" : 390
      },
      "upperLeft" : {
        "y" : 550,
        "x" : 360
      }
    },
    "dockers" : [ ],
    "resourceId" : "sid-DA2272F8-D3F5-4848-9ED4-0920AB23CB73",
    "labels" : [ ],
    "layers" : [ ],
    "childShapes" : [ ],
    "properties" : {
      "exttype" : "Push",
      "id" : "",
      "title" : "",
      "external" : "false",
      "locatortypes" : "",
      "locatornames" : "",
      "numberoftokens_drawing" : "0",
      "numberoftokens_text" : "",
      "numberOfTokens" : "0",
      "locatorexpr" : "",
      "href" : ""
    },
    "stencil" : {
      "id" : "Place"
    },
    "outgoing" : [ {
      "resourceId" : "sid-661C7935-82AA-413F-A08E-B82FFAF39629"
    }, {
      "resourceId" : "sid-E8FE5886-6B9F-4BD3-8788-9DD72D173443"
    } ],
    "formats" : {
    },
    "glossaryLinks" : {
    }
  }, {
    "bounds" : {
      "lowerRight" : {
        "y" : 520,
        "x" : 360
      },
      "upperLeft" : {
        "y" : 480,
        "x" : 320
      }
    },
    "dockers" : [ ],
    "resourceId" : "sid-DBED89E2-C015-458B-B2A7-7A5F4EEF746C",
    "labels" : [ ],
    "layers" : [ ],
    "childShapes" : [ ],
    "properties" : {
      "id" : "",
      "title" : "L",
      "communicationtype" : "Default",
      "communicationchannel" : "",
      "guard" : "",
      "oform" : "",
      "omodel" : "",
      "firetype" : "Automatic",
      "href" : ""
    },
    "stencil" : {
      "id" : "Transition"
    },
    "outgoing" : [ {
      "resourceId" : "sid-7CD21656-7F20-4629-913C-C1DAAFBD36FD"
    } ],
    "formats" : {
    },
    "glossaryLinks" : {
    }
  }, {
    "bounds" : {
      "lowerRight" : {
        "y" : 550.9164039000779,
        "x" : 367.41652517696497
      },
      "upperLeft" : {
        "y" : 520.1773460999221,
        "x" : 350.86472482303503
      }
    },
    "dockers" : [ {
      "y" : 15,
      "x" : 15
    }, {
      "y" : 20,
      "x" : 20
    } ],
    "resourceId" : "sid-661C7935-82AA-413F-A08E-B82FFAF39629",
    "labels" : [ ],
    "layers" : [ ],
    "target" : {
      "resourceId" : "sid-DBED89E2-C015-458B-B2A7-7A5F4EEF746C"
    },
    "childShapes" : [ ],
    "properties" : {
      "id" : "",
      "label" : "",
      "transformation" : ""
    },
    "stencil" : {
      "id" : "Arc"
    },
    "outgoing" : [ {
      "resourceId" : "sid-DBED89E2-C015-458B-B2A7-7A5F4EEF746C"
    } ],
    "formats" : {
    },
    "glossaryLinks" : {
    }
  }, {
    "bounds" : {
      "lowerRight" : {
        "y" : 479.73605046273735,
        "x" : 334.66738170072034
      },
      "upperLeft" : {
        "y" : 420.06863703726265,
        "x" : 318.96543079927966
      }
    },
    "dockers" : [ {
      "y" : 20,
      "x" : 20
    }, {
      "y" : 15,
      "x" : 15
    } ],
    "resourceId" : "sid-7CD21656-7F20-4629-913C-C1DAAFBD36FD",
    "labels" : [ ],
    "layers" : [ ],
    "target" : {
      "resourceId" : "sid-39A8C747-B73C-41B3-8FBE-B55932531122"
    },
    "childShapes" : [ ],
    "properties" : {
      "id" : "",
      "label" : "",
      "transformation" : ""
    },
    "stencil" : {
      "id" : "Arc"
    },
    "outgoing" : [ {
      "resourceId" : "sid-39A8C747-B73C-41B3-8FBE-B55932531122"
    } ],
    "formats" : {
    },
    "glossaryLinks" : {
    }
  }, {
    "bounds" : {
      "lowerRight" : {
        "y" : 520,
        "x" : 440
      },
      "upperLeft" : {
        "y" : 480,
        "x" : 400
      }
    },
    "dockers" : [ ],
    "resourceId" : "sid-8A9A1F27-B463-4465-B79A-C454EAA38907",
    "labels" : [ ],
    "layers" : [ ],
    "childShapes" : [ ],
    "properties" : {
      "id" : "",
      "title" : "M",
      "communicationtype" : "Default",
      "communicationchannel" : "",
      "guard" : "",
      "oform" : "",
      "omodel" : "",
      "firetype" : "Automatic",
      "href" : ""
    },
    "stencil" : {
      "id" : "Transition"
    },
    "outgoing" : [ {
      "resourceId" : "sid-0AE43507-4E06-43AD-BA3A-3D16A37CAB91"
    } ],
    "formats" : {
    },
    "glossaryLinks" : {
    }
  }, {
    "bounds" : {
      "lowerRight" : {
        "y" : 551.9903078083562,
        "x" : 406.0714150211697
      },
      "upperLeft" : {
        "y" : 520.1190671916438,
        "x" : 384.0067099788303
      }
    },
    "dockers" : [ {
      "y" : 15,
      "x" : 15
    }, {
      "y" : 20,
      "x" : 20
    } ],
    "resourceId" : "sid-E8FE5886-6B9F-4BD3-8788-9DD72D173443",
    "labels" : [ ],
    "layers" : [ ],
    "target" : {
      "resourceId" : "sid-8A9A1F27-B463-4465-B79A-C454EAA38907"
    },
    "childShapes" : [ ],
    "properties" : {
      "id" : "",
      "label" : "",
      "transformation" : ""
    },
    "stencil" : {
      "id" : "Arc"
    },
    "outgoing" : [ {
      "resourceId" : "sid-8A9A1F27-B463-4465-B79A-C454EAA38907"
    } ],
    "formats" : {
    },
    "glossaryLinks" : {
    }
  }, {
    "bounds" : {
      "lowerRight" : {
        "y" : 479.72457521501326,
        "x" : 436.8252395189502
      },
      "upperLeft" : {
        "y" : 420.08011228498674,
        "x" : 424.2685104810498
      }
    },
    "dockers" : [ {
      "y" : 20,
      "x" : 20
    }, {
      "y" : 15,
      "x" : 15
    } ],
    "resourceId" : "sid-0AE43507-4E06-43AD-BA3A-3D16A37CAB91",
    "labels" : [ ],
    "layers" : [ ],
    "target" : {
      "resourceId" : "sid-8CE6619D-7392-4539-9B18-2029EF9EC31A"
    },
    "childShapes" : [ ],
    "properties" : {
      "id" : "",
      "label" : "",
      "transformation" : ""
    },
    "stencil" : {
      "id" : "Arc"
    },
    "outgoing" : [ {
      "resourceId" : "sid-8CE6619D-7392-4539-9B18-2029EF9EC31A"
    } ],
    "formats" : {
    },
    "glossaryLinks" : {
    }
  } ],
  "properties" : {
    "author" : "",
    "title" : "",
    "engine" : "false",
    "modificationdate" : "10/07/07",
    "documentation" : "",
    "language" : "English",
    "creationdate" : "10/07/07",
    "version" : ""
  },
  "stencilset" : {
    "url" : "/editor/stencilsets/petrinets/petrinet.json",
    "namespace" : "http://b3mn.org/stencilset/petrinet#"
  },
  "ssextensions" : [ ],
  "stencil" : {
    "id" : "Diagram"
  },
  "formats" : {
  }
}