{
  "revision" : {
    "creationDate" : null,
    "elementCounts" : {
      "total" : 29,
      "Place" : 7,
      "Arc" : 14,
      "Transition" : 7,
      "Diagram" : 1
    },
    "connectedness" : 71,
    "isLastRevision" : "false",
    "revisionNumber" : 2
  },
  "model" : {
    "modelingLanguage" : "petrinet",
    "numberOfRevisions" : 8,
    "naturalLanguage" : "de",
    "timestampModelCollection" : null,
    "directoryId" : "1943429442",
    "groupName" : "PetriNet",
    "modelDate" : "2012-08-30",
    "modelName" : "1625680716",
    "modelId" : "1625680716"
  }
}