{
  "revision" : {
    "creationDate" : null,
    "elementCounts" : {
      "total" : 59,
      "Place" : 13,
      "Arc" : 30,
      "Transition" : 15,
      "Diagram" : 1
    },
    "connectedness" : 86,
    "isLastRevision" : "false",
    "revisionNumber" : 2
  },
  "model" : {
    "modelingLanguage" : "petrinet",
    "numberOfRevisions" : 3,
    "naturalLanguage" : "pt",
    "timestampModelCollection" : null,
    "directoryId" : "1460947517",
    "groupName" : "PetriNet",
    "modelDate" : "2011-11-09",
    "modelName" : "Ue-2_A-3",
    "modelId" : "1253959149"
  }
}