{
  "bounds" : {
    "lowerRight" : {
      "y" : 1050,
      "x" : 1485
    },
    "upperLeft" : {
      "y" : 0,
      "x" : 0
    }
  },
  "resourceId" : "canvas",
  "childShapes" : [ {
    "bounds" : {
      "lowerRight" : {
        "y" : 165,
        "x" : 75
      },
      "upperLeft" : {
        "y" : 135,
        "x" : 45
      }
    },
    "dockers" : [ ],
    "resourceId" : "sid-46BB2608-96D5-4E3C-B28B-99FD074761C7",
    "labels" : [ ],
    "layers" : [ ],
    "childShapes" : [ ],
    "properties" : {
      "exttype" : "Push",
      "id" : "",
      "title" : "",
      "external" : "false",
      "locatortypes" : "",
      "locatornames" : "",
      "numberoftokens_drawing" : "0",
      "numberoftokens_text" : "",
      "numberOfTokens" : "0",
      "locatorexpr" : "",
      "href" : ""
    },
    "stencil" : {
      "id" : "Place"
    },
    "outgoing" : [ {
      "resourceId" : "sid-81D7EE2B-3A1A-4842-A9DD-47736D060EA7"
    } ],
    "formats" : {
    },
    "glossaryLinks" : {
    }
  }, {
    "bounds" : {
      "lowerRight" : {
        "y" : 170,
        "x" : 145
      },
      "upperLeft" : {
        "y" : 130,
        "x" : 105
      }
    },
    "dockers" : [ ],
    "resourceId" : "sid-C1267AFC-DF1E-4BA1-BF23-535A1541E952",
    "labels" : [ ],
    "layers" : [ ],
    "childShapes" : [ ],
    "properties" : {
      "id" : "",
      "title" : "A",
      "communicationtype" : "Default",
      "communicationchannel" : "",
      "guard" : "",
      "oform" : "",
      "omodel" : "",
      "firetype" : "Automatic",
      "href" : ""
    },
    "stencil" : {
      "id" : "Transition"
    },
    "outgoing" : [ {
      "resourceId" : "sid-68344E70-FDFD-4343-9F30-C0C064CD189A"
    }, {
      "resourceId" : "sid-FFA9A915-BB84-4A19-9AD6-3413B0CF71A4"
    } ],
    "formats" : {
    },
    "glossaryLinks" : {
    }
  }, {
    "bounds" : {
      "lowerRight" : {
        "y" : 150,
        "x" : 104.703125
      },
      "upperLeft" : {
        "y" : 150,
        "x" : 75.21875
      }
    },
    "dockers" : [ {
      "y" : 15,
      "x" : 15
    }, {
      "y" : 20,
      "x" : 20
    } ],
    "resourceId" : "sid-81D7EE2B-3A1A-4842-A9DD-47736D060EA7",
    "labels" : [ ],
    "layers" : [ ],
    "target" : {
      "resourceId" : "sid-C1267AFC-DF1E-4BA1-BF23-535A1541E952"
    },
    "childShapes" : [ ],
    "properties" : {
      "id" : "",
      "label" : "",
      "transformation" : ""
    },
    "stencil" : {
      "id" : "Arc"
    },
    "outgoing" : [ {
      "resourceId" : "sid-C1267AFC-DF1E-4BA1-BF23-535A1541E952"
    } ],
    "formats" : {
    },
    "glossaryLinks" : {
    }
  }, {
    "bounds" : {
      "lowerRight" : {
        "y" : 135,
        "x" : 240
      },
      "upperLeft" : {
        "y" : 105,
        "x" : 210
      }
    },
    "dockers" : [ ],
    "resourceId" : "sid-959147FA-03B2-4DAF-BAE5-D51A67A2E112",
    "labels" : [ ],
    "layers" : [ ],
    "childShapes" : [ ],
    "properties" : {
      "exttype" : "Push",
      "id" : "",
      "title" : "",
      "external" : "false",
      "locatortypes" : "",
      "locatornames" : "",
      "numberoftokens_drawing" : "0",
      "numberoftokens_text" : "",
      "numberOfTokens" : "0",
      "locatorexpr" : "",
      "href" : ""
    },
    "stencil" : {
      "id" : "Place"
    },
    "outgoing" : [ {
      "resourceId" : "sid-01322D65-FA64-4F96-B372-27BA02E652C9"
    } ],
    "formats" : {
    },
    "glossaryLinks" : {
    }
  }, {
    "bounds" : {
      "lowerRight" : {
        "y" : 144,
        "x" : 209.97967371477884
      },
      "upperLeft" : {
        "y" : 124.50609788556635,
        "x" : 145
      }
    },
    "dockers" : [ {
      "y" : 20,
      "x" : 20
    }, {
      "y" : 15,
      "x" : 15
    } ],
    "resourceId" : "sid-68344E70-FDFD-4343-9F30-C0C064CD189A",
    "labels" : [ ],
    "layers" : [ ],
    "target" : {
      "resourceId" : "sid-959147FA-03B2-4DAF-BAE5-D51A67A2E112"
    },
    "childShapes" : [ ],
    "properties" : {
      "id" : "",
      "label" : "",
      "transformation" : ""
    },
    "stencil" : {
      "id" : "Arc"
    },
    "outgoing" : [ {
      "resourceId" : "sid-959147FA-03B2-4DAF-BAE5-D51A67A2E112"
    } ],
    "formats" : {
    },
    "glossaryLinks" : {
    }
  }, {
    "bounds" : {
      "lowerRight" : {
        "y" : 255,
        "x" : 195
      },
      "upperLeft" : {
        "y" : 225,
        "x" : 165
      }
    },
    "dockers" : [ ],
    "resourceId" : "sid-60C22565-44EE-4FDB-B3B4-E22D009FDB23",
    "labels" : [ ],
    "layers" : [ ],
    "childShapes" : [ ],
    "properties" : {
      "exttype" : "Push",
      "id" : "",
      "title" : "B",
      "external" : "false",
      "locatortypes" : "",
      "locatornames" : "",
      "numberoftokens_drawing" : "0",
      "numberoftokens_text" : "",
      "numberOfTokens" : "0",
      "locatorexpr" : "",
      "href" : ""
    },
    "stencil" : {
      "id" : "Place"
    },
    "outgoing" : [ {
      "resourceId" : "sid-CD3E654C-E154-4614-A6A8-D97DFE7D5586"
    } ],
    "formats" : {
    },
    "glossaryLinks" : {
    }
  }, {
    "bounds" : {
      "lowerRight" : {
        "y" : 226.49046816634805,
        "x" : 171.74417499054601
      },
      "upperLeft" : {
        "y" : 170,
        "x" : 137.22222222222223
      }
    },
    "dockers" : [ {
      "y" : 20,
      "x" : 20
    }, {
      "y" : 15,
      "x" : 15
    } ],
    "resourceId" : "sid-FFA9A915-BB84-4A19-9AD6-3413B0CF71A4",
    "labels" : [ ],
    "layers" : [ ],
    "target" : {
      "resourceId" : "sid-60C22565-44EE-4FDB-B3B4-E22D009FDB23"
    },
    "childShapes" : [ ],
    "properties" : {
      "id" : "",
      "label" : "",
      "transformation" : ""
    },
    "stencil" : {
      "id" : "Arc"
    },
    "outgoing" : [ {
      "resourceId" : "sid-60C22565-44EE-4FDB-B3B4-E22D009FDB23"
    } ],
    "formats" : {
    },
    "glossaryLinks" : {
    }
  }, {
    "bounds" : {
      "lowerRight" : {
        "y" : 260,
        "x" : 377
      },
      "upperLeft" : {
        "y" : 220,
        "x" : 315
      }
    },
    "dockers" : [ ],
    "resourceId" : "sid-05951CAB-4FD7-4A22-97F9-312B9541376E",
    "labels" : [ ],
    "layers" : [ ],
    "childShapes" : [ ],
    "properties" : {
      "id" : "",
      "title" : "C",
      "communicationtype" : "Default",
      "communicationchannel" : "",
      "guard" : "",
      "oform" : "",
      "omodel" : "",
      "firetype" : "Automatic",
      "href" : ""
    },
    "stencil" : {
      "id" : "Transition"
    },
    "outgoing" : [ {
      "resourceId" : "sid-9A411257-C1C7-4392-B943-03E927D84C44"
    } ],
    "formats" : {
    },
    "glossaryLinks" : {
    }
  }, {
    "bounds" : {
      "lowerRight" : {
        "y" : 240,
        "x" : 314.5234375
      },
      "upperLeft" : {
        "y" : 240,
        "x" : 195.265625
      }
    },
    "dockers" : [ {
      "y" : 15,
      "x" : 15
    }, {
      "y" : 20,
      "x" : 31
    } ],
    "resourceId" : "sid-CD3E654C-E154-4614-A6A8-D97DFE7D5586",
    "labels" : [ ],
    "layers" : [ ],
    "target" : {
      "resourceId" : "sid-05951CAB-4FD7-4A22-97F9-312B9541376E"
    },
    "childShapes" : [ ],
    "properties" : {
      "id" : "",
      "label" : "",
      "transformation" : ""
    },
    "stencil" : {
      "id" : "Arc"
    },
    "outgoing" : [ {
      "resourceId" : "sid-05951CAB-4FD7-4A22-97F9-312B9541376E"
    } ],
    "formats" : {
    },
    "glossaryLinks" : {
    }
  }, {
    "bounds" : {
      "lowerRight" : {
        "y" : 315,
        "x" : 361
      },
      "upperLeft" : {
        "y" : 285,
        "x" : 331
      }
    },
    "dockers" : [ ],
    "resourceId" : "sid-AD743706-FB7E-42BF-BD29-936446B75A59",
    "labels" : [ ],
    "layers" : [ ],
    "childShapes" : [ ],
    "properties" : {
      "exttype" : "Push",
      "id" : "",
      "title" : "",
      "external" : "false",
      "locatortypes" : "",
      "locatornames" : "",
      "numberoftokens_drawing" : "0",
      "numberoftokens_text" : "",
      "numberOfTokens" : "0",
      "locatorexpr" : "",
      "href" : ""
    },
    "stencil" : {
      "id" : "Place"
    },
    "outgoing" : [ {
      "resourceId" : "sid-024AD9F3-1D1D-47B6-B225-5F1B04CAB942"
    } ],
    "formats" : {
    },
    "glossaryLinks" : {
    }
  }, {
    "bounds" : {
      "lowerRight" : {
        "y" : 284.9375,
        "x" : 346
      },
      "upperLeft" : {
        "y" : 260,
        "x" : 346
      }
    },
    "dockers" : [ {
      "y" : 20,
      "x" : 31
    }, {
      "y" : 15,
      "x" : 15
    } ],
    "resourceId" : "sid-9A411257-C1C7-4392-B943-03E927D84C44",
    "labels" : [ ],
    "layers" : [ ],
    "target" : {
      "resourceId" : "sid-AD743706-FB7E-42BF-BD29-936446B75A59"
    },
    "childShapes" : [ ],
    "properties" : {
      "id" : "",
      "label" : "",
      "transformation" : ""
    },
    "stencil" : {
      "id" : "Arc"
    },
    "outgoing" : [ {
      "resourceId" : "sid-AD743706-FB7E-42BF-BD29-936446B75A59"
    } ],
    "formats" : {
    },
    "glossaryLinks" : {
    }
  }, {
    "bounds" : {
      "lowerRight" : {
        "y" : 320,
        "x" : 475
      },
      "upperLeft" : {
        "y" : 280,
        "x" : 413
      }
    },
    "dockers" : [ ],
    "resourceId" : "sid-FB3A15B0-9019-4A09-ADFB-B3179B13E04F",
    "labels" : [ ],
    "layers" : [ ],
    "childShapes" : [ ],
    "properties" : {
      "id" : "",
      "title" : "D",
      "communicationtype" : "Default",
      "communicationchannel" : "",
      "guard" : "",
      "oform" : "",
      "omodel" : "",
      "firetype" : "Automatic",
      "href" : ""
    },
    "stencil" : {
      "id" : "Transition"
    },
    "outgoing" : [ {
      "resourceId" : "sid-3F949F14-7CAC-4455-94CF-236D6D081A8B"
    } ],
    "formats" : {
    },
    "glossaryLinks" : {
    }
  }, {
    "bounds" : {
      "lowerRight" : {
        "y" : 300,
        "x" : 412.375
      },
      "upperLeft" : {
        "y" : 300,
        "x" : 361.546875
      }
    },
    "dockers" : [ {
      "y" : 15,
      "x" : 15
    }, {
      "y" : 20,
      "x" : 31
    } ],
    "resourceId" : "sid-024AD9F3-1D1D-47B6-B225-5F1B04CAB942",
    "labels" : [ ],
    "layers" : [ ],
    "target" : {
      "resourceId" : "sid-FB3A15B0-9019-4A09-ADFB-B3179B13E04F"
    },
    "childShapes" : [ ],
    "properties" : {
      "id" : "",
      "label" : "",
      "transformation" : ""
    },
    "stencil" : {
      "id" : "Arc"
    },
    "outgoing" : [ {
      "resourceId" : "sid-FB3A15B0-9019-4A09-ADFB-B3179B13E04F"
    } ],
    "formats" : {
    },
    "glossaryLinks" : {
    }
  }, {
    "bounds" : {
      "lowerRight" : {
        "y" : 210,
        "x" : 459
      },
      "upperLeft" : {
        "y" : 180,
        "x" : 429
      }
    },
    "dockers" : [ ],
    "resourceId" : "sid-2C17FF9B-9A1F-4005-9387-AAA3419AB8E6",
    "labels" : [ ],
    "layers" : [ ],
    "childShapes" : [ ],
    "properties" : {
      "exttype" : "Push",
      "id" : "",
      "title" : "E",
      "external" : "false",
      "locatortypes" : "",
      "locatornames" : "",
      "numberoftokens_drawing" : "0",
      "numberoftokens_text" : "",
      "numberOfTokens" : "0",
      "locatorexpr" : "",
      "href" : ""
    },
    "stencil" : {
      "id" : "Place"
    },
    "outgoing" : [ {
      "resourceId" : "sid-A0939798-E443-4FF9-99E8-A9841F5AF929"
    } ],
    "formats" : {
    },
    "glossaryLinks" : {
    }
  }, {
    "bounds" : {
      "lowerRight" : {
        "y" : 279.3125,
        "x" : 444
      },
      "upperLeft" : {
        "y" : 210.765625,
        "x" : 444
      }
    },
    "dockers" : [ {
      "y" : 20,
      "x" : 31
    }, {
      "y" : 15,
      "x" : 15
    } ],
    "resourceId" : "sid-3F949F14-7CAC-4455-94CF-236D6D081A8B",
    "labels" : [ ],
    "layers" : [ ],
    "target" : {
      "resourceId" : "sid-2C17FF9B-9A1F-4005-9387-AAA3419AB8E6"
    },
    "childShapes" : [ ],
    "properties" : {
      "id" : "",
      "label" : "",
      "transformation" : ""
    },
    "stencil" : {
      "id" : "Arc"
    },
    "outgoing" : [ {
      "resourceId" : "sid-2C17FF9B-9A1F-4005-9387-AAA3419AB8E6"
    } ],
    "formats" : {
    },
    "glossaryLinks" : {
    }
  }, {
    "bounds" : {
      "lowerRight" : {
        "y" : 140,
        "x" : 464
      },
      "upperLeft" : {
        "y" : 100,
        "x" : 424
      }
    },
    "dockers" : [ ],
    "resourceId" : "sid-760A4711-B29B-4760-87A5-7F75C2A6CD93",
    "labels" : [ ],
    "layers" : [ ],
    "childShapes" : [ ],
    "properties" : {
      "id" : "",
      "title" : "",
      "communicationtype" : "Default",
      "communicationchannel" : "",
      "guard" : "",
      "oform" : "",
      "omodel" : "",
      "firetype" : "Automatic",
      "href" : ""
    },
    "stencil" : {
      "id" : "Transition"
    },
    "outgoing" : [ {
      "resourceId" : "sid-6CFCBB54-8157-44D2-BFD3-6E07D11A75CE"
    } ],
    "formats" : {
    },
    "glossaryLinks" : {
    }
  }, {
    "bounds" : {
      "lowerRight" : {
        "y" : 179.9375,
        "x" : 444
      },
      "upperLeft" : {
        "y" : 140,
        "x" : 444
      }
    },
    "dockers" : [ {
      "y" : 15,
      "x" : 15
    }, {
      "y" : 20,
      "x" : 20
    } ],
    "resourceId" : "sid-A0939798-E443-4FF9-99E8-A9841F5AF929",
    "labels" : [ ],
    "layers" : [ ],
    "target" : {
      "resourceId" : "sid-760A4711-B29B-4760-87A5-7F75C2A6CD93"
    },
    "childShapes" : [ ],
    "properties" : {
      "id" : "",
      "label" : "",
      "transformation" : ""
    },
    "stencil" : {
      "id" : "Arc"
    },
    "outgoing" : [ {
      "resourceId" : "sid-760A4711-B29B-4760-87A5-7F75C2A6CD93"
    } ],
    "formats" : {
    },
    "glossaryLinks" : {
    }
  }, {
    "bounds" : {
      "lowerRight" : {
        "y" : 120,
        "x" : 423.32421875
      },
      "upperLeft" : {
        "y" : 120,
        "x" : 240.54296875
      }
    },
    "dockers" : [ {
      "y" : 15,
      "x" : 15
    }, {
      "y" : 20,
      "x" : 20
    } ],
    "resourceId" : "sid-01322D65-FA64-4F96-B372-27BA02E652C9",
    "labels" : [ ],
    "layers" : [ ],
    "target" : {
      "resourceId" : "sid-760A4711-B29B-4760-87A5-7F75C2A6CD93"
    },
    "childShapes" : [ ],
    "properties" : {
      "id" : "",
      "label" : "",
      "transformation" : ""
    },
    "stencil" : {
      "id" : "Arc"
    },
    "outgoing" : [ {
      "resourceId" : "sid-760A4711-B29B-4760-87A5-7F75C2A6CD93"
    } ],
    "formats" : {
    },
    "glossaryLinks" : {
    }
  }, {
    "bounds" : {
      "lowerRight" : {
        "y" : 135,
        "x" : 555
      },
      "upperLeft" : {
        "y" : 105,
        "x" : 525
      }
    },
    "dockers" : [ ],
    "resourceId" : "sid-E7DD4C6D-FF11-42A3-AC94-B7FD00DC0859",
    "labels" : [ ],
    "layers" : [ ],
    "childShapes" : [ ],
    "properties" : {
      "exttype" : "Push",
      "id" : "",
      "title" : "F",
      "external" : "false",
      "locatortypes" : "",
      "locatornames" : "",
      "numberoftokens_drawing" : "0",
      "numberoftokens_text" : "",
      "numberOfTokens" : "0",
      "locatorexpr" : "",
      "href" : ""
    },
    "stencil" : {
      "id" : "Place"
    },
    "outgoing" : [ {
      "resourceId" : "sid-610D5E02-15F8-4E1B-A020-307189C772C6"
    }, {
      "resourceId" : "sid-B264DE4D-B76B-46CD-BC78-DF9B8753C159"
    } ],
    "formats" : {
    },
    "glossaryLinks" : {
    }
  }, {
    "bounds" : {
      "lowerRight" : {
        "y" : 120,
        "x" : 524.75
      },
      "upperLeft" : {
        "y" : 120,
        "x" : 464
      }
    },
    "dockers" : [ {
      "y" : 20,
      "x" : 20
    }, {
      "y" : 15,
      "x" : 15
    } ],
    "resourceId" : "sid-6CFCBB54-8157-44D2-BFD3-6E07D11A75CE",
    "labels" : [ ],
    "layers" : [ ],
    "target" : {
      "resourceId" : "sid-E7DD4C6D-FF11-42A3-AC94-B7FD00DC0859"
    },
    "childShapes" : [ ],
    "properties" : {
      "id" : "",
      "label" : "",
      "transformation" : ""
    },
    "stencil" : {
      "id" : "Arc"
    },
    "outgoing" : [ {
      "resourceId" : "sid-E7DD4C6D-FF11-42A3-AC94-B7FD00DC0859"
    } ],
    "formats" : {
    },
    "glossaryLinks" : {
    }
  }, {
    "bounds" : {
      "lowerRight" : {
        "y" : 148,
        "x" : 705
      },
      "upperLeft" : {
        "y" : 92,
        "x" : 630
      }
    },
    "dockers" : [ ],
    "resourceId" : "sid-FDC9508C-C6DC-4221-B2F6-6E12453825A7",
    "labels" : [ ],
    "layers" : [ ],
    "childShapes" : [ ],
    "properties" : {
      "id" : "",
      "title" : "G",
      "communicationtype" : "Default",
      "communicationchannel" : "",
      "guard" : "",
      "oform" : "",
      "omodel" : "",
      "firetype" : "Automatic",
      "href" : ""
    },
    "stencil" : {
      "id" : "Transition"
    },
    "outgoing" : [ {
      "resourceId" : "sid-E2E8F97D-A8B2-4D35-A332-1CA5912B49CD"
    }, {
      "resourceId" : "sid-3A65BAEE-B26D-47DE-B318-09EE1487890D"
    } ],
    "formats" : {
    },
    "glossaryLinks" : {
    }
  }, {
    "bounds" : {
      "lowerRight" : {
        "y" : 120,
        "x" : 629.64453125
      },
      "upperLeft" : {
        "y" : 120,
        "x" : 555.94140625
      }
    },
    "dockers" : [ {
      "y" : 15,
      "x" : 15
    }, {
      "y" : 28,
      "x" : 37.5
    } ],
    "resourceId" : "sid-610D5E02-15F8-4E1B-A020-307189C772C6",
    "labels" : [ ],
    "layers" : [ ],
    "target" : {
      "resourceId" : "sid-FDC9508C-C6DC-4221-B2F6-6E12453825A7"
    },
    "childShapes" : [ ],
    "properties" : {
      "id" : "",
      "label" : "",
      "transformation" : ""
    },
    "stencil" : {
      "id" : "Arc"
    },
    "outgoing" : [ {
      "resourceId" : "sid-FDC9508C-C6DC-4221-B2F6-6E12453825A7"
    } ],
    "formats" : {
    },
    "glossaryLinks" : {
    }
  }, {
    "bounds" : {
      "lowerRight" : {
        "y" : 105,
        "x" : 667.5
      },
      "upperLeft" : {
        "y" : 42,
        "x" : 225
      }
    },
    "dockers" : [ {
      "y" : 28,
      "x" : 37.5
    }, {
      "y" : 42,
      "x" : 667.5
    }, {
      "y" : 42,
      "x" : 225
    }, {
      "y" : 0,
      "x" : 15
    } ],
    "resourceId" : "sid-E2E8F97D-A8B2-4D35-A332-1CA5912B49CD",
    "labels" : [ ],
    "layers" : [ ],
    "target" : {
      "resourceId" : "sid-959147FA-03B2-4DAF-BAE5-D51A67A2E112"
    },
    "childShapes" : [ ],
    "properties" : {
      "id" : "",
      "label" : "",
      "transformation" : ""
    },
    "stencil" : {
      "id" : "Arc"
    },
    "outgoing" : [ {
      "resourceId" : "sid-959147FA-03B2-4DAF-BAE5-D51A67A2E112"
    } ],
    "formats" : {
    },
    "glossaryLinks" : {
    }
  }, {
    "bounds" : {
      "lowerRight" : {
        "y" : 195,
        "x" : 667.5
      },
      "upperLeft" : {
        "y" : 148,
        "x" : 459.841796875
      }
    },
    "dockers" : [ {
      "y" : 28,
      "x" : 37.5
    }, {
      "y" : 195,
      "x" : 667.5
    }, {
      "y" : 15,
      "x" : 15
    } ],
    "resourceId" : "sid-3A65BAEE-B26D-47DE-B318-09EE1487890D",
    "labels" : [ ],
    "layers" : [ ],
    "target" : {
      "resourceId" : "sid-2C17FF9B-9A1F-4005-9387-AAA3419AB8E6"
    },
    "childShapes" : [ ],
    "properties" : {
      "id" : "",
      "label" : "",
      "transformation" : ""
    },
    "stencil" : {
      "id" : "Arc"
    },
    "outgoing" : [ {
      "resourceId" : "sid-2C17FF9B-9A1F-4005-9387-AAA3419AB8E6"
    } ],
    "formats" : {
    },
    "glossaryLinks" : {
    }
  }, {
    "bounds" : {
      "lowerRight" : {
        "y" : 265,
        "x" : 871
      },
      "upperLeft" : {
        "y" : 225,
        "x" : 760
      }
    },
    "dockers" : [ ],
    "resourceId" : "sid-E5D7C463-1213-4782-B007-F4D2236E0D07",
    "labels" : [ ],
    "layers" : [ ],
    "childShapes" : [ ],
    "properties" : {
      "id" : "",
      "title" : "",
      "communicationtype" : "Default",
      "communicationchannel" : "",
      "guard" : "",
      "oform" : "",
      "omodel" : "",
      "firetype" : "Automatic",
      "href" : ""
    },
    "stencil" : {
      "id" : "Transition"
    },
    "outgoing" : [ ],
    "formats" : {
    },
    "glossaryLinks" : {
    }
  }, {
    "bounds" : {
      "lowerRight" : {
        "y" : 224.38283155142935,
        "x" : 815.3727335280953
      },
      "upperLeft" : {
        "y" : 135.4375,
        "x" : 540
      }
    },
    "dockers" : [ {
      "y" : 15,
      "x" : 15
    }, {
      "y" : 164,
      "x" : 540
    }, {
      "y" : 164,
      "x" : 657
    }, {
      "y" : 175,
      "x" : 657
    }, {
      "y" : 175,
      "x" : 681
    }, {
      "y" : 164,
      "x" : 681
    }, {
      "y" : 164,
      "x" : 815
    }, {
      "y" : 20,
      "x" : 55.5
    } ],
    "resourceId" : "sid-B264DE4D-B76B-46CD-BC78-DF9B8753C159",
    "labels" : [ ],
    "layers" : [ ],
    "target" : {
      "resourceId" : "sid-E5D7C463-1213-4782-B007-F4D2236E0D07"
    },
    "childShapes" : [ ],
    "properties" : {
      "id" : "",
      "label" : "",
      "transformation" : ""
    },
    "stencil" : {
      "id" : "Arc"
    },
    "outgoing" : [ {
      "resourceId" : "sid-E5D7C463-1213-4782-B007-F4D2236E0D07"
    } ],
    "formats" : {
    },
    "glossaryLinks" : {
    }
  } ],
  "properties" : {
    "author" : "",
    "title" : "",
    "engine" : "false",
    "modificationdate" : "10/07/07",
    "documentation" : "",
    "language" : "English",
    "creationdate" : "10/07/07",
    "version" : ""
  },
  "stencilset" : {
    "url" : "/stencilsets/petrinets/petrinet.json?version=6.0.0",
    "namespace" : "http://b3mn.org/stencilset/petrinet#"
  },
  "ssextensions" : [ ],
  "stencil" : {
    "id" : "Diagram"
  },
  "formats" : {
  }
}