{
  "revision" : {
    "creationDate" : null,
    "elementCounts" : {
      "total" : 27,
      "Place" : 6,
      "Arc" : 14,
      "Transition" : 6,
      "Diagram" : 1
    },
    "connectedness" : 100,
    "isLastRevision" : "true",
    "revisionNumber" : 5
  },
  "model" : {
    "modelingLanguage" : "petrinet",
    "numberOfRevisions" : 5,
    "naturalLanguage" : "de",
    "timestampModelCollection" : null,
    "directoryId" : "1244645183",
    "groupName" : "PetriNet",
    "modelDate" : "2012-08-30",
    "modelName" : "1489076032",
    "modelId" : "1489076032"
  }
}