{
  "revision" : {
    "creationDate" : null,
    "elementCounts" : {
      "total" : 32,
      "Place" : 9,
      "Arc" : 15,
      "VerticalEmptyTransition" : 3,
      "Transition" : 4,
      "Diagram" : 1
    },
    "connectedness" : 100,
    "isLastRevision" : "false",
    "revisionNumber" : 2
  },
  "model" : {
    "modelingLanguage" : "petrinet",
    "numberOfRevisions" : 5,
    "naturalLanguage" : "de",
    "timestampModelCollection" : null,
    "directoryId" : "2124327216",
    "groupName" : "PetriNet",
    "modelDate" : "2010-12-05",
    "modelName" : "3.1",
    "modelId" : "1936234950"
  }
}