{
  "revision" : {
    "creationDate" : null,
    "elementCounts" : {
      "total" : 52,
      "Place" : 13,
      "Arc" : 27,
      "Transition" : 11,
      "Diagram" : 1
    },
    "connectedness" : 100,
    "isLastRevision" : "false",
    "revisionNumber" : 1
  },
  "model" : {
    "modelingLanguage" : "petrinet",
    "numberOfRevisions" : 5,
    "naturalLanguage" : "de",
    "timestampModelCollection" : null,
    "directoryId" : "1192248463",
    "groupName" : "PetriNet",
    "modelDate" : "2012-08-30",
    "modelName" : "1954064811",
    "modelId" : "1954064811"
  }
}