{
  "revision" : {
    "creationDate" : null,
    "elementCounts" : {
      "total" : 27,
      "Place" : 6,
      "Arc" : 14,
      "Transition" : 6,
      "Diagram" : 1
    },
    "connectedness" : 100,
    "isLastRevision" : "true",
    "revisionNumber" : 8
  },
  "model" : {
    "modelingLanguage" : "petrinet",
    "numberOfRevisions" : 8,
    "naturalLanguage" : "de",
    "timestampModelCollection" : null,
    "directoryId" : "2124327216",
    "groupName" : "PetriNet",
    "modelDate" : "2010-11-14",
    "modelName" : "New Process",
    "modelId" : "1466072046"
  }
}