{
  "revision" : {
    "creationDate" : null,
    "elementCounts" : {
      "total" : 65,
      "Place" : 16,
      "Arc" : 33,
      "Transition" : 15,
      "Diagram" : 1
    },
    "connectedness" : 74,
    "isLastRevision" : "true",
    "revisionNumber" : 2
  },
  "model" : {
    "modelingLanguage" : "petrinet",
    "numberOfRevisions" : 2,
    "naturalLanguage" : "de",
    "timestampModelCollection" : null,
    "directoryId" : "1460947517",
    "groupName" : "PetriNet",
    "modelDate" : "2011-12-05",
    "modelName" : "Uebung-3.1",
    "modelId" : "1356568611"
  }
}