{
  "revision" : {
    "creationDate" : null,
    "elementCounts" : {
      "total" : 48,
      "Place" : 11,
      "Arc" : 25,
      "Transition" : 11,
      "Diagram" : 1
    },
    "connectedness" : 100,
    "isLastRevision" : "true",
    "revisionNumber" : 1
  },
  "model" : {
    "modelingLanguage" : "petrinet",
    "numberOfRevisions" : 1,
    "naturalLanguage" : "de",
    "timestampModelCollection" : null,
    "directoryId" : "279503388",
    "groupName" : "PetriNet",
    "modelDate" : "2012-08-30",
    "modelName" : "334730896",
    "modelId" : "334730896"
  }
}