{
  "bounds" : {
    "lowerRight" : {
      "y" : 1050,
      "x" : 1485
    },
    "upperLeft" : {
      "y" : 0,
      "x" : 0
    }
  },
  "resourceId" : "canvas",
  "childShapes" : [ {
    "dockers" : [ ],
    "bounds" : {
      "lowerRight" : {
        "y" : 60,
        "x" : 170
      },
      "upperLeft" : {
        "y" : 30,
        "x" : 140
      }
    },
    "resourceId" : "sid-22CAB484-39ED-45C0-9E3E-8A055BBB6F6D",
    "childShapes" : [ ],
    "properties" : {
      "exttype" : "Push",
      "id" : "",
      "title" : "",
      "external" : "false",
      "numberoftokens" : "",
      "locatortypes" : "",
      "locatornames" : "",
      "numberoftokens_drawing" : "0",
      "numberoftokens_text" : "",
      "locatorexpr" : "",
      "href" : ""
    },
    "stencil" : {
      "id" : "Place"
    },
    "outgoing" : [ {
      "resourceId" : "sid-81DCAC2D-D542-42D8-A4FA-CD1C44D11F92"
    } ]
  }, {
    "dockers" : [ ],
    "bounds" : {
      "lowerRight" : {
        "y" : 160,
        "x" : 160
      },
      "upperLeft" : {
        "y" : 110,
        "x" : 150
      }
    },
    "resourceId" : "sid-64902830-0E7A-42E9-AE19-AB18239456A1",
    "childShapes" : [ ],
    "properties" : {
      "id" : "",
      "title" : "",
      "guard" : "",
      "oform" : "",
      "omodel" : "",
      "firetype" : "Automatic",
      "href" : ""
    },
    "stencil" : {
      "id" : "VerticalEmptyTransition"
    },
    "outgoing" : [ {
      "resourceId" : "sid-76756D4A-36E5-4090-8CE3-B7F93B5404A1"
    }, {
      "resourceId" : "sid-71AE5975-182D-4080-BE07-A3B100FB0E3E"
    } ]
  }, {
    "dockers" : [ ],
    "bounds" : {
      "lowerRight" : {
        "y" : 210,
        "x" : 77
      },
      "upperLeft" : {
        "y" : 180,
        "x" : 47
      }
    },
    "resourceId" : "sid-A24121C4-AC54-431B-AD87-7BCA518DDFE7",
    "childShapes" : [ ],
    "properties" : {
      "exttype" : "Push",
      "id" : "",
      "title" : "",
      "external" : "false",
      "numberoftokens" : "",
      "locatortypes" : "",
      "locatornames" : "",
      "numberoftokens_drawing" : "0",
      "numberoftokens_text" : "",
      "locatorexpr" : "",
      "href" : ""
    },
    "stencil" : {
      "id" : "Place"
    },
    "outgoing" : [ {
      "resourceId" : "sid-4C4B9149-72DD-449B-9F91-AAA18D041A1C"
    }, {
      "resourceId" : "sid-FC85612A-0B0C-4B96-8875-613483D0A245"
    } ]
  }, {
    "dockers" : [ ],
    "bounds" : {
      "lowerRight" : {
        "y" : 210,
        "x" : 270
      },
      "upperLeft" : {
        "y" : 180,
        "x" : 240
      }
    },
    "resourceId" : "sid-254F9274-702B-47D2-A63F-1C247881D6A4",
    "childShapes" : [ ],
    "properties" : {
      "exttype" : "Push",
      "id" : "",
      "title" : "",
      "external" : "false",
      "numberoftokens" : "",
      "locatortypes" : "",
      "locatornames" : "",
      "numberoftokens_drawing" : "0",
      "numberoftokens_text" : "",
      "locatorexpr" : "",
      "href" : ""
    },
    "stencil" : {
      "id" : "Place"
    },
    "outgoing" : [ {
      "resourceId" : "sid-96BC1582-187D-43F5-8285-A93A1147CBE8"
    }, {
      "resourceId" : "sid-0DC0ADB5-09E7-48B6-9A95-A3AD18332C7A"
    } ]
  }, {
    "dockers" : [ ],
    "bounds" : {
      "lowerRight" : {
        "y" : 275,
        "x" : 25
      },
      "upperLeft" : {
        "y" : 225,
        "x" : 15
      }
    },
    "resourceId" : "sid-D022896A-DFEB-4C5E-B944-590B1C875047",
    "childShapes" : [ ],
    "properties" : {
      "id" : "",
      "title" : "",
      "guard" : "",
      "oform" : "",
      "omodel" : "",
      "firetype" : "Automatic",
      "href" : ""
    },
    "stencil" : {
      "id" : "VerticalEmptyTransition"
    },
    "outgoing" : [ {
      "resourceId" : "sid-4F3B3D4D-8730-4192-950E-A4E2938CCBCB"
    } ]
  }, {
    "dockers" : [ ],
    "bounds" : {
      "lowerRight" : {
        "y" : 275,
        "x" : 100
      },
      "upperLeft" : {
        "y" : 225,
        "x" : 90
      }
    },
    "resourceId" : "sid-C916FEC3-7556-4B9E-B534-B3CD5EDB9CD6",
    "childShapes" : [ ],
    "properties" : {
      "id" : "",
      "title" : "",
      "guard" : "",
      "oform" : "",
      "omodel" : "",
      "firetype" : "Automatic",
      "href" : ""
    },
    "stencil" : {
      "id" : "VerticalEmptyTransition"
    },
    "outgoing" : [ {
      "resourceId" : "sid-77CFCA1E-A5AD-40AB-A843-020D4ABBA196"
    } ]
  }, {
    "dockers" : [ ],
    "bounds" : {
      "lowerRight" : {
        "y" : 275,
        "x" : 220
      },
      "upperLeft" : {
        "y" : 225,
        "x" : 210
      }
    },
    "resourceId" : "sid-0839D5B1-BCAE-463A-A0D1-1C76B1437C81",
    "childShapes" : [ ],
    "properties" : {
      "id" : "",
      "title" : "",
      "guard" : "",
      "oform" : "",
      "omodel" : "",
      "firetype" : "Automatic",
      "href" : ""
    },
    "stencil" : {
      "id" : "VerticalEmptyTransition"
    },
    "outgoing" : [ {
      "resourceId" : "sid-946AB0D8-778F-4DD0-806F-A9259CC5632C"
    } ]
  }, {
    "dockers" : [ ],
    "bounds" : {
      "lowerRight" : {
        "y" : 275,
        "x" : 295
      },
      "upperLeft" : {
        "y" : 225,
        "x" : 285
      }
    },
    "resourceId" : "sid-1410B7FC-3601-4AB4-A5C5-DEEFA43B05BB",
    "childShapes" : [ ],
    "properties" : {
      "id" : "",
      "title" : "",
      "guard" : "",
      "oform" : "",
      "omodel" : "",
      "firetype" : "Automatic",
      "href" : ""
    },
    "stencil" : {
      "id" : "VerticalEmptyTransition"
    },
    "outgoing" : [ {
      "resourceId" : "sid-F890991A-F6AD-40DF-A4BA-3F6499C35B58"
    } ]
  }, {
    "dockers" : [ {
      "y" : 15,
      "x" : 15
    }, {
      "y" : 25,
      "x" : 5
    } ],
    "bounds" : {
      "lowerRight" : {
        "y" : 109.390625,
        "x" : 155
      },
      "upperLeft" : {
        "y" : 60.0625,
        "x" : 155
      }
    },
    "resourceId" : "sid-81DCAC2D-D542-42D8-A4FA-CD1C44D11F92",
    "target" : {
      "resourceId" : "sid-64902830-0E7A-42E9-AE19-AB18239456A1"
    },
    "childShapes" : [ ],
    "properties" : {
      "id" : "",
      "label" : "",
      "transformation" : ""
    },
    "stencil" : {
      "id" : "Arc"
    },
    "outgoing" : [ {
      "resourceId" : "sid-64902830-0E7A-42E9-AE19-AB18239456A1"
    } ]
  }, {
    "dockers" : [ ],
    "bounds" : {
      "lowerRight" : {
        "y" : 330,
        "x" : 230
      },
      "upperLeft" : {
        "y" : 300,
        "x" : 200
      }
    },
    "resourceId" : "sid-EA0DE704-BF2A-4941-8D98-821ABC86572B",
    "childShapes" : [ ],
    "properties" : {
      "exttype" : "Push",
      "id" : "",
      "title" : "",
      "external" : "false",
      "numberoftokens" : "",
      "locatortypes" : "",
      "locatornames" : "",
      "numberoftokens_drawing" : "0",
      "numberoftokens_text" : "",
      "locatorexpr" : "",
      "href" : ""
    },
    "stencil" : {
      "id" : "Place"
    },
    "outgoing" : [ {
      "resourceId" : "sid-6A62035A-ECAF-4C91-AE1B-7983C2FB3C25"
    } ]
  }, {
    "dockers" : [ {
      "y" : 25,
      "x" : 5
    }, {
      "y" : 15,
      "x" : 15
    } ],
    "bounds" : {
      "lowerRight" : {
        "y" : 299.78125,
        "x" : 215
      },
      "upperLeft" : {
        "y" : 275,
        "x" : 215
      }
    },
    "resourceId" : "sid-946AB0D8-778F-4DD0-806F-A9259CC5632C",
    "target" : {
      "resourceId" : "sid-EA0DE704-BF2A-4941-8D98-821ABC86572B"
    },
    "childShapes" : [ ],
    "properties" : {
      "id" : "",
      "label" : "",
      "transformation" : ""
    },
    "stencil" : {
      "id" : "Arc"
    },
    "outgoing" : [ {
      "resourceId" : "sid-EA0DE704-BF2A-4941-8D98-821ABC86572B"
    } ]
  }, {
    "dockers" : [ ],
    "bounds" : {
      "lowerRight" : {
        "y" : 330,
        "x" : 305
      },
      "upperLeft" : {
        "y" : 300,
        "x" : 275
      }
    },
    "resourceId" : "sid-E5335965-4BCF-4934-8BD7-0EE2712856B1",
    "childShapes" : [ ],
    "properties" : {
      "exttype" : "Push",
      "id" : "",
      "title" : "",
      "external" : "false",
      "numberoftokens" : "",
      "locatortypes" : "",
      "locatornames" : "",
      "numberoftokens_drawing" : "0",
      "numberoftokens_text" : "",
      "locatorexpr" : "",
      "href" : ""
    },
    "stencil" : {
      "id" : "Place"
    },
    "outgoing" : [ {
      "resourceId" : "sid-F91DF939-5DED-45F6-8CDF-9ECA05B24A4D"
    } ]
  }, {
    "dockers" : [ {
      "y" : 25,
      "x" : 5
    }, {
      "y" : 15,
      "x" : 15
    } ],
    "bounds" : {
      "lowerRight" : {
        "y" : 299.78125,
        "x" : 290
      },
      "upperLeft" : {
        "y" : 275,
        "x" : 290
      }
    },
    "resourceId" : "sid-F890991A-F6AD-40DF-A4BA-3F6499C35B58",
    "target" : {
      "resourceId" : "sid-E5335965-4BCF-4934-8BD7-0EE2712856B1"
    },
    "childShapes" : [ ],
    "properties" : {
      "id" : "",
      "label" : "",
      "transformation" : ""
    },
    "stencil" : {
      "id" : "Arc"
    },
    "outgoing" : [ {
      "resourceId" : "sid-E5335965-4BCF-4934-8BD7-0EE2712856B1"
    } ]
  }, {
    "dockers" : [ ],
    "bounds" : {
      "lowerRight" : {
        "y" : 330,
        "x" : 110
      },
      "upperLeft" : {
        "y" : 300,
        "x" : 80
      }
    },
    "resourceId" : "sid-D03AC9DC-F3AC-4BA8-AB65-F4F418343F53",
    "childShapes" : [ ],
    "properties" : {
      "exttype" : "Push",
      "id" : "",
      "title" : "",
      "external" : "false",
      "numberoftokens" : "",
      "locatortypes" : "",
      "locatornames" : "",
      "numberoftokens_drawing" : "0",
      "numberoftokens_text" : "",
      "locatorexpr" : "",
      "href" : ""
    },
    "stencil" : {
      "id" : "Place"
    },
    "outgoing" : [ {
      "resourceId" : "sid-DD4F0673-CD84-4B89-B9FD-1D1726B24725"
    } ]
  }, {
    "dockers" : [ {
      "y" : 25,
      "x" : 5
    }, {
      "y" : 15,
      "x" : 15
    } ],
    "bounds" : {
      "lowerRight" : {
        "y" : 299.78125,
        "x" : 95
      },
      "upperLeft" : {
        "y" : 275,
        "x" : 95
      }
    },
    "resourceId" : "sid-77CFCA1E-A5AD-40AB-A843-020D4ABBA196",
    "target" : {
      "resourceId" : "sid-D03AC9DC-F3AC-4BA8-AB65-F4F418343F53"
    },
    "childShapes" : [ ],
    "properties" : {
      "id" : "",
      "label" : "",
      "transformation" : ""
    },
    "stencil" : {
      "id" : "Arc"
    },
    "outgoing" : [ {
      "resourceId" : "sid-D03AC9DC-F3AC-4BA8-AB65-F4F418343F53"
    } ]
  }, {
    "dockers" : [ ],
    "bounds" : {
      "lowerRight" : {
        "y" : 330,
        "x" : 35
      },
      "upperLeft" : {
        "y" : 300,
        "x" : 5
      }
    },
    "resourceId" : "sid-8FD382AC-ACBD-4E8E-A370-0F3FCA842D0B",
    "childShapes" : [ ],
    "properties" : {
      "exttype" : "Push",
      "id" : "",
      "title" : "",
      "external" : "false",
      "numberoftokens" : "",
      "locatortypes" : "",
      "locatornames" : "",
      "numberoftokens_drawing" : "0",
      "numberoftokens_text" : "",
      "locatorexpr" : "",
      "href" : ""
    },
    "stencil" : {
      "id" : "Place"
    },
    "outgoing" : [ {
      "resourceId" : "sid-4CE884CC-A19F-4A37-A9D0-FB65445B4493"
    } ]
  }, {
    "dockers" : [ {
      "y" : 25,
      "x" : 5
    }, {
      "y" : 15,
      "x" : 15
    } ],
    "bounds" : {
      "lowerRight" : {
        "y" : 299.78125,
        "x" : 20
      },
      "upperLeft" : {
        "y" : 275,
        "x" : 20
      }
    },
    "resourceId" : "sid-4F3B3D4D-8730-4192-950E-A4E2938CCBCB",
    "target" : {
      "resourceId" : "sid-8FD382AC-ACBD-4E8E-A370-0F3FCA842D0B"
    },
    "childShapes" : [ ],
    "properties" : {
      "id" : "",
      "label" : "",
      "transformation" : ""
    },
    "stencil" : {
      "id" : "Arc"
    },
    "outgoing" : [ {
      "resourceId" : "sid-8FD382AC-ACBD-4E8E-A370-0F3FCA842D0B"
    } ]
  }, {
    "dockers" : [ {
      "y" : 15,
      "x" : 15
    }, {
      "y" : 25,
      "x" : 5
    } ],
    "bounds" : {
      "lowerRight" : {
        "y" : 359.9375,
        "x" : 20
      },
      "upperLeft" : {
        "y" : 330.21875,
        "x" : 20
      }
    },
    "resourceId" : "sid-4CE884CC-A19F-4A37-A9D0-FB65445B4493",
    "target" : {
      "resourceId" : "sid-F8FDCA8D-0F4F-4EE1-9DCC-6E01AD977391"
    },
    "childShapes" : [ ],
    "properties" : {
      "id" : "",
      "label" : "",
      "transformation" : ""
    },
    "stencil" : {
      "id" : "Arc"
    },
    "outgoing" : [ {
      "resourceId" : "sid-F8FDCA8D-0F4F-4EE1-9DCC-6E01AD977391"
    } ]
  }, {
    "dockers" : [ ],
    "bounds" : {
      "lowerRight" : {
        "y" : 410,
        "x" : 25
      },
      "upperLeft" : {
        "y" : 360,
        "x" : 15
      }
    },
    "resourceId" : "sid-F8FDCA8D-0F4F-4EE1-9DCC-6E01AD977391",
    "childShapes" : [ ],
    "properties" : {
      "id" : "",
      "communicationchannel_eng" : "",
      "title" : "",
      "communicationtype" : "Default",
      "guard" : "",
      "communicationchannel" : "",
      "oform" : "",
      "omodel" : "",
      "firetype" : "Automatic",
      "type" : "http://b3mn.org/stencilset/petrinet#Transition",
      "href" : ""
    },
    "stencil" : {
      "id" : "VerticalEmptyTransition"
    },
    "outgoing" : [ {
      "resourceId" : "sid-FC708366-AE0C-42B3-B818-9E47D7B6942E"
    } ]
  }, {
    "dockers" : [ ],
    "bounds" : {
      "lowerRight" : {
        "y" : 465,
        "x" : 35
      },
      "upperLeft" : {
        "y" : 435,
        "x" : 5
      }
    },
    "resourceId" : "sid-C8C47577-D6C8-4992-A200-C6F084A78420",
    "childShapes" : [ ],
    "properties" : {
      "exttype" : "Push",
      "id" : "",
      "title" : "",
      "external" : "false",
      "numberoftokens" : "",
      "locatortypes" : "",
      "locatornames" : "",
      "numberoftokens_drawing" : "0",
      "numberoftokens_text" : "",
      "locatorexpr" : "",
      "href" : ""
    },
    "stencil" : {
      "id" : "Place"
    },
    "outgoing" : [ {
      "resourceId" : "sid-F0D16416-7C56-42AB-AF71-6733119EF332"
    } ]
  }, {
    "dockers" : [ {
      "y" : 25,
      "x" : 5
    }, {
      "y" : 15,
      "x" : 15
    } ],
    "bounds" : {
      "lowerRight" : {
        "y" : 434.78125,
        "x" : 20
      },
      "upperLeft" : {
        "y" : 410,
        "x" : 20
      }
    },
    "resourceId" : "sid-FC708366-AE0C-42B3-B818-9E47D7B6942E",
    "target" : {
      "resourceId" : "sid-C8C47577-D6C8-4992-A200-C6F084A78420"
    },
    "childShapes" : [ ],
    "properties" : {
      "id" : "",
      "label" : "",
      "transformation" : ""
    },
    "stencil" : {
      "id" : "Arc"
    },
    "outgoing" : [ {
      "resourceId" : "sid-C8C47577-D6C8-4992-A200-C6F084A78420"
    } ]
  }, {
    "dockers" : [ ],
    "bounds" : {
      "lowerRight" : {
        "y" : 410,
        "x" : 100
      },
      "upperLeft" : {
        "y" : 360,
        "x" : 90
      }
    },
    "resourceId" : "sid-047470E0-4B97-4AE8-AA56-B4041E2CA84D",
    "childShapes" : [ ],
    "properties" : {
      "id" : "",
      "title" : "",
      "guard" : "",
      "oform" : "",
      "omodel" : "",
      "firetype" : "Automatic",
      "href" : ""
    },
    "stencil" : {
      "id" : "VerticalEmptyTransition"
    },
    "outgoing" : [ {
      "resourceId" : "sid-91352B71-85D7-4E4C-AC38-E91E016055D0"
    } ]
  }, {
    "dockers" : [ {
      "y" : 15,
      "x" : 15
    }, {
      "y" : 25,
      "x" : 5
    } ],
    "bounds" : {
      "lowerRight" : {
        "y" : 359.9375,
        "x" : 95
      },
      "upperLeft" : {
        "y" : 330.21875,
        "x" : 95
      }
    },
    "resourceId" : "sid-DD4F0673-CD84-4B89-B9FD-1D1726B24725",
    "target" : {
      "resourceId" : "sid-047470E0-4B97-4AE8-AA56-B4041E2CA84D"
    },
    "childShapes" : [ ],
    "properties" : {
      "id" : "",
      "label" : "",
      "transformation" : ""
    },
    "stencil" : {
      "id" : "Arc"
    },
    "outgoing" : [ {
      "resourceId" : "sid-047470E0-4B97-4AE8-AA56-B4041E2CA84D"
    } ]
  }, {
    "dockers" : [ {
      "y" : 15,
      "x" : 15
    }, {
      "y" : 385,
      "x" : 290
    }, {
      "y" : 25,
      "x" : 5
    } ],
    "bounds" : {
      "lowerRight" : {
        "y" : 385,
        "x" : 290
      },
      "upperLeft" : {
        "y" : 330.21875,
        "x" : 100
      }
    },
    "resourceId" : "sid-F91DF939-5DED-45F6-8CDF-9ECA05B24A4D",
    "target" : {
      "resourceId" : "sid-047470E0-4B97-4AE8-AA56-B4041E2CA84D"
    },
    "childShapes" : [ ],
    "properties" : {
      "id" : "",
      "label" : "",
      "transformation" : ""
    },
    "stencil" : {
      "id" : "Arc"
    },
    "outgoing" : [ {
      "resourceId" : "sid-047470E0-4B97-4AE8-AA56-B4041E2CA84D"
    } ]
  }, {
    "dockers" : [ ],
    "bounds" : {
      "lowerRight" : {
        "y" : 475,
        "x" : 220
      },
      "upperLeft" : {
        "y" : 425,
        "x" : 210
      }
    },
    "resourceId" : "sid-995A6680-57C3-4F6F-B2A9-E9F83E921073",
    "childShapes" : [ ],
    "properties" : {
      "id" : "",
      "title" : "",
      "guard" : "",
      "oform" : "",
      "omodel" : "",
      "firetype" : "Automatic",
      "href" : ""
    },
    "stencil" : {
      "id" : "VerticalEmptyTransition"
    },
    "outgoing" : [ {
      "resourceId" : "sid-EB7AFDD5-0B75-45D2-A807-9A80B0855CD6"
    } ]
  }, {
    "dockers" : [ {
      "y" : 15,
      "x" : 15
    }, {
      "y" : 25,
      "x" : 5
    } ],
    "bounds" : {
      "lowerRight" : {
        "y" : 424.7421875,
        "x" : 215
      },
      "upperLeft" : {
        "y" : 330.765625,
        "x" : 215
      }
    },
    "resourceId" : "sid-6A62035A-ECAF-4C91-AE1B-7983C2FB3C25",
    "target" : {
      "resourceId" : "sid-995A6680-57C3-4F6F-B2A9-E9F83E921073"
    },
    "childShapes" : [ ],
    "properties" : {
      "id" : "",
      "label" : "",
      "transformation" : ""
    },
    "stencil" : {
      "id" : "Arc"
    },
    "outgoing" : [ {
      "resourceId" : "sid-995A6680-57C3-4F6F-B2A9-E9F83E921073"
    } ]
  }, {
    "dockers" : [ {
      "y" : 15,
      "x" : 15
    }, {
      "y" : 25,
      "x" : 5
    } ],
    "bounds" : {
      "lowerRight" : {
        "y" : 450,
        "x" : 209.4296875
      },
      "upperLeft" : {
        "y" : 450,
        "x" : 35.47265625
      }
    },
    "resourceId" : "sid-F0D16416-7C56-42AB-AF71-6733119EF332",
    "target" : {
      "resourceId" : "sid-995A6680-57C3-4F6F-B2A9-E9F83E921073"
    },
    "childShapes" : [ ],
    "properties" : {
      "id" : "",
      "label" : "",
      "transformation" : ""
    },
    "stencil" : {
      "id" : "Arc"
    },
    "outgoing" : [ {
      "resourceId" : "sid-995A6680-57C3-4F6F-B2A9-E9F83E921073"
    } ]
  }, {
    "dockers" : [ ],
    "bounds" : {
      "lowerRight" : {
        "y" : 570,
        "x" : 170
      },
      "upperLeft" : {
        "y" : 540,
        "x" : 140
      }
    },
    "resourceId" : "sid-4D65D31C-18AC-40BE-BA11-BE90616D3991",
    "childShapes" : [ ],
    "properties" : {
      "exttype" : "Push",
      "id" : "",
      "title" : "",
      "external" : "false",
      "numberoftokens" : "",
      "locatortypes" : "",
      "locatornames" : "",
      "numberoftokens_drawing" : "0",
      "numberoftokens_text" : "",
      "locatorexpr" : "",
      "href" : ""
    },
    "stencil" : {
      "id" : "Place"
    },
    "outgoing" : [ ]
  }, {
    "dockers" : [ {
      "y" : 25,
      "x" : 5
    }, {
      "y" : 135,
      "x" : 62
    }, {
      "y" : 15,
      "x" : 15
    } ],
    "bounds" : {
      "lowerRight" : {
        "y" : 179.9375,
        "x" : 149.640625
      },
      "upperLeft" : {
        "y" : 135,
        "x" : 62
      }
    },
    "resourceId" : "sid-76756D4A-36E5-4090-8CE3-B7F93B5404A1",
    "target" : {
      "resourceId" : "sid-A24121C4-AC54-431B-AD87-7BCA518DDFE7"
    },
    "childShapes" : [ ],
    "properties" : {
      "id" : "",
      "label" : "",
      "transformation" : ""
    },
    "stencil" : {
      "id" : "Arc"
    },
    "outgoing" : [ {
      "resourceId" : "sid-A24121C4-AC54-431B-AD87-7BCA518DDFE7"
    } ]
  }, {
    "dockers" : [ {
      "y" : 25,
      "x" : 5
    }, {
      "y" : 135,
      "x" : 255
    }, {
      "y" : 15,
      "x" : 15
    } ],
    "bounds" : {
      "lowerRight" : {
        "y" : 179.9375,
        "x" : 255
      },
      "upperLeft" : {
        "y" : 135,
        "x" : 160
      }
    },
    "resourceId" : "sid-71AE5975-182D-4080-BE07-A3B100FB0E3E",
    "target" : {
      "resourceId" : "sid-254F9274-702B-47D2-A63F-1C247881D6A4"
    },
    "childShapes" : [ ],
    "properties" : {
      "id" : "",
      "label" : "",
      "transformation" : ""
    },
    "stencil" : {
      "id" : "Arc"
    },
    "outgoing" : [ {
      "resourceId" : "sid-254F9274-702B-47D2-A63F-1C247881D6A4"
    } ]
  }, {
    "dockers" : [ {
      "y" : 15,
      "x" : 15
    }, {
      "y" : 195,
      "x" : 215
    }, {
      "y" : 25,
      "x" : 5
    } ],
    "bounds" : {
      "lowerRight" : {
        "y" : 224.9375,
        "x" : 239.625
      },
      "upperLeft" : {
        "y" : 195,
        "x" : 215
      }
    },
    "resourceId" : "sid-96BC1582-187D-43F5-8285-A93A1147CBE8",
    "target" : {
      "resourceId" : "sid-0839D5B1-BCAE-463A-A0D1-1C76B1437C81"
    },
    "childShapes" : [ ],
    "properties" : {
      "id" : "",
      "label" : "",
      "transformation" : ""
    },
    "stencil" : {
      "id" : "Arc"
    },
    "outgoing" : [ {
      "resourceId" : "sid-0839D5B1-BCAE-463A-A0D1-1C76B1437C81"
    } ]
  }, {
    "dockers" : [ {
      "y" : 15,
      "x" : 34.0625
    }, {
      "y" : 195,
      "x" : 290
    }, {
      "y" : 25,
      "x" : 5
    } ],
    "bounds" : {
      "lowerRight" : {
        "y" : 224.9375,
        "x" : 290
      },
      "upperLeft" : {
        "y" : 195,
        "x" : 274.0625
      }
    },
    "resourceId" : "sid-0DC0ADB5-09E7-48B6-9A95-A3AD18332C7A",
    "target" : {
      "resourceId" : "sid-1410B7FC-3601-4AB4-A5C5-DEEFA43B05BB"
    },
    "childShapes" : [ ],
    "properties" : {
      "id" : "",
      "label" : "",
      "transformation" : ""
    },
    "stencil" : {
      "id" : "Arc"
    },
    "outgoing" : [ {
      "resourceId" : "sid-1410B7FC-3601-4AB4-A5C5-DEEFA43B05BB"
    } ]
  }, {
    "dockers" : [ {
      "y" : 15,
      "x" : 15
    }, {
      "y" : 195,
      "x" : 20
    }, {
      "y" : 25,
      "x" : 5
    } ],
    "bounds" : {
      "lowerRight" : {
        "y" : 224.9375,
        "x" : 46.5625
      },
      "upperLeft" : {
        "y" : 195,
        "x" : 20
      }
    },
    "resourceId" : "sid-FC85612A-0B0C-4B96-8875-613483D0A245",
    "target" : {
      "resourceId" : "sid-D022896A-DFEB-4C5E-B944-590B1C875047"
    },
    "childShapes" : [ ],
    "properties" : {
      "id" : "",
      "label" : "",
      "transformation" : ""
    },
    "stencil" : {
      "id" : "Arc"
    },
    "outgoing" : [ {
      "resourceId" : "sid-D022896A-DFEB-4C5E-B944-590B1C875047"
    } ]
  }, {
    "dockers" : [ {
      "y" : 15,
      "x" : 15
    }, {
      "y" : 195,
      "x" : 95
    }, {
      "y" : 25,
      "x" : 5
    } ],
    "bounds" : {
      "lowerRight" : {
        "y" : 224.9375,
        "x" : 95
      },
      "upperLeft" : {
        "y" : 195,
        "x" : 77.4375
      }
    },
    "resourceId" : "sid-4C4B9149-72DD-449B-9F91-AAA18D041A1C",
    "target" : {
      "resourceId" : "sid-C916FEC3-7556-4B9E-B534-B3CD5EDB9CD6"
    },
    "childShapes" : [ ],
    "properties" : {
      "id" : "",
      "label" : "",
      "transformation" : ""
    },
    "stencil" : {
      "id" : "Arc"
    },
    "outgoing" : [ {
      "resourceId" : "sid-C916FEC3-7556-4B9E-B534-B3CD5EDB9CD6"
    } ]
  }, {
    "dockers" : [ {
      "y" : 25,
      "x" : 5
    }, {
      "y" : 555,
      "x" : 95
    }, {
      "y" : 15,
      "x" : 15
    } ],
    "bounds" : {
      "lowerRight" : {
        "y" : 555,
        "x" : 139.9375
      },
      "upperLeft" : {
        "y" : 410,
        "x" : 95
      }
    },
    "resourceId" : "sid-91352B71-85D7-4E4C-AC38-E91E016055D0",
    "target" : {
      "resourceId" : "sid-4D65D31C-18AC-40BE-BA11-BE90616D3991"
    },
    "childShapes" : [ ],
    "properties" : {
      "id" : "",
      "label" : "",
      "transformation" : ""
    },
    "stencil" : {
      "id" : "Arc"
    },
    "outgoing" : [ {
      "resourceId" : "sid-4D65D31C-18AC-40BE-BA11-BE90616D3991"
    } ]
  }, {
    "dockers" : [ {
      "y" : 25,
      "x" : 5
    }, {
      "y" : 555,
      "x" : 215
    }, {
      "y" : 15,
      "x" : 15
    } ],
    "bounds" : {
      "lowerRight" : {
        "y" : 555,
        "x" : 215
      },
      "upperLeft" : {
        "y" : 475,
        "x" : 170.0625
      }
    },
    "resourceId" : "sid-EB7AFDD5-0B75-45D2-A807-9A80B0855CD6",
    "target" : {
      "resourceId" : "sid-4D65D31C-18AC-40BE-BA11-BE90616D3991"
    },
    "childShapes" : [ ],
    "properties" : {
      "id" : "",
      "label" : "",
      "transformation" : ""
    },
    "stencil" : {
      "id" : "Arc"
    },
    "outgoing" : [ {
      "resourceId" : "sid-4D65D31C-18AC-40BE-BA11-BE90616D3991"
    } ]
  } ],
  "properties" : {
    "author" : "",
    "title" : "",
    "modificationdate" : "10/07/07",
    "engine" : "false",
    "documentation" : "",
    "language" : "English",
    "creationdate" : "10/07/07",
    "version" : ""
  },
  "ssextensions" : [ ],
  "stencilset" : {
    "url" : "/stencilsets/petrinets/petrinet.json?version=4.3.4",
    "namespace" : "http://b3mn.org/stencilset/petrinet#"
  },
  "stencil" : {
    "id" : "Diagram"
  }
}