{
  "revision" : {
    "creationDate" : null,
    "elementCounts" : {
      "total" : 31,
      "Place" : 7,
      "Arc" : 18,
      "Transition" : 5,
      "Diagram" : 1
    },
    "connectedness" : 83,
    "isLastRevision" : "false",
    "revisionNumber" : 6
  },
  "model" : {
    "modelingLanguage" : "petrinet",
    "numberOfRevisions" : 7,
    "naturalLanguage" : "de",
    "timestampModelCollection" : null,
    "directoryId" : "74997446",
    "groupName" : "PetriNet",
    "modelDate" : "2010-11-09",
    "modelName" : "Cola-Limo-Automat - Ludwig Wall Magdalena Noffke",
    "modelId" : "1568387393"
  }
}