{
  "revision" : {
    "creationDate" : null,
    "elementCounts" : {
      "total" : 20,
      "Place" : 4,
      "Arc" : 10,
      "Transition" : 5,
      "Diagram" : 1
    },
    "connectedness" : 100,
    "isLastRevision" : "false",
    "revisionNumber" : 1
  },
  "model" : {
    "modelingLanguage" : "petrinet",
    "numberOfRevisions" : 2,
    "naturalLanguage" : "de",
    "timestampModelCollection" : null,
    "directoryId" : "817685383",
    "groupName" : "PetriNet",
    "modelDate" : "2011-11-13",
    "modelName" : "Neuer Prozess",
    "modelId" : "389542168"
  }
}