{
  "revision" : {
    "creationDate" : null,
    "elementCounts" : {
      "total" : 63,
      "Place" : 15,
      "Arc" : 32,
      "Transition" : 15,
      "Diagram" : 1
    },
    "connectedness" : 100,
    "isLastRevision" : "false",
    "revisionNumber" : 1
  },
  "model" : {
    "modelingLanguage" : "petrinet",
    "numberOfRevisions" : 3,
    "naturalLanguage" : "de",
    "timestampModelCollection" : null,
    "directoryId" : "1980671287",
    "groupName" : "PetriNet",
    "modelDate" : "2012-08-30",
    "modelName" : "712068984",
    "modelId" : "712068984"
  }
}