{
  "revision" : {
    "creationDate" : null,
    "elementCounts" : {
      "total" : 53,
      "Place" : 12,
      "Arc" : 28,
      "Transition" : 10,
      "VerticalEmptyTransition" : 2,
      "Diagram" : 1
    },
    "connectedness" : 100,
    "isLastRevision" : "false",
    "revisionNumber" : 1
  },
  "model" : {
    "modelingLanguage" : "petrinet",
    "numberOfRevisions" : 2,
    "naturalLanguage" : "de",
    "timestampModelCollection" : null,
    "directoryId" : "1143556786",
    "groupName" : "PetriNet",
    "modelDate" : "2012-08-30",
    "modelName" : "1493946190",
    "modelId" : "1493946190"
  }
}