{
  "bounds" : {
    "lowerRight" : {
      "y" : 1050,
      "x" : 1485
    },
    "upperLeft" : {
      "y" : 0,
      "x" : 0
    }
  },
  "resourceId" : "canvas",
  "childShapes" : [ {
    "bounds" : {
      "lowerRight" : {
        "y" : 225,
        "x" : 60
      },
      "upperLeft" : {
        "y" : 195,
        "x" : 30
      }
    },
    "dockers" : [ ],
    "resourceId" : "sid-73AFC766-7DB6-4CA5-A8E7-5AC4E5B13ED7",
    "labels" : [ ],
    "layers" : [ ],
    "childShapes" : [ ],
    "properties" : {
      "exttype" : "Push",
      "id" : "",
      "title" : "A",
      "external" : "false",
      "locatortypes" : "",
      "locatornames" : "",
      "numberoftokens_drawing" : "0",
      "numberoftokens_text" : "",
      "numberOfTokens" : "0",
      "locatorexpr" : "",
      "href" : ""
    },
    "stencil" : {
      "id" : "Place"
    },
    "outgoing" : [ {
      "resourceId" : "sid-9DD1EAA7-1C50-4BDE-8C9D-6C68BB8885A3"
    }, {
      "resourceId" : "sid-25B7EB02-98CB-4E97-BC44-F5C37FA312BF"
    }, {
      "resourceId" : "sid-32101DF2-BA12-4B04-913D-13913A74BDCC"
    }, {
      "resourceId" : "sid-4C54DAA1-4136-4D66-BD97-B100D03AFFBE"
    } ],
    "formats" : {
    },
    "glossaryLinks" : {
    }
  }, {
    "bounds" : {
      "lowerRight" : {
        "y" : 189,
        "x" : 290
      },
      "upperLeft" : {
        "y" : 135,
        "x" : 225
      }
    },
    "dockers" : [ ],
    "resourceId" : "sid-C2F7FBF6-8276-49E4-888A-2EB25C4474E9",
    "labels" : [ ],
    "layers" : [ ],
    "childShapes" : [ ],
    "properties" : {
      "id" : "",
      "title" : "B",
      "communicationtype" : "Default",
      "communicationchannel" : "",
      "guard" : "",
      "oform" : "",
      "omodel" : "",
      "firetype" : "Automatic",
      "href" : ""
    },
    "stencil" : {
      "id" : "Transition"
    },
    "outgoing" : [ {
      "resourceId" : "sid-6A0AFF47-DFE1-4484-AF39-4D247641AAA4"
    } ],
    "formats" : {
    },
    "glossaryLinks" : {
    }
  }, {
    "bounds" : {
      "lowerRight" : {
        "y" : 84,
        "x" : 695
      },
      "upperLeft" : {
        "y" : 30,
        "x" : 630
      }
    },
    "dockers" : [ ],
    "resourceId" : "sid-30943602-1AFB-45A4-AC94-8D4D78747BEE",
    "labels" : [ ],
    "layers" : [ ],
    "childShapes" : [ ],
    "properties" : {
      "id" : "",
      "title" : "C",
      "communicationtype" : "Default",
      "communicationchannel" : "",
      "guard" : "",
      "oform" : "",
      "omodel" : "",
      "firetype" : "Automatic",
      "href" : ""
    },
    "stencil" : {
      "id" : "Transition"
    },
    "outgoing" : [ {
      "resourceId" : "sid-C383C05F-DEF8-4274-AE30-FE63C8718BE2"
    } ],
    "formats" : {
    },
    "glossaryLinks" : {
    }
  }, {
    "bounds" : {
      "lowerRight" : {
        "y" : 84,
        "x" : 875
      },
      "upperLeft" : {
        "y" : 30,
        "x" : 810
      }
    },
    "dockers" : [ ],
    "resourceId" : "sid-7A0F9983-D2F6-4062-857B-9D6A9D118FBA",
    "labels" : [ ],
    "layers" : [ ],
    "childShapes" : [ ],
    "properties" : {
      "id" : "",
      "title" : "D",
      "communicationtype" : "Default",
      "communicationchannel" : "",
      "guard" : "",
      "oform" : "",
      "omodel" : "",
      "firetype" : "Automatic",
      "href" : ""
    },
    "stencil" : {
      "id" : "Transition"
    },
    "outgoing" : [ {
      "resourceId" : "sid-5E299B44-6B26-4BB0-BC43-6A18AEEEC3CA"
    } ],
    "formats" : {
    },
    "glossaryLinks" : {
    }
  }, {
    "bounds" : {
      "lowerRight" : {
        "y" : 84,
        "x" : 287.5
      },
      "upperLeft" : {
        "y" : 30,
        "x" : 222.5
      }
    },
    "dockers" : [ ],
    "resourceId" : "sid-75990944-A1C2-4DF7-AE57-283E54DAC6AC",
    "labels" : [ ],
    "layers" : [ ],
    "childShapes" : [ ],
    "properties" : {
      "id" : "",
      "title" : "E",
      "communicationtype" : "Default",
      "communicationchannel" : "",
      "guard" : "",
      "oform" : "",
      "omodel" : "",
      "firetype" : "Automatic",
      "href" : ""
    },
    "stencil" : {
      "id" : "Transition"
    },
    "outgoing" : [ {
      "resourceId" : "sid-A17FAEB6-1B46-4F2D-8C92-A9A8C6791217"
    } ],
    "formats" : {
    },
    "glossaryLinks" : {
    }
  }, {
    "bounds" : {
      "lowerRight" : {
        "y" : 199.78670862654403,
        "x" : 222.0434777726347
      },
      "upperLeft" : {
        "y" : 58.24844762345597,
        "x" : 56.9155066023653
      }
    },
    "dockers" : [ {
      "y" : 15,
      "x" : 15
    }, {
      "y" : 27,
      "x" : 1
    } ],
    "resourceId" : "sid-9DD1EAA7-1C50-4BDE-8C9D-6C68BB8885A3",
    "labels" : [ ],
    "layers" : [ ],
    "target" : {
      "resourceId" : "sid-75990944-A1C2-4DF7-AE57-283E54DAC6AC"
    },
    "childShapes" : [ ],
    "properties" : {
      "id" : "",
      "label" : "",
      "transformation" : ""
    },
    "stencil" : {
      "id" : "Arc"
    },
    "outgoing" : [ {
      "resourceId" : "sid-75990944-A1C2-4DF7-AE57-283E54DAC6AC"
    } ],
    "formats" : {
    },
    "glossaryLinks" : {
    }
  }, {
    "bounds" : {
      "lowerRight" : {
        "y" : 72,
        "x" : 585
      },
      "upperLeft" : {
        "y" : 42,
        "x" : 555
      }
    },
    "dockers" : [ ],
    "resourceId" : "sid-B7964F78-1EC5-4645-8C6C-2C0E014EE1C9",
    "labels" : [ ],
    "layers" : [ ],
    "childShapes" : [ ],
    "properties" : {
      "exttype" : "Push",
      "id" : "",
      "title" : "F",
      "external" : "false",
      "locatortypes" : "",
      "locatornames" : "",
      "numberoftokens_drawing" : "0",
      "numberoftokens_text" : "",
      "numberOfTokens" : "0",
      "locatorexpr" : "",
      "href" : ""
    },
    "stencil" : {
      "id" : "Place"
    },
    "outgoing" : [ {
      "resourceId" : "sid-D3E78977-2838-4C5A-917F-E4D3B87822C8"
    } ],
    "formats" : {
    },
    "glossaryLinks" : {
    }
  }, {
    "bounds" : {
      "lowerRight" : {
        "y" : 72,
        "x" : 375
      },
      "upperLeft" : {
        "y" : 42,
        "x" : 345
      }
    },
    "dockers" : [ ],
    "resourceId" : "sid-CE05E2C9-27BD-4626-9532-2A4C1C464329",
    "labels" : [ ],
    "layers" : [ ],
    "childShapes" : [ ],
    "properties" : {
      "exttype" : "Push",
      "id" : "",
      "title" : "G",
      "external" : "false",
      "locatortypes" : "",
      "locatornames" : "",
      "numberoftokens_drawing" : "0",
      "numberoftokens_text" : "",
      "numberOfTokens" : "0",
      "locatorexpr" : "",
      "href" : ""
    },
    "stencil" : {
      "id" : "Place"
    },
    "outgoing" : [ {
      "resourceId" : "sid-A9FCAB37-BB2B-4082-AA7C-4FC099EB23AB"
    } ],
    "formats" : {
    },
    "glossaryLinks" : {
    }
  }, {
    "bounds" : {
      "lowerRight" : {
        "y" : 72,
        "x" : 765
      },
      "upperLeft" : {
        "y" : 42,
        "x" : 735
      }
    },
    "dockers" : [ ],
    "resourceId" : "sid-E3DCAC65-2AA8-420E-8442-3D7288CE2B4A",
    "labels" : [ ],
    "layers" : [ ],
    "childShapes" : [ ],
    "properties" : {
      "exttype" : "Push",
      "id" : "",
      "title" : "H",
      "external" : "false",
      "locatortypes" : "",
      "locatornames" : "",
      "numberoftokens_drawing" : "0",
      "numberoftokens_text" : "",
      "numberOfTokens" : "0",
      "locatorexpr" : "",
      "href" : ""
    },
    "stencil" : {
      "id" : "Place"
    },
    "outgoing" : [ {
      "resourceId" : "sid-3DEC49D0-74B4-4EBA-ADF5-86A58316B230"
    } ],
    "formats" : {
    },
    "glossaryLinks" : {
    }
  }, {
    "bounds" : {
      "lowerRight" : {
        "y" : 177,
        "x" : 585
      },
      "upperLeft" : {
        "y" : 147,
        "x" : 555
      }
    },
    "dockers" : [ ],
    "resourceId" : "sid-60E4D015-0DC3-444C-867F-2B5CE5C58AAD",
    "labels" : [ ],
    "layers" : [ ],
    "childShapes" : [ ],
    "properties" : {
      "exttype" : "Push",
      "id" : "",
      "title" : "I",
      "external" : "false",
      "locatortypes" : "",
      "locatornames" : "",
      "numberoftokens_drawing" : "0",
      "numberoftokens_text" : "",
      "numberOfTokens" : "0",
      "locatorexpr" : "",
      "href" : ""
    },
    "stencil" : {
      "id" : "Place"
    },
    "outgoing" : [ {
      "resourceId" : "sid-4E95B97E-3A4E-43EB-AA50-FD1179F07872"
    } ],
    "formats" : {
    },
    "glossaryLinks" : {
    }
  }, {
    "bounds" : {
      "lowerRight" : {
        "y" : 177,
        "x" : 765
      },
      "upperLeft" : {
        "y" : 147,
        "x" : 735
      }
    },
    "dockers" : [ ],
    "resourceId" : "sid-DBF57BB1-0ACF-42BC-AB5D-B352E6E18632",
    "labels" : [ ],
    "layers" : [ ],
    "childShapes" : [ ],
    "properties" : {
      "exttype" : "Push",
      "id" : "",
      "title" : "J",
      "external" : "false",
      "locatortypes" : "",
      "locatornames" : "",
      "numberoftokens_drawing" : "0",
      "numberoftokens_text" : "",
      "numberOfTokens" : "0",
      "locatorexpr" : "",
      "href" : ""
    },
    "stencil" : {
      "id" : "Place"
    },
    "outgoing" : [ {
      "resourceId" : "sid-0DD99930-BF4A-4A27-8E5E-AC53DD393B7E"
    } ],
    "formats" : {
    },
    "glossaryLinks" : {
    }
  }, {
    "bounds" : {
      "lowerRight" : {
        "y" : 285,
        "x" : 375
      },
      "upperLeft" : {
        "y" : 255,
        "x" : 345
      }
    },
    "dockers" : [ ],
    "resourceId" : "sid-E93094FF-10A0-4891-897D-D86229F46621",
    "labels" : [ ],
    "layers" : [ ],
    "childShapes" : [ ],
    "properties" : {
      "exttype" : "Push",
      "id" : "",
      "title" : "K",
      "external" : "false",
      "locatortypes" : "",
      "locatornames" : "",
      "numberoftokens_drawing" : "0",
      "numberoftokens_text" : "",
      "numberOfTokens" : "0",
      "locatorexpr" : "",
      "href" : ""
    },
    "stencil" : {
      "id" : "Place"
    },
    "outgoing" : [ {
      "resourceId" : "sid-CAC9D40E-DC7F-4E8A-855B-FE65E080113E"
    }, {
      "resourceId" : "sid-B4936928-4033-41E4-96F2-0B58824C7C03"
    }, {
      "resourceId" : "sid-0E61DAD6-D2F8-41E2-B94D-B17D20D626F2"
    } ],
    "formats" : {
    },
    "glossaryLinks" : {
    }
  }, {
    "bounds" : {
      "lowerRight" : {
        "y" : 330,
        "x" : 585
      },
      "upperLeft" : {
        "y" : 300,
        "x" : 555
      }
    },
    "dockers" : [ ],
    "resourceId" : "sid-F11CC102-3C4A-4428-857B-4330927B0C67",
    "labels" : [ ],
    "layers" : [ ],
    "childShapes" : [ ],
    "properties" : {
      "exttype" : "Push",
      "id" : "",
      "title" : "L",
      "external" : "false",
      "locatortypes" : "",
      "locatornames" : "",
      "numberoftokens_drawing" : "0",
      "numberoftokens_text" : "",
      "numberOfTokens" : "0",
      "locatorexpr" : "",
      "href" : ""
    },
    "stencil" : {
      "id" : "Place"
    },
    "outgoing" : [ {
      "resourceId" : "sid-F45A2CD4-EA5D-4C0C-AE4E-1956E9561D2F"
    }, {
      "resourceId" : "sid-317522F7-C7A5-4CFF-8001-7D422FD22A01"
    } ],
    "formats" : {
    },
    "glossaryLinks" : {
    }
  }, {
    "bounds" : {
      "lowerRight" : {
        "y" : 285,
        "x" : 765
      },
      "upperLeft" : {
        "y" : 255,
        "x" : 735
      }
    },
    "dockers" : [ ],
    "resourceId" : "sid-764D9C75-92F7-4CC9-9755-50B214BDF6EA",
    "labels" : [ ],
    "layers" : [ ],
    "childShapes" : [ ],
    "properties" : {
      "exttype" : "Push",
      "id" : "",
      "title" : "M",
      "external" : "false",
      "locatortypes" : "",
      "locatornames" : "",
      "numberoftokens_drawing" : "0",
      "numberoftokens_text" : "",
      "numberOfTokens" : "0",
      "locatorexpr" : "",
      "href" : ""
    },
    "stencil" : {
      "id" : "Place"
    },
    "outgoing" : [ {
      "resourceId" : "sid-7679D146-2C7F-4E07-8CAE-16C7A095BBF4"
    } ],
    "formats" : {
    },
    "glossaryLinks" : {
    }
  }, {
    "bounds" : {
      "lowerRight" : {
        "y" : 375,
        "x" : 765
      },
      "upperLeft" : {
        "y" : 345,
        "x" : 735
      }
    },
    "dockers" : [ ],
    "resourceId" : "sid-169E26AB-55CB-4B46-94DF-721B60760AE8",
    "labels" : [ ],
    "layers" : [ ],
    "childShapes" : [ ],
    "properties" : {
      "exttype" : "Push",
      "id" : "",
      "title" : "N",
      "external" : "false",
      "locatortypes" : "",
      "locatornames" : "",
      "numberoftokens_drawing" : "0",
      "numberoftokens_text" : "",
      "numberOfTokens" : "0",
      "locatorexpr" : "",
      "href" : ""
    },
    "stencil" : {
      "id" : "Place"
    },
    "outgoing" : [ {
      "resourceId" : "sid-DBBBAFBF-E9FD-4A69-9D8A-26F1E59EC4B8"
    } ],
    "formats" : {
    },
    "glossaryLinks" : {
    }
  }, {
    "bounds" : {
      "lowerRight" : {
        "y" : 269.45175225313386,
        "x" : 224.84155056572993
      },
      "upperLeft" : {
        "y" : 215.00137274686614,
        "x" : 60.12915255927006
      }
    },
    "dockers" : [ {
      "y" : 15,
      "x" : 15
    }, {
      "y" : 27,
      "x" : 1
    } ],
    "resourceId" : "sid-32101DF2-BA12-4B04-913D-13913A74BDCC",
    "labels" : [ ],
    "layers" : [ ],
    "target" : {
      "resourceId" : "sid-CB62E5FC-EDC8-4E73-9D23-8E245C4A1C74"
    },
    "childShapes" : [ ],
    "properties" : {
      "id" : "",
      "label" : "",
      "transformation" : ""
    },
    "stencil" : {
      "id" : "Arc"
    },
    "outgoing" : [ {
      "resourceId" : "sid-CB62E5FC-EDC8-4E73-9D23-8E245C4A1C74"
    } ],
    "formats" : {
    },
    "glossaryLinks" : {
    }
  }, {
    "bounds" : {
      "lowerRight" : {
        "y" : 345.87132459191434,
        "x" : 225.2538402146988
      },
      "upperLeft" : {
        "y" : 224.81617540808566,
        "x" : 49.01178478530119
      }
    },
    "dockers" : [ {
      "y" : 25,
      "x" : 12
    }, {
      "y" : 23,
      "x" : 14
    } ],
    "resourceId" : "sid-4C54DAA1-4136-4D66-BD97-B100D03AFFBE",
    "labels" : [ ],
    "layers" : [ ],
    "target" : {
      "resourceId" : "sid-F2251F1F-CE18-4CB1-9619-9D14296E9EBC"
    },
    "childShapes" : [ ],
    "properties" : {
      "id" : "",
      "label" : "",
      "transformation" : ""
    },
    "stencil" : {
      "id" : "Arc"
    },
    "outgoing" : [ {
      "resourceId" : "sid-F2251F1F-CE18-4CB1-9619-9D14296E9EBC"
    } ],
    "formats" : {
    },
    "glossaryLinks" : {
    }
  }, {
    "bounds" : {
      "lowerRight" : {
        "y" : 57,
        "x" : 344.0703125
      },
      "upperLeft" : {
        "y" : 57,
        "x" : 288.07421875
      }
    },
    "dockers" : [ {
      "y" : 27,
      "x" : 64
    }, {
      "y" : 15,
      "x" : 15
    } ],
    "resourceId" : "sid-A17FAEB6-1B46-4F2D-8C92-A9A8C6791217",
    "labels" : [ ],
    "layers" : [ ],
    "target" : {
      "resourceId" : "sid-CE05E2C9-27BD-4626-9532-2A4C1C464329"
    },
    "childShapes" : [ ],
    "properties" : {
      "id" : "",
      "label" : "",
      "transformation" : ""
    },
    "stencil" : {
      "id" : "Arc"
    },
    "outgoing" : [ {
      "resourceId" : "sid-CE05E2C9-27BD-4626-9532-2A4C1C464329"
    } ],
    "formats" : {
    },
    "glossaryLinks" : {
    }
  }, {
    "bounds" : {
      "lowerRight" : {
        "y" : 189,
        "x" : 512.5
      },
      "upperLeft" : {
        "y" : 135,
        "x" : 447.5
      }
    },
    "dockers" : [ ],
    "resourceId" : "sid-590412C3-8861-4C41-B752-58D68B3026CC",
    "labels" : [ ],
    "layers" : [ ],
    "childShapes" : [ ],
    "properties" : {
      "id" : "",
      "title" : "O",
      "communicationtype" : "Default",
      "communicationchannel" : "",
      "guard" : "",
      "oform" : "",
      "omodel" : "",
      "firetype" : "Automatic",
      "href" : ""
    },
    "stencil" : {
      "id" : "Transition"
    },
    "outgoing" : [ {
      "resourceId" : "sid-4454226F-95D7-4358-A7D3-4C663921929E"
    } ],
    "formats" : {
    },
    "glossaryLinks" : {
    }
  }, {
    "bounds" : {
      "lowerRight" : {
        "y" : 297,
        "x" : 696
      },
      "upperLeft" : {
        "y" : 243,
        "x" : 631
      }
    },
    "dockers" : [ ],
    "resourceId" : "sid-6060FAB0-5F2E-457F-978E-3E24A442C46B",
    "labels" : [ ],
    "layers" : [ ],
    "childShapes" : [ ],
    "properties" : {
      "id" : "",
      "title" : "P",
      "communicationtype" : "Default",
      "communicationchannel" : "",
      "guard" : "",
      "oform" : "",
      "omodel" : "",
      "firetype" : "Automatic",
      "href" : ""
    },
    "stencil" : {
      "id" : "Transition"
    },
    "outgoing" : [ {
      "resourceId" : "sid-22001E3C-F0F8-4234-B80F-70141BD6FA66"
    } ],
    "formats" : {
    },
    "glossaryLinks" : {
    }
  }, {
    "bounds" : {
      "lowerRight" : {
        "y" : 387,
        "x" : 876
      },
      "upperLeft" : {
        "y" : 333,
        "x" : 811
      }
    },
    "dockers" : [ ],
    "resourceId" : "sid-0A187A28-8A81-4FBB-8755-AEAA49A94624",
    "labels" : [ ],
    "layers" : [ ],
    "childShapes" : [ ],
    "properties" : {
      "id" : "",
      "title" : "Q",
      "communicationtype" : "Default",
      "communicationchannel" : "",
      "guard" : "",
      "oform" : "",
      "omodel" : "",
      "firetype" : "Automatic",
      "href" : ""
    },
    "stencil" : {
      "id" : "Transition"
    },
    "outgoing" : [ {
      "resourceId" : "sid-2E9AD16E-5585-4B1B-9A76-8AFD209F3532"
    } ],
    "formats" : {
    },
    "glossaryLinks" : {
    }
  }, {
    "bounds" : {
      "lowerRight" : {
        "y" : 84,
        "x" : 512.5
      },
      "upperLeft" : {
        "y" : 30,
        "x" : 447.5
      }
    },
    "dockers" : [ ],
    "resourceId" : "sid-9F4BCD29-80BC-4631-820F-4F246B3940B3",
    "labels" : [ ],
    "layers" : [ ],
    "childShapes" : [ ],
    "properties" : {
      "id" : "",
      "title" : "R",
      "communicationtype" : "Default",
      "communicationchannel" : "",
      "guard" : "",
      "oform" : "",
      "omodel" : "",
      "firetype" : "Automatic",
      "href" : ""
    },
    "stencil" : {
      "id" : "Transition"
    },
    "outgoing" : [ {
      "resourceId" : "sid-780355E0-7953-4187-8746-F23617EFFF8F"
    } ],
    "formats" : {
    },
    "glossaryLinks" : {
    }
  }, {
    "bounds" : {
      "lowerRight" : {
        "y" : 297,
        "x" : 290.5
      },
      "upperLeft" : {
        "y" : 243,
        "x" : 225.5
      }
    },
    "dockers" : [ ],
    "resourceId" : "sid-CB62E5FC-EDC8-4E73-9D23-8E245C4A1C74",
    "labels" : [ ],
    "layers" : [ ],
    "childShapes" : [ ],
    "properties" : {
      "id" : "",
      "title" : "S",
      "communicationtype" : "Default",
      "communicationchannel" : "",
      "guard" : "",
      "oform" : "",
      "omodel" : "",
      "firetype" : "Automatic",
      "href" : ""
    },
    "stencil" : {
      "id" : "Transition"
    },
    "outgoing" : [ {
      "resourceId" : "sid-D90DE141-F491-4A48-8C8E-8C453D4A47EA"
    } ],
    "formats" : {
    },
    "glossaryLinks" : {
    }
  }, {
    "bounds" : {
      "lowerRight" : {
        "y" : 205.9936671207436,
        "x" : 224.32638018447062
      },
      "upperLeft" : {
        "y" : 162.44383287925638,
        "x" : 60.10721356552937
      }
    },
    "dockers" : [ {
      "y" : 15,
      "x" : 15
    }, {
      "y" : 27,
      "x" : 1
    } ],
    "resourceId" : "sid-25B7EB02-98CB-4E97-BC44-F5C37FA312BF",
    "labels" : [ ],
    "layers" : [ ],
    "target" : {
      "resourceId" : "sid-C2F7FBF6-8276-49E4-888A-2EB25C4474E9"
    },
    "childShapes" : [ ],
    "properties" : {
      "id" : "",
      "label" : "",
      "transformation" : ""
    },
    "stencil" : {
      "id" : "Arc"
    },
    "outgoing" : [ {
      "resourceId" : "sid-C2F7FBF6-8276-49E4-888A-2EB25C4474E9"
    } ],
    "formats" : {
    },
    "glossaryLinks" : {
    }
  }, {
    "bounds" : {
      "lowerRight" : {
        "y" : 387,
        "x" : 291
      },
      "upperLeft" : {
        "y" : 333,
        "x" : 226
      }
    },
    "dockers" : [ ],
    "resourceId" : "sid-F2251F1F-CE18-4CB1-9619-9D14296E9EBC",
    "labels" : [ ],
    "layers" : [ ],
    "childShapes" : [ ],
    "properties" : {
      "id" : "",
      "title" : "T",
      "communicationtype" : "Default",
      "communicationchannel" : "",
      "guard" : "",
      "oform" : "",
      "omodel" : "",
      "firetype" : "Automatic",
      "href" : ""
    },
    "stencil" : {
      "id" : "Transition"
    },
    "outgoing" : [ {
      "resourceId" : "sid-34011B5A-C544-46D8-B504-ED3B35FD0ECA"
    } ],
    "formats" : {
    },
    "glossaryLinks" : {
    }
  }, {
    "bounds" : {
      "lowerRight" : {
        "y" : 297,
        "x" : 512.5
      },
      "upperLeft" : {
        "y" : 243,
        "x" : 447.5
      }
    },
    "dockers" : [ ],
    "resourceId" : "sid-6DF3A135-7054-4239-8DBB-1CFEC717A8AC",
    "labels" : [ ],
    "layers" : [ ],
    "childShapes" : [ ],
    "properties" : {
      "id" : "",
      "title" : "U",
      "communicationtype" : "Default",
      "communicationchannel" : "",
      "guard" : "",
      "oform" : "",
      "omodel" : "",
      "firetype" : "Automatic",
      "href" : ""
    },
    "stencil" : {
      "id" : "Transition"
    },
    "outgoing" : [ {
      "resourceId" : "sid-1303A224-10EB-4A1C-B5F1-816F532187BA"
    } ],
    "formats" : {
    },
    "glossaryLinks" : {
    }
  }, {
    "bounds" : {
      "lowerRight" : {
        "y" : 297,
        "x" : 875.5
      },
      "upperLeft" : {
        "y" : 243,
        "x" : 810.5
      }
    },
    "dockers" : [ ],
    "resourceId" : "sid-D3DB78E4-794D-458E-A685-2D25D03505B5",
    "labels" : [ ],
    "layers" : [ ],
    "childShapes" : [ ],
    "properties" : {
      "id" : "",
      "title" : "V",
      "communicationtype" : "Default",
      "communicationchannel" : "",
      "guard" : "",
      "oform" : "",
      "omodel" : "",
      "firetype" : "Automatic",
      "href" : ""
    },
    "stencil" : {
      "id" : "Transition"
    },
    "outgoing" : [ {
      "resourceId" : "sid-CFEEA99F-C33A-4755-9708-FB31CD0B105D"
    } ],
    "formats" : {
    },
    "glossaryLinks" : {
    }
  }, {
    "bounds" : {
      "lowerRight" : {
        "y" : 189,
        "x" : 695.5
      },
      "upperLeft" : {
        "y" : 135,
        "x" : 630.5
      }
    },
    "dockers" : [ ],
    "resourceId" : "sid-E198B60B-969E-4E05-8ED8-358961F3968E",
    "labels" : [ ],
    "layers" : [ ],
    "childShapes" : [ ],
    "properties" : {
      "id" : "",
      "title" : "W",
      "communicationtype" : "Default",
      "communicationchannel" : "",
      "guard" : "",
      "oform" : "",
      "omodel" : "",
      "firetype" : "Automatic",
      "href" : ""
    },
    "stencil" : {
      "id" : "Transition"
    },
    "outgoing" : [ {
      "resourceId" : "sid-EACAA3D7-3F2A-4903-BAED-9820FF03AFED"
    } ],
    "formats" : {
    },
    "glossaryLinks" : {
    }
  }, {
    "bounds" : {
      "lowerRight" : {
        "y" : 189,
        "x" : 875.5
      },
      "upperLeft" : {
        "y" : 135,
        "x" : 810.5
      }
    },
    "dockers" : [ ],
    "resourceId" : "sid-681DCF29-7EE2-4657-8388-69C40BFEB581",
    "labels" : [ ],
    "layers" : [ ],
    "childShapes" : [ ],
    "properties" : {
      "id" : "",
      "title" : "X",
      "communicationtype" : "Default",
      "communicationchannel" : "",
      "guard" : "",
      "oform" : "",
      "omodel" : "",
      "firetype" : "Automatic",
      "href" : ""
    },
    "stencil" : {
      "id" : "Transition"
    },
    "outgoing" : [ {
      "resourceId" : "sid-B6190DE3-5778-4CF8-BD69-15AC2BB0D90E"
    } ],
    "formats" : {
    },
    "glossaryLinks" : {
    }
  }, {
    "bounds" : {
      "lowerRight" : {
        "y" : 387,
        "x" : 512.5
      },
      "upperLeft" : {
        "y" : 333,
        "x" : 447.5
      }
    },
    "dockers" : [ ],
    "resourceId" : "sid-72807EF9-1F05-44E1-9263-270645A6BB3D",
    "labels" : [ ],
    "layers" : [ ],
    "childShapes" : [ ],
    "properties" : {
      "id" : "",
      "title" : "Y",
      "communicationtype" : "Default",
      "communicationchannel" : "",
      "guard" : "",
      "oform" : "",
      "omodel" : "",
      "firetype" : "Automatic",
      "href" : ""
    },
    "stencil" : {
      "id" : "Transition"
    },
    "outgoing" : [ {
      "resourceId" : "sid-E482FBF7-50AF-4E3E-98A5-DF2BE6DC063B"
    } ],
    "formats" : {
    },
    "glossaryLinks" : {
    }
  }, {
    "bounds" : {
      "lowerRight" : {
        "y" : 387,
        "x" : 696.5
      },
      "upperLeft" : {
        "y" : 333,
        "x" : 631.5
      }
    },
    "dockers" : [ ],
    "resourceId" : "sid-A2FC46B7-C3AF-4EDF-96A5-2DBB2CC41897",
    "labels" : [ ],
    "layers" : [ ],
    "childShapes" : [ ],
    "properties" : {
      "id" : "",
      "title" : "Z",
      "communicationtype" : "Default",
      "communicationchannel" : "",
      "guard" : "",
      "oform" : "",
      "omodel" : "",
      "firetype" : "Automatic",
      "href" : ""
    },
    "stencil" : {
      "id" : "Transition"
    },
    "outgoing" : [ {
      "resourceId" : "sid-7A8A8F79-0B97-404F-B0F9-C02AF14DB8A4"
    } ],
    "formats" : {
    },
    "glossaryLinks" : {
    }
  }, {
    "bounds" : {
      "lowerRight" : {
        "y" : 225,
        "x" : 1005
      },
      "upperLeft" : {
        "y" : 195,
        "x" : 975
      }
    },
    "dockers" : [ ],
    "resourceId" : "sid-74B333E1-A3F9-4D96-ADCF-23941A9F41A5",
    "labels" : [ ],
    "layers" : [ ],
    "childShapes" : [ ],
    "properties" : {
      "exttype" : "Push",
      "id" : "",
      "title" : "AA",
      "external" : "false",
      "locatortypes" : "",
      "locatornames" : "",
      "numberoftokens_drawing" : "0",
      "numberoftokens_text" : "",
      "numberOfTokens" : "0",
      "locatorexpr" : "",
      "href" : ""
    },
    "stencil" : {
      "id" : "Place"
    },
    "outgoing" : [ ],
    "formats" : {
    },
    "glossaryLinks" : {
    }
  }, {
    "bounds" : {
      "lowerRight" : {
        "y" : 358.5838513201894,
        "x" : 447.10745379818627
      },
      "upperLeft" : {
        "y" : 281.2598986798106,
        "x" : 371.07223370181373
      }
    },
    "dockers" : [ {
      "y" : 15,
      "x" : 15
    }, {
      "y" : 27,
      "x" : 1
    } ],
    "resourceId" : "sid-0E61DAD6-D2F8-41E2-B94D-B17D20D626F2",
    "labels" : [ ],
    "layers" : [ ],
    "target" : {
      "resourceId" : "sid-72807EF9-1F05-44E1-9263-270645A6BB3D"
    },
    "childShapes" : [ ],
    "properties" : {
      "id" : "",
      "label" : "",
      "transformation" : ""
    },
    "stencil" : {
      "id" : "Arc"
    },
    "outgoing" : [ {
      "resourceId" : "sid-72807EF9-1F05-44E1-9263-270645A6BB3D"
    } ],
    "formats" : {
    },
    "glossaryLinks" : {
    }
  }, {
    "bounds" : {
      "lowerRight" : {
        "y" : 257.3518959899221,
        "x" : 351.6850427341155
      },
      "upperLeft" : {
        "y" : 163.67935401007784,
        "x" : 290.1040197658845
      }
    },
    "dockers" : [ {
      "y" : 27,
      "x" : 64
    }, {
      "y" : 15,
      "x" : 15
    } ],
    "resourceId" : "sid-6A0AFF47-DFE1-4484-AF39-4D247641AAA4",
    "labels" : [ ],
    "layers" : [ ],
    "target" : {
      "resourceId" : "sid-E93094FF-10A0-4891-897D-D86229F46621"
    },
    "childShapes" : [ ],
    "properties" : {
      "id" : "",
      "label" : "",
      "transformation" : ""
    },
    "stencil" : {
      "id" : "Arc"
    },
    "outgoing" : [ {
      "resourceId" : "sid-E93094FF-10A0-4891-897D-D86229F46621"
    } ],
    "formats" : {
    },
    "glossaryLinks" : {
    }
  }, {
    "bounds" : {
      "lowerRight" : {
        "y" : 270,
        "x" : 344.4453125
      },
      "upperLeft" : {
        "y" : 270,
        "x" : 291.390625
      }
    },
    "dockers" : [ {
      "y" : 27,
      "x" : 53.5
    }, {
      "y" : 15,
      "x" : 15
    } ],
    "resourceId" : "sid-D90DE141-F491-4A48-8C8E-8C453D4A47EA",
    "labels" : [ ],
    "layers" : [ ],
    "target" : {
      "resourceId" : "sid-E93094FF-10A0-4891-897D-D86229F46621"
    },
    "childShapes" : [ ],
    "properties" : {
      "id" : "",
      "label" : "",
      "transformation" : ""
    },
    "stencil" : {
      "id" : "Arc"
    },
    "outgoing" : [ {
      "resourceId" : "sid-E93094FF-10A0-4891-897D-D86229F46621"
    } ],
    "formats" : {
    },
    "glossaryLinks" : {
    }
  }, {
    "bounds" : {
      "lowerRight" : {
        "y" : 269.68292710097717,
        "x" : 447.1720789983701
      },
      "upperLeft" : {
        "y" : 268.23894789902283,
        "x" : 375.6951085016299
      }
    },
    "dockers" : [ {
      "y" : 15,
      "x" : 15
    }, {
      "y" : 25,
      "x" : 11.5
    } ],
    "resourceId" : "sid-CAC9D40E-DC7F-4E8A-855B-FE65E080113E",
    "labels" : [ ],
    "layers" : [ ],
    "target" : {
      "resourceId" : "sid-6DF3A135-7054-4239-8DBB-1CFEC717A8AC"
    },
    "childShapes" : [ ],
    "properties" : {
      "id" : "",
      "label" : "",
      "transformation" : ""
    },
    "stencil" : {
      "id" : "Arc"
    },
    "outgoing" : [ {
      "resourceId" : "sid-6DF3A135-7054-4239-8DBB-1CFEC717A8AC"
    } ],
    "formats" : {
    },
    "glossaryLinks" : {
    }
  }, {
    "bounds" : {
      "lowerRight" : {
        "y" : 306.7302899273903,
        "x" : 556.9522352187713
      },
      "upperLeft" : {
        "y" : 278.9728350726097,
        "x" : 513.1571397812287
      }
    },
    "dockers" : [ {
      "y" : 27,
      "x" : 51.5
    }, {
      "y" : 15,
      "x" : 15
    } ],
    "resourceId" : "sid-1303A224-10EB-4A1C-B5F1-816F532187BA",
    "labels" : [ ],
    "layers" : [ ],
    "target" : {
      "resourceId" : "sid-F11CC102-3C4A-4428-857B-4330927B0C67"
    },
    "childShapes" : [ ],
    "properties" : {
      "id" : "",
      "label" : "",
      "transformation" : ""
    },
    "stencil" : {
      "id" : "Arc"
    },
    "outgoing" : [ {
      "resourceId" : "sid-F11CC102-3C4A-4428-857B-4330927B0C67"
    } ],
    "formats" : {
    },
    "glossaryLinks" : {
    }
  }, {
    "bounds" : {
      "lowerRight" : {
        "y" : 307.4737960285791,
        "x" : 630.8498308057277
      },
      "upperLeft" : {
        "y" : 280.3387039714209,
        "x" : 583.2126691942723
      }
    },
    "dockers" : [ {
      "y" : 15,
      "x" : 15
    }, {
      "y" : 27,
      "x" : 18
    } ],
    "resourceId" : "sid-F45A2CD4-EA5D-4C0C-AE4E-1956E9561D2F",
    "labels" : [ ],
    "layers" : [ ],
    "target" : {
      "resourceId" : "sid-6060FAB0-5F2E-457F-978E-3E24A442C46B"
    },
    "childShapes" : [ ],
    "properties" : {
      "id" : "",
      "label" : "",
      "transformation" : ""
    },
    "stencil" : {
      "id" : "Arc"
    },
    "outgoing" : [ {
      "resourceId" : "sid-6060FAB0-5F2E-457F-978E-3E24A442C46B"
    } ],
    "formats" : {
    },
    "glossaryLinks" : {
    }
  }, {
    "bounds" : {
      "lowerRight" : {
        "y" : 349.6366693952818,
        "x" : 556.42682856113
      },
      "upperLeft" : {
        "y" : 323.2539556047182,
        "x" : 513.04192143887
      }
    },
    "dockers" : [ {
      "y" : 27,
      "x" : 48.5
    }, {
      "y" : 15,
      "x" : 15
    } ],
    "resourceId" : "sid-E482FBF7-50AF-4E3E-98A5-DF2BE6DC063B",
    "labels" : [ ],
    "layers" : [ ],
    "target" : {
      "resourceId" : "sid-F11CC102-3C4A-4428-857B-4330927B0C67"
    },
    "childShapes" : [ ],
    "properties" : {
      "id" : "",
      "label" : "",
      "transformation" : ""
    },
    "stencil" : {
      "id" : "Arc"
    },
    "outgoing" : [ {
      "resourceId" : "sid-F11CC102-3C4A-4428-857B-4330927B0C67"
    } ],
    "formats" : {
    },
    "glossaryLinks" : {
    }
  }, {
    "bounds" : {
      "lowerRight" : {
        "y" : 360,
        "x" : 734.21875
      },
      "upperLeft" : {
        "y" : 360,
        "x" : 697.25
      }
    },
    "dockers" : [ {
      "y" : 27,
      "x" : 32.5
    }, {
      "y" : 15,
      "x" : 15
    } ],
    "resourceId" : "sid-7A8A8F79-0B97-404F-B0F9-C02AF14DB8A4",
    "labels" : [ ],
    "layers" : [ ],
    "target" : {
      "resourceId" : "sid-169E26AB-55CB-4B46-94DF-721B60760AE8"
    },
    "childShapes" : [ ],
    "properties" : {
      "id" : "",
      "label" : "",
      "transformation" : ""
    },
    "stencil" : {
      "id" : "Arc"
    },
    "outgoing" : [ {
      "resourceId" : "sid-169E26AB-55CB-4B46-94DF-721B60760AE8"
    } ],
    "formats" : {
    },
    "glossaryLinks" : {
    }
  }, {
    "bounds" : {
      "lowerRight" : {
        "y" : 162,
        "x" : 554.9375
      },
      "upperLeft" : {
        "y" : 162,
        "x" : 513.34375
      }
    },
    "dockers" : [ {
      "y" : 27,
      "x" : 32.5
    }, {
      "y" : 15,
      "x" : 15
    } ],
    "resourceId" : "sid-4454226F-95D7-4358-A7D3-4C663921929E",
    "labels" : [ ],
    "layers" : [ ],
    "target" : {
      "resourceId" : "sid-60E4D015-0DC3-444C-867F-2B5CE5C58AAD"
    },
    "childShapes" : [ ],
    "properties" : {
      "id" : "",
      "label" : "",
      "transformation" : ""
    },
    "stencil" : {
      "id" : "Arc"
    },
    "outgoing" : [ {
      "resourceId" : "sid-60E4D015-0DC3-444C-867F-2B5CE5C58AAD"
    } ],
    "formats" : {
    },
    "glossaryLinks" : {
    }
  }, {
    "bounds" : {
      "lowerRight" : {
        "y" : 365.2722080497191,
        "x" : 810.2538062825039
      },
      "upperLeft" : {
        "y" : 361.3449794502809,
        "x" : 765.3711937174961
      }
    },
    "dockers" : [ {
      "y" : 15,
      "x" : 15
    }, {
      "y" : 34,
      "x" : 19
    } ],
    "resourceId" : "sid-DBBBAFBF-E9FD-4A69-9D8A-26F1E59EC4B8",
    "labels" : [ ],
    "layers" : [ ],
    "target" : {
      "resourceId" : "sid-0A187A28-8A81-4FBB-8755-AEAA49A94624"
    },
    "childShapes" : [ ],
    "properties" : {
      "id" : "",
      "label" : "",
      "transformation" : ""
    },
    "stencil" : {
      "id" : "Arc"
    },
    "outgoing" : [ {
      "resourceId" : "sid-0A187A28-8A81-4FBB-8755-AEAA49A94624"
    } ],
    "formats" : {
    },
    "glossaryLinks" : {
    }
  }, {
    "bounds" : {
      "lowerRight" : {
        "y" : 269.59936739920744,
        "x" : 809.9378285690905
      },
      "upperLeft" : {
        "y" : 268.46313260079256,
        "x" : 765.6246714309095
      }
    },
    "dockers" : [ {
      "y" : 15,
      "x" : 15
    }, {
      "y" : 25,
      "x" : 17.5
    } ],
    "resourceId" : "sid-7679D146-2C7F-4E07-8CAE-16C7A095BBF4",
    "labels" : [ ],
    "layers" : [ ],
    "target" : {
      "resourceId" : "sid-D3DB78E4-794D-458E-A685-2D25D03505B5"
    },
    "childShapes" : [ ],
    "properties" : {
      "id" : "",
      "label" : "",
      "transformation" : ""
    },
    "stencil" : {
      "id" : "Arc"
    },
    "outgoing" : [ {
      "resourceId" : "sid-D3DB78E4-794D-458E-A685-2D25D03505B5"
    } ],
    "formats" : {
    },
    "glossaryLinks" : {
    }
  }, {
    "bounds" : {
      "lowerRight" : {
        "y" : 364.38307470982147,
        "x" : 984.9791004232375
      },
      "upperLeft" : {
        "y" : 224.5934877901785,
        "x" : 876.0521495767625
      }
    },
    "dockers" : [ {
      "y" : 43,
      "x" : 56
    }, {
      "y" : 27,
      "x" : 12
    } ],
    "resourceId" : "sid-2E9AD16E-5585-4B1B-9A76-8AFD209F3532",
    "labels" : [ ],
    "layers" : [ ],
    "target" : {
      "resourceId" : "sid-74B333E1-A3F9-4D96-ADCF-23941A9F41A5"
    },
    "childShapes" : [ ],
    "properties" : {
      "id" : "",
      "label" : "",
      "transformation" : ""
    },
    "stencil" : {
      "id" : "Arc"
    },
    "outgoing" : [ {
      "resourceId" : "sid-74B333E1-A3F9-4D96-ADCF-23941A9F41A5"
    } ],
    "formats" : {
    },
    "glossaryLinks" : {
    }
  }, {
    "bounds" : {
      "lowerRight" : {
        "y" : 162,
        "x" : 734.9375
      },
      "upperLeft" : {
        "y" : 162,
        "x" : 696.3125
      }
    },
    "dockers" : [ {
      "y" : 27,
      "x" : 19.5
    }, {
      "y" : 15,
      "x" : 15
    } ],
    "resourceId" : "sid-EACAA3D7-3F2A-4903-BAED-9820FF03AFED",
    "labels" : [ ],
    "layers" : [ ],
    "target" : {
      "resourceId" : "sid-DBF57BB1-0ACF-42BC-AB5D-B352E6E18632"
    },
    "childShapes" : [ ],
    "properties" : {
      "id" : "",
      "label" : "",
      "transformation" : ""
    },
    "stencil" : {
      "id" : "Arc"
    },
    "outgoing" : [ {
      "resourceId" : "sid-DBF57BB1-0ACF-42BC-AB5D-B352E6E18632"
    } ],
    "formats" : {
    },
    "glossaryLinks" : {
    }
  }, {
    "bounds" : {
      "lowerRight" : {
        "y" : 266.7119054406533,
        "x" : 976.4088315335752
      },
      "upperLeft" : {
        "y" : 216.74121955934672,
        "x" : 875.6614809664248
      }
    },
    "dockers" : [ {
      "y" : 29,
      "x" : 54.5
    }, {
      "y" : 15,
      "x" : 15
    } ],
    "resourceId" : "sid-CFEEA99F-C33A-4755-9708-FB31CD0B105D",
    "labels" : [ ],
    "layers" : [ ],
    "target" : {
      "resourceId" : "sid-74B333E1-A3F9-4D96-ADCF-23941A9F41A5"
    },
    "childShapes" : [ ],
    "properties" : {
      "id" : "",
      "label" : "",
      "transformation" : ""
    },
    "stencil" : {
      "id" : "Arc"
    },
    "outgoing" : [ {
      "resourceId" : "sid-74B333E1-A3F9-4D96-ADCF-23941A9F41A5"
    } ],
    "formats" : {
    },
    "glossaryLinks" : {
    }
  }, {
    "bounds" : {
      "lowerRight" : {
        "y" : 212.82560186146694,
        "x" : 974.8552498488812
      },
      "upperLeft" : {
        "y" : 172.58846063853306,
        "x" : 876.1603751511188
      }
    },
    "dockers" : [ {
      "y" : 31,
      "x" : 49.5
    }, {
      "y" : 24,
      "x" : 15
    } ],
    "resourceId" : "sid-B6190DE3-5778-4CF8-BD69-15AC2BB0D90E",
    "labels" : [ ],
    "layers" : [ ],
    "target" : {
      "resourceId" : "sid-74B333E1-A3F9-4D96-ADCF-23941A9F41A5"
    },
    "childShapes" : [ ],
    "properties" : {
      "id" : "",
      "label" : "",
      "transformation" : ""
    },
    "stencil" : {
      "id" : "Arc"
    },
    "outgoing" : [ {
      "resourceId" : "sid-74B333E1-A3F9-4D96-ADCF-23941A9F41A5"
    } ],
    "formats" : {
    },
    "glossaryLinks" : {
    }
  }, {
    "bounds" : {
      "lowerRight" : {
        "y" : 197.97270232040884,
        "x" : 980.2902227621448
      },
      "upperLeft" : {
        "y" : 67.9130969380486,
        "x" : 875.2915913531155
      }
    },
    "dockers" : [ {
      "y" : 36.010089818120846,
      "x" : 63.75527158214106
    }, {
      "y" : 15,
      "x" : 15
    } ],
    "resourceId" : "sid-5E299B44-6B26-4BB0-BC43-6A18AEEEC3CA",
    "labels" : [ ],
    "layers" : [ ],
    "target" : {
      "resourceId" : "sid-74B333E1-A3F9-4D96-ADCF-23941A9F41A5"
    },
    "childShapes" : [ ],
    "properties" : {
      "id" : "",
      "label" : "",
      "transformation" : ""
    },
    "stencil" : {
      "id" : "Arc"
    },
    "outgoing" : [ {
      "resourceId" : "sid-74B333E1-A3F9-4D96-ADCF-23941A9F41A5"
    } ],
    "formats" : {
    },
    "glossaryLinks" : {
    }
  }, {
    "bounds" : {
      "lowerRight" : {
        "y" : 270,
        "x" : 734.1328125
      },
      "upperLeft" : {
        "y" : 270,
        "x" : 696.9375
      }
    },
    "dockers" : [ {
      "y" : 27,
      "x" : 32.5
    }, {
      "y" : 15,
      "x" : 15
    } ],
    "resourceId" : "sid-22001E3C-F0F8-4234-B80F-70141BD6FA66",
    "labels" : [ ],
    "layers" : [ ],
    "target" : {
      "resourceId" : "sid-764D9C75-92F7-4CC9-9755-50B214BDF6EA"
    },
    "childShapes" : [ ],
    "properties" : {
      "id" : "",
      "label" : "",
      "transformation" : ""
    },
    "stencil" : {
      "id" : "Arc"
    },
    "outgoing" : [ {
      "resourceId" : "sid-764D9C75-92F7-4CC9-9755-50B214BDF6EA"
    } ],
    "formats" : {
    },
    "glossaryLinks" : {
    }
  }, {
    "bounds" : {
      "lowerRight" : {
        "y" : 162,
        "x" : 629.578125
      },
      "upperLeft" : {
        "y" : 162,
        "x" : 585.5390625
      }
    },
    "dockers" : [ {
      "y" : 15,
      "x" : 25
    }, {
      "y" : 27,
      "x" : 32.5
    } ],
    "resourceId" : "sid-4E95B97E-3A4E-43EB-AA50-FD1179F07872",
    "labels" : [ ],
    "layers" : [ ],
    "target" : {
      "resourceId" : "sid-E198B60B-969E-4E05-8ED8-358961F3968E"
    },
    "childShapes" : [ ],
    "properties" : {
      "id" : "",
      "label" : "",
      "transformation" : ""
    },
    "stencil" : {
      "id" : "Arc"
    },
    "outgoing" : [ {
      "resourceId" : "sid-E198B60B-969E-4E05-8ED8-358961F3968E"
    } ],
    "formats" : {
    },
    "glossaryLinks" : {
    }
  }, {
    "bounds" : {
      "lowerRight" : {
        "y" : 162,
        "x" : 810.03125
      },
      "upperLeft" : {
        "y" : 162,
        "x" : 765.53125
      }
    },
    "dockers" : [ {
      "y" : 15,
      "x" : 15
    }, {
      "y" : 27,
      "x" : 32.5
    } ],
    "resourceId" : "sid-0DD99930-BF4A-4A27-8E5E-AC53DD393B7E",
    "labels" : [ ],
    "layers" : [ ],
    "target" : {
      "resourceId" : "sid-681DCF29-7EE2-4657-8388-69C40BFEB581"
    },
    "childShapes" : [ ],
    "properties" : {
      "id" : "",
      "label" : "",
      "transformation" : ""
    },
    "stencil" : {
      "id" : "Arc"
    },
    "outgoing" : [ {
      "resourceId" : "sid-681DCF29-7EE2-4657-8388-69C40BFEB581"
    } ],
    "formats" : {
    },
    "glossaryLinks" : {
    }
  }, {
    "bounds" : {
      "lowerRight" : {
        "y" : 55.64732803032362,
        "x" : 446.7147332914814
      },
      "upperLeft" : {
        "y" : 49.42298446967638,
        "x" : 375.4805792085186
      }
    },
    "dockers" : [ {
      "y" : 15,
      "x" : 15
    }, {
      "y" : 18,
      "x" : 15.5
    } ],
    "resourceId" : "sid-A9FCAB37-BB2B-4082-AA7C-4FC099EB23AB",
    "labels" : [ ],
    "layers" : [ ],
    "target" : {
      "resourceId" : "sid-9F4BCD29-80BC-4631-820F-4F246B3940B3"
    },
    "childShapes" : [ ],
    "properties" : {
      "id" : "",
      "label" : "",
      "transformation" : ""
    },
    "stencil" : {
      "id" : "Arc"
    },
    "outgoing" : [ {
      "resourceId" : "sid-9F4BCD29-80BC-4631-820F-4F246B3940B3"
    } ],
    "formats" : {
    },
    "glossaryLinks" : {
    }
  }, {
    "bounds" : {
      "lowerRight" : {
        "y" : 56.5810927861486,
        "x" : 554.2969551057397
      },
      "upperLeft" : {
        "y" : 56.0595322138514,
        "x" : 513.0936698942603
      }
    },
    "dockers" : [ {
      "y" : 27,
      "x" : 32.5
    }, {
      "y" : 14,
      "x" : 4
    } ],
    "resourceId" : "sid-780355E0-7953-4187-8746-F23617EFFF8F",
    "labels" : [ ],
    "layers" : [ ],
    "target" : {
      "resourceId" : "sid-B7964F78-1EC5-4645-8C6C-2C0E014EE1C9"
    },
    "childShapes" : [ ],
    "properties" : {
      "id" : "",
      "label" : "",
      "transformation" : ""
    },
    "stencil" : {
      "id" : "Arc"
    },
    "outgoing" : [ {
      "resourceId" : "sid-B7964F78-1EC5-4645-8C6C-2C0E014EE1C9"
    } ],
    "formats" : {
    },
    "glossaryLinks" : {
    }
  }, {
    "bounds" : {
      "lowerRight" : {
        "y" : 58.5365347312838,
        "x" : 629.1565871544263
      },
      "upperLeft" : {
        "y" : 57.4009652687162,
        "x" : 585.4371628455737
      }
    },
    "dockers" : [ {
      "y" : 15,
      "x" : 15
    }, {
      "y" : 29,
      "x" : 17
    } ],
    "resourceId" : "sid-D3E78977-2838-4C5A-917F-E4D3B87822C8",
    "labels" : [ ],
    "layers" : [ ],
    "target" : {
      "resourceId" : "sid-30943602-1AFB-45A4-AC94-8D4D78747BEE"
    },
    "childShapes" : [ ],
    "properties" : {
      "id" : "",
      "label" : "",
      "transformation" : ""
    },
    "stencil" : {
      "id" : "Arc"
    },
    "outgoing" : [ {
      "resourceId" : "sid-30943602-1AFB-45A4-AC94-8D4D78747BEE"
    } ],
    "formats" : {
    },
    "glossaryLinks" : {
    }
  }, {
    "bounds" : {
      "lowerRight" : {
        "y" : 61.07229194759086,
        "x" : 809.4554624348266
      },
      "upperLeft" : {
        "y" : 58.08395805240914,
        "x" : 765.8257875651734
      }
    },
    "dockers" : [ {
      "y" : 15,
      "x" : 15
    }, {
      "y" : 32,
      "x" : 13
    } ],
    "resourceId" : "sid-3DEC49D0-74B4-4EBA-ADF5-86A58316B230",
    "labels" : [ ],
    "layers" : [ ],
    "target" : {
      "resourceId" : "sid-7A0F9983-D2F6-4062-857B-9D6A9D118FBA"
    },
    "childShapes" : [ ],
    "properties" : {
      "id" : "",
      "label" : "",
      "transformation" : ""
    },
    "stencil" : {
      "id" : "Arc"
    },
    "outgoing" : [ {
      "resourceId" : "sid-7A0F9983-D2F6-4062-857B-9D6A9D118FBA"
    } ],
    "formats" : {
    },
    "glossaryLinks" : {
    }
  }, {
    "bounds" : {
      "lowerRight" : {
        "y" : 57,
        "x" : 734.64453125
      },
      "upperLeft" : {
        "y" : 57,
        "x" : 695.62890625
      }
    },
    "dockers" : [ {
      "y" : 27,
      "x" : 32.5
    }, {
      "y" : 15,
      "x" : 15
    } ],
    "resourceId" : "sid-C383C05F-DEF8-4274-AE30-FE63C8718BE2",
    "labels" : [ ],
    "layers" : [ ],
    "target" : {
      "resourceId" : "sid-E3DCAC65-2AA8-420E-8442-3D7288CE2B4A"
    },
    "childShapes" : [ ],
    "properties" : {
      "id" : "",
      "label" : "",
      "transformation" : ""
    },
    "stencil" : {
      "id" : "Arc"
    },
    "outgoing" : [ {
      "resourceId" : "sid-E3DCAC65-2AA8-420E-8442-3D7288CE2B4A"
    } ],
    "formats" : {
    },
    "glossaryLinks" : {
    }
  }, {
    "bounds" : {
      "lowerRight" : {
        "y" : 332.6178017601537,
        "x" : 348.15021531839557
      },
      "upperLeft" : {
        "y" : 280.5071982398463,
        "x" : 289.38103468160443
      }
    },
    "dockers" : [ {
      "y" : 27,
      "x" : 32.5
    }, {
      "y" : 15,
      "x" : 15
    } ],
    "resourceId" : "sid-34011B5A-C544-46D8-B504-ED3B35FD0ECA",
    "labels" : [ ],
    "layers" : [ ],
    "target" : {
      "resourceId" : "sid-E93094FF-10A0-4891-897D-D86229F46621"
    },
    "childShapes" : [ ],
    "properties" : {
      "id" : "",
      "label" : "",
      "transformation" : ""
    },
    "stencil" : {
      "id" : "Arc"
    },
    "outgoing" : [ {
      "resourceId" : "sid-E93094FF-10A0-4891-897D-D86229F46621"
    } ],
    "formats" : {
    },
    "glossaryLinks" : {
    }
  }, {
    "bounds" : {
      "lowerRight" : {
        "y" : 259.1711592488847,
        "x" : 447.00057970489286
      },
      "upperLeft" : {
        "y" : 183.7975907511153,
        "x" : 370.92910779510714
      }
    },
    "dockers" : [ {
      "y" : 15,
      "x" : 15
    }, {
      "y" : 27,
      "x" : 21.5
    } ],
    "resourceId" : "sid-B4936928-4033-41E4-96F2-0B58824C7C03",
    "labels" : [ ],
    "layers" : [ ],
    "target" : {
      "resourceId" : "sid-590412C3-8861-4C41-B752-58D68B3026CC"
    },
    "childShapes" : [ ],
    "properties" : {
      "id" : "",
      "label" : "",
      "transformation" : ""
    },
    "stencil" : {
      "id" : "Arc"
    },
    "outgoing" : [ {
      "resourceId" : "sid-590412C3-8861-4C41-B752-58D68B3026CC"
    } ],
    "formats" : {
    },
    "glossaryLinks" : {
    }
  }, {
    "bounds" : {
      "lowerRight" : {
        "y" : 354.8440024990651,
        "x" : 631.0376208496316
      },
      "upperLeft" : {
        "y" : 323.6247475009349,
        "x" : 583.2123791503684
      }
    },
    "dockers" : [ {
      "y" : 15,
      "x" : 15
    }, {
      "y" : 29,
      "x" : 10.5
    } ],
    "resourceId" : "sid-317522F7-C7A5-4CFF-8001-7D422FD22A01",
    "labels" : [ ],
    "layers" : [ ],
    "target" : {
      "resourceId" : "sid-A2FC46B7-C3AF-4EDF-96A5-2DBB2CC41897"
    },
    "childShapes" : [ ],
    "properties" : {
      "id" : "",
      "label" : "",
      "transformation" : ""
    },
    "stencil" : {
      "id" : "Arc"
    },
    "outgoing" : [ {
      "resourceId" : "sid-A2FC46B7-C3AF-4EDF-96A5-2DBB2CC41897"
    } ],
    "formats" : {
    },
    "glossaryLinks" : {
    }
  } ],
  "properties" : {
    "author" : "",
    "title" : "",
    "engine" : "false",
    "modificationdate" : "10/07/07",
    "documentation" : "",
    "language" : "English",
    "creationdate" : "10/07/07",
    "version" : ""
  },
  "stencilset" : {
    "url" : "/stencilsets/petrinets/petrinet.json?version=4.3.2",
    "namespace" : "http://b3mn.org/stencilset/petrinet#"
  },
  "ssextensions" : [ ],
  "stencil" : {
    "id" : "Diagram"
  },
  "formats" : {
  }
}