{
  "revision" : {
    "creationDate" : null,
    "elementCounts" : {
      "total" : 60,
      "Place" : 11,
      "Arc" : 32,
      "Transition" : 16,
      "Diagram" : 1
    },
    "connectedness" : 93,
    "isLastRevision" : "false",
    "revisionNumber" : 3
  },
  "model" : {
    "modelingLanguage" : "petrinet",
    "numberOfRevisions" : 7,
    "naturalLanguage" : "de",
    "timestampModelCollection" : null,
    "directoryId" : "1980671287",
    "groupName" : "PetriNet",
    "modelDate" : "2012-08-30",
    "modelName" : "273592671",
    "modelId" : "273592671"
  }
}