{
  "revision" : {
    "creationDate" : null,
    "elementCounts" : {
      "total" : 34,
      "Place" : 8,
      "Arc" : 20,
      "Transition" : 5,
      "Diagram" : 1
    },
    "connectedness" : 100,
    "isLastRevision" : "false",
    "revisionNumber" : 1
  },
  "model" : {
    "modelingLanguage" : "petrinet",
    "numberOfRevisions" : 2,
    "naturalLanguage" : "de",
    "timestampModelCollection" : null,
    "directoryId" : "1443346721",
    "groupName" : "PetriNet",
    "modelDate" : "2012-08-30",
    "modelName" : "490251383",
    "modelId" : "490251383"
  }
}