{
  "bounds" : {
    "lowerRight" : {
      "y" : 1050,
      "x" : 1485
    },
    "upperLeft" : {
      "y" : 0,
      "x" : 0
    }
  },
  "resourceId" : "canvas",
  "childShapes" : [ {
    "bounds" : {
      "lowerRight" : {
        "y" : 300,
        "x" : 105
      },
      "upperLeft" : {
        "y" : 270,
        "x" : 75
      }
    },
    "dockers" : [ ],
    "resourceId" : "sid-36AF2F2E-F327-42F3-B347-390A7B115545",
    "labels" : [ ],
    "layers" : [ ],
    "childShapes" : [ ],
    "properties" : {
      "exttype" : "Push",
      "id" : "",
      "title" : "A",
      "external" : "false",
      "locatortypes" : "",
      "locatornames" : "",
      "numberoftokens_drawing" : "0",
      "numberoftokens_text" : "",
      "numberOfTokens" : "0",
      "locatorexpr" : "",
      "href" : ""
    },
    "stencil" : {
      "id" : "Place"
    },
    "outgoing" : [ {
      "resourceId" : "sid-2071A2EC-9E58-462B-9F87-F774F48F4AD2"
    } ],
    "formats" : {
    },
    "glossaryLinks" : {
    }
  }, {
    "bounds" : {
      "lowerRight" : {
        "y" : 305,
        "x" : 190
      },
      "upperLeft" : {
        "y" : 265,
        "x" : 150
      }
    },
    "dockers" : [ ],
    "resourceId" : "sid-D6172562-2835-42E3-82CB-9784FCCA1893",
    "labels" : [ ],
    "layers" : [ ],
    "childShapes" : [ ],
    "properties" : {
      "id" : "",
      "title" : "B",
      "communicationtype" : "Default",
      "communicationchannel" : "",
      "guard" : "",
      "oform" : "",
      "omodel" : "",
      "firetype" : "Automatic",
      "href" : ""
    },
    "stencil" : {
      "id" : "Transition"
    },
    "outgoing" : [ {
      "resourceId" : "sid-C9ADA76D-F7E6-42B1-9271-513395D376ED"
    } ],
    "formats" : {
    },
    "glossaryLinks" : {
    }
  }, {
    "bounds" : {
      "lowerRight" : {
        "y" : 285,
        "x" : 149.625
      },
      "upperLeft" : {
        "y" : 285,
        "x" : 105.375
      }
    },
    "dockers" : [ {
      "y" : 15,
      "x" : 15
    }, {
      "y" : 20,
      "x" : 20
    } ],
    "resourceId" : "sid-2071A2EC-9E58-462B-9F87-F774F48F4AD2",
    "labels" : [ ],
    "layers" : [ ],
    "target" : {
      "resourceId" : "sid-D6172562-2835-42E3-82CB-9784FCCA1893"
    },
    "childShapes" : [ ],
    "properties" : {
      "id" : "",
      "label" : "",
      "transformation" : ""
    },
    "stencil" : {
      "id" : "Arc"
    },
    "outgoing" : [ {
      "resourceId" : "sid-D6172562-2835-42E3-82CB-9784FCCA1893"
    } ],
    "formats" : {
    },
    "glossaryLinks" : {
    }
  }, {
    "bounds" : {
      "lowerRight" : {
        "y" : 300,
        "x" : 270
      },
      "upperLeft" : {
        "y" : 270,
        "x" : 240
      }
    },
    "dockers" : [ ],
    "resourceId" : "sid-574C0B27-1914-4934-96E4-BB1A51BA7F56",
    "labels" : [ ],
    "layers" : [ ],
    "childShapes" : [ ],
    "properties" : {
      "exttype" : "Push",
      "id" : "",
      "title" : "C",
      "external" : "false",
      "locatortypes" : "",
      "locatornames" : "",
      "numberoftokens_drawing" : "0",
      "numberoftokens_text" : "",
      "numberOfTokens" : "0",
      "locatorexpr" : "",
      "href" : ""
    },
    "stencil" : {
      "id" : "Place"
    },
    "outgoing" : [ {
      "resourceId" : "sid-1652B48D-13DD-46F0-B7FC-297C934765E9"
    }, {
      "resourceId" : "sid-F9CCDC3C-2C48-4EFA-9150-0AC79898D2B4"
    } ],
    "formats" : {
    },
    "glossaryLinks" : {
    }
  }, {
    "bounds" : {
      "lowerRight" : {
        "y" : 285,
        "x" : 239.390625
      },
      "upperLeft" : {
        "y" : 285,
        "x" : 190.921875
      }
    },
    "dockers" : [ {
      "y" : 20,
      "x" : 20
    }, {
      "y" : 15,
      "x" : 15
    } ],
    "resourceId" : "sid-C9ADA76D-F7E6-42B1-9271-513395D376ED",
    "labels" : [ ],
    "layers" : [ ],
    "target" : {
      "resourceId" : "sid-574C0B27-1914-4934-96E4-BB1A51BA7F56"
    },
    "childShapes" : [ ],
    "properties" : {
      "id" : "",
      "label" : "",
      "transformation" : ""
    },
    "stencil" : {
      "id" : "Arc"
    },
    "outgoing" : [ {
      "resourceId" : "sid-574C0B27-1914-4934-96E4-BB1A51BA7F56"
    } ],
    "formats" : {
    },
    "glossaryLinks" : {
    }
  }, {
    "bounds" : {
      "lowerRight" : {
        "y" : 340,
        "x" : 355
      },
      "upperLeft" : {
        "y" : 300,
        "x" : 315
      }
    },
    "dockers" : [ ],
    "resourceId" : "sid-D2D6AFF0-C242-4020-9899-9C62F8749D41",
    "labels" : [ ],
    "layers" : [ ],
    "childShapes" : [ ],
    "properties" : {
      "id" : "",
      "title" : "D",
      "communicationtype" : "Default",
      "communicationchannel" : "",
      "guard" : "",
      "oform" : "",
      "omodel" : "",
      "firetype" : "Automatic",
      "href" : ""
    },
    "stencil" : {
      "id" : "Transition"
    },
    "outgoing" : [ {
      "resourceId" : "sid-415B6336-48C2-4D41-B15A-67F69949686A"
    }, {
      "resourceId" : "sid-F3F53C96-C68D-462A-BC4B-F5544E97505A"
    } ],
    "formats" : {
    },
    "glossaryLinks" : {
    }
  }, {
    "bounds" : {
      "lowerRight" : {
        "y" : 311.12261866598027,
        "x" : 314.7088426650978
      },
      "upperLeft" : {
        "y" : 291.14300633401973,
        "x" : 269.0411573349022
      }
    },
    "dockers" : [ {
      "y" : 15,
      "x" : 15
    }, {
      "y" : 20,
      "x" : 20
    } ],
    "resourceId" : "sid-1652B48D-13DD-46F0-B7FC-297C934765E9",
    "labels" : [ ],
    "layers" : [ ],
    "target" : {
      "resourceId" : "sid-D2D6AFF0-C242-4020-9899-9C62F8749D41"
    },
    "childShapes" : [ ],
    "properties" : {
      "id" : "",
      "label" : "",
      "transformation" : ""
    },
    "stencil" : {
      "id" : "Arc"
    },
    "outgoing" : [ {
      "resourceId" : "sid-D2D6AFF0-C242-4020-9899-9C62F8749D41"
    } ],
    "formats" : {
    },
    "glossaryLinks" : {
    }
  }, {
    "bounds" : {
      "lowerRight" : {
        "y" : 260,
        "x" : 420
      },
      "upperLeft" : {
        "y" : 230,
        "x" : 390
      }
    },
    "dockers" : [ ],
    "resourceId" : "sid-D7C5EE2C-016B-43CD-AC34-B61199926640",
    "labels" : [ ],
    "layers" : [ ],
    "childShapes" : [ ],
    "properties" : {
      "exttype" : "Push",
      "id" : "",
      "title" : "E",
      "external" : "false",
      "locatortypes" : "",
      "locatornames" : "",
      "numberoftokens_drawing" : "0",
      "numberoftokens_text" : "",
      "numberOfTokens" : "0",
      "locatorexpr" : "",
      "href" : ""
    },
    "stencil" : {
      "id" : "Place"
    },
    "outgoing" : [ {
      "resourceId" : "sid-D80CB810-6018-4761-9B0E-C8E6A5018B97"
    } ],
    "formats" : {
    },
    "glossaryLinks" : {
    }
  }, {
    "bounds" : {
      "lowerRight" : {
        "y" : 265,
        "x" : 490
      },
      "upperLeft" : {
        "y" : 225,
        "x" : 450
      }
    },
    "dockers" : [ ],
    "resourceId" : "sid-4EC18612-0DF3-4BC0-B20C-CD1DFE66A2FB",
    "labels" : [ ],
    "layers" : [ ],
    "childShapes" : [ ],
    "properties" : {
      "id" : "",
      "title" : "F",
      "communicationtype" : "Default",
      "communicationchannel" : "",
      "guard" : "",
      "oform" : "",
      "omodel" : "",
      "firetype" : "Automatic",
      "href" : ""
    },
    "stencil" : {
      "id" : "Transition"
    },
    "outgoing" : [ {
      "resourceId" : "sid-FD9C3A82-C416-4210-80B8-B7AC1CB28F8C"
    } ],
    "formats" : {
    },
    "glossaryLinks" : {
    }
  }, {
    "bounds" : {
      "lowerRight" : {
        "y" : 245,
        "x" : 449.703125
      },
      "upperLeft" : {
        "y" : 245,
        "x" : 420.21875
      }
    },
    "dockers" : [ {
      "y" : 15,
      "x" : 15
    }, {
      "y" : 20,
      "x" : 20
    } ],
    "resourceId" : "sid-D80CB810-6018-4761-9B0E-C8E6A5018B97",
    "labels" : [ ],
    "layers" : [ ],
    "target" : {
      "resourceId" : "sid-4EC18612-0DF3-4BC0-B20C-CD1DFE66A2FB"
    },
    "childShapes" : [ ],
    "properties" : {
      "id" : "",
      "label" : "",
      "transformation" : ""
    },
    "stencil" : {
      "id" : "Arc"
    },
    "outgoing" : [ {
      "resourceId" : "sid-4EC18612-0DF3-4BC0-B20C-CD1DFE66A2FB"
    } ],
    "formats" : {
    },
    "glossaryLinks" : {
    }
  }, {
    "bounds" : {
      "lowerRight" : {
        "y" : 335,
        "x" : 420
      },
      "upperLeft" : {
        "y" : 305,
        "x" : 390
      }
    },
    "dockers" : [ ],
    "resourceId" : "sid-5EF6238F-3893-431B-A09F-7BAE0CE736D3",
    "labels" : [ ],
    "layers" : [ ],
    "childShapes" : [ ],
    "properties" : {
      "exttype" : "Push",
      "id" : "",
      "title" : "G",
      "external" : "false",
      "locatortypes" : "",
      "locatornames" : "",
      "numberoftokens_drawing" : "0",
      "numberoftokens_text" : "",
      "numberOfTokens" : "0",
      "locatorexpr" : "",
      "href" : ""
    },
    "stencil" : {
      "id" : "Place"
    },
    "outgoing" : [ {
      "resourceId" : "sid-ADCED5E3-997C-45F2-8726-8B63C54AC225"
    } ],
    "formats" : {
    },
    "glossaryLinks" : {
    }
  }, {
    "bounds" : {
      "lowerRight" : {
        "y" : 320,
        "x" : 389.78125
      },
      "upperLeft" : {
        "y" : 320,
        "x" : 355.6875
      }
    },
    "dockers" : [ {
      "y" : 20,
      "x" : 20
    }, {
      "y" : 15,
      "x" : 15
    } ],
    "resourceId" : "sid-415B6336-48C2-4D41-B15A-67F69949686A",
    "labels" : [ ],
    "layers" : [ ],
    "target" : {
      "resourceId" : "sid-5EF6238F-3893-431B-A09F-7BAE0CE736D3"
    },
    "childShapes" : [ ],
    "properties" : {
      "id" : "",
      "label" : "",
      "transformation" : ""
    },
    "stencil" : {
      "id" : "Arc"
    },
    "outgoing" : [ {
      "resourceId" : "sid-5EF6238F-3893-431B-A09F-7BAE0CE736D3"
    } ],
    "formats" : {
    },
    "glossaryLinks" : {
    }
  }, {
    "bounds" : {
      "lowerRight" : {
        "y" : 405,
        "x" : 420
      },
      "upperLeft" : {
        "y" : 375,
        "x" : 390
      }
    },
    "dockers" : [ ],
    "resourceId" : "sid-6F972A22-11CB-4AED-A748-2BE0D35898AB",
    "labels" : [ ],
    "layers" : [ ],
    "childShapes" : [ ],
    "properties" : {
      "exttype" : "Push",
      "id" : "",
      "title" : "H",
      "external" : "false",
      "locatortypes" : "",
      "locatornames" : "",
      "numberoftokens_drawing" : "0",
      "numberoftokens_text" : "",
      "numberOfTokens" : "0",
      "locatorexpr" : "",
      "href" : ""
    },
    "stencil" : {
      "id" : "Place"
    },
    "outgoing" : [ {
      "resourceId" : "sid-2D0C2BDC-6B68-409A-B1DB-D97CB70A6521"
    } ],
    "formats" : {
    },
    "glossaryLinks" : {
    }
  }, {
    "bounds" : {
      "lowerRight" : {
        "y" : 378.90226821881345,
        "x" : 393.90226821881345
      },
      "upperLeft" : {
        "y" : 340.39460678118655,
        "x" : 355.39460678118655
      }
    },
    "dockers" : [ {
      "y" : 20,
      "x" : 20
    }, {
      "y" : 15,
      "x" : 15
    } ],
    "resourceId" : "sid-F3F53C96-C68D-462A-BC4B-F5544E97505A",
    "labels" : [ ],
    "layers" : [ ],
    "target" : {
      "resourceId" : "sid-6F972A22-11CB-4AED-A748-2BE0D35898AB"
    },
    "childShapes" : [ ],
    "properties" : {
      "id" : "",
      "label" : "",
      "transformation" : ""
    },
    "stencil" : {
      "id" : "Arc"
    },
    "outgoing" : [ {
      "resourceId" : "sid-6F972A22-11CB-4AED-A748-2BE0D35898AB"
    } ],
    "formats" : {
    },
    "glossaryLinks" : {
    }
  }, {
    "bounds" : {
      "lowerRight" : {
        "y" : 340,
        "x" : 490
      },
      "upperLeft" : {
        "y" : 300,
        "x" : 450
      }
    },
    "dockers" : [ ],
    "resourceId" : "sid-8483FF7B-E5F2-4D05-A176-5B371C378803",
    "labels" : [ ],
    "layers" : [ ],
    "childShapes" : [ ],
    "properties" : {
      "id" : "",
      "title" : "I",
      "communicationtype" : "Default",
      "communicationchannel" : "",
      "guard" : "",
      "oform" : "",
      "omodel" : "",
      "firetype" : "Automatic",
      "href" : ""
    },
    "stencil" : {
      "id" : "Transition"
    },
    "outgoing" : [ {
      "resourceId" : "sid-E7A5F133-573B-41FB-9347-C49095DB0B88"
    } ],
    "formats" : {
    },
    "glossaryLinks" : {
    }
  }, {
    "bounds" : {
      "lowerRight" : {
        "y" : 320,
        "x" : 449.703125
      },
      "upperLeft" : {
        "y" : 320,
        "x" : 420.21875
      }
    },
    "dockers" : [ {
      "y" : 15,
      "x" : 15
    }, {
      "y" : 20,
      "x" : 20
    } ],
    "resourceId" : "sid-ADCED5E3-997C-45F2-8726-8B63C54AC225",
    "labels" : [ ],
    "layers" : [ ],
    "target" : {
      "resourceId" : "sid-8483FF7B-E5F2-4D05-A176-5B371C378803"
    },
    "childShapes" : [ ],
    "properties" : {
      "id" : "",
      "label" : "",
      "transformation" : ""
    },
    "stencil" : {
      "id" : "Arc"
    },
    "outgoing" : [ {
      "resourceId" : "sid-8483FF7B-E5F2-4D05-A176-5B371C378803"
    } ],
    "formats" : {
    },
    "glossaryLinks" : {
    }
  }, {
    "bounds" : {
      "lowerRight" : {
        "y" : 410,
        "x" : 490
      },
      "upperLeft" : {
        "y" : 370,
        "x" : 450
      }
    },
    "dockers" : [ ],
    "resourceId" : "sid-D1A91B30-94EC-495C-B014-13894959CFC3",
    "labels" : [ ],
    "layers" : [ ],
    "childShapes" : [ ],
    "properties" : {
      "id" : "",
      "title" : "J",
      "communicationtype" : "Default",
      "communicationchannel" : "",
      "guard" : "",
      "oform" : "",
      "omodel" : "",
      "firetype" : "Automatic",
      "href" : ""
    },
    "stencil" : {
      "id" : "Transition"
    },
    "outgoing" : [ {
      "resourceId" : "sid-2622ED4A-C6C8-40F5-BA65-D437B4FBF707"
    } ],
    "formats" : {
    },
    "glossaryLinks" : {
    }
  }, {
    "bounds" : {
      "lowerRight" : {
        "y" : 390,
        "x" : 449.703125
      },
      "upperLeft" : {
        "y" : 390,
        "x" : 420.21875
      }
    },
    "dockers" : [ {
      "y" : 15,
      "x" : 15
    }, {
      "y" : 20,
      "x" : 20
    } ],
    "resourceId" : "sid-2D0C2BDC-6B68-409A-B1DB-D97CB70A6521",
    "labels" : [ ],
    "layers" : [ ],
    "target" : {
      "resourceId" : "sid-D1A91B30-94EC-495C-B014-13894959CFC3"
    },
    "childShapes" : [ ],
    "properties" : {
      "id" : "",
      "label" : "",
      "transformation" : ""
    },
    "stencil" : {
      "id" : "Arc"
    },
    "outgoing" : [ {
      "resourceId" : "sid-D1A91B30-94EC-495C-B014-13894959CFC3"
    } ],
    "formats" : {
    },
    "glossaryLinks" : {
    }
  }, {
    "bounds" : {
      "lowerRight" : {
        "y" : 265,
        "x" : 355
      },
      "upperLeft" : {
        "y" : 225,
        "x" : 315
      }
    },
    "dockers" : [ ],
    "resourceId" : "sid-5EDC1594-A487-4013-BE07-056F7182B1E0",
    "labels" : [ ],
    "layers" : [ ],
    "childShapes" : [ ],
    "properties" : {
      "id" : "",
      "title" : "",
      "communicationtype" : "Default",
      "communicationchannel" : "",
      "guard" : "",
      "oform" : "",
      "omodel" : "",
      "firetype" : "Automatic",
      "href" : ""
    },
    "stencil" : {
      "id" : "Transition"
    },
    "outgoing" : [ {
      "resourceId" : "sid-5EF32C64-441B-4514-802D-594B73E1CB5D"
    } ],
    "formats" : {
    },
    "glossaryLinks" : {
    }
  }, {
    "bounds" : {
      "lowerRight" : {
        "y" : 277.99028640450007,
        "x" : 314.7305728090001
      },
      "upperLeft" : {
        "y" : 255.13471359549996,
        "x" : 269.0194271909999
      }
    },
    "dockers" : [ {
      "y" : 15,
      "x" : 15
    }, {
      "y" : 20,
      "x" : 20
    } ],
    "resourceId" : "sid-F9CCDC3C-2C48-4EFA-9150-0AC79898D2B4",
    "labels" : [ ],
    "layers" : [ ],
    "target" : {
      "resourceId" : "sid-5EDC1594-A487-4013-BE07-056F7182B1E0"
    },
    "childShapes" : [ ],
    "properties" : {
      "id" : "",
      "label" : "",
      "transformation" : ""
    },
    "stencil" : {
      "id" : "Arc"
    },
    "outgoing" : [ {
      "resourceId" : "sid-5EDC1594-A487-4013-BE07-056F7182B1E0"
    } ],
    "formats" : {
    },
    "glossaryLinks" : {
    }
  }, {
    "bounds" : {
      "lowerRight" : {
        "y" : 245,
        "x" : 389.78125
      },
      "upperLeft" : {
        "y" : 245,
        "x" : 355.6875
      }
    },
    "dockers" : [ {
      "y" : 20,
      "x" : 20
    }, {
      "y" : 15,
      "x" : 15
    } ],
    "resourceId" : "sid-5EF32C64-441B-4514-802D-594B73E1CB5D",
    "labels" : [ ],
    "layers" : [ ],
    "target" : {
      "resourceId" : "sid-D7C5EE2C-016B-43CD-AC34-B61199926640"
    },
    "childShapes" : [ ],
    "properties" : {
      "id" : "",
      "label" : "",
      "transformation" : ""
    },
    "stencil" : {
      "id" : "Arc"
    },
    "outgoing" : [ {
      "resourceId" : "sid-D7C5EE2C-016B-43CD-AC34-B61199926640"
    } ],
    "formats" : {
    },
    "glossaryLinks" : {
    }
  }, {
    "bounds" : {
      "lowerRight" : {
        "y" : 260,
        "x" : 570
      },
      "upperLeft" : {
        "y" : 230,
        "x" : 540
      }
    },
    "dockers" : [ ],
    "resourceId" : "sid-0557CE38-F4E6-4967-9536-FA000816B47D",
    "labels" : [ ],
    "layers" : [ ],
    "childShapes" : [ ],
    "properties" : {
      "exttype" : "Push",
      "id" : "",
      "title" : "K",
      "external" : "false",
      "locatortypes" : "",
      "locatornames" : "",
      "numberoftokens_drawing" : "0",
      "numberoftokens_text" : "",
      "numberOfTokens" : "0",
      "locatorexpr" : "",
      "href" : ""
    },
    "stencil" : {
      "id" : "Place"
    },
    "outgoing" : [ {
      "resourceId" : "sid-89AB5489-E421-4DD0-84ED-F6F58B26CA1B"
    }, {
      "resourceId" : "sid-E5661467-0764-4184-9131-3CB81883782D"
    } ],
    "formats" : {
    },
    "glossaryLinks" : {
    }
  }, {
    "bounds" : {
      "lowerRight" : {
        "y" : 245,
        "x" : 539.390625
      },
      "upperLeft" : {
        "y" : 245,
        "x" : 490.921875
      }
    },
    "dockers" : [ {
      "y" : 20,
      "x" : 20
    }, {
      "y" : 15,
      "x" : 15
    } ],
    "resourceId" : "sid-FD9C3A82-C416-4210-80B8-B7AC1CB28F8C",
    "labels" : [ ],
    "layers" : [ ],
    "target" : {
      "resourceId" : "sid-0557CE38-F4E6-4967-9536-FA000816B47D"
    },
    "childShapes" : [ ],
    "properties" : {
      "id" : "",
      "label" : "",
      "transformation" : ""
    },
    "stencil" : {
      "id" : "Arc"
    },
    "outgoing" : [ {
      "resourceId" : "sid-0557CE38-F4E6-4967-9536-FA000816B47D"
    } ],
    "formats" : {
    },
    "glossaryLinks" : {
    }
  }, {
    "bounds" : {
      "lowerRight" : {
        "y" : 190,
        "x" : 490
      },
      "upperLeft" : {
        "y" : 150,
        "x" : 450
      }
    },
    "dockers" : [ ],
    "resourceId" : "sid-E5446A9F-7602-4014-AA2B-8BEC218C217B",
    "labels" : [ ],
    "layers" : [ ],
    "childShapes" : [ ],
    "properties" : {
      "id" : "",
      "title" : "",
      "communicationtype" : "Default",
      "communicationchannel" : "",
      "guard" : "",
      "oform" : "",
      "omodel" : "",
      "firetype" : "Automatic",
      "href" : ""
    },
    "stencil" : {
      "id" : "Transition"
    },
    "outgoing" : [ {
      "resourceId" : "sid-4CBDFBC4-3059-4366-8DB6-B03FC6BE2963"
    } ],
    "formats" : {
    },
    "glossaryLinks" : {
    }
  }, {
    "bounds" : {
      "lowerRight" : {
        "y" : 234.96337836291315,
        "x" : 543.6251621446349
      },
      "upperLeft" : {
        "y" : 188.23974663708685,
        "x" : 490.6717128553651
      }
    },
    "dockers" : [ {
      "y" : 15,
      "x" : 15
    }, {
      "y" : 20,
      "x" : 20
    } ],
    "resourceId" : "sid-89AB5489-E421-4DD0-84ED-F6F58B26CA1B",
    "labels" : [ ],
    "layers" : [ ],
    "target" : {
      "resourceId" : "sid-E5446A9F-7602-4014-AA2B-8BEC218C217B"
    },
    "childShapes" : [ ],
    "properties" : {
      "id" : "",
      "label" : "",
      "transformation" : ""
    },
    "stencil" : {
      "id" : "Arc"
    },
    "outgoing" : [ {
      "resourceId" : "sid-E5446A9F-7602-4014-AA2B-8BEC218C217B"
    } ],
    "formats" : {
    },
    "glossaryLinks" : {
    }
  }, {
    "bounds" : {
      "lowerRight" : {
        "y" : 233.11149841721019,
        "x" : 452.07944446158217
      },
      "upperLeft" : {
        "y" : 190.67756408278981,
        "x" : 415.30336803841783
      }
    },
    "dockers" : [ {
      "y" : 20,
      "x" : 20
    }, {
      "y" : 15,
      "x" : 15
    } ],
    "resourceId" : "sid-4CBDFBC4-3059-4366-8DB6-B03FC6BE2963",
    "labels" : [ ],
    "layers" : [ ],
    "target" : {
      "resourceId" : "sid-D7C5EE2C-016B-43CD-AC34-B61199926640"
    },
    "childShapes" : [ ],
    "properties" : {
      "id" : "",
      "label" : "",
      "transformation" : ""
    },
    "stencil" : {
      "id" : "Arc"
    },
    "outgoing" : [ {
      "resourceId" : "sid-D7C5EE2C-016B-43CD-AC34-B61199926640"
    } ],
    "formats" : {
    },
    "glossaryLinks" : {
    }
  }, {
    "bounds" : {
      "lowerRight" : {
        "y" : 265,
        "x" : 670
      },
      "upperLeft" : {
        "y" : 225,
        "x" : 630
      }
    },
    "dockers" : [ ],
    "resourceId" : "sid-63EB9734-4B57-48E8-9465-01AEE2B26925",
    "labels" : [ ],
    "layers" : [ ],
    "childShapes" : [ ],
    "properties" : {
      "id" : "",
      "title" : "L",
      "communicationtype" : "Default",
      "communicationchannel" : "",
      "guard" : "",
      "oform" : "",
      "omodel" : "",
      "firetype" : "Automatic",
      "href" : ""
    },
    "stencil" : {
      "id" : "Transition"
    },
    "outgoing" : [ {
      "resourceId" : "sid-397B0421-236B-46AD-A25F-3581850AAEE2"
    }, {
      "resourceId" : "sid-D9504FC7-79DE-4519-81DA-493F6E17FD46"
    } ],
    "formats" : {
    },
    "glossaryLinks" : {
    }
  }, {
    "bounds" : {
      "lowerRight" : {
        "y" : 245,
        "x" : 629.703125
      },
      "upperLeft" : {
        "y" : 245,
        "x" : 570.84375
      }
    },
    "dockers" : [ {
      "y" : 15,
      "x" : 15
    }, {
      "y" : 20,
      "x" : 20
    } ],
    "resourceId" : "sid-E5661467-0764-4184-9131-3CB81883782D",
    "labels" : [ ],
    "layers" : [ ],
    "target" : {
      "resourceId" : "sid-63EB9734-4B57-48E8-9465-01AEE2B26925"
    },
    "childShapes" : [ ],
    "properties" : {
      "id" : "",
      "label" : "",
      "transformation" : ""
    },
    "stencil" : {
      "id" : "Arc"
    },
    "outgoing" : [ {
      "resourceId" : "sid-63EB9734-4B57-48E8-9465-01AEE2B26925"
    } ],
    "formats" : {
    },
    "glossaryLinks" : {
    }
  }, {
    "bounds" : {
      "lowerRight" : {
        "y" : 405,
        "x" : 665
      },
      "upperLeft" : {
        "y" : 375,
        "x" : 635
      }
    },
    "dockers" : [ ],
    "resourceId" : "sid-C5B7829E-4E9C-4714-A146-B615410388AE",
    "labels" : [ ],
    "layers" : [ ],
    "childShapes" : [ ],
    "properties" : {
      "exttype" : "Push",
      "id" : "",
      "title" : "M",
      "external" : "false",
      "locatortypes" : "",
      "locatornames" : "",
      "numberoftokens_drawing" : "0",
      "numberoftokens_text" : "",
      "numberOfTokens" : "0",
      "locatorexpr" : "",
      "href" : ""
    },
    "stencil" : {
      "id" : "Place"
    },
    "outgoing" : [ {
      "resourceId" : "sid-50D82F25-B88E-4E0A-9CE2-9C79EEB66A2D"
    } ],
    "formats" : {
    },
    "glossaryLinks" : {
    }
  }, {
    "bounds" : {
      "lowerRight" : {
        "y" : 390,
        "x" : 634.9375
      },
      "upperLeft" : {
        "y" : 390,
        "x" : 490.6875
      }
    },
    "dockers" : [ {
      "y" : 20,
      "x" : 20
    }, {
      "y" : 15,
      "x" : 15
    } ],
    "resourceId" : "sid-2622ED4A-C6C8-40F5-BA65-D437B4FBF707",
    "labels" : [ ],
    "layers" : [ ],
    "target" : {
      "resourceId" : "sid-C5B7829E-4E9C-4714-A146-B615410388AE"
    },
    "childShapes" : [ ],
    "properties" : {
      "id" : "",
      "label" : "",
      "transformation" : ""
    },
    "stencil" : {
      "id" : "Arc"
    },
    "outgoing" : [ {
      "resourceId" : "sid-C5B7829E-4E9C-4714-A146-B615410388AE"
    } ],
    "formats" : {
    },
    "glossaryLinks" : {
    }
  }, {
    "bounds" : {
      "lowerRight" : {
        "y" : 300,
        "x" : 765
      },
      "upperLeft" : {
        "y" : 270,
        "x" : 735
      }
    },
    "dockers" : [ ],
    "resourceId" : "sid-6388ED29-DD0E-4228-8807-BF99A5E83AA3",
    "labels" : [ ],
    "layers" : [ ],
    "childShapes" : [ ],
    "properties" : {
      "exttype" : "Push",
      "id" : "",
      "title" : "N",
      "external" : "false",
      "locatortypes" : "",
      "locatornames" : "",
      "numberoftokens_drawing" : "0",
      "numberoftokens_text" : "",
      "numberOfTokens" : "0",
      "locatorexpr" : "",
      "href" : ""
    },
    "stencil" : {
      "id" : "Place"
    },
    "outgoing" : [ {
      "resourceId" : "sid-22131329-9B4C-4796-943D-9A523F52CC6C"
    } ],
    "formats" : {
    },
    "glossaryLinks" : {
    }
  }, {
    "bounds" : {
      "lowerRight" : {
        "y" : 279.3161093236459,
        "x" : 735.7902733091147
      },
      "upperLeft" : {
        "y" : 253.1838906763541,
        "x" : 670.4597266908853
      }
    },
    "dockers" : [ {
      "y" : 20,
      "x" : 20
    }, {
      "y" : 15,
      "x" : 15
    } ],
    "resourceId" : "sid-397B0421-236B-46AD-A25F-3581850AAEE2",
    "labels" : [ ],
    "layers" : [ ],
    "target" : {
      "resourceId" : "sid-6388ED29-DD0E-4228-8807-BF99A5E83AA3"
    },
    "childShapes" : [ ],
    "properties" : {
      "id" : "",
      "label" : "",
      "transformation" : ""
    },
    "stencil" : {
      "id" : "Arc"
    },
    "outgoing" : [ {
      "resourceId" : "sid-6388ED29-DD0E-4228-8807-BF99A5E83AA3"
    } ],
    "formats" : {
    },
    "glossaryLinks" : {
    }
  }, {
    "bounds" : {
      "lowerRight" : {
        "y" : 317.4150277654108,
        "x" : 734.7889721232864
      },
      "upperLeft" : {
        "y" : 286.9013784845892,
        "x" : 490.6797778767137
      }
    },
    "dockers" : [ {
      "y" : 20,
      "x" : 20
    }, {
      "y" : 15,
      "x" : 15
    } ],
    "resourceId" : "sid-E7A5F133-573B-41FB-9347-C49095DB0B88",
    "labels" : [ ],
    "layers" : [ ],
    "target" : {
      "resourceId" : "sid-6388ED29-DD0E-4228-8807-BF99A5E83AA3"
    },
    "childShapes" : [ ],
    "properties" : {
      "id" : "",
      "label" : "",
      "transformation" : ""
    },
    "stencil" : {
      "id" : "Arc"
    },
    "outgoing" : [ {
      "resourceId" : "sid-6388ED29-DD0E-4228-8807-BF99A5E83AA3"
    } ],
    "formats" : {
    },
    "glossaryLinks" : {
    }
  }, {
    "bounds" : {
      "lowerRight" : {
        "y" : 374.2734375,
        "x" : 650
      },
      "upperLeft" : {
        "y" : 265.2578125,
        "x" : 650
      }
    },
    "dockers" : [ {
      "y" : 20,
      "x" : 20
    }, {
      "y" : 15,
      "x" : 15
    } ],
    "resourceId" : "sid-D9504FC7-79DE-4519-81DA-493F6E17FD46",
    "labels" : [ ],
    "layers" : [ ],
    "target" : {
      "resourceId" : "sid-C5B7829E-4E9C-4714-A146-B615410388AE"
    },
    "childShapes" : [ ],
    "properties" : {
      "id" : "",
      "label" : "",
      "transformation" : ""
    },
    "stencil" : {
      "id" : "Arc"
    },
    "outgoing" : [ {
      "resourceId" : "sid-C5B7829E-4E9C-4714-A146-B615410388AE"
    } ],
    "formats" : {
    },
    "glossaryLinks" : {
    }
  }, {
    "bounds" : {
      "lowerRight" : {
        "y" : 305,
        "x" : 850
      },
      "upperLeft" : {
        "y" : 265,
        "x" : 810
      }
    },
    "dockers" : [ ],
    "resourceId" : "sid-20A86405-1BF4-406E-9672-3FBD8F6E2300",
    "labels" : [ ],
    "layers" : [ ],
    "childShapes" : [ ],
    "properties" : {
      "id" : "",
      "title" : "O",
      "communicationtype" : "Default",
      "communicationchannel" : "",
      "guard" : "",
      "oform" : "",
      "omodel" : "",
      "firetype" : "Automatic",
      "href" : ""
    },
    "stencil" : {
      "id" : "Transition"
    },
    "outgoing" : [ {
      "resourceId" : "sid-28F2DC29-DE74-4FE7-B090-4A2BC8CA8342"
    } ],
    "formats" : {
    },
    "glossaryLinks" : {
    }
  }, {
    "bounds" : {
      "lowerRight" : {
        "y" : 285,
        "x" : 809.625
      },
      "upperLeft" : {
        "y" : 285,
        "x" : 765.375
      }
    },
    "dockers" : [ {
      "y" : 15,
      "x" : 15
    }, {
      "y" : 20,
      "x" : 20
    } ],
    "resourceId" : "sid-22131329-9B4C-4796-943D-9A523F52CC6C",
    "labels" : [ ],
    "layers" : [ ],
    "target" : {
      "resourceId" : "sid-20A86405-1BF4-406E-9672-3FBD8F6E2300"
    },
    "childShapes" : [ ],
    "properties" : {
      "id" : "",
      "label" : "",
      "transformation" : ""
    },
    "stencil" : {
      "id" : "Arc"
    },
    "outgoing" : [ {
      "resourceId" : "sid-20A86405-1BF4-406E-9672-3FBD8F6E2300"
    } ],
    "formats" : {
    },
    "glossaryLinks" : {
    }
  }, {
    "bounds" : {
      "lowerRight" : {
        "y" : 410,
        "x" : 850
      },
      "upperLeft" : {
        "y" : 370,
        "x" : 810
      }
    },
    "dockers" : [ ],
    "resourceId" : "sid-B4A2A9A1-E81B-4394-8DB7-84DB9BD11B45",
    "labels" : [ ],
    "layers" : [ ],
    "childShapes" : [ ],
    "properties" : {
      "id" : "",
      "title" : "P",
      "communicationtype" : "Default",
      "communicationchannel" : "",
      "guard" : "",
      "oform" : "",
      "omodel" : "",
      "firetype" : "Automatic",
      "href" : ""
    },
    "stencil" : {
      "id" : "Transition"
    },
    "outgoing" : [ {
      "resourceId" : "sid-D9004F80-5E8A-4A56-B284-3AD1FF7D74A3"
    } ],
    "formats" : {
    },
    "glossaryLinks" : {
    }
  }, {
    "bounds" : {
      "lowerRight" : {
        "y" : 390,
        "x" : 809.3125
      },
      "upperLeft" : {
        "y" : 390,
        "x" : 665.0625
      }
    },
    "dockers" : [ {
      "y" : 15,
      "x" : 15
    }, {
      "y" : 20,
      "x" : 20
    } ],
    "resourceId" : "sid-50D82F25-B88E-4E0A-9CE2-9C79EEB66A2D",
    "labels" : [ ],
    "layers" : [ ],
    "target" : {
      "resourceId" : "sid-B4A2A9A1-E81B-4394-8DB7-84DB9BD11B45"
    },
    "childShapes" : [ ],
    "properties" : {
      "id" : "",
      "label" : "",
      "transformation" : ""
    },
    "stencil" : {
      "id" : "Arc"
    },
    "outgoing" : [ {
      "resourceId" : "sid-B4A2A9A1-E81B-4394-8DB7-84DB9BD11B45"
    } ],
    "formats" : {
    },
    "glossaryLinks" : {
    }
  }, {
    "bounds" : {
      "lowerRight" : {
        "y" : 375,
        "x" : 930
      },
      "upperLeft" : {
        "y" : 345,
        "x" : 900
      }
    },
    "dockers" : [ ],
    "resourceId" : "sid-613657A4-16BE-4ED8-AE14-FB3B12A7EF0E",
    "labels" : [ ],
    "layers" : [ ],
    "childShapes" : [ ],
    "properties" : {
      "exttype" : "Push",
      "id" : "",
      "title" : "Q",
      "external" : "false",
      "locatortypes" : "",
      "locatornames" : "",
      "numberoftokens_drawing" : "0",
      "numberoftokens_text" : "",
      "numberOfTokens" : "0",
      "locatorexpr" : "",
      "href" : ""
    },
    "stencil" : {
      "id" : "Place"
    },
    "outgoing" : [ {
      "resourceId" : "sid-50EFEC88-B959-4BCD-A61F-46AFB993C922"
    } ],
    "formats" : {
    },
    "glossaryLinks" : {
    }
  }, {
    "bounds" : {
      "lowerRight" : {
        "y" : 382.63592988226486,
        "x" : 900.7757596664171
      },
      "upperLeft" : {
        "y" : 365.02032011773514,
        "x" : 850.8648653335829
      }
    },
    "dockers" : [ {
      "y" : 20,
      "x" : 20
    }, {
      "y" : 15,
      "x" : 15
    } ],
    "resourceId" : "sid-D9004F80-5E8A-4A56-B284-3AD1FF7D74A3",
    "labels" : [ ],
    "layers" : [ ],
    "target" : {
      "resourceId" : "sid-613657A4-16BE-4ED8-AE14-FB3B12A7EF0E"
    },
    "childShapes" : [ ],
    "properties" : {
      "id" : "",
      "label" : "",
      "transformation" : ""
    },
    "stencil" : {
      "id" : "Arc"
    },
    "outgoing" : [ {
      "resourceId" : "sid-613657A4-16BE-4ED8-AE14-FB3B12A7EF0E"
    } ],
    "formats" : {
    },
    "glossaryLinks" : {
    }
  }, {
    "bounds" : {
      "lowerRight" : {
        "y" : 335,
        "x" : 930
      },
      "upperLeft" : {
        "y" : 305,
        "x" : 900
      }
    },
    "dockers" : [ ],
    "resourceId" : "sid-6C197E72-4838-45F4-BEBF-8A84973C6EE1",
    "labels" : [ ],
    "layers" : [ ],
    "childShapes" : [ ],
    "properties" : {
      "exttype" : "Push",
      "id" : "",
      "title" : "R",
      "external" : "false",
      "locatortypes" : "",
      "locatornames" : "",
      "numberoftokens_drawing" : "0",
      "numberoftokens_text" : "",
      "numberOfTokens" : "0",
      "locatorexpr" : "",
      "href" : ""
    },
    "stencil" : {
      "id" : "Place"
    },
    "outgoing" : [ {
      "resourceId" : "sid-54D13E0F-8633-4B4B-8B50-B6BA712BD5C1"
    } ],
    "formats" : {
    },
    "glossaryLinks" : {
    }
  }, {
    "bounds" : {
      "lowerRight" : {
        "y" : 314.1505001947457,
        "x" : 900.7940719015253
      },
      "upperLeft" : {
        "y" : 293.5838748052543,
        "x" : 850.8465530984747
      }
    },
    "dockers" : [ {
      "y" : 20,
      "x" : 20
    }, {
      "y" : 15,
      "x" : 15
    } ],
    "resourceId" : "sid-28F2DC29-DE74-4FE7-B090-4A2BC8CA8342",
    "labels" : [ ],
    "layers" : [ ],
    "target" : {
      "resourceId" : "sid-6C197E72-4838-45F4-BEBF-8A84973C6EE1"
    },
    "childShapes" : [ ],
    "properties" : {
      "id" : "",
      "label" : "",
      "transformation" : ""
    },
    "stencil" : {
      "id" : "Arc"
    },
    "outgoing" : [ {
      "resourceId" : "sid-6C197E72-4838-45F4-BEBF-8A84973C6EE1"
    } ],
    "formats" : {
    },
    "glossaryLinks" : {
    }
  }, {
    "bounds" : {
      "lowerRight" : {
        "y" : 355,
        "x" : 1015
      },
      "upperLeft" : {
        "y" : 315,
        "x" : 975
      }
    },
    "dockers" : [ ],
    "resourceId" : "sid-53830880-5B63-425F-BE4A-D74439168E34",
    "labels" : [ ],
    "layers" : [ ],
    "childShapes" : [ ],
    "properties" : {
      "id" : "",
      "title" : "S",
      "communicationtype" : "Default",
      "communicationchannel" : "",
      "guard" : "",
      "oform" : "",
      "omodel" : "",
      "firetype" : "Automatic",
      "href" : ""
    },
    "stencil" : {
      "id" : "Transition"
    },
    "outgoing" : [ {
      "resourceId" : "sid-BEC71EDD-831B-4F74-A43E-B83D3B000D23"
    } ],
    "formats" : {
    },
    "glossaryLinks" : {
    }
  }, {
    "bounds" : {
      "lowerRight" : {
        "y" : 331.1828989649498,
        "x" : 974.6421278130657
      },
      "upperLeft" : {
        "y" : 322.8796010350502,
        "x" : 930.3578721869343
      }
    },
    "dockers" : [ {
      "y" : 15,
      "x" : 15
    }, {
      "y" : 20,
      "x" : 20
    } ],
    "resourceId" : "sid-54D13E0F-8633-4B4B-8B50-B6BA712BD5C1",
    "labels" : [ ],
    "layers" : [ ],
    "target" : {
      "resourceId" : "sid-53830880-5B63-425F-BE4A-D74439168E34"
    },
    "childShapes" : [ ],
    "properties" : {
      "id" : "",
      "label" : "",
      "transformation" : ""
    },
    "stencil" : {
      "id" : "Arc"
    },
    "outgoing" : [ {
      "resourceId" : "sid-53830880-5B63-425F-BE4A-D74439168E34"
    } ],
    "formats" : {
    },
    "glossaryLinks" : {
    }
  }, {
    "bounds" : {
      "lowerRight" : {
        "y" : 355.4048500068641,
        "x" : 974.670520021965
      },
      "upperLeft" : {
        "y" : 341.3529624931359,
        "x" : 929.704479978035
      }
    },
    "dockers" : [ {
      "y" : 15,
      "x" : 15
    }, {
      "y" : 20,
      "x" : 20
    } ],
    "resourceId" : "sid-50EFEC88-B959-4BCD-A61F-46AFB993C922",
    "labels" : [ ],
    "layers" : [ ],
    "target" : {
      "resourceId" : "sid-53830880-5B63-425F-BE4A-D74439168E34"
    },
    "childShapes" : [ ],
    "properties" : {
      "id" : "",
      "label" : "",
      "transformation" : ""
    },
    "stencil" : {
      "id" : "Arc"
    },
    "outgoing" : [ {
      "resourceId" : "sid-53830880-5B63-425F-BE4A-D74439168E34"
    } ],
    "formats" : {
    },
    "glossaryLinks" : {
    }
  }, {
    "bounds" : {
      "lowerRight" : {
        "y" : 350,
        "x" : 1095
      },
      "upperLeft" : {
        "y" : 320,
        "x" : 1065
      }
    },
    "dockers" : [ ],
    "resourceId" : "sid-BFDAD893-74A4-453F-90EC-E69704D2ABCD",
    "labels" : [ ],
    "layers" : [ ],
    "childShapes" : [ ],
    "properties" : {
      "exttype" : "Push",
      "id" : "",
      "title" : "T",
      "external" : "false",
      "locatortypes" : "",
      "locatornames" : "",
      "numberoftokens_drawing" : "0",
      "numberoftokens_text" : "",
      "numberOfTokens" : "0",
      "locatorexpr" : "",
      "href" : ""
    },
    "stencil" : {
      "id" : "Place"
    },
    "outgoing" : [ ],
    "formats" : {
    },
    "glossaryLinks" : {
    }
  }, {
    "bounds" : {
      "lowerRight" : {
        "y" : 335,
        "x" : 1064.390625
      },
      "upperLeft" : {
        "y" : 335,
        "x" : 1015.921875
      }
    },
    "dockers" : [ {
      "y" : 20,
      "x" : 20
    }, {
      "y" : 15,
      "x" : 15
    } ],
    "resourceId" : "sid-BEC71EDD-831B-4F74-A43E-B83D3B000D23",
    "labels" : [ ],
    "layers" : [ ],
    "target" : {
      "resourceId" : "sid-BFDAD893-74A4-453F-90EC-E69704D2ABCD"
    },
    "childShapes" : [ ],
    "properties" : {
      "id" : "",
      "label" : "",
      "transformation" : ""
    },
    "stencil" : {
      "id" : "Arc"
    },
    "outgoing" : [ {
      "resourceId" : "sid-BFDAD893-74A4-453F-90EC-E69704D2ABCD"
    } ],
    "formats" : {
    },
    "glossaryLinks" : {
    }
  } ],
  "properties" : {
    "author" : "",
    "title" : "",
    "engine" : "false",
    "modificationdate" : "10/07/07",
    "documentation" : "",
    "language" : "English",
    "creationdate" : "10/07/07",
    "version" : ""
  },
  "stencilset" : {
    "url" : "/stencilsets/petrinets/petrinet.json?version=4.1.0",
    "namespace" : "http://b3mn.org/stencilset/petrinet#"
  },
  "ssextensions" : [ ],
  "stencil" : {
    "id" : "Diagram"
  },
  "formats" : {
  }
}