{
  "revision" : {
    "creationDate" : null,
    "elementCounts" : {
      "total" : 48,
      "Place" : 11,
      "Arc" : 25,
      "Transition" : 11,
      "Diagram" : 1
    },
    "connectedness" : 100,
    "isLastRevision" : "false",
    "revisionNumber" : 1
  },
  "model" : {
    "modelingLanguage" : "petrinet",
    "numberOfRevisions" : 3,
    "naturalLanguage" : "de",
    "timestampModelCollection" : null,
    "directoryId" : "1691969987",
    "groupName" : "PetriNet",
    "modelDate" : "2012-08-30",
    "modelName" : "73198704",
    "modelId" : "73198704"
  }
}