{
  "revision" : {
    "creationDate" : null,
    "elementCounts" : {
      "total" : 48,
      "Place" : 12,
      "Arc" : 28,
      "Transition" : 7,
      "Diagram" : 1
    },
    "connectedness" : 100,
    "isLastRevision" : "true",
    "revisionNumber" : 4
  },
  "model" : {
    "modelingLanguage" : "petrinet",
    "numberOfRevisions" : 4,
    "naturalLanguage" : "de",
    "timestampModelCollection" : null,
    "directoryId" : "74997446",
    "groupName" : "PetriNet",
    "modelDate" : "2010-12-04",
    "modelName" : "Alt_ Cola-Limo-Automat - Ludwig Wall Magdalena Noffke",
    "modelId" : "714306976"
  }
}