{
  "bounds" : {
    "lowerRight" : {
      "y" : 1050,
      "x" : 1485
    },
    "upperLeft" : {
      "y" : 0,
      "x" : 0
    }
  },
  "resourceId" : "canvas",
  "childShapes" : [ {
    "bounds" : {
      "lowerRight" : {
        "y" : 255,
        "x" : 40
      },
      "upperLeft" : {
        "y" : 225,
        "x" : 10
      }
    },
    "dockers" : [ ],
    "resourceId" : "sid-CA9CEB67-9C5F-4D2D-91C7-7000C7CF68CB",
    "labels" : [ ],
    "layers" : [ ],
    "childShapes" : [ ],
    "properties" : {
      "exttype" : "Push",
      "id" : "",
      "title" : "A",
      "external" : "false",
      "locatortypes" : "",
      "locatornames" : "",
      "numberoftokens_drawing" : "0",
      "numberoftokens_text" : "",
      "numberOfTokens" : "0",
      "locatorexpr" : "",
      "href" : ""
    },
    "stencil" : {
      "id" : "Place"
    },
    "outgoing" : [ {
      "resourceId" : "sid-464CD042-E07B-4899-A3D1-1399145C5C37"
    } ],
    "formats" : {
    },
    "glossaryLinks" : {
    }
  }, {
    "bounds" : {
      "lowerRight" : {
        "y" : 260,
        "x" : 115
      },
      "upperLeft" : {
        "y" : 220,
        "x" : 75
      }
    },
    "dockers" : [ ],
    "resourceId" : "sid-CE32506E-7A86-4BA9-A669-30B169DA7598",
    "labels" : [ ],
    "layers" : [ ],
    "childShapes" : [ ],
    "properties" : {
      "id" : "",
      "title" : "B",
      "communicationtype" : "Default",
      "communicationchannel" : "",
      "guard" : "",
      "oform" : "",
      "omodel" : "",
      "firetype" : "Automatic",
      "href" : ""
    },
    "stencil" : {
      "id" : "Transition"
    },
    "outgoing" : [ {
      "resourceId" : "sid-A58EB9E5-F1D1-41D6-9A74-49055FFBC767"
    } ],
    "formats" : {
    },
    "glossaryLinks" : {
    }
  }, {
    "bounds" : {
      "lowerRight" : {
        "y" : 240,
        "x" : 74.3125
      },
      "upperLeft" : {
        "y" : 240,
        "x" : 40.21875
      }
    },
    "dockers" : [ {
      "y" : 15,
      "x" : 15
    }, {
      "y" : 20,
      "x" : 20
    } ],
    "resourceId" : "sid-464CD042-E07B-4899-A3D1-1399145C5C37",
    "labels" : [ ],
    "layers" : [ ],
    "target" : {
      "resourceId" : "sid-CE32506E-7A86-4BA9-A669-30B169DA7598"
    },
    "childShapes" : [ ],
    "properties" : {
      "id" : "",
      "label" : "",
      "transformation" : ""
    },
    "stencil" : {
      "id" : "Arc"
    },
    "outgoing" : [ {
      "resourceId" : "sid-CE32506E-7A86-4BA9-A669-30B169DA7598"
    } ],
    "formats" : {
    },
    "glossaryLinks" : {
    }
  }, {
    "bounds" : {
      "lowerRight" : {
        "y" : 255,
        "x" : 180
      },
      "upperLeft" : {
        "y" : 225,
        "x" : 150
      }
    },
    "dockers" : [ ],
    "resourceId" : "sid-CB25E465-126B-4B95-B9EB-B627BE68A15D",
    "labels" : [ ],
    "layers" : [ ],
    "childShapes" : [ ],
    "properties" : {
      "exttype" : "Push",
      "id" : "",
      "title" : "",
      "external" : "false",
      "locatortypes" : "",
      "locatornames" : "",
      "numberoftokens_drawing" : "0",
      "numberoftokens_text" : "",
      "numberOfTokens" : "0",
      "locatorexpr" : "",
      "href" : ""
    },
    "stencil" : {
      "id" : "Place"
    },
    "outgoing" : [ {
      "resourceId" : "sid-42EB54BC-B6AD-4E05-97D9-8417EEE9869A"
    }, {
      "resourceId" : "sid-064B2616-7A92-4DEA-AAC3-F1BA52ACD586"
    } ],
    "formats" : {
    },
    "glossaryLinks" : {
    }
  }, {
    "bounds" : {
      "lowerRight" : {
        "y" : 240,
        "x" : 149.78125
      },
      "upperLeft" : {
        "y" : 240,
        "x" : 115
      }
    },
    "dockers" : [ {
      "y" : 20,
      "x" : 20
    }, {
      "y" : 15,
      "x" : 15
    } ],
    "resourceId" : "sid-A58EB9E5-F1D1-41D6-9A74-49055FFBC767",
    "labels" : [ ],
    "layers" : [ ],
    "target" : {
      "resourceId" : "sid-CB25E465-126B-4B95-B9EB-B627BE68A15D"
    },
    "childShapes" : [ ],
    "properties" : {
      "id" : "",
      "label" : "",
      "transformation" : ""
    },
    "stencil" : {
      "id" : "Arc"
    },
    "outgoing" : [ {
      "resourceId" : "sid-CB25E465-126B-4B95-B9EB-B627BE68A15D"
    } ],
    "formats" : {
    },
    "glossaryLinks" : {
    }
  }, {
    "bounds" : {
      "lowerRight" : {
        "y" : 205,
        "x" : 260
      },
      "upperLeft" : {
        "y" : 165,
        "x" : 220
      }
    },
    "dockers" : [ ],
    "resourceId" : "sid-CE14B80A-3547-4949-A4B1-95430D53F64A",
    "labels" : [ ],
    "layers" : [ ],
    "childShapes" : [ ],
    "properties" : {
      "id" : "",
      "title" : "C",
      "communicationtype" : "Default",
      "communicationchannel" : "",
      "guard" : "",
      "oform" : "",
      "omodel" : "",
      "firetype" : "Automatic",
      "href" : ""
    },
    "stencil" : {
      "id" : "Transition"
    },
    "outgoing" : [ {
      "resourceId" : "sid-4B8509F0-1A6B-4353-93CC-C8C1156DC1E6"
    } ],
    "formats" : {
    },
    "glossaryLinks" : {
    }
  }, {
    "bounds" : {
      "lowerRight" : {
        "y" : 340,
        "x" : 260
      },
      "upperLeft" : {
        "y" : 300,
        "x" : 220
      }
    },
    "dockers" : [ ],
    "resourceId" : "sid-15D77948-9A26-455D-B4B8-B18138B35A41",
    "labels" : [ ],
    "layers" : [ ],
    "childShapes" : [ ],
    "properties" : {
      "id" : "",
      "title" : "D",
      "communicationtype" : "Default",
      "communicationchannel" : "",
      "guard" : "",
      "oform" : "",
      "omodel" : "",
      "firetype" : "Automatic",
      "href" : ""
    },
    "stencil" : {
      "id" : "Transition"
    },
    "outgoing" : [ {
      "resourceId" : "sid-C33FD6B9-6BDE-42C1-8D3C-C1595457388A"
    }, {
      "resourceId" : "sid-981B7F9F-6D01-48E2-BB7C-E9F645F3633D"
    } ],
    "formats" : {
    },
    "glossaryLinks" : {
    }
  }, {
    "bounds" : {
      "lowerRight" : {
        "y" : 230.8148863363725,
        "x" : 219.2717200041443
      },
      "upperLeft" : {
        "y" : 200.2007386636275,
        "x" : 177.5251549958557
      }
    },
    "dockers" : [ {
      "y" : 15,
      "x" : 15
    }, {
      "y" : 20,
      "x" : 20
    } ],
    "resourceId" : "sid-42EB54BC-B6AD-4E05-97D9-8417EEE9869A",
    "labels" : [ ],
    "layers" : [ ],
    "target" : {
      "resourceId" : "sid-CE14B80A-3547-4949-A4B1-95430D53F64A"
    },
    "childShapes" : [ ],
    "properties" : {
      "id" : "",
      "label" : "",
      "transformation" : ""
    },
    "stencil" : {
      "id" : "Arc"
    },
    "outgoing" : [ {
      "resourceId" : "sid-CE14B80A-3547-4949-A4B1-95430D53F64A"
    } ],
    "formats" : {
    },
    "glossaryLinks" : {
    }
  }, {
    "bounds" : {
      "lowerRight" : {
        "y" : 299.89546279585994,
        "x" : 221.15199637111866
      },
      "upperLeft" : {
        "y" : 251.3545372041401,
        "x" : 175.64487862888134
      }
    },
    "dockers" : [ {
      "y" : 15,
      "x" : 15
    }, {
      "y" : 20,
      "x" : 20
    } ],
    "resourceId" : "sid-064B2616-7A92-4DEA-AAC3-F1BA52ACD586",
    "labels" : [ ],
    "layers" : [ ],
    "target" : {
      "resourceId" : "sid-15D77948-9A26-455D-B4B8-B18138B35A41"
    },
    "childShapes" : [ ],
    "properties" : {
      "id" : "",
      "label" : "",
      "transformation" : ""
    },
    "stencil" : {
      "id" : "Arc"
    },
    "outgoing" : [ {
      "resourceId" : "sid-15D77948-9A26-455D-B4B8-B18138B35A41"
    } ],
    "formats" : {
    },
    "glossaryLinks" : {
    }
  }, {
    "bounds" : {
      "lowerRight" : {
        "y" : 200,
        "x" : 340
      },
      "upperLeft" : {
        "y" : 170,
        "x" : 310
      }
    },
    "dockers" : [ ],
    "resourceId" : "sid-02688DFF-4872-4BE1-A645-30E38E10B069",
    "labels" : [ ],
    "layers" : [ ],
    "childShapes" : [ ],
    "properties" : {
      "exttype" : "Push",
      "id" : "",
      "title" : "",
      "external" : "false",
      "locatortypes" : "",
      "locatornames" : "",
      "numberoftokens_drawing" : "0",
      "numberoftokens_text" : "",
      "numberOfTokens" : "0",
      "locatorexpr" : "",
      "href" : ""
    },
    "stencil" : {
      "id" : "Place"
    },
    "outgoing" : [ {
      "resourceId" : "sid-4DA596F8-B39A-4CF0-9F63-6295B79CF1CE"
    }, {
      "resourceId" : "sid-D48C28DE-C4D8-4C80-87F9-C4D506608422"
    } ],
    "formats" : {
    },
    "glossaryLinks" : {
    }
  }, {
    "bounds" : {
      "lowerRight" : {
        "y" : 185,
        "x" : 309.390625
      },
      "upperLeft" : {
        "y" : 185,
        "x" : 260
      }
    },
    "dockers" : [ {
      "y" : 20,
      "x" : 20
    }, {
      "y" : 15,
      "x" : 15
    } ],
    "resourceId" : "sid-4B8509F0-1A6B-4353-93CC-C8C1156DC1E6",
    "labels" : [ ],
    "layers" : [ ],
    "target" : {
      "resourceId" : "sid-02688DFF-4872-4BE1-A645-30E38E10B069"
    },
    "childShapes" : [ ],
    "properties" : {
      "id" : "",
      "label" : "",
      "transformation" : ""
    },
    "stencil" : {
      "id" : "Arc"
    },
    "outgoing" : [ {
      "resourceId" : "sid-02688DFF-4872-4BE1-A645-30E38E10B069"
    } ],
    "formats" : {
    },
    "glossaryLinks" : {
    }
  }, {
    "bounds" : {
      "lowerRight" : {
        "y" : 110,
        "x" : 240
      },
      "upperLeft" : {
        "y" : 60,
        "x" : 230
      }
    },
    "dockers" : [ ],
    "resourceId" : "sid-E91307E0-6D77-455F-989D-9E8DC41F9AF5",
    "labels" : [ ],
    "layers" : [ ],
    "childShapes" : [ ],
    "properties" : {
      "id" : "",
      "title" : "",
      "guard" : "",
      "oform" : "",
      "omodel" : "",
      "firetype" : "Automatic",
      "href" : ""
    },
    "stencil" : {
      "id" : "VerticalEmptyTransition"
    },
    "outgoing" : [ {
      "resourceId" : "sid-A6FBC7BE-862B-4F77-BC60-76F0097C374E"
    } ],
    "formats" : {
    },
    "glossaryLinks" : {
    }
  }, {
    "bounds" : {
      "lowerRight" : {
        "y" : 173.31920585375283,
        "x" : 314.4872852683775
      },
      "upperLeft" : {
        "y" : 90.55555555555556,
        "x" : 240
      }
    },
    "dockers" : [ {
      "y" : 15,
      "x" : 15
    }, {
      "y" : 25,
      "x" : 5
    } ],
    "resourceId" : "sid-4DA596F8-B39A-4CF0-9F63-6295B79CF1CE",
    "labels" : [ ],
    "layers" : [ ],
    "target" : {
      "resourceId" : "sid-E91307E0-6D77-455F-989D-9E8DC41F9AF5"
    },
    "childShapes" : [ ],
    "properties" : {
      "id" : "",
      "label" : "",
      "transformation" : ""
    },
    "stencil" : {
      "id" : "Arc"
    },
    "outgoing" : [ {
      "resourceId" : "sid-E91307E0-6D77-455F-989D-9E8DC41F9AF5"
    } ],
    "formats" : {
    },
    "glossaryLinks" : {
    }
  }, {
    "bounds" : {
      "lowerRight" : {
        "y" : 225.76831690034132,
        "x" : 229.6665382775735
      },
      "upperLeft" : {
        "y" : 96.80980809965868,
        "x" : 171.4272117224265
      }
    },
    "dockers" : [ {
      "y" : 25,
      "x" : 5
    }, {
      "y" : 15,
      "x" : 15
    } ],
    "resourceId" : "sid-A6FBC7BE-862B-4F77-BC60-76F0097C374E",
    "labels" : [ ],
    "layers" : [ ],
    "target" : {
      "resourceId" : "sid-CB25E465-126B-4B95-B9EB-B627BE68A15D"
    },
    "childShapes" : [ ],
    "properties" : {
      "id" : "",
      "label" : "",
      "transformation" : ""
    },
    "stencil" : {
      "id" : "Arc"
    },
    "outgoing" : [ {
      "resourceId" : "sid-CB25E465-126B-4B95-B9EB-B627BE68A15D"
    } ],
    "formats" : {
    },
    "glossaryLinks" : {
    }
  }, {
    "bounds" : {
      "lowerRight" : {
        "y" : 205,
        "x" : 425
      },
      "upperLeft" : {
        "y" : 165,
        "x" : 385
      }
    },
    "dockers" : [ ],
    "resourceId" : "sid-7BA3648A-72FE-4A20-92BD-79C8E923A948",
    "labels" : [ ],
    "layers" : [ ],
    "childShapes" : [ ],
    "properties" : {
      "id" : "",
      "title" : "E",
      "communicationtype" : "Default",
      "communicationchannel" : "",
      "guard" : "",
      "oform" : "",
      "omodel" : "",
      "firetype" : "Automatic",
      "href" : ""
    },
    "stencil" : {
      "id" : "Transition"
    },
    "outgoing" : [ {
      "resourceId" : "sid-A5A095DC-DF76-40CD-B79E-9D4CFEE127A0"
    }, {
      "resourceId" : "sid-DFD48BBD-C6E8-4D2F-95ED-8E0F327A8A3B"
    } ],
    "formats" : {
    },
    "glossaryLinks" : {
    }
  }, {
    "bounds" : {
      "lowerRight" : {
        "y" : 185,
        "x" : 384.625
      },
      "upperLeft" : {
        "y" : 185,
        "x" : 340.375
      }
    },
    "dockers" : [ {
      "y" : 15,
      "x" : 15
    }, {
      "y" : 20,
      "x" : 20
    } ],
    "resourceId" : "sid-D48C28DE-C4D8-4C80-87F9-C4D506608422",
    "labels" : [ ],
    "layers" : [ ],
    "target" : {
      "resourceId" : "sid-7BA3648A-72FE-4A20-92BD-79C8E923A948"
    },
    "childShapes" : [ ],
    "properties" : {
      "id" : "",
      "label" : "",
      "transformation" : ""
    },
    "stencil" : {
      "id" : "Arc"
    },
    "outgoing" : [ {
      "resourceId" : "sid-7BA3648A-72FE-4A20-92BD-79C8E923A948"
    } ],
    "formats" : {
    },
    "glossaryLinks" : {
    }
  }, {
    "bounds" : {
      "lowerRight" : {
        "y" : 200,
        "x" : 505
      },
      "upperLeft" : {
        "y" : 170,
        "x" : 475
      }
    },
    "dockers" : [ ],
    "resourceId" : "sid-2034D9BE-A16E-4224-8F37-2065024E68A1",
    "labels" : [ ],
    "layers" : [ ],
    "childShapes" : [ ],
    "properties" : {
      "exttype" : "Push",
      "id" : "",
      "title" : "",
      "external" : "false",
      "locatortypes" : "",
      "locatornames" : "",
      "numberoftokens_drawing" : "0",
      "numberoftokens_text" : "",
      "numberOfTokens" : "0",
      "locatorexpr" : "",
      "href" : ""
    },
    "stencil" : {
      "id" : "Place"
    },
    "outgoing" : [ {
      "resourceId" : "sid-C258DE71-4C72-45F5-802E-01DA5D0FB880"
    } ],
    "formats" : {
    },
    "glossaryLinks" : {
    }
  }, {
    "bounds" : {
      "lowerRight" : {
        "y" : 185,
        "x" : 474.390625
      },
      "upperLeft" : {
        "y" : 185,
        "x" : 425
      }
    },
    "dockers" : [ {
      "y" : 20,
      "x" : 20
    }, {
      "y" : 15,
      "x" : 15
    } ],
    "resourceId" : "sid-A5A095DC-DF76-40CD-B79E-9D4CFEE127A0",
    "labels" : [ ],
    "layers" : [ ],
    "target" : {
      "resourceId" : "sid-2034D9BE-A16E-4224-8F37-2065024E68A1"
    },
    "childShapes" : [ ],
    "properties" : {
      "id" : "",
      "label" : "",
      "transformation" : ""
    },
    "stencil" : {
      "id" : "Arc"
    },
    "outgoing" : [ {
      "resourceId" : "sid-2034D9BE-A16E-4224-8F37-2065024E68A1"
    } ],
    "formats" : {
    },
    "glossaryLinks" : {
    }
  }, {
    "bounds" : {
      "lowerRight" : {
        "y" : 315,
        "x" : 505
      },
      "upperLeft" : {
        "y" : 285,
        "x" : 475
      }
    },
    "dockers" : [ ],
    "resourceId" : "sid-A29BA771-1C9A-4475-8F00-6534598CBBB7",
    "labels" : [ ],
    "layers" : [ ],
    "childShapes" : [ ],
    "properties" : {
      "exttype" : "Push",
      "id" : "",
      "title" : "",
      "external" : "false",
      "locatortypes" : "",
      "locatornames" : "",
      "numberoftokens_drawing" : "0",
      "numberoftokens_text" : "",
      "numberOfTokens" : "0",
      "locatorexpr" : "",
      "href" : ""
    },
    "stencil" : {
      "id" : "Place"
    },
    "outgoing" : [ {
      "resourceId" : "sid-CD1D845E-1E8C-41AF-B4C8-91BE0E8873DF"
    } ],
    "formats" : {
    },
    "glossaryLinks" : {
    }
  }, {
    "bounds" : {
      "lowerRight" : {
        "y" : 287.5161363585337,
        "x" : 480.7727964389162
      },
      "upperLeft" : {
        "y" : 205,
        "x" : 419.7826086956522
      }
    },
    "dockers" : [ {
      "y" : 20,
      "x" : 20
    }, {
      "y" : 15,
      "x" : 15
    } ],
    "resourceId" : "sid-DFD48BBD-C6E8-4D2F-95ED-8E0F327A8A3B",
    "labels" : [ ],
    "layers" : [ ],
    "target" : {
      "resourceId" : "sid-A29BA771-1C9A-4475-8F00-6534598CBBB7"
    },
    "childShapes" : [ ],
    "properties" : {
      "id" : "",
      "label" : "",
      "transformation" : ""
    },
    "stencil" : {
      "id" : "Arc"
    },
    "outgoing" : [ {
      "resourceId" : "sid-A29BA771-1C9A-4475-8F00-6534598CBBB7"
    } ],
    "formats" : {
    },
    "glossaryLinks" : {
    }
  }, {
    "bounds" : {
      "lowerRight" : {
        "y" : 205,
        "x" : 590
      },
      "upperLeft" : {
        "y" : 165,
        "x" : 550
      }
    },
    "dockers" : [ ],
    "resourceId" : "sid-40689D87-6233-4573-8F03-F224138ED883",
    "labels" : [ ],
    "layers" : [ ],
    "childShapes" : [ ],
    "properties" : {
      "id" : "",
      "title" : "F",
      "communicationtype" : "Default",
      "communicationchannel" : "",
      "guard" : "",
      "oform" : "",
      "omodel" : "",
      "firetype" : "Automatic",
      "href" : ""
    },
    "stencil" : {
      "id" : "Transition"
    },
    "outgoing" : [ {
      "resourceId" : "sid-FBC67C70-92D0-4761-A4E0-C2DDB1626F2F"
    } ],
    "formats" : {
    },
    "glossaryLinks" : {
    }
  }, {
    "bounds" : {
      "lowerRight" : {
        "y" : 185,
        "x" : 549.625
      },
      "upperLeft" : {
        "y" : 185,
        "x" : 505.375
      }
    },
    "dockers" : [ {
      "y" : 15,
      "x" : 15
    }, {
      "y" : 20,
      "x" : 20
    } ],
    "resourceId" : "sid-C258DE71-4C72-45F5-802E-01DA5D0FB880",
    "labels" : [ ],
    "layers" : [ ],
    "target" : {
      "resourceId" : "sid-40689D87-6233-4573-8F03-F224138ED883"
    },
    "childShapes" : [ ],
    "properties" : {
      "id" : "",
      "label" : "",
      "transformation" : ""
    },
    "stencil" : {
      "id" : "Arc"
    },
    "outgoing" : [ {
      "resourceId" : "sid-40689D87-6233-4573-8F03-F224138ED883"
    } ],
    "formats" : {
    },
    "glossaryLinks" : {
    }
  }, {
    "bounds" : {
      "lowerRight" : {
        "y" : 200,
        "x" : 655
      },
      "upperLeft" : {
        "y" : 170,
        "x" : 625
      }
    },
    "dockers" : [ ],
    "resourceId" : "sid-0476DCC9-EC6F-4456-88DD-B93F54EEC223",
    "labels" : [ ],
    "layers" : [ ],
    "childShapes" : [ ],
    "properties" : {
      "exttype" : "Push",
      "id" : "",
      "title" : "",
      "external" : "false",
      "locatortypes" : "",
      "locatornames" : "",
      "numberoftokens_drawing" : "0",
      "numberoftokens_text" : "",
      "numberOfTokens" : "0",
      "locatorexpr" : "",
      "href" : ""
    },
    "stencil" : {
      "id" : "Place"
    },
    "outgoing" : [ {
      "resourceId" : "sid-BF84D04D-618B-40CF-932C-AE6C9A4A3BFA"
    } ],
    "formats" : {
    },
    "glossaryLinks" : {
    }
  }, {
    "bounds" : {
      "lowerRight" : {
        "y" : 185,
        "x" : 624.78125
      },
      "upperLeft" : {
        "y" : 185,
        "x" : 590
      }
    },
    "dockers" : [ {
      "y" : 20,
      "x" : 20
    }, {
      "y" : 15,
      "x" : 15
    } ],
    "resourceId" : "sid-FBC67C70-92D0-4761-A4E0-C2DDB1626F2F",
    "labels" : [ ],
    "layers" : [ ],
    "target" : {
      "resourceId" : "sid-0476DCC9-EC6F-4456-88DD-B93F54EEC223"
    },
    "childShapes" : [ ],
    "properties" : {
      "id" : "",
      "label" : "",
      "transformation" : ""
    },
    "stencil" : {
      "id" : "Arc"
    },
    "outgoing" : [ {
      "resourceId" : "sid-0476DCC9-EC6F-4456-88DD-B93F54EEC223"
    } ],
    "formats" : {
    },
    "glossaryLinks" : {
    }
  }, {
    "bounds" : {
      "lowerRight" : {
        "y" : 158,
        "x" : 825
      },
      "upperLeft" : {
        "y" : 118,
        "x" : 785
      }
    },
    "dockers" : [ ],
    "resourceId" : "sid-0E091A23-024B-4FB1-9D76-8A29B30B4DC4",
    "labels" : [ ],
    "layers" : [ ],
    "childShapes" : [ ],
    "properties" : {
      "id" : "",
      "title" : "G",
      "communicationtype" : "Default",
      "communicationchannel" : "",
      "guard" : "",
      "oform" : "",
      "omodel" : "",
      "firetype" : "Automatic",
      "href" : ""
    },
    "stencil" : {
      "id" : "Transition"
    },
    "outgoing" : [ {
      "resourceId" : "sid-AC502475-840F-410D-B7B8-0FD9A7989025"
    } ],
    "formats" : {
    },
    "glossaryLinks" : {
    }
  }, {
    "bounds" : {
      "lowerRight" : {
        "y" : 255,
        "x" : 995
      },
      "upperLeft" : {
        "y" : 225,
        "x" : 965
      }
    },
    "dockers" : [ ],
    "resourceId" : "sid-FB87E6F1-6AF3-402C-950C-DA68DAE6AD28",
    "labels" : [ ],
    "layers" : [ ],
    "childShapes" : [ ],
    "properties" : {
      "exttype" : "Push",
      "id" : "",
      "title" : "H",
      "external" : "false",
      "locatortypes" : "",
      "locatornames" : "",
      "numberoftokens_drawing" : "0",
      "numberoftokens_text" : "",
      "numberOfTokens" : "0",
      "locatorexpr" : "",
      "href" : ""
    },
    "stencil" : {
      "id" : "Place"
    },
    "outgoing" : [ ],
    "formats" : {
    },
    "glossaryLinks" : {
    }
  }, {
    "bounds" : {
      "lowerRight" : {
        "y" : 335,
        "x" : 340
      },
      "upperLeft" : {
        "y" : 305,
        "x" : 310
      }
    },
    "dockers" : [ ],
    "resourceId" : "sid-683926B7-E24C-415B-8E4A-C90CF40F91F7",
    "labels" : [ ],
    "layers" : [ ],
    "childShapes" : [ ],
    "properties" : {
      "exttype" : "Push",
      "id" : "",
      "title" : "",
      "external" : "false",
      "locatortypes" : "",
      "locatornames" : "",
      "numberoftokens_drawing" : "0",
      "numberoftokens_text" : "",
      "numberOfTokens" : "0",
      "locatorexpr" : "",
      "href" : ""
    },
    "stencil" : {
      "id" : "Place"
    },
    "outgoing" : [ {
      "resourceId" : "sid-504FDA37-BDF9-4126-A71D-152F1A6D8F11"
    } ],
    "formats" : {
    },
    "glossaryLinks" : {
    }
  }, {
    "bounds" : {
      "lowerRight" : {
        "y" : 320,
        "x" : 309.390625
      },
      "upperLeft" : {
        "y" : 320,
        "x" : 260
      }
    },
    "dockers" : [ {
      "y" : 20,
      "x" : 20
    }, {
      "y" : 15,
      "x" : 15
    } ],
    "resourceId" : "sid-C33FD6B9-6BDE-42C1-8D3C-C1595457388A",
    "labels" : [ ],
    "layers" : [ ],
    "target" : {
      "resourceId" : "sid-683926B7-E24C-415B-8E4A-C90CF40F91F7"
    },
    "childShapes" : [ ],
    "properties" : {
      "id" : "",
      "label" : "",
      "transformation" : ""
    },
    "stencil" : {
      "id" : "Arc"
    },
    "outgoing" : [ {
      "resourceId" : "sid-683926B7-E24C-415B-8E4A-C90CF40F91F7"
    } ],
    "formats" : {
    },
    "glossaryLinks" : {
    }
  }, {
    "bounds" : {
      "lowerRight" : {
        "y" : 340,
        "x" : 425
      },
      "upperLeft" : {
        "y" : 300,
        "x" : 385
      }
    },
    "dockers" : [ ],
    "resourceId" : "sid-DC84D6B0-3913-4346-B441-0B8387683DCC",
    "labels" : [ ],
    "layers" : [ ],
    "childShapes" : [ ],
    "properties" : {
      "id" : "",
      "title" : "I",
      "communicationtype" : "Default",
      "communicationchannel" : "",
      "guard" : "",
      "oform" : "",
      "omodel" : "",
      "firetype" : "Automatic",
      "href" : ""
    },
    "stencil" : {
      "id" : "Transition"
    },
    "outgoing" : [ {
      "resourceId" : "sid-233A74D5-77D6-4278-A1BF-0530F31E2B8B"
    } ],
    "formats" : {
    },
    "glossaryLinks" : {
    }
  }, {
    "bounds" : {
      "lowerRight" : {
        "y" : 320,
        "x" : 384.625
      },
      "upperLeft" : {
        "y" : 320,
        "x" : 340.375
      }
    },
    "dockers" : [ {
      "y" : 15,
      "x" : 15
    }, {
      "y" : 20,
      "x" : 20
    } ],
    "resourceId" : "sid-504FDA37-BDF9-4126-A71D-152F1A6D8F11",
    "labels" : [ ],
    "layers" : [ ],
    "target" : {
      "resourceId" : "sid-DC84D6B0-3913-4346-B441-0B8387683DCC"
    },
    "childShapes" : [ ],
    "properties" : {
      "id" : "",
      "label" : "",
      "transformation" : ""
    },
    "stencil" : {
      "id" : "Arc"
    },
    "outgoing" : [ {
      "resourceId" : "sid-DC84D6B0-3913-4346-B441-0B8387683DCC"
    } ],
    "formats" : {
    },
    "glossaryLinks" : {
    }
  }, {
    "bounds" : {
      "lowerRight" : {
        "y" : 299.6420484099103,
        "x" : 481.49843673031387
      },
      "upperLeft" : {
        "y" : 198.50248284008975,
        "x" : 417.81796951968613
      }
    },
    "dockers" : [ {
      "y" : 20,
      "x" : 20
    }, {
      "y" : 15,
      "x" : 15
    } ],
    "resourceId" : "sid-233A74D5-77D6-4278-A1BF-0530F31E2B8B",
    "labels" : [ ],
    "layers" : [ ],
    "target" : {
      "resourceId" : "sid-2034D9BE-A16E-4224-8F37-2065024E68A1"
    },
    "childShapes" : [ ],
    "properties" : {
      "id" : "",
      "label" : "",
      "transformation" : ""
    },
    "stencil" : {
      "id" : "Arc"
    },
    "outgoing" : [ {
      "resourceId" : "sid-2034D9BE-A16E-4224-8F37-2065024E68A1"
    } ],
    "formats" : {
    },
    "glossaryLinks" : {
    }
  }, {
    "bounds" : {
      "lowerRight" : {
        "y" : 405,
        "x" : 340
      },
      "upperLeft" : {
        "y" : 375,
        "x" : 310
      }
    },
    "dockers" : [ ],
    "resourceId" : "sid-D37206EA-133B-405C-9E5A-29B977A5BDC6",
    "labels" : [ ],
    "layers" : [ ],
    "childShapes" : [ ],
    "properties" : {
      "exttype" : "Push",
      "id" : "",
      "title" : "",
      "external" : "false",
      "locatortypes" : "",
      "locatornames" : "",
      "numberoftokens_drawing" : "0",
      "numberoftokens_text" : "",
      "numberOfTokens" : "0",
      "locatorexpr" : "",
      "href" : ""
    },
    "stencil" : {
      "id" : "Place"
    },
    "outgoing" : [ {
      "resourceId" : "sid-7015CFC6-62A6-4940-8CC3-24541B75E47E"
    } ],
    "formats" : {
    },
    "glossaryLinks" : {
    }
  }, {
    "bounds" : {
      "lowerRight" : {
        "y" : 380.0674177471389,
        "x" : 312.93900726438295
      },
      "upperLeft" : {
        "y" : 336.47058823529414,
        "x" : 260
      }
    },
    "dockers" : [ {
      "y" : 20,
      "x" : 20
    }, {
      "y" : 15,
      "x" : 15
    } ],
    "resourceId" : "sid-981B7F9F-6D01-48E2-BB7C-E9F645F3633D",
    "labels" : [ ],
    "layers" : [ ],
    "target" : {
      "resourceId" : "sid-D37206EA-133B-405C-9E5A-29B977A5BDC6"
    },
    "childShapes" : [ ],
    "properties" : {
      "id" : "",
      "label" : "",
      "transformation" : ""
    },
    "stencil" : {
      "id" : "Arc"
    },
    "outgoing" : [ {
      "resourceId" : "sid-D37206EA-133B-405C-9E5A-29B977A5BDC6"
    } ],
    "formats" : {
    },
    "glossaryLinks" : {
    }
  }, {
    "bounds" : {
      "lowerRight" : {
        "y" : 410,
        "x" : 425
      },
      "upperLeft" : {
        "y" : 370,
        "x" : 385
      }
    },
    "dockers" : [ ],
    "resourceId" : "sid-CF0FD78B-F158-4ED5-AE34-42A9A9B348E4",
    "labels" : [ ],
    "layers" : [ ],
    "childShapes" : [ ],
    "properties" : {
      "id" : "",
      "title" : "J",
      "communicationtype" : "Default",
      "communicationchannel" : "",
      "guard" : "",
      "oform" : "",
      "omodel" : "",
      "firetype" : "Automatic",
      "href" : ""
    },
    "stencil" : {
      "id" : "Transition"
    },
    "outgoing" : [ {
      "resourceId" : "sid-B7D510FF-B9ED-4268-9C7E-FBA1D3284386"
    } ],
    "formats" : {
    },
    "glossaryLinks" : {
    }
  }, {
    "bounds" : {
      "lowerRight" : {
        "y" : 390,
        "x" : 384.625
      },
      "upperLeft" : {
        "y" : 390,
        "x" : 340.375
      }
    },
    "dockers" : [ {
      "y" : 15,
      "x" : 15
    }, {
      "y" : 20,
      "x" : 20
    } ],
    "resourceId" : "sid-7015CFC6-62A6-4940-8CC3-24541B75E47E",
    "labels" : [ ],
    "layers" : [ ],
    "target" : {
      "resourceId" : "sid-CF0FD78B-F158-4ED5-AE34-42A9A9B348E4"
    },
    "childShapes" : [ ],
    "properties" : {
      "id" : "",
      "label" : "",
      "transformation" : ""
    },
    "stencil" : {
      "id" : "Arc"
    },
    "outgoing" : [ {
      "resourceId" : "sid-CF0FD78B-F158-4ED5-AE34-42A9A9B348E4"
    } ],
    "formats" : {
    },
    "glossaryLinks" : {
    }
  }, {
    "bounds" : {
      "lowerRight" : {
        "y" : 369.58548684745017,
        "x" : 479.3524389670363
      },
      "upperLeft" : {
        "y" : 311.27388815254983,
        "x" : 424.2803735329637
      }
    },
    "dockers" : [ {
      "y" : 20,
      "x" : 20
    }, {
      "y" : 15,
      "x" : 15
    } ],
    "resourceId" : "sid-B7D510FF-B9ED-4268-9C7E-FBA1D3284386",
    "labels" : [ ],
    "layers" : [ ],
    "target" : {
      "resourceId" : "sid-A29BA771-1C9A-4475-8F00-6534598CBBB7"
    },
    "childShapes" : [ ],
    "properties" : {
      "id" : "",
      "label" : "",
      "transformation" : ""
    },
    "stencil" : {
      "id" : "Arc"
    },
    "outgoing" : [ {
      "resourceId" : "sid-A29BA771-1C9A-4475-8F00-6534598CBBB7"
    } ],
    "formats" : {
    },
    "glossaryLinks" : {
    }
  }, {
    "bounds" : {
      "lowerRight" : {
        "y" : 320,
        "x" : 590
      },
      "upperLeft" : {
        "y" : 280,
        "x" : 550
      }
    },
    "dockers" : [ ],
    "resourceId" : "sid-A4C155ED-46A3-4625-8813-4150EE0F865C",
    "labels" : [ ],
    "layers" : [ ],
    "childShapes" : [ ],
    "properties" : {
      "id" : "",
      "title" : "K",
      "communicationtype" : "Default",
      "communicationchannel" : "",
      "guard" : "",
      "oform" : "",
      "omodel" : "",
      "firetype" : "Automatic",
      "href" : ""
    },
    "stencil" : {
      "id" : "Transition"
    },
    "outgoing" : [ {
      "resourceId" : "sid-B95743D1-B6C6-42AA-9852-B0F04F930EAC"
    } ],
    "formats" : {
    },
    "glossaryLinks" : {
    }
  }, {
    "bounds" : {
      "lowerRight" : {
        "y" : 300,
        "x" : 549.625
      },
      "upperLeft" : {
        "y" : 300,
        "x" : 505.375
      }
    },
    "dockers" : [ {
      "y" : 15,
      "x" : 15
    }, {
      "y" : 20,
      "x" : 20
    } ],
    "resourceId" : "sid-CD1D845E-1E8C-41AF-B4C8-91BE0E8873DF",
    "labels" : [ ],
    "layers" : [ ],
    "target" : {
      "resourceId" : "sid-A4C155ED-46A3-4625-8813-4150EE0F865C"
    },
    "childShapes" : [ ],
    "properties" : {
      "id" : "",
      "label" : "",
      "transformation" : ""
    },
    "stencil" : {
      "id" : "Arc"
    },
    "outgoing" : [ {
      "resourceId" : "sid-A4C155ED-46A3-4625-8813-4150EE0F865C"
    } ],
    "formats" : {
    },
    "glossaryLinks" : {
    }
  }, {
    "bounds" : {
      "lowerRight" : {
        "y" : 315,
        "x" : 655
      },
      "upperLeft" : {
        "y" : 285,
        "x" : 625
      }
    },
    "dockers" : [ ],
    "resourceId" : "sid-91D992AE-A51C-4B0E-A8E3-BC420949C5A5",
    "labels" : [ ],
    "layers" : [ ],
    "childShapes" : [ ],
    "properties" : {
      "exttype" : "Push",
      "id" : "",
      "title" : "",
      "external" : "false",
      "locatortypes" : "",
      "locatornames" : "",
      "numberoftokens_drawing" : "0",
      "numberoftokens_text" : "",
      "numberOfTokens" : "0",
      "locatorexpr" : "",
      "href" : ""
    },
    "stencil" : {
      "id" : "Place"
    },
    "outgoing" : [ {
      "resourceId" : "sid-AFA2CA21-6399-4413-9593-66FDB43F2DEB"
    } ],
    "formats" : {
    },
    "glossaryLinks" : {
    }
  }, {
    "bounds" : {
      "lowerRight" : {
        "y" : 300,
        "x" : 624.78125
      },
      "upperLeft" : {
        "y" : 300,
        "x" : 590
      }
    },
    "dockers" : [ {
      "y" : 20,
      "x" : 20
    }, {
      "y" : 15,
      "x" : 15
    } ],
    "resourceId" : "sid-B95743D1-B6C6-42AA-9852-B0F04F930EAC",
    "labels" : [ ],
    "layers" : [ ],
    "target" : {
      "resourceId" : "sid-91D992AE-A51C-4B0E-A8E3-BC420949C5A5"
    },
    "childShapes" : [ ],
    "properties" : {
      "id" : "",
      "label" : "",
      "transformation" : ""
    },
    "stencil" : {
      "id" : "Arc"
    },
    "outgoing" : [ {
      "resourceId" : "sid-91D992AE-A51C-4B0E-A8E3-BC420949C5A5"
    } ],
    "formats" : {
    },
    "glossaryLinks" : {
    }
  }, {
    "bounds" : {
      "lowerRight" : {
        "y" : 265,
        "x" : 685
      },
      "upperLeft" : {
        "y" : 215,
        "x" : 675
      }
    },
    "dockers" : [ ],
    "resourceId" : "sid-67534624-E360-4E73-9635-3D381E900512",
    "labels" : [ ],
    "layers" : [ ],
    "childShapes" : [ ],
    "properties" : {
      "id" : "",
      "title" : "",
      "guard" : "",
      "oform" : "",
      "omodel" : "",
      "firetype" : "Automatic",
      "href" : ""
    },
    "stencil" : {
      "id" : "VerticalEmptyTransition"
    },
    "outgoing" : [ {
      "resourceId" : "sid-C506A517-547E-4889-9158-9D1880D1B356"
    } ],
    "formats" : {
    },
    "glossaryLinks" : {
    }
  }, {
    "bounds" : {
      "lowerRight" : {
        "y" : 232.74595141569682,
        "x" : 674.7243283023249
      },
      "upperLeft" : {
        "y" : 197.83998608430318,
        "x" : 649.3381716976751
      }
    },
    "dockers" : [ {
      "y" : 15,
      "x" : 15
    }, {
      "y" : 25,
      "x" : 5
    } ],
    "resourceId" : "sid-BF84D04D-618B-40CF-932C-AE6C9A4A3BFA",
    "labels" : [ ],
    "layers" : [ ],
    "target" : {
      "resourceId" : "sid-67534624-E360-4E73-9635-3D381E900512"
    },
    "childShapes" : [ ],
    "properties" : {
      "id" : "",
      "label" : "",
      "transformation" : ""
    },
    "stencil" : {
      "id" : "Arc"
    },
    "outgoing" : [ {
      "resourceId" : "sid-67534624-E360-4E73-9635-3D381E900512"
    } ],
    "formats" : {
    },
    "glossaryLinks" : {
    }
  }, {
    "bounds" : {
      "lowerRight" : {
        "y" : 286.9804497056622,
        "x" : 674.7577998037748
      },
      "upperLeft" : {
        "y" : 247.86330029433785,
        "x" : 648.6797001962252
      }
    },
    "dockers" : [ {
      "y" : 15,
      "x" : 15
    }, {
      "y" : 25,
      "x" : 5
    } ],
    "resourceId" : "sid-AFA2CA21-6399-4413-9593-66FDB43F2DEB",
    "labels" : [ ],
    "layers" : [ ],
    "target" : {
      "resourceId" : "sid-67534624-E360-4E73-9635-3D381E900512"
    },
    "childShapes" : [ ],
    "properties" : {
      "id" : "",
      "label" : "",
      "transformation" : ""
    },
    "stencil" : {
      "id" : "Arc"
    },
    "outgoing" : [ {
      "resourceId" : "sid-67534624-E360-4E73-9635-3D381E900512"
    } ],
    "formats" : {
    },
    "glossaryLinks" : {
    }
  }, {
    "bounds" : {
      "lowerRight" : {
        "y" : 255,
        "x" : 750
      },
      "upperLeft" : {
        "y" : 225,
        "x" : 720
      }
    },
    "dockers" : [ ],
    "resourceId" : "sid-431DC166-CF30-46BD-8270-C940C29D585C",
    "labels" : [ ],
    "layers" : [ ],
    "childShapes" : [ ],
    "properties" : {
      "exttype" : "Push",
      "id" : "",
      "title" : "",
      "external" : "false",
      "locatortypes" : "",
      "locatornames" : "",
      "numberoftokens_drawing" : "0",
      "numberoftokens_text" : "",
      "numberOfTokens" : "0",
      "locatorexpr" : "",
      "href" : ""
    },
    "stencil" : {
      "id" : "Place"
    },
    "outgoing" : [ {
      "resourceId" : "sid-A1886683-7A9C-4388-9346-D4BF33DBA969"
    }, {
      "resourceId" : "sid-F57DAD11-5648-49BA-B570-F42385FE63D0"
    }, {
      "resourceId" : "sid-A4CD46A4-2A20-401C-9A6C-92C3E5F08B95"
    } ],
    "formats" : {
    },
    "glossaryLinks" : {
    }
  }, {
    "bounds" : {
      "lowerRight" : {
        "y" : 240,
        "x" : 719.390625
      },
      "upperLeft" : {
        "y" : 240,
        "x" : 685
      }
    },
    "dockers" : [ {
      "y" : 25,
      "x" : 5
    }, {
      "y" : 15,
      "x" : 15
    } ],
    "resourceId" : "sid-C506A517-547E-4889-9158-9D1880D1B356",
    "labels" : [ ],
    "layers" : [ ],
    "target" : {
      "resourceId" : "sid-431DC166-CF30-46BD-8270-C940C29D585C"
    },
    "childShapes" : [ ],
    "properties" : {
      "id" : "",
      "label" : "",
      "transformation" : ""
    },
    "stencil" : {
      "id" : "Arc"
    },
    "outgoing" : [ {
      "resourceId" : "sid-431DC166-CF30-46BD-8270-C940C29D585C"
    } ],
    "formats" : {
    },
    "glossaryLinks" : {
    }
  }, {
    "bounds" : {
      "lowerRight" : {
        "y" : 227.2223616473562,
        "x" : 791.2745098039215
      },
      "upperLeft" : {
        "y" : 158,
        "x" : 743.7689674969124
      }
    },
    "dockers" : [ {
      "y" : 15,
      "x" : 15
    }, {
      "y" : 20,
      "x" : 20
    } ],
    "resourceId" : "sid-A1886683-7A9C-4388-9346-D4BF33DBA969",
    "labels" : [ ],
    "layers" : [ ],
    "target" : {
      "resourceId" : "sid-0E091A23-024B-4FB1-9D76-8A29B30B4DC4"
    },
    "childShapes" : [ ],
    "properties" : {
      "id" : "",
      "label" : "",
      "transformation" : ""
    },
    "stencil" : {
      "id" : "Arc"
    },
    "outgoing" : [ {
      "resourceId" : "sid-0E091A23-024B-4FB1-9D76-8A29B30B4DC4"
    } ],
    "formats" : {
    },
    "glossaryLinks" : {
    }
  }, {
    "bounds" : {
      "lowerRight" : {
        "y" : 233,
        "x" : 825
      },
      "upperLeft" : {
        "y" : 193,
        "x" : 785
      }
    },
    "dockers" : [ ],
    "resourceId" : "sid-A8673669-29C9-41E9-8AE3-730FE658A53F",
    "labels" : [ ],
    "layers" : [ ],
    "childShapes" : [ ],
    "properties" : {
      "id" : "",
      "title" : "L",
      "communicationtype" : "Default",
      "communicationchannel" : "",
      "guard" : "",
      "oform" : "",
      "omodel" : "",
      "firetype" : "Automatic",
      "href" : ""
    },
    "stencil" : {
      "id" : "Transition"
    },
    "outgoing" : [ {
      "resourceId" : "sid-4A1D74DD-8448-4CF5-9722-E573887C43F1"
    } ],
    "formats" : {
    },
    "glossaryLinks" : {
    }
  }, {
    "bounds" : {
      "lowerRight" : {
        "y" : 234.57762793177378,
        "x" : 784.3794983416357
      },
      "upperLeft" : {
        "y" : 220.95362206822622,
        "x" : 749.0580016583643
      }
    },
    "dockers" : [ {
      "y" : 15,
      "x" : 15
    }, {
      "y" : 20,
      "x" : 20
    } ],
    "resourceId" : "sid-F57DAD11-5648-49BA-B570-F42385FE63D0",
    "labels" : [ ],
    "layers" : [ ],
    "target" : {
      "resourceId" : "sid-A8673669-29C9-41E9-8AE3-730FE658A53F"
    },
    "childShapes" : [ ],
    "properties" : {
      "id" : "",
      "label" : "",
      "transformation" : ""
    },
    "stencil" : {
      "id" : "Arc"
    },
    "outgoing" : [ {
      "resourceId" : "sid-A8673669-29C9-41E9-8AE3-730FE658A53F"
    } ],
    "formats" : {
    },
    "glossaryLinks" : {
    }
  }, {
    "bounds" : {
      "lowerRight" : {
        "y" : 368,
        "x" : 825
      },
      "upperLeft" : {
        "y" : 328,
        "x" : 785
      }
    },
    "dockers" : [ ],
    "resourceId" : "sid-28AE5444-5C2D-4C81-8CBA-5DEEBE92AEBF",
    "labels" : [ ],
    "layers" : [ ],
    "childShapes" : [ ],
    "properties" : {
      "id" : "",
      "title" : "M",
      "communicationtype" : "Default",
      "communicationchannel" : "",
      "guard" : "",
      "oform" : "",
      "omodel" : "",
      "firetype" : "Automatic",
      "href" : ""
    },
    "stencil" : {
      "id" : "Transition"
    },
    "outgoing" : [ {
      "resourceId" : "sid-88E1E020-4266-454C-AF69-77743B643946"
    } ],
    "formats" : {
    },
    "glossaryLinks" : {
    }
  }, {
    "bounds" : {
      "lowerRight" : {
        "y" : 327.7545970134435,
        "x" : 791.8779795457505
      },
      "upperLeft" : {
        "y" : 252.65165298655648,
        "x" : 743.2001454542495
      }
    },
    "dockers" : [ {
      "y" : 15,
      "x" : 15
    }, {
      "y" : 20,
      "x" : 20
    } ],
    "resourceId" : "sid-A4CD46A4-2A20-401C-9A6C-92C3E5F08B95",
    "labels" : [ ],
    "layers" : [ ],
    "target" : {
      "resourceId" : "sid-28AE5444-5C2D-4C81-8CBA-5DEEBE92AEBF"
    },
    "childShapes" : [ ],
    "properties" : {
      "id" : "",
      "label" : "",
      "transformation" : ""
    },
    "stencil" : {
      "id" : "Arc"
    },
    "outgoing" : [ {
      "resourceId" : "sid-28AE5444-5C2D-4C81-8CBA-5DEEBE92AEBF"
    } ],
    "formats" : {
    },
    "glossaryLinks" : {
    }
  }, {
    "bounds" : {
      "lowerRight" : {
        "y" : 153,
        "x" : 885
      },
      "upperLeft" : {
        "y" : 123,
        "x" : 855
      }
    },
    "dockers" : [ ],
    "resourceId" : "sid-A1954DAD-61DB-4F21-AEDB-6AC2CB38B8D4",
    "labels" : [ ],
    "layers" : [ ],
    "childShapes" : [ ],
    "properties" : {
      "exttype" : "Push",
      "id" : "",
      "title" : "",
      "external" : "false",
      "locatortypes" : "",
      "locatornames" : "",
      "numberoftokens_drawing" : "0",
      "numberoftokens_text" : "",
      "numberOfTokens" : "0",
      "locatorexpr" : "",
      "href" : ""
    },
    "stencil" : {
      "id" : "Place"
    },
    "outgoing" : [ {
      "resourceId" : "sid-5FDF52D3-E7F6-47BC-9C1E-BA9AC0FD6854"
    } ],
    "formats" : {
    },
    "glossaryLinks" : {
    }
  }, {
    "bounds" : {
      "lowerRight" : {
        "y" : 138,
        "x" : 854.78125
      },
      "upperLeft" : {
        "y" : 138,
        "x" : 825
      }
    },
    "dockers" : [ {
      "y" : 20,
      "x" : 20
    }, {
      "y" : 15,
      "x" : 15
    } ],
    "resourceId" : "sid-AC502475-840F-410D-B7B8-0FD9A7989025",
    "labels" : [ ],
    "layers" : [ ],
    "target" : {
      "resourceId" : "sid-A1954DAD-61DB-4F21-AEDB-6AC2CB38B8D4"
    },
    "childShapes" : [ ],
    "properties" : {
      "id" : "",
      "label" : "",
      "transformation" : ""
    },
    "stencil" : {
      "id" : "Arc"
    },
    "outgoing" : [ {
      "resourceId" : "sid-A1954DAD-61DB-4F21-AEDB-6AC2CB38B8D4"
    } ],
    "formats" : {
    },
    "glossaryLinks" : {
    }
  }, {
    "bounds" : {
      "lowerRight" : {
        "y" : 228,
        "x" : 885
      },
      "upperLeft" : {
        "y" : 198,
        "x" : 855
      }
    },
    "dockers" : [ ],
    "resourceId" : "sid-E260DA68-3EC6-4F56-8D16-94F12BBBCF0E",
    "labels" : [ ],
    "layers" : [ ],
    "childShapes" : [ ],
    "properties" : {
      "exttype" : "Push",
      "id" : "",
      "title" : "",
      "external" : "false",
      "locatortypes" : "",
      "locatornames" : "",
      "numberoftokens_drawing" : "0",
      "numberoftokens_text" : "",
      "numberOfTokens" : "0",
      "locatorexpr" : "",
      "href" : ""
    },
    "stencil" : {
      "id" : "Place"
    },
    "outgoing" : [ {
      "resourceId" : "sid-07772EE4-E155-49BF-84C2-9B9813179DC4"
    } ],
    "formats" : {
    },
    "glossaryLinks" : {
    }
  }, {
    "bounds" : {
      "lowerRight" : {
        "y" : 213,
        "x" : 854.78125
      },
      "upperLeft" : {
        "y" : 213,
        "x" : 825
      }
    },
    "dockers" : [ {
      "y" : 20,
      "x" : 20
    }, {
      "y" : 15,
      "x" : 15
    } ],
    "resourceId" : "sid-4A1D74DD-8448-4CF5-9722-E573887C43F1",
    "labels" : [ ],
    "layers" : [ ],
    "target" : {
      "resourceId" : "sid-E260DA68-3EC6-4F56-8D16-94F12BBBCF0E"
    },
    "childShapes" : [ ],
    "properties" : {
      "id" : "",
      "label" : "",
      "transformation" : ""
    },
    "stencil" : {
      "id" : "Arc"
    },
    "outgoing" : [ {
      "resourceId" : "sid-E260DA68-3EC6-4F56-8D16-94F12BBBCF0E"
    } ],
    "formats" : {
    },
    "glossaryLinks" : {
    }
  }, {
    "bounds" : {
      "lowerRight" : {
        "y" : 363,
        "x" : 885
      },
      "upperLeft" : {
        "y" : 333,
        "x" : 855
      }
    },
    "dockers" : [ ],
    "resourceId" : "sid-52F3172B-BBBC-48BD-BF74-81807380E36E",
    "labels" : [ ],
    "layers" : [ ],
    "childShapes" : [ ],
    "properties" : {
      "exttype" : "Push",
      "id" : "",
      "title" : "",
      "external" : "false",
      "locatortypes" : "",
      "locatornames" : "",
      "numberoftokens_drawing" : "0",
      "numberoftokens_text" : "",
      "numberOfTokens" : "0",
      "locatorexpr" : "",
      "href" : ""
    },
    "stencil" : {
      "id" : "Place"
    },
    "outgoing" : [ {
      "resourceId" : "sid-1C4F2FE8-1034-4EAE-A6BB-B43B04CD4499"
    } ],
    "formats" : {
    },
    "glossaryLinks" : {
    }
  }, {
    "bounds" : {
      "lowerRight" : {
        "y" : 348,
        "x" : 854.78125
      },
      "upperLeft" : {
        "y" : 348,
        "x" : 825
      }
    },
    "dockers" : [ {
      "y" : 20,
      "x" : 20
    }, {
      "y" : 15,
      "x" : 15
    } ],
    "resourceId" : "sid-88E1E020-4266-454C-AF69-77743B643946",
    "labels" : [ ],
    "layers" : [ ],
    "target" : {
      "resourceId" : "sid-52F3172B-BBBC-48BD-BF74-81807380E36E"
    },
    "childShapes" : [ ],
    "properties" : {
      "id" : "",
      "label" : "",
      "transformation" : ""
    },
    "stencil" : {
      "id" : "Arc"
    },
    "outgoing" : [ {
      "resourceId" : "sid-52F3172B-BBBC-48BD-BF74-81807380E36E"
    } ],
    "formats" : {
    },
    "glossaryLinks" : {
    }
  }, {
    "bounds" : {
      "lowerRight" : {
        "y" : 265,
        "x" : 935
      },
      "upperLeft" : {
        "y" : 215,
        "x" : 925
      }
    },
    "dockers" : [ ],
    "resourceId" : "sid-5C7F8149-F1FB-4D26-8E83-5BB20B3BCAFC",
    "labels" : [ ],
    "layers" : [ ],
    "childShapes" : [ ],
    "properties" : {
      "id" : "",
      "title" : "",
      "guard" : "",
      "oform" : "",
      "omodel" : "",
      "firetype" : "Automatic",
      "href" : ""
    },
    "stencil" : {
      "id" : "VerticalEmptyTransition"
    },
    "outgoing" : [ {
      "resourceId" : "sid-D3FDB9B1-5900-482B-BFCF-62BDB2850616"
    } ],
    "formats" : {
    },
    "glossaryLinks" : {
    }
  }, {
    "bounds" : {
      "lowerRight" : {
        "y" : 231.16931578484224,
        "x" : 924.8054798734366
      },
      "upperLeft" : {
        "y" : 151.61193421515776,
        "x" : 878.0070201265634
      }
    },
    "dockers" : [ {
      "y" : 15,
      "x" : 15
    }, {
      "y" : 25,
      "x" : 5
    } ],
    "resourceId" : "sid-5FDF52D3-E7F6-47BC-9C1E-BA9AC0FD6854",
    "labels" : [ ],
    "layers" : [ ],
    "target" : {
      "resourceId" : "sid-5C7F8149-F1FB-4D26-8E83-5BB20B3BCAFC"
    },
    "childShapes" : [ ],
    "properties" : {
      "id" : "",
      "label" : "",
      "transformation" : ""
    },
    "stencil" : {
      "id" : "Arc"
    },
    "outgoing" : [ {
      "resourceId" : "sid-5C7F8149-F1FB-4D26-8E83-5BB20B3BCAFC"
    } ],
    "formats" : {
    },
    "glossaryLinks" : {
    }
  }, {
    "bounds" : {
      "lowerRight" : {
        "y" : 237.4802603226712,
        "x" : 924.4005784948249
      },
      "upperLeft" : {
        "y" : 219.3166146773288,
        "x" : 884.0369215051751
      }
    },
    "dockers" : [ {
      "y" : 15,
      "x" : 15
    }, {
      "y" : 25,
      "x" : 5
    } ],
    "resourceId" : "sid-07772EE4-E155-49BF-84C2-9B9813179DC4",
    "labels" : [ ],
    "layers" : [ ],
    "target" : {
      "resourceId" : "sid-5C7F8149-F1FB-4D26-8E83-5BB20B3BCAFC"
    },
    "childShapes" : [ ],
    "properties" : {
      "id" : "",
      "label" : "",
      "transformation" : ""
    },
    "stencil" : {
      "id" : "Arc"
    },
    "outgoing" : [ {
      "resourceId" : "sid-5C7F8149-F1FB-4D26-8E83-5BB20B3BCAFC"
    } ],
    "formats" : {
    },
    "glossaryLinks" : {
    }
  }, {
    "bounds" : {
      "lowerRight" : {
        "y" : 334.46959272387846,
        "x" : 924.8268570688214
      },
      "upperLeft" : {
        "y" : 249.31165727612154,
        "x" : 877.5168929311786
      }
    },
    "dockers" : [ {
      "y" : 15,
      "x" : 15
    }, {
      "y" : 25,
      "x" : 5
    } ],
    "resourceId" : "sid-1C4F2FE8-1034-4EAE-A6BB-B43B04CD4499",
    "labels" : [ ],
    "layers" : [ ],
    "target" : {
      "resourceId" : "sid-5C7F8149-F1FB-4D26-8E83-5BB20B3BCAFC"
    },
    "childShapes" : [ ],
    "properties" : {
      "id" : "",
      "label" : "",
      "transformation" : ""
    },
    "stencil" : {
      "id" : "Arc"
    },
    "outgoing" : [ {
      "resourceId" : "sid-5C7F8149-F1FB-4D26-8E83-5BB20B3BCAFC"
    } ],
    "formats" : {
    },
    "glossaryLinks" : {
    }
  }, {
    "bounds" : {
      "lowerRight" : {
        "y" : 240,
        "x" : 964.9375
      },
      "upperLeft" : {
        "y" : 240,
        "x" : 935
      }
    },
    "dockers" : [ {
      "y" : 25,
      "x" : 5
    }, {
      "y" : 15,
      "x" : 15
    } ],
    "resourceId" : "sid-D3FDB9B1-5900-482B-BFCF-62BDB2850616",
    "labels" : [ ],
    "layers" : [ ],
    "target" : {
      "resourceId" : "sid-FB87E6F1-6AF3-402C-950C-DA68DAE6AD28"
    },
    "childShapes" : [ ],
    "properties" : {
      "id" : "",
      "label" : "",
      "transformation" : ""
    },
    "stencil" : {
      "id" : "Arc"
    },
    "outgoing" : [ {
      "resourceId" : "sid-FB87E6F1-6AF3-402C-950C-DA68DAE6AD28"
    } ],
    "formats" : {
    },
    "glossaryLinks" : {
    }
  } ],
  "properties" : {
    "author" : "",
    "title" : "",
    "engine" : "false",
    "modificationdate" : "10/07/07",
    "documentation" : "",
    "language" : "English",
    "creationdate" : "10/07/07",
    "version" : ""
  },
  "stencilset" : {
    "url" : "/stencilsets/petrinets/petrinet.json?version=4.3.4",
    "namespace" : "http://b3mn.org/stencilset/petrinet#"
  },
  "ssextensions" : [ ],
  "stencil" : {
    "id" : "Diagram"
  },
  "formats" : {
  }
}