{
  "revision" : {
    "creationDate" : null,
    "elementCounts" : {
      "total" : 62,
      "Place" : 14,
      "Arc" : 33,
      "Transition" : 11,
      "VerticalEmptyTransition" : 3,
      "Diagram" : 1
    },
    "connectedness" : 100,
    "isLastRevision" : "false",
    "revisionNumber" : 4
  },
  "model" : {
    "modelingLanguage" : "petrinet",
    "numberOfRevisions" : 7,
    "naturalLanguage" : "de",
    "timestampModelCollection" : null,
    "directoryId" : "40221094",
    "groupName" : "PetriNet",
    "modelDate" : "2012-08-30",
    "modelName" : "110604686",
    "modelId" : "110604686"
  }
}