{
  "bounds" : {
    "lowerRight" : {
      "y" : 1050,
      "x" : 1485
    },
    "upperLeft" : {
      "y" : 0,
      "x" : 0
    }
  },
  "resourceId" : "canvas",
  "childShapes" : [ {
    "bounds" : {
      "lowerRight" : {
        "y" : 255,
        "x" : 180
      },
      "upperLeft" : {
        "y" : 225,
        "x" : 150
      }
    },
    "dockers" : [ ],
    "resourceId" : "sid-CA9CEB67-9C5F-4D2D-91C7-7000C7CF68CB",
    "labels" : [ ],
    "layers" : [ ],
    "childShapes" : [ ],
    "properties" : {
      "exttype" : "Push",
      "id" : "",
      "title" : "A",
      "external" : "false",
      "locatortypes" : "",
      "locatornames" : "",
      "numberoftokens_drawing" : "0",
      "numberoftokens_text" : "",
      "numberOfTokens" : "0",
      "locatorexpr" : "",
      "href" : ""
    },
    "stencil" : {
      "id" : "Place"
    },
    "outgoing" : [ {
      "resourceId" : "sid-464CD042-E07B-4899-A3D1-1399145C5C37"
    } ],
    "formats" : {
    },
    "glossaryLinks" : {
    }
  }, {
    "bounds" : {
      "lowerRight" : {
        "y" : 260,
        "x" : 265
      },
      "upperLeft" : {
        "y" : 220,
        "x" : 225
      }
    },
    "dockers" : [ ],
    "resourceId" : "sid-CE32506E-7A86-4BA9-A669-30B169DA7598",
    "labels" : [ ],
    "layers" : [ ],
    "childShapes" : [ ],
    "properties" : {
      "id" : "",
      "title" : "B",
      "communicationtype" : "Default",
      "communicationchannel" : "",
      "guard" : "",
      "oform" : "",
      "omodel" : "",
      "firetype" : "Automatic",
      "href" : ""
    },
    "stencil" : {
      "id" : "Transition"
    },
    "outgoing" : [ {
      "resourceId" : "sid-A58EB9E5-F1D1-41D6-9A74-49055FFBC767"
    } ],
    "formats" : {
    },
    "glossaryLinks" : {
    }
  }, {
    "bounds" : {
      "lowerRight" : {
        "y" : 240,
        "x" : 224.625
      },
      "upperLeft" : {
        "y" : 240,
        "x" : 180.375
      }
    },
    "dockers" : [ {
      "y" : 15,
      "x" : 15
    }, {
      "y" : 20,
      "x" : 20
    } ],
    "resourceId" : "sid-464CD042-E07B-4899-A3D1-1399145C5C37",
    "labels" : [ ],
    "layers" : [ ],
    "target" : {
      "resourceId" : "sid-CE32506E-7A86-4BA9-A669-30B169DA7598"
    },
    "childShapes" : [ ],
    "properties" : {
      "id" : "",
      "label" : "",
      "transformation" : ""
    },
    "stencil" : {
      "id" : "Arc"
    },
    "outgoing" : [ {
      "resourceId" : "sid-CE32506E-7A86-4BA9-A669-30B169DA7598"
    } ],
    "formats" : {
    },
    "glossaryLinks" : {
    }
  }, {
    "bounds" : {
      "lowerRight" : {
        "y" : 255,
        "x" : 343
      },
      "upperLeft" : {
        "y" : 225,
        "x" : 313
      }
    },
    "dockers" : [ ],
    "resourceId" : "sid-CB25E465-126B-4B95-B9EB-B627BE68A15D",
    "labels" : [ ],
    "layers" : [ ],
    "childShapes" : [ ],
    "properties" : {
      "exttype" : "Push",
      "id" : "",
      "title" : "",
      "external" : "false",
      "locatortypes" : "",
      "locatornames" : "",
      "numberoftokens_drawing" : "0",
      "numberoftokens_text" : "",
      "numberOfTokens" : "0",
      "locatorexpr" : "",
      "href" : ""
    },
    "stencil" : {
      "id" : "Place"
    },
    "outgoing" : [ {
      "resourceId" : "sid-42EB54BC-B6AD-4E05-97D9-8417EEE9869A"
    }, {
      "resourceId" : "sid-064B2616-7A92-4DEA-AAC3-F1BA52ACD586"
    } ],
    "formats" : {
    },
    "glossaryLinks" : {
    }
  }, {
    "bounds" : {
      "lowerRight" : {
        "y" : 240,
        "x" : 312.734375
      },
      "upperLeft" : {
        "y" : 240,
        "x" : 265
      }
    },
    "dockers" : [ {
      "y" : 20,
      "x" : 20
    }, {
      "y" : 15,
      "x" : 15
    } ],
    "resourceId" : "sid-A58EB9E5-F1D1-41D6-9A74-49055FFBC767",
    "labels" : [ ],
    "layers" : [ ],
    "target" : {
      "resourceId" : "sid-CB25E465-126B-4B95-B9EB-B627BE68A15D"
    },
    "childShapes" : [ ],
    "properties" : {
      "id" : "",
      "label" : "",
      "transformation" : ""
    },
    "stencil" : {
      "id" : "Arc"
    },
    "outgoing" : [ {
      "resourceId" : "sid-CB25E465-126B-4B95-B9EB-B627BE68A15D"
    } ],
    "formats" : {
    },
    "glossaryLinks" : {
    }
  }, {
    "bounds" : {
      "lowerRight" : {
        "y" : 205,
        "x" : 460
      },
      "upperLeft" : {
        "y" : 165,
        "x" : 420
      }
    },
    "dockers" : [ ],
    "resourceId" : "sid-CE14B80A-3547-4949-A4B1-95430D53F64A",
    "labels" : [ ],
    "layers" : [ ],
    "childShapes" : [ ],
    "properties" : {
      "id" : "",
      "title" : "C",
      "communicationtype" : "Default",
      "communicationchannel" : "",
      "guard" : "",
      "oform" : "",
      "omodel" : "",
      "firetype" : "Automatic",
      "href" : ""
    },
    "stencil" : {
      "id" : "Transition"
    },
    "outgoing" : [ {
      "resourceId" : "sid-4B8509F0-1A6B-4353-93CC-C8C1156DC1E6"
    } ],
    "formats" : {
    },
    "glossaryLinks" : {
    }
  }, {
    "bounds" : {
      "lowerRight" : {
        "y" : 340,
        "x" : 460
      },
      "upperLeft" : {
        "y" : 300,
        "x" : 420
      }
    },
    "dockers" : [ ],
    "resourceId" : "sid-15D77948-9A26-455D-B4B8-B18138B35A41",
    "labels" : [ ],
    "layers" : [ ],
    "childShapes" : [ ],
    "properties" : {
      "id" : "",
      "title" : "D",
      "communicationtype" : "Default",
      "communicationchannel" : "",
      "guard" : "",
      "oform" : "",
      "omodel" : "",
      "firetype" : "Automatic",
      "href" : ""
    },
    "stencil" : {
      "id" : "Transition"
    },
    "outgoing" : [ {
      "resourceId" : "sid-C33FD6B9-6BDE-42C1-8D3C-C1595457388A"
    }, {
      "resourceId" : "sid-981B7F9F-6D01-48E2-BB7C-E9F645F3633D"
    } ],
    "formats" : {
    },
    "glossaryLinks" : {
    }
  }, {
    "bounds" : {
      "lowerRight" : {
        "y" : 233.1138968942158,
        "x" : 419.85239003913034
      },
      "upperLeft" : {
        "y" : 194.8939156057842,
        "x" : 342.02260996086966
      }
    },
    "dockers" : [ {
      "y" : 15,
      "x" : 15
    }, {
      "y" : 20,
      "x" : 20
    } ],
    "resourceId" : "sid-42EB54BC-B6AD-4E05-97D9-8417EEE9869A",
    "labels" : [ ],
    "layers" : [ ],
    "target" : {
      "resourceId" : "sid-CE14B80A-3547-4949-A4B1-95430D53F64A"
    },
    "childShapes" : [ ],
    "properties" : {
      "id" : "",
      "label" : "",
      "transformation" : ""
    },
    "stencil" : {
      "id" : "Arc"
    },
    "outgoing" : [ {
      "resourceId" : "sid-CE14B80A-3547-4949-A4B1-95430D53F64A"
    } ],
    "formats" : {
    },
    "glossaryLinks" : {
    }
  }, {
    "bounds" : {
      "lowerRight" : {
        "y" : 305.6687618062809,
        "x" : 419.9362665287933
      },
      "upperLeft" : {
        "y" : 249.0187381937191,
        "x" : 340.6262334712067
      }
    },
    "dockers" : [ {
      "y" : 15,
      "x" : 15
    }, {
      "y" : 20,
      "x" : 20
    } ],
    "resourceId" : "sid-064B2616-7A92-4DEA-AAC3-F1BA52ACD586",
    "labels" : [ ],
    "layers" : [ ],
    "target" : {
      "resourceId" : "sid-15D77948-9A26-455D-B4B8-B18138B35A41"
    },
    "childShapes" : [ ],
    "properties" : {
      "id" : "",
      "label" : "",
      "transformation" : ""
    },
    "stencil" : {
      "id" : "Arc"
    },
    "outgoing" : [ {
      "resourceId" : "sid-15D77948-9A26-455D-B4B8-B18138B35A41"
    } ],
    "formats" : {
    },
    "glossaryLinks" : {
    }
  }, {
    "bounds" : {
      "lowerRight" : {
        "y" : 200,
        "x" : 540
      },
      "upperLeft" : {
        "y" : 170,
        "x" : 510
      }
    },
    "dockers" : [ ],
    "resourceId" : "sid-02688DFF-4872-4BE1-A645-30E38E10B069",
    "labels" : [ ],
    "layers" : [ ],
    "childShapes" : [ ],
    "properties" : {
      "exttype" : "Push",
      "id" : "",
      "title" : "",
      "external" : "false",
      "locatortypes" : "",
      "locatornames" : "",
      "numberoftokens_drawing" : "0",
      "numberoftokens_text" : "",
      "numberOfTokens" : "0",
      "locatorexpr" : "",
      "href" : ""
    },
    "stencil" : {
      "id" : "Place"
    },
    "outgoing" : [ {
      "resourceId" : "sid-4DA596F8-B39A-4CF0-9F63-6295B79CF1CE"
    }, {
      "resourceId" : "sid-D48C28DE-C4D8-4C80-87F9-C4D506608422"
    } ],
    "formats" : {
    },
    "glossaryLinks" : {
    }
  }, {
    "bounds" : {
      "lowerRight" : {
        "y" : 185,
        "x" : 509.390625
      },
      "upperLeft" : {
        "y" : 185,
        "x" : 460
      }
    },
    "dockers" : [ {
      "y" : 20,
      "x" : 20
    }, {
      "y" : 15,
      "x" : 15
    } ],
    "resourceId" : "sid-4B8509F0-1A6B-4353-93CC-C8C1156DC1E6",
    "labels" : [ ],
    "layers" : [ ],
    "target" : {
      "resourceId" : "sid-02688DFF-4872-4BE1-A645-30E38E10B069"
    },
    "childShapes" : [ ],
    "properties" : {
      "id" : "",
      "label" : "",
      "transformation" : ""
    },
    "stencil" : {
      "id" : "Arc"
    },
    "outgoing" : [ {
      "resourceId" : "sid-02688DFF-4872-4BE1-A645-30E38E10B069"
    } ],
    "formats" : {
    },
    "glossaryLinks" : {
    }
  }, {
    "bounds" : {
      "lowerRight" : {
        "y" : 110,
        "x" : 400
      },
      "upperLeft" : {
        "y" : 60,
        "x" : 390
      }
    },
    "dockers" : [ ],
    "resourceId" : "sid-E91307E0-6D77-455F-989D-9E8DC41F9AF5",
    "labels" : [ ],
    "layers" : [ ],
    "childShapes" : [ ],
    "properties" : {
      "id" : "",
      "title" : "",
      "guard" : "",
      "oform" : "",
      "omodel" : "",
      "firetype" : "Automatic",
      "href" : ""
    },
    "stencil" : {
      "id" : "VerticalEmptyTransition"
    },
    "outgoing" : [ {
      "resourceId" : "sid-A6FBC7BE-862B-4F77-BC60-76F0097C374E"
    } ],
    "formats" : {
    },
    "glossaryLinks" : {
    }
  }, {
    "bounds" : {
      "lowerRight" : {
        "y" : 175.79653923915032,
        "x" : 513.0355010108954
      },
      "upperLeft" : {
        "y" : 88.84615384615384,
        "x" : 400
      }
    },
    "dockers" : [ {
      "y" : 15,
      "x" : 15
    }, {
      "y" : 25,
      "x" : 5
    } ],
    "resourceId" : "sid-4DA596F8-B39A-4CF0-9F63-6295B79CF1CE",
    "labels" : [ ],
    "layers" : [ ],
    "target" : {
      "resourceId" : "sid-E91307E0-6D77-455F-989D-9E8DC41F9AF5"
    },
    "childShapes" : [ ],
    "properties" : {
      "id" : "",
      "label" : "",
      "transformation" : ""
    },
    "stencil" : {
      "id" : "Arc"
    },
    "outgoing" : [ {
      "resourceId" : "sid-E91307E0-6D77-455F-989D-9E8DC41F9AF5"
    } ],
    "formats" : {
    },
    "glossaryLinks" : {
    }
  }, {
    "bounds" : {
      "lowerRight" : {
        "y" : 225.76177216468238,
        "x" : 389.8922861937659
      },
      "upperLeft" : {
        "y" : 96.81635283531762,
        "x" : 334.1545888062341
      }
    },
    "dockers" : [ {
      "y" : 25,
      "x" : 5
    }, {
      "y" : 15,
      "x" : 15
    } ],
    "resourceId" : "sid-A6FBC7BE-862B-4F77-BC60-76F0097C374E",
    "labels" : [ ],
    "layers" : [ ],
    "target" : {
      "resourceId" : "sid-CB25E465-126B-4B95-B9EB-B627BE68A15D"
    },
    "childShapes" : [ ],
    "properties" : {
      "id" : "",
      "label" : "",
      "transformation" : ""
    },
    "stencil" : {
      "id" : "Arc"
    },
    "outgoing" : [ {
      "resourceId" : "sid-CB25E465-126B-4B95-B9EB-B627BE68A15D"
    } ],
    "formats" : {
    },
    "glossaryLinks" : {
    }
  }, {
    "bounds" : {
      "lowerRight" : {
        "y" : 205,
        "x" : 625
      },
      "upperLeft" : {
        "y" : 165,
        "x" : 585
      }
    },
    "dockers" : [ ],
    "resourceId" : "sid-7BA3648A-72FE-4A20-92BD-79C8E923A948",
    "labels" : [ ],
    "layers" : [ ],
    "childShapes" : [ ],
    "properties" : {
      "id" : "",
      "title" : "E",
      "communicationtype" : "Default",
      "communicationchannel" : "",
      "guard" : "",
      "oform" : "",
      "omodel" : "",
      "firetype" : "Automatic",
      "href" : ""
    },
    "stencil" : {
      "id" : "Transition"
    },
    "outgoing" : [ {
      "resourceId" : "sid-A5A095DC-DF76-40CD-B79E-9D4CFEE127A0"
    }, {
      "resourceId" : "sid-DFD48BBD-C6E8-4D2F-95ED-8E0F327A8A3B"
    } ],
    "formats" : {
    },
    "glossaryLinks" : {
    }
  }, {
    "bounds" : {
      "lowerRight" : {
        "y" : 185,
        "x" : 584.625
      },
      "upperLeft" : {
        "y" : 185,
        "x" : 540.375
      }
    },
    "dockers" : [ {
      "y" : 15,
      "x" : 15
    }, {
      "y" : 20,
      "x" : 20
    } ],
    "resourceId" : "sid-D48C28DE-C4D8-4C80-87F9-C4D506608422",
    "labels" : [ ],
    "layers" : [ ],
    "target" : {
      "resourceId" : "sid-7BA3648A-72FE-4A20-92BD-79C8E923A948"
    },
    "childShapes" : [ ],
    "properties" : {
      "id" : "",
      "label" : "",
      "transformation" : ""
    },
    "stencil" : {
      "id" : "Arc"
    },
    "outgoing" : [ {
      "resourceId" : "sid-7BA3648A-72FE-4A20-92BD-79C8E923A948"
    } ],
    "formats" : {
    },
    "glossaryLinks" : {
    }
  }, {
    "bounds" : {
      "lowerRight" : {
        "y" : 200,
        "x" : 705
      },
      "upperLeft" : {
        "y" : 170,
        "x" : 675
      }
    },
    "dockers" : [ ],
    "resourceId" : "sid-2034D9BE-A16E-4224-8F37-2065024E68A1",
    "labels" : [ ],
    "layers" : [ ],
    "childShapes" : [ ],
    "properties" : {
      "exttype" : "Push",
      "id" : "",
      "title" : "",
      "external" : "false",
      "locatortypes" : "",
      "locatornames" : "",
      "numberoftokens_drawing" : "0",
      "numberoftokens_text" : "",
      "numberOfTokens" : "0",
      "locatorexpr" : "",
      "href" : ""
    },
    "stencil" : {
      "id" : "Place"
    },
    "outgoing" : [ {
      "resourceId" : "sid-C258DE71-4C72-45F5-802E-01DA5D0FB880"
    } ],
    "formats" : {
    },
    "glossaryLinks" : {
    }
  }, {
    "bounds" : {
      "lowerRight" : {
        "y" : 185,
        "x" : 674.390625
      },
      "upperLeft" : {
        "y" : 185,
        "x" : 625
      }
    },
    "dockers" : [ {
      "y" : 20,
      "x" : 20
    }, {
      "y" : 15,
      "x" : 15
    } ],
    "resourceId" : "sid-A5A095DC-DF76-40CD-B79E-9D4CFEE127A0",
    "labels" : [ ],
    "layers" : [ ],
    "target" : {
      "resourceId" : "sid-2034D9BE-A16E-4224-8F37-2065024E68A1"
    },
    "childShapes" : [ ],
    "properties" : {
      "id" : "",
      "label" : "",
      "transformation" : ""
    },
    "stencil" : {
      "id" : "Arc"
    },
    "outgoing" : [ {
      "resourceId" : "sid-2034D9BE-A16E-4224-8F37-2065024E68A1"
    } ],
    "formats" : {
    },
    "glossaryLinks" : {
    }
  }, {
    "bounds" : {
      "lowerRight" : {
        "y" : 315,
        "x" : 705
      },
      "upperLeft" : {
        "y" : 285,
        "x" : 675
      }
    },
    "dockers" : [ ],
    "resourceId" : "sid-A29BA771-1C9A-4475-8F00-6534598CBBB7",
    "labels" : [ ],
    "layers" : [ ],
    "childShapes" : [ ],
    "properties" : {
      "exttype" : "Push",
      "id" : "",
      "title" : "",
      "external" : "false",
      "locatortypes" : "",
      "locatornames" : "",
      "numberoftokens_drawing" : "0",
      "numberoftokens_text" : "",
      "numberOfTokens" : "0",
      "locatorexpr" : "",
      "href" : ""
    },
    "stencil" : {
      "id" : "Place"
    },
    "outgoing" : [ {
      "resourceId" : "sid-CD1D845E-1E8C-41AF-B4C8-91BE0E8873DF"
    } ],
    "formats" : {
    },
    "glossaryLinks" : {
    }
  }, {
    "bounds" : {
      "lowerRight" : {
        "y" : 287.5161363585337,
        "x" : 680.7727964389162
      },
      "upperLeft" : {
        "y" : 205,
        "x" : 619.7826086956521
      }
    },
    "dockers" : [ {
      "y" : 20,
      "x" : 20
    }, {
      "y" : 15,
      "x" : 15
    } ],
    "resourceId" : "sid-DFD48BBD-C6E8-4D2F-95ED-8E0F327A8A3B",
    "labels" : [ ],
    "layers" : [ ],
    "target" : {
      "resourceId" : "sid-A29BA771-1C9A-4475-8F00-6534598CBBB7"
    },
    "childShapes" : [ ],
    "properties" : {
      "id" : "",
      "label" : "",
      "transformation" : ""
    },
    "stencil" : {
      "id" : "Arc"
    },
    "outgoing" : [ {
      "resourceId" : "sid-A29BA771-1C9A-4475-8F00-6534598CBBB7"
    } ],
    "formats" : {
    },
    "glossaryLinks" : {
    }
  }, {
    "bounds" : {
      "lowerRight" : {
        "y" : 205,
        "x" : 790
      },
      "upperLeft" : {
        "y" : 165,
        "x" : 750
      }
    },
    "dockers" : [ ],
    "resourceId" : "sid-40689D87-6233-4573-8F03-F224138ED883",
    "labels" : [ ],
    "layers" : [ ],
    "childShapes" : [ ],
    "properties" : {
      "id" : "",
      "title" : "F",
      "communicationtype" : "Default",
      "communicationchannel" : "",
      "guard" : "",
      "oform" : "",
      "omodel" : "",
      "firetype" : "Automatic",
      "href" : ""
    },
    "stencil" : {
      "id" : "Transition"
    },
    "outgoing" : [ {
      "resourceId" : "sid-FBC67C70-92D0-4761-A4E0-C2DDB1626F2F"
    } ],
    "formats" : {
    },
    "glossaryLinks" : {
    }
  }, {
    "bounds" : {
      "lowerRight" : {
        "y" : 185,
        "x" : 749.625
      },
      "upperLeft" : {
        "y" : 185,
        "x" : 705.375
      }
    },
    "dockers" : [ {
      "y" : 15,
      "x" : 15
    }, {
      "y" : 20,
      "x" : 20
    } ],
    "resourceId" : "sid-C258DE71-4C72-45F5-802E-01DA5D0FB880",
    "labels" : [ ],
    "layers" : [ ],
    "target" : {
      "resourceId" : "sid-40689D87-6233-4573-8F03-F224138ED883"
    },
    "childShapes" : [ ],
    "properties" : {
      "id" : "",
      "label" : "",
      "transformation" : ""
    },
    "stencil" : {
      "id" : "Arc"
    },
    "outgoing" : [ {
      "resourceId" : "sid-40689D87-6233-4573-8F03-F224138ED883"
    } ],
    "formats" : {
    },
    "glossaryLinks" : {
    }
  }, {
    "bounds" : {
      "lowerRight" : {
        "y" : 200,
        "x" : 855
      },
      "upperLeft" : {
        "y" : 170,
        "x" : 825
      }
    },
    "dockers" : [ ],
    "resourceId" : "sid-0476DCC9-EC6F-4456-88DD-B93F54EEC223",
    "labels" : [ ],
    "layers" : [ ],
    "childShapes" : [ ],
    "properties" : {
      "exttype" : "Push",
      "id" : "",
      "title" : "",
      "external" : "false",
      "locatortypes" : "",
      "locatornames" : "",
      "numberoftokens_drawing" : "0",
      "numberoftokens_text" : "",
      "numberOfTokens" : "0",
      "locatorexpr" : "",
      "href" : ""
    },
    "stencil" : {
      "id" : "Place"
    },
    "outgoing" : [ {
      "resourceId" : "sid-B8E60BFD-D7E1-4FAB-9616-25DB0ACABDB0"
    } ],
    "formats" : {
    },
    "glossaryLinks" : {
    }
  }, {
    "bounds" : {
      "lowerRight" : {
        "y" : 185,
        "x" : 824.78125
      },
      "upperLeft" : {
        "y" : 185,
        "x" : 790
      }
    },
    "dockers" : [ {
      "y" : 20,
      "x" : 20
    }, {
      "y" : 15,
      "x" : 15
    } ],
    "resourceId" : "sid-FBC67C70-92D0-4761-A4E0-C2DDB1626F2F",
    "labels" : [ ],
    "layers" : [ ],
    "target" : {
      "resourceId" : "sid-0476DCC9-EC6F-4456-88DD-B93F54EEC223"
    },
    "childShapes" : [ ],
    "properties" : {
      "id" : "",
      "label" : "",
      "transformation" : ""
    },
    "stencil" : {
      "id" : "Arc"
    },
    "outgoing" : [ {
      "resourceId" : "sid-0476DCC9-EC6F-4456-88DD-B93F54EEC223"
    } ],
    "formats" : {
    },
    "glossaryLinks" : {
    }
  }, {
    "bounds" : {
      "lowerRight" : {
        "y" : 260,
        "x" : 940
      },
      "upperLeft" : {
        "y" : 220,
        "x" : 900
      }
    },
    "dockers" : [ ],
    "resourceId" : "sid-0E091A23-024B-4FB1-9D76-8A29B30B4DC4",
    "labels" : [ ],
    "layers" : [ ],
    "childShapes" : [ ],
    "properties" : {
      "id" : "",
      "title" : "G",
      "communicationtype" : "Default",
      "communicationchannel" : "",
      "guard" : "",
      "oform" : "",
      "omodel" : "",
      "firetype" : "Automatic",
      "href" : ""
    },
    "stencil" : {
      "id" : "Transition"
    },
    "outgoing" : [ {
      "resourceId" : "sid-30832B2F-4580-44D7-8C65-94D51616F088"
    } ],
    "formats" : {
    },
    "glossaryLinks" : {
    }
  }, {
    "bounds" : {
      "lowerRight" : {
        "y" : 226.11315867711292,
        "x" : 899.8009580758006
      },
      "upperLeft" : {
        "y" : 193.73059132288708,
        "x" : 852.6990419241994
      }
    },
    "dockers" : [ {
      "y" : 15,
      "x" : 15
    }, {
      "y" : 20,
      "x" : 20
    } ],
    "resourceId" : "sid-B8E60BFD-D7E1-4FAB-9616-25DB0ACABDB0",
    "labels" : [ ],
    "layers" : [ ],
    "target" : {
      "resourceId" : "sid-0E091A23-024B-4FB1-9D76-8A29B30B4DC4"
    },
    "childShapes" : [ ],
    "properties" : {
      "id" : "",
      "label" : "",
      "transformation" : ""
    },
    "stencil" : {
      "id" : "Arc"
    },
    "outgoing" : [ {
      "resourceId" : "sid-0E091A23-024B-4FB1-9D76-8A29B30B4DC4"
    } ],
    "formats" : {
    },
    "glossaryLinks" : {
    }
  }, {
    "bounds" : {
      "lowerRight" : {
        "y" : 255,
        "x" : 1020
      },
      "upperLeft" : {
        "y" : 225,
        "x" : 990
      }
    },
    "dockers" : [ ],
    "resourceId" : "sid-FB87E6F1-6AF3-402C-950C-DA68DAE6AD28",
    "labels" : [ ],
    "layers" : [ ],
    "childShapes" : [ ],
    "properties" : {
      "exttype" : "Push",
      "id" : "",
      "title" : "H",
      "external" : "false",
      "locatortypes" : "",
      "locatornames" : "",
      "numberoftokens_drawing" : "0",
      "numberoftokens_text" : "",
      "numberOfTokens" : "0",
      "locatorexpr" : "",
      "href" : ""
    },
    "stencil" : {
      "id" : "Place"
    },
    "outgoing" : [ ],
    "formats" : {
    },
    "glossaryLinks" : {
    }
  }, {
    "bounds" : {
      "lowerRight" : {
        "y" : 240,
        "x" : 989.390625
      },
      "upperLeft" : {
        "y" : 240,
        "x" : 940
      }
    },
    "dockers" : [ {
      "y" : 20,
      "x" : 20
    }, {
      "y" : 15,
      "x" : 15
    } ],
    "resourceId" : "sid-30832B2F-4580-44D7-8C65-94D51616F088",
    "labels" : [ ],
    "layers" : [ ],
    "target" : {
      "resourceId" : "sid-FB87E6F1-6AF3-402C-950C-DA68DAE6AD28"
    },
    "childShapes" : [ ],
    "properties" : {
      "id" : "",
      "label" : "",
      "transformation" : ""
    },
    "stencil" : {
      "id" : "Arc"
    },
    "outgoing" : [ {
      "resourceId" : "sid-FB87E6F1-6AF3-402C-950C-DA68DAE6AD28"
    } ],
    "formats" : {
    },
    "glossaryLinks" : {
    }
  }, {
    "bounds" : {
      "lowerRight" : {
        "y" : 335,
        "x" : 540
      },
      "upperLeft" : {
        "y" : 305,
        "x" : 510
      }
    },
    "dockers" : [ ],
    "resourceId" : "sid-683926B7-E24C-415B-8E4A-C90CF40F91F7",
    "labels" : [ ],
    "layers" : [ ],
    "childShapes" : [ ],
    "properties" : {
      "exttype" : "Push",
      "id" : "",
      "title" : "",
      "external" : "false",
      "locatortypes" : "",
      "locatornames" : "",
      "numberoftokens_drawing" : "0",
      "numberoftokens_text" : "",
      "numberOfTokens" : "0",
      "locatorexpr" : "",
      "href" : ""
    },
    "stencil" : {
      "id" : "Place"
    },
    "outgoing" : [ {
      "resourceId" : "sid-504FDA37-BDF9-4126-A71D-152F1A6D8F11"
    } ],
    "formats" : {
    },
    "glossaryLinks" : {
    }
  }, {
    "bounds" : {
      "lowerRight" : {
        "y" : 320,
        "x" : 509.390625
      },
      "upperLeft" : {
        "y" : 320,
        "x" : 460
      }
    },
    "dockers" : [ {
      "y" : 20,
      "x" : 20
    }, {
      "y" : 15,
      "x" : 15
    } ],
    "resourceId" : "sid-C33FD6B9-6BDE-42C1-8D3C-C1595457388A",
    "labels" : [ ],
    "layers" : [ ],
    "target" : {
      "resourceId" : "sid-683926B7-E24C-415B-8E4A-C90CF40F91F7"
    },
    "childShapes" : [ ],
    "properties" : {
      "id" : "",
      "label" : "",
      "transformation" : ""
    },
    "stencil" : {
      "id" : "Arc"
    },
    "outgoing" : [ {
      "resourceId" : "sid-683926B7-E24C-415B-8E4A-C90CF40F91F7"
    } ],
    "formats" : {
    },
    "glossaryLinks" : {
    }
  }, {
    "bounds" : {
      "lowerRight" : {
        "y" : 340,
        "x" : 625
      },
      "upperLeft" : {
        "y" : 300,
        "x" : 585
      }
    },
    "dockers" : [ ],
    "resourceId" : "sid-DC84D6B0-3913-4346-B441-0B8387683DCC",
    "labels" : [ ],
    "layers" : [ ],
    "childShapes" : [ ],
    "properties" : {
      "id" : "",
      "title" : "I",
      "communicationtype" : "Default",
      "communicationchannel" : "",
      "guard" : "",
      "oform" : "",
      "omodel" : "",
      "firetype" : "Automatic",
      "href" : ""
    },
    "stencil" : {
      "id" : "Transition"
    },
    "outgoing" : [ {
      "resourceId" : "sid-233A74D5-77D6-4278-A1BF-0530F31E2B8B"
    } ],
    "formats" : {
    },
    "glossaryLinks" : {
    }
  }, {
    "bounds" : {
      "lowerRight" : {
        "y" : 320,
        "x" : 584.625
      },
      "upperLeft" : {
        "y" : 320,
        "x" : 540.375
      }
    },
    "dockers" : [ {
      "y" : 15,
      "x" : 15
    }, {
      "y" : 20,
      "x" : 20
    } ],
    "resourceId" : "sid-504FDA37-BDF9-4126-A71D-152F1A6D8F11",
    "labels" : [ ],
    "layers" : [ ],
    "target" : {
      "resourceId" : "sid-DC84D6B0-3913-4346-B441-0B8387683DCC"
    },
    "childShapes" : [ ],
    "properties" : {
      "id" : "",
      "label" : "",
      "transformation" : ""
    },
    "stencil" : {
      "id" : "Arc"
    },
    "outgoing" : [ {
      "resourceId" : "sid-DC84D6B0-3913-4346-B441-0B8387683DCC"
    } ],
    "formats" : {
    },
    "glossaryLinks" : {
    }
  }, {
    "bounds" : {
      "lowerRight" : {
        "y" : 299.6420484099103,
        "x" : 681.4984367303139
      },
      "upperLeft" : {
        "y" : 198.50248284008975,
        "x" : 617.8179695196861
      }
    },
    "dockers" : [ {
      "y" : 20,
      "x" : 20
    }, {
      "y" : 15,
      "x" : 15
    } ],
    "resourceId" : "sid-233A74D5-77D6-4278-A1BF-0530F31E2B8B",
    "labels" : [ ],
    "layers" : [ ],
    "target" : {
      "resourceId" : "sid-2034D9BE-A16E-4224-8F37-2065024E68A1"
    },
    "childShapes" : [ ],
    "properties" : {
      "id" : "",
      "label" : "",
      "transformation" : ""
    },
    "stencil" : {
      "id" : "Arc"
    },
    "outgoing" : [ {
      "resourceId" : "sid-2034D9BE-A16E-4224-8F37-2065024E68A1"
    } ],
    "formats" : {
    },
    "glossaryLinks" : {
    }
  }, {
    "bounds" : {
      "lowerRight" : {
        "y" : 405,
        "x" : 540
      },
      "upperLeft" : {
        "y" : 375,
        "x" : 510
      }
    },
    "dockers" : [ ],
    "resourceId" : "sid-D37206EA-133B-405C-9E5A-29B977A5BDC6",
    "labels" : [ ],
    "layers" : [ ],
    "childShapes" : [ ],
    "properties" : {
      "exttype" : "Push",
      "id" : "",
      "title" : "",
      "external" : "false",
      "locatortypes" : "",
      "locatornames" : "",
      "numberoftokens_drawing" : "0",
      "numberoftokens_text" : "",
      "numberOfTokens" : "0",
      "locatorexpr" : "",
      "href" : ""
    },
    "stencil" : {
      "id" : "Place"
    },
    "outgoing" : [ {
      "resourceId" : "sid-7015CFC6-62A6-4940-8CC3-24541B75E47E"
    } ],
    "formats" : {
    },
    "glossaryLinks" : {
    }
  }, {
    "bounds" : {
      "lowerRight" : {
        "y" : 380.0674177471389,
        "x" : 512.9390072643829
      },
      "upperLeft" : {
        "y" : 336.47058823529414,
        "x" : 460
      }
    },
    "dockers" : [ {
      "y" : 20,
      "x" : 20
    }, {
      "y" : 15,
      "x" : 15
    } ],
    "resourceId" : "sid-981B7F9F-6D01-48E2-BB7C-E9F645F3633D",
    "labels" : [ ],
    "layers" : [ ],
    "target" : {
      "resourceId" : "sid-D37206EA-133B-405C-9E5A-29B977A5BDC6"
    },
    "childShapes" : [ ],
    "properties" : {
      "id" : "",
      "label" : "",
      "transformation" : ""
    },
    "stencil" : {
      "id" : "Arc"
    },
    "outgoing" : [ {
      "resourceId" : "sid-D37206EA-133B-405C-9E5A-29B977A5BDC6"
    } ],
    "formats" : {
    },
    "glossaryLinks" : {
    }
  }, {
    "bounds" : {
      "lowerRight" : {
        "y" : 410,
        "x" : 625
      },
      "upperLeft" : {
        "y" : 370,
        "x" : 585
      }
    },
    "dockers" : [ ],
    "resourceId" : "sid-CF0FD78B-F158-4ED5-AE34-42A9A9B348E4",
    "labels" : [ ],
    "layers" : [ ],
    "childShapes" : [ ],
    "properties" : {
      "id" : "",
      "title" : "J",
      "communicationtype" : "Default",
      "communicationchannel" : "",
      "guard" : "",
      "oform" : "",
      "omodel" : "",
      "firetype" : "Automatic",
      "href" : ""
    },
    "stencil" : {
      "id" : "Transition"
    },
    "outgoing" : [ {
      "resourceId" : "sid-B7D510FF-B9ED-4268-9C7E-FBA1D3284386"
    } ],
    "formats" : {
    },
    "glossaryLinks" : {
    }
  }, {
    "bounds" : {
      "lowerRight" : {
        "y" : 390,
        "x" : 584.625
      },
      "upperLeft" : {
        "y" : 390,
        "x" : 540.375
      }
    },
    "dockers" : [ {
      "y" : 15,
      "x" : 15
    }, {
      "y" : 20,
      "x" : 20
    } ],
    "resourceId" : "sid-7015CFC6-62A6-4940-8CC3-24541B75E47E",
    "labels" : [ ],
    "layers" : [ ],
    "target" : {
      "resourceId" : "sid-CF0FD78B-F158-4ED5-AE34-42A9A9B348E4"
    },
    "childShapes" : [ ],
    "properties" : {
      "id" : "",
      "label" : "",
      "transformation" : ""
    },
    "stencil" : {
      "id" : "Arc"
    },
    "outgoing" : [ {
      "resourceId" : "sid-CF0FD78B-F158-4ED5-AE34-42A9A9B348E4"
    } ],
    "formats" : {
    },
    "glossaryLinks" : {
    }
  }, {
    "bounds" : {
      "lowerRight" : {
        "y" : 369.58548684745017,
        "x" : 679.3524389670363
      },
      "upperLeft" : {
        "y" : 311.27388815254983,
        "x" : 624.2803735329637
      }
    },
    "dockers" : [ {
      "y" : 20,
      "x" : 20
    }, {
      "y" : 15,
      "x" : 15
    } ],
    "resourceId" : "sid-B7D510FF-B9ED-4268-9C7E-FBA1D3284386",
    "labels" : [ ],
    "layers" : [ ],
    "target" : {
      "resourceId" : "sid-A29BA771-1C9A-4475-8F00-6534598CBBB7"
    },
    "childShapes" : [ ],
    "properties" : {
      "id" : "",
      "label" : "",
      "transformation" : ""
    },
    "stencil" : {
      "id" : "Arc"
    },
    "outgoing" : [ {
      "resourceId" : "sid-A29BA771-1C9A-4475-8F00-6534598CBBB7"
    } ],
    "formats" : {
    },
    "glossaryLinks" : {
    }
  }, {
    "bounds" : {
      "lowerRight" : {
        "y" : 320,
        "x" : 790
      },
      "upperLeft" : {
        "y" : 280,
        "x" : 750
      }
    },
    "dockers" : [ ],
    "resourceId" : "sid-A4C155ED-46A3-4625-8813-4150EE0F865C",
    "labels" : [ ],
    "layers" : [ ],
    "childShapes" : [ ],
    "properties" : {
      "id" : "",
      "title" : "K",
      "communicationtype" : "Default",
      "communicationchannel" : "",
      "guard" : "",
      "oform" : "",
      "omodel" : "",
      "firetype" : "Automatic",
      "href" : ""
    },
    "stencil" : {
      "id" : "Transition"
    },
    "outgoing" : [ {
      "resourceId" : "sid-B95743D1-B6C6-42AA-9852-B0F04F930EAC"
    } ],
    "formats" : {
    },
    "glossaryLinks" : {
    }
  }, {
    "bounds" : {
      "lowerRight" : {
        "y" : 300,
        "x" : 749.625
      },
      "upperLeft" : {
        "y" : 300,
        "x" : 705.375
      }
    },
    "dockers" : [ {
      "y" : 15,
      "x" : 15
    }, {
      "y" : 20,
      "x" : 20
    } ],
    "resourceId" : "sid-CD1D845E-1E8C-41AF-B4C8-91BE0E8873DF",
    "labels" : [ ],
    "layers" : [ ],
    "target" : {
      "resourceId" : "sid-A4C155ED-46A3-4625-8813-4150EE0F865C"
    },
    "childShapes" : [ ],
    "properties" : {
      "id" : "",
      "label" : "",
      "transformation" : ""
    },
    "stencil" : {
      "id" : "Arc"
    },
    "outgoing" : [ {
      "resourceId" : "sid-A4C155ED-46A3-4625-8813-4150EE0F865C"
    } ],
    "formats" : {
    },
    "glossaryLinks" : {
    }
  }, {
    "bounds" : {
      "lowerRight" : {
        "y" : 315,
        "x" : 855
      },
      "upperLeft" : {
        "y" : 285,
        "x" : 825
      }
    },
    "dockers" : [ ],
    "resourceId" : "sid-91D992AE-A51C-4B0E-A8E3-BC420949C5A5",
    "labels" : [ ],
    "layers" : [ ],
    "childShapes" : [ ],
    "properties" : {
      "exttype" : "Push",
      "id" : "",
      "title" : "",
      "external" : "false",
      "locatortypes" : "",
      "locatornames" : "",
      "numberoftokens_drawing" : "0",
      "numberoftokens_text" : "",
      "numberOfTokens" : "0",
      "locatorexpr" : "",
      "href" : ""
    },
    "stencil" : {
      "id" : "Place"
    },
    "outgoing" : [ {
      "resourceId" : "sid-B514DB57-FE53-41FC-9BCA-D4841F167B3F"
    } ],
    "formats" : {
    },
    "glossaryLinks" : {
    }
  }, {
    "bounds" : {
      "lowerRight" : {
        "y" : 300,
        "x" : 824.78125
      },
      "upperLeft" : {
        "y" : 300,
        "x" : 790
      }
    },
    "dockers" : [ {
      "y" : 20,
      "x" : 20
    }, {
      "y" : 15,
      "x" : 15
    } ],
    "resourceId" : "sid-B95743D1-B6C6-42AA-9852-B0F04F930EAC",
    "labels" : [ ],
    "layers" : [ ],
    "target" : {
      "resourceId" : "sid-91D992AE-A51C-4B0E-A8E3-BC420949C5A5"
    },
    "childShapes" : [ ],
    "properties" : {
      "id" : "",
      "label" : "",
      "transformation" : ""
    },
    "stencil" : {
      "id" : "Arc"
    },
    "outgoing" : [ {
      "resourceId" : "sid-91D992AE-A51C-4B0E-A8E3-BC420949C5A5"
    } ],
    "formats" : {
    },
    "glossaryLinks" : {
    }
  }, {
    "bounds" : {
      "lowerRight" : {
        "y" : 290.9625,
        "x" : 899.825
      },
      "upperLeft" : {
        "y" : 255.13125,
        "x" : 852.05
      }
    },
    "dockers" : [ {
      "y" : 15,
      "x" : 15
    }, {
      "y" : 20,
      "x" : 20
    } ],
    "resourceId" : "sid-B514DB57-FE53-41FC-9BCA-D4841F167B3F",
    "labels" : [ ],
    "layers" : [ ],
    "target" : {
      "resourceId" : "sid-0E091A23-024B-4FB1-9D76-8A29B30B4DC4"
    },
    "childShapes" : [ ],
    "properties" : {
      "id" : "",
      "label" : "",
      "transformation" : ""
    },
    "stencil" : {
      "id" : "Arc"
    },
    "outgoing" : [ {
      "resourceId" : "sid-0E091A23-024B-4FB1-9D76-8A29B30B4DC4"
    } ],
    "formats" : {
    },
    "glossaryLinks" : {
    }
  } ],
  "properties" : {
    "author" : "",
    "title" : "",
    "engine" : "false",
    "modificationdate" : "10/07/07",
    "documentation" : "",
    "language" : "English",
    "creationdate" : "10/07/07",
    "version" : ""
  },
  "stencilset" : {
    "url" : "/stencilsets/petrinets/petrinet.json?version=4.3.4",
    "namespace" : "http://b3mn.org/stencilset/petrinet#"
  },
  "ssextensions" : [ ],
  "stencil" : {
    "id" : "Diagram"
  },
  "formats" : {
  }
}