{
  "revision" : {
    "creationDate" : null,
    "elementCounts" : {
      "total" : 37,
      "Place" : 9,
      "Arc" : 19,
      "Transition" : 8,
      "Diagram" : 1
    },
    "connectedness" : 100,
    "isLastRevision" : "true",
    "revisionNumber" : 4
  },
  "model" : {
    "modelingLanguage" : "petrinet",
    "numberOfRevisions" : 4,
    "naturalLanguage" : "de",
    "timestampModelCollection" : null,
    "directoryId" : "1835829447",
    "groupName" : "PetriNet",
    "modelDate" : "2010-12-05",
    "modelName" : "Aufgabe 1 ?bung 3 Dom_Vereinfacht",
    "modelId" : "1941387678"
  }
}