{
  "revision" : {
    "creationDate" : null,
    "elementCounts" : {
      "total" : 70,
      "Place" : 12,
      "Arc" : 38,
      "Transition" : 19,
      "Diagram" : 1
    },
    "connectedness" : 100,
    "isLastRevision" : "true",
    "revisionNumber" : 7
  },
  "model" : {
    "modelingLanguage" : "petrinet",
    "numberOfRevisions" : 7,
    "naturalLanguage" : "de",
    "timestampModelCollection" : null,
    "directoryId" : "1744269289",
    "groupName" : "PetriNet",
    "modelDate" : "2010-05-12",
    "modelName" : "Getr?nkeautomat",
    "modelId" : "564926396"
  }
}