{
  "revision" : {
    "creationDate" : null,
    "elementCounts" : {
      "total" : 56,
      "Place" : 13,
      "Arc" : 29,
      "Transition" : 13,
      "Diagram" : 1
    },
    "connectedness" : 100,
    "isLastRevision" : "false",
    "revisionNumber" : 3
  },
  "model" : {
    "modelingLanguage" : "petrinet",
    "numberOfRevisions" : 4,
    "naturalLanguage" : "de",
    "timestampModelCollection" : null,
    "directoryId" : "727171980",
    "groupName" : "PetriNet",
    "modelDate" : "2012-08-30",
    "modelName" : "166927540",
    "modelId" : "166927540"
  }
}