{
  "bounds" : {
    "lowerRight" : {
      "y" : 1050,
      "x" : 1485
    },
    "upperLeft" : {
      "y" : 0,
      "x" : 0
    }
  },
  "resourceId" : "canvas",
  "childShapes" : [ {
    "bounds" : {
      "lowerRight" : {
        "y" : 224,
        "x" : 135
      },
      "upperLeft" : {
        "y" : 194,
        "x" : 105
      }
    },
    "dockers" : [ ],
    "resourceId" : "sid-6D69C3F3-47C1-4489-9462-B0F61C715809",
    "labels" : [ ],
    "layers" : [ ],
    "childShapes" : [ ],
    "properties" : {
      "exttype" : "Push",
      "id" : "",
      "title" : "A",
      "external" : "false",
      "locatortypes" : "",
      "locatornames" : "",
      "numberoftokens_drawing" : "0",
      "numberoftokens_text" : "",
      "numberOfTokens" : "0",
      "locatorexpr" : "",
      "href" : ""
    },
    "stencil" : {
      "id" : "Place"
    },
    "outgoing" : [ {
      "resourceId" : "sid-FF7193DB-D219-4576-990B-2A7E4DD292D2"
    }, {
      "resourceId" : "sid-0F76698E-FA03-4BD3-865D-62F027DCCAB9"
    } ],
    "formats" : {
    },
    "glossaryLinks" : {
    }
  }, {
    "bounds" : {
      "lowerRight" : {
        "y" : 160,
        "x" : 280
      },
      "upperLeft" : {
        "y" : 120,
        "x" : 240
      }
    },
    "dockers" : [ ],
    "resourceId" : "sid-AD3BEB75-B810-4DA4-BD90-3AE18143CAED",
    "labels" : [ ],
    "layers" : [ ],
    "childShapes" : [ ],
    "properties" : {
      "id" : "",
      "title" : "B",
      "communicationtype" : "Default",
      "communicationchannel" : "",
      "guard" : "",
      "oform" : "",
      "omodel" : "",
      "firetype" : "Automatic",
      "href" : ""
    },
    "stencil" : {
      "id" : "Transition"
    },
    "outgoing" : [ {
      "resourceId" : "sid-D36A21D9-877A-48DA-953C-2B94006D6F17"
    } ],
    "formats" : {
    },
    "glossaryLinks" : {
    }
  }, {
    "bounds" : {
      "lowerRight" : {
        "y" : 202.0891693207603,
        "x" : 239.41552470878904
      },
      "upperLeft" : {
        "y" : 150.1452056792397,
        "x" : 134.02197529121096
      }
    },
    "dockers" : [ {
      "y" : 15,
      "x" : 15
    }, {
      "y" : 20,
      "x" : 20
    } ],
    "resourceId" : "sid-FF7193DB-D219-4576-990B-2A7E4DD292D2",
    "labels" : [ ],
    "layers" : [ ],
    "target" : {
      "resourceId" : "sid-AD3BEB75-B810-4DA4-BD90-3AE18143CAED"
    },
    "childShapes" : [ ],
    "properties" : {
      "id" : "",
      "label" : "",
      "transformation" : ""
    },
    "stencil" : {
      "id" : "Arc"
    },
    "outgoing" : [ {
      "resourceId" : "sid-AD3BEB75-B810-4DA4-BD90-3AE18143CAED"
    } ],
    "formats" : {
    },
    "glossaryLinks" : {
    }
  }, {
    "bounds" : {
      "lowerRight" : {
        "y" : 400,
        "x" : 280
      },
      "upperLeft" : {
        "y" : 360,
        "x" : 240
      }
    },
    "dockers" : [ ],
    "resourceId" : "sid-BBD26F94-FE2B-4F50-A750-204AF9334D91",
    "labels" : [ ],
    "layers" : [ ],
    "childShapes" : [ ],
    "properties" : {
      "id" : "",
      "title" : "C",
      "communicationtype" : "Default",
      "communicationchannel" : "",
      "guard" : "",
      "oform" : "",
      "omodel" : "",
      "firetype" : "Automatic",
      "href" : ""
    },
    "stencil" : {
      "id" : "Transition"
    },
    "outgoing" : [ {
      "resourceId" : "sid-EA41C3CC-283B-4A4C-965B-62320A6671B7"
    } ],
    "formats" : {
    },
    "glossaryLinks" : {
    }
  }, {
    "bounds" : {
      "lowerRight" : {
        "y" : 359.8551505938914,
        "x" : 243.50714083710406
      },
      "upperLeft" : {
        "y" : 221.1292244061086,
        "x" : 129.93035916289594
      }
    },
    "dockers" : [ {
      "y" : 15,
      "x" : 15
    }, {
      "y" : 20,
      "x" : 20
    } ],
    "resourceId" : "sid-0F76698E-FA03-4BD3-865D-62F027DCCAB9",
    "labels" : [ ],
    "layers" : [ ],
    "target" : {
      "resourceId" : "sid-BBD26F94-FE2B-4F50-A750-204AF9334D91"
    },
    "childShapes" : [ ],
    "properties" : {
      "id" : "",
      "label" : "",
      "transformation" : ""
    },
    "stencil" : {
      "id" : "Arc"
    },
    "outgoing" : [ {
      "resourceId" : "sid-BBD26F94-FE2B-4F50-A750-204AF9334D91"
    } ],
    "formats" : {
    },
    "glossaryLinks" : {
    }
  }, {
    "bounds" : {
      "lowerRight" : {
        "y" : 155,
        "x" : 390
      },
      "upperLeft" : {
        "y" : 125,
        "x" : 360
      }
    },
    "dockers" : [ ],
    "resourceId" : "sid-0EE4588D-4DC9-4024-A09B-8F5DA3356A78",
    "labels" : [ ],
    "layers" : [ ],
    "childShapes" : [ ],
    "properties" : {
      "exttype" : "Push",
      "id" : "",
      "title" : "",
      "external" : "false",
      "locatortypes" : "",
      "locatornames" : "",
      "numberoftokens_drawing" : "0",
      "numberoftokens_text" : "",
      "numberOfTokens" : "0",
      "locatorexpr" : "",
      "href" : ""
    },
    "stencil" : {
      "id" : "Place"
    },
    "outgoing" : [ {
      "resourceId" : "sid-9CE96645-AA87-4C9B-A073-4136B48248AD"
    }, {
      "resourceId" : "sid-8BE816A7-16ED-403A-9925-00D3D226F0BE"
    } ],
    "formats" : {
    },
    "glossaryLinks" : {
    }
  }, {
    "bounds" : {
      "lowerRight" : {
        "y" : 395,
        "x" : 390
      },
      "upperLeft" : {
        "y" : 365,
        "x" : 360
      }
    },
    "dockers" : [ ],
    "resourceId" : "sid-D5B8965F-734D-4C50-B282-969F1744F1B7",
    "labels" : [ ],
    "layers" : [ ],
    "childShapes" : [ ],
    "properties" : {
      "exttype" : "Push",
      "id" : "",
      "title" : "",
      "external" : "false",
      "locatortypes" : "",
      "locatornames" : "",
      "numberoftokens_drawing" : "0",
      "numberoftokens_text" : "",
      "numberOfTokens" : "0",
      "locatorexpr" : "",
      "href" : ""
    },
    "stencil" : {
      "id" : "Place"
    },
    "outgoing" : [ {
      "resourceId" : "sid-D091676A-4EB5-4997-9382-B02C1E67F349"
    } ],
    "formats" : {
    },
    "glossaryLinks" : {
    }
  }, {
    "bounds" : {
      "lowerRight" : {
        "y" : 380,
        "x" : 359.625
      },
      "upperLeft" : {
        "y" : 380,
        "x" : 280.765625
      }
    },
    "dockers" : [ {
      "y" : 20,
      "x" : 20
    }, {
      "y" : 15,
      "x" : 15
    } ],
    "resourceId" : "sid-EA41C3CC-283B-4A4C-965B-62320A6671B7",
    "labels" : [ ],
    "layers" : [ ],
    "target" : {
      "resourceId" : "sid-D5B8965F-734D-4C50-B282-969F1744F1B7"
    },
    "childShapes" : [ ],
    "properties" : {
      "id" : "",
      "label" : "",
      "transformation" : ""
    },
    "stencil" : {
      "id" : "Arc"
    },
    "outgoing" : [ {
      "resourceId" : "sid-D5B8965F-734D-4C50-B282-969F1744F1B7"
    } ],
    "formats" : {
    },
    "glossaryLinks" : {
    }
  }, {
    "bounds" : {
      "lowerRight" : {
        "y" : 140,
        "x" : 359.625
      },
      "upperLeft" : {
        "y" : 140,
        "x" : 280.765625
      }
    },
    "dockers" : [ {
      "y" : 20,
      "x" : 20
    }, {
      "y" : 15,
      "x" : 15
    } ],
    "resourceId" : "sid-D36A21D9-877A-48DA-953C-2B94006D6F17",
    "labels" : [ ],
    "layers" : [ ],
    "target" : {
      "resourceId" : "sid-0EE4588D-4DC9-4024-A09B-8F5DA3356A78"
    },
    "childShapes" : [ ],
    "properties" : {
      "id" : "",
      "label" : "",
      "transformation" : ""
    },
    "stencil" : {
      "id" : "Arc"
    },
    "outgoing" : [ {
      "resourceId" : "sid-0EE4588D-4DC9-4024-A09B-8F5DA3356A78"
    } ],
    "formats" : {
    },
    "glossaryLinks" : {
    }
  }, {
    "bounds" : {
      "lowerRight" : {
        "y" : 100,
        "x" : 490
      },
      "upperLeft" : {
        "y" : 60,
        "x" : 450
      }
    },
    "dockers" : [ ],
    "resourceId" : "sid-8B3AA7C8-5989-4515-8566-E3740A10008E",
    "labels" : [ ],
    "layers" : [ ],
    "childShapes" : [ ],
    "properties" : {
      "id" : "",
      "title" : "D",
      "communicationtype" : "Default",
      "communicationchannel" : "",
      "guard" : "",
      "oform" : "",
      "omodel" : "",
      "firetype" : "Automatic",
      "href" : ""
    },
    "stencil" : {
      "id" : "Transition"
    },
    "outgoing" : [ {
      "resourceId" : "sid-CB0411AE-6532-4D5E-9AD6-4497AF1934C6"
    } ],
    "formats" : {
    },
    "glossaryLinks" : {
    }
  }, {
    "bounds" : {
      "lowerRight" : {
        "y" : 228,
        "x" : 490
      },
      "upperLeft" : {
        "y" : 188,
        "x" : 450
      }
    },
    "dockers" : [ ],
    "resourceId" : "sid-E0E62D04-49A2-4300-A209-5D5333DE5C04",
    "labels" : [ ],
    "layers" : [ ],
    "childShapes" : [ ],
    "properties" : {
      "id" : "",
      "title" : "E",
      "communicationtype" : "Default",
      "communicationchannel" : "",
      "guard" : "",
      "oform" : "",
      "omodel" : "",
      "firetype" : "Automatic",
      "href" : ""
    },
    "stencil" : {
      "id" : "Transition"
    },
    "outgoing" : [ {
      "resourceId" : "sid-7C45748D-6FEE-41D8-BBDC-9B183FCC8534"
    } ],
    "formats" : {
    },
    "glossaryLinks" : {
    }
  }, {
    "bounds" : {
      "lowerRight" : {
        "y" : 193.6054524093701,
        "x" : 449.88997027779646
      },
      "upperLeft" : {
        "y" : 149.0820475906299,
        "x" : 387.68815472220354
      }
    },
    "dockers" : [ {
      "y" : 15,
      "x" : 15
    }, {
      "y" : 20,
      "x" : 20
    } ],
    "resourceId" : "sid-9CE96645-AA87-4C9B-A073-4136B48248AD",
    "labels" : [ ],
    "layers" : [ ],
    "target" : {
      "resourceId" : "sid-E0E62D04-49A2-4300-A209-5D5333DE5C04"
    },
    "childShapes" : [ ],
    "properties" : {
      "id" : "",
      "label" : "",
      "transformation" : ""
    },
    "stencil" : {
      "id" : "Arc"
    },
    "outgoing" : [ {
      "resourceId" : "sid-E0E62D04-49A2-4300-A209-5D5333DE5C04"
    } ],
    "formats" : {
    },
    "glossaryLinks" : {
    }
  }, {
    "bounds" : {
      "lowerRight" : {
        "y" : 131.96600700861202,
        "x" : 449.85763609696903
      },
      "upperLeft" : {
        "y" : 92.72149299138798,
        "x" : 387.72048890303097
      }
    },
    "dockers" : [ {
      "y" : 15,
      "x" : 15
    }, {
      "y" : 20,
      "x" : 20
    } ],
    "resourceId" : "sid-8BE816A7-16ED-403A-9925-00D3D226F0BE",
    "labels" : [ ],
    "layers" : [ ],
    "target" : {
      "resourceId" : "sid-8B3AA7C8-5989-4515-8566-E3740A10008E"
    },
    "childShapes" : [ ],
    "properties" : {
      "id" : "",
      "label" : "",
      "transformation" : ""
    },
    "stencil" : {
      "id" : "Arc"
    },
    "outgoing" : [ {
      "resourceId" : "sid-8B3AA7C8-5989-4515-8566-E3740A10008E"
    } ],
    "formats" : {
    },
    "glossaryLinks" : {
    }
  }, {
    "bounds" : {
      "lowerRight" : {
        "y" : 131.96600700861202,
        "x" : 449.85763609696903
      },
      "upperLeft" : {
        "y" : 92.72149299138798,
        "x" : 387.72048890303097
      }
    },
    "dockers" : [ {
      "y" : 20,
      "x" : 20
    }, {
      "y" : 15,
      "x" : 15
    } ],
    "resourceId" : "sid-CB0411AE-6532-4D5E-9AD6-4497AF1934C6",
    "labels" : [ ],
    "layers" : [ ],
    "target" : {
      "resourceId" : "sid-0EE4588D-4DC9-4024-A09B-8F5DA3356A78"
    },
    "childShapes" : [ ],
    "properties" : {
      "id" : "",
      "label" : "",
      "transformation" : ""
    },
    "stencil" : {
      "id" : "Arc"
    },
    "outgoing" : [ {
      "resourceId" : "sid-0EE4588D-4DC9-4024-A09B-8F5DA3356A78"
    } ],
    "formats" : {
    },
    "glossaryLinks" : {
    }
  }, {
    "bounds" : {
      "lowerRight" : {
        "y" : 224,
        "x" : 601
      },
      "upperLeft" : {
        "y" : 194,
        "x" : 571
      }
    },
    "dockers" : [ ],
    "resourceId" : "sid-644795EB-26F3-4709-B1F1-CB1DC2B0EBEA",
    "labels" : [ ],
    "layers" : [ ],
    "childShapes" : [ ],
    "properties" : {
      "exttype" : "Push",
      "id" : "",
      "title" : "",
      "external" : "false",
      "locatortypes" : "",
      "locatornames" : "",
      "numberoftokens_drawing" : "0",
      "numberoftokens_text" : "",
      "numberOfTokens" : "0",
      "locatorexpr" : "",
      "href" : ""
    },
    "stencil" : {
      "id" : "Place"
    },
    "outgoing" : [ {
      "resourceId" : "sid-BB589135-9478-4AD9-8728-7280FC8B8F9A"
    } ],
    "formats" : {
    },
    "glossaryLinks" : {
    }
  }, {
    "bounds" : {
      "lowerRight" : {
        "y" : 208.8663796306558,
        "x" : 570.5000371560741
      },
      "upperLeft" : {
        "y" : 208.1804953693442,
        "x" : 490.9374628439259
      }
    },
    "dockers" : [ {
      "y" : 20,
      "x" : 20
    }, {
      "y" : 15,
      "x" : 15
    } ],
    "resourceId" : "sid-7C45748D-6FEE-41D8-BBDC-9B183FCC8534",
    "labels" : [ ],
    "layers" : [ ],
    "target" : {
      "resourceId" : "sid-644795EB-26F3-4709-B1F1-CB1DC2B0EBEA"
    },
    "childShapes" : [ ],
    "properties" : {
      "id" : "",
      "label" : "",
      "transformation" : ""
    },
    "stencil" : {
      "id" : "Arc"
    },
    "outgoing" : [ {
      "resourceId" : "sid-644795EB-26F3-4709-B1F1-CB1DC2B0EBEA"
    } ],
    "formats" : {
    },
    "glossaryLinks" : {
    }
  }, {
    "bounds" : {
      "lowerRight" : {
        "y" : 475,
        "x" : 491
      },
      "upperLeft" : {
        "y" : 435,
        "x" : 451
      }
    },
    "dockers" : [ ],
    "resourceId" : "sid-EE1F4AAD-6DDD-43A0-BD35-2E4F246DFB9C",
    "labels" : [ ],
    "layers" : [ ],
    "childShapes" : [ ],
    "properties" : {
      "id" : "",
      "title" : "F",
      "communicationtype" : "Default",
      "communicationchannel" : "",
      "guard" : "",
      "oform" : "",
      "omodel" : "",
      "firetype" : "Automatic",
      "href" : ""
    },
    "stencil" : {
      "id" : "Transition"
    },
    "outgoing" : [ {
      "resourceId" : "sid-CD7AC048-0E7A-4D5E-8B3B-60C63264D9A6"
    }, {
      "resourceId" : "sid-EB69AD94-AE57-46C3-9798-7719B7CE6303"
    } ],
    "formats" : {
    },
    "glossaryLinks" : {
    }
  }, {
    "bounds" : {
      "lowerRight" : {
        "y" : 439.1499809580277,
        "x" : 450.71197562627543
      },
      "upperLeft" : {
        "y" : 389.4047065419723,
        "x" : 387.03802437372457
      }
    },
    "dockers" : [ {
      "y" : 15,
      "x" : 15
    }, {
      "y" : 20,
      "x" : 20
    } ],
    "resourceId" : "sid-D091676A-4EB5-4997-9382-B02C1E67F349",
    "labels" : [ ],
    "layers" : [ ],
    "target" : {
      "resourceId" : "sid-EE1F4AAD-6DDD-43A0-BD35-2E4F246DFB9C"
    },
    "childShapes" : [ ],
    "properties" : {
      "id" : "",
      "label" : "",
      "transformation" : ""
    },
    "stencil" : {
      "id" : "Arc"
    },
    "outgoing" : [ {
      "resourceId" : "sid-EE1F4AAD-6DDD-43A0-BD35-2E4F246DFB9C"
    } ],
    "formats" : {
    },
    "glossaryLinks" : {
    }
  }, {
    "bounds" : {
      "lowerRight" : {
        "y" : 395,
        "x" : 600
      },
      "upperLeft" : {
        "y" : 365,
        "x" : 570
      }
    },
    "dockers" : [ ],
    "resourceId" : "sid-99E5BD34-1CB4-4A35-B08B-65001F84C14A",
    "labels" : [ ],
    "layers" : [ ],
    "childShapes" : [ ],
    "properties" : {
      "exttype" : "Push",
      "id" : "",
      "title" : "",
      "external" : "false",
      "locatortypes" : "",
      "locatornames" : "",
      "numberoftokens_drawing" : "0",
      "numberoftokens_text" : "",
      "numberOfTokens" : "0",
      "locatorexpr" : "",
      "href" : ""
    },
    "stencil" : {
      "id" : "Place"
    },
    "outgoing" : [ {
      "resourceId" : "sid-60A24371-3A22-4937-919F-CBBE8D68474C"
    } ],
    "formats" : {
    },
    "glossaryLinks" : {
    }
  }, {
    "bounds" : {
      "lowerRight" : {
        "y" : 555,
        "x" : 600
      },
      "upperLeft" : {
        "y" : 525,
        "x" : 570
      }
    },
    "dockers" : [ ],
    "resourceId" : "sid-DE0876CE-3C47-40DC-9B37-80D15B50BD3D",
    "labels" : [ ],
    "layers" : [ ],
    "childShapes" : [ ],
    "properties" : {
      "exttype" : "Push",
      "id" : "",
      "title" : "",
      "external" : "false",
      "locatortypes" : "",
      "locatornames" : "",
      "numberoftokens_drawing" : "0",
      "numberoftokens_text" : "",
      "numberOfTokens" : "0",
      "locatorexpr" : "",
      "href" : ""
    },
    "stencil" : {
      "id" : "Place"
    },
    "outgoing" : [ {
      "resourceId" : "sid-B8EAAFAE-C750-4D4B-A03E-4C3426652721"
    } ],
    "formats" : {
    },
    "glossaryLinks" : {
    }
  }, {
    "bounds" : {
      "lowerRight" : {
        "y" : 530.769440216489,
        "x" : 572.6201904079969
      },
      "upperLeft" : {
        "y" : 470.20712228351107,
        "x" : 491.3954345920031
      }
    },
    "dockers" : [ {
      "y" : 20,
      "x" : 20
    }, {
      "y" : 15,
      "x" : 15
    } ],
    "resourceId" : "sid-CD7AC048-0E7A-4D5E-8B3B-60C63264D9A6",
    "labels" : [ ],
    "layers" : [ ],
    "target" : {
      "resourceId" : "sid-DE0876CE-3C47-40DC-9B37-80D15B50BD3D"
    },
    "childShapes" : [ ],
    "properties" : {
      "id" : "",
      "label" : "",
      "transformation" : ""
    },
    "stencil" : {
      "id" : "Arc"
    },
    "outgoing" : [ {
      "resourceId" : "sid-DE0876CE-3C47-40DC-9B37-80D15B50BD3D"
    } ],
    "formats" : {
    },
    "glossaryLinks" : {
    }
  }, {
    "bounds" : {
      "lowerRight" : {
        "y" : 441.5597584985237,
        "x" : 571.6958329177561
      },
      "upperLeft" : {
        "y" : 388.7527415014763,
        "x" : 491.42916708224396
      }
    },
    "dockers" : [ {
      "y" : 20,
      "x" : 20
    }, {
      "y" : 15,
      "x" : 15
    } ],
    "resourceId" : "sid-EB69AD94-AE57-46C3-9798-7719B7CE6303",
    "labels" : [ ],
    "layers" : [ ],
    "target" : {
      "resourceId" : "sid-99E5BD34-1CB4-4A35-B08B-65001F84C14A"
    },
    "childShapes" : [ ],
    "properties" : {
      "id" : "",
      "label" : "",
      "transformation" : ""
    },
    "stencil" : {
      "id" : "Arc"
    },
    "outgoing" : [ {
      "resourceId" : "sid-99E5BD34-1CB4-4A35-B08B-65001F84C14A"
    } ],
    "formats" : {
    },
    "glossaryLinks" : {
    }
  }, {
    "bounds" : {
      "lowerRight" : {
        "y" : 227,
        "x" : 715
      },
      "upperLeft" : {
        "y" : 187,
        "x" : 675
      }
    },
    "dockers" : [ ],
    "resourceId" : "sid-0B66F23F-B3B7-4AEE-BEAB-D839E734CF91",
    "labels" : [ ],
    "layers" : [ ],
    "childShapes" : [ ],
    "properties" : {
      "id" : "",
      "title" : "G",
      "communicationtype" : "Default",
      "communicationchannel" : "",
      "guard" : "",
      "oform" : "",
      "omodel" : "",
      "firetype" : "Automatic",
      "href" : ""
    },
    "stencil" : {
      "id" : "Transition"
    },
    "outgoing" : [ {
      "resourceId" : "sid-4BD46664-825D-4EC8-9A6B-B6211CBEACBF"
    }, {
      "resourceId" : "sid-82B7D3E3-BBFF-4818-BF69-0D4C62F482D1"
    } ],
    "formats" : {
    },
    "glossaryLinks" : {
    }
  }, {
    "bounds" : {
      "lowerRight" : {
        "y" : 208.716029464101,
        "x" : 674.4142307935051
      },
      "upperLeft" : {
        "y" : 207.377720535899,
        "x" : 601.4763942064949
      }
    },
    "dockers" : [ {
      "y" : 15,
      "x" : 15
    }, {
      "y" : 20,
      "x" : 20
    } ],
    "resourceId" : "sid-BB589135-9478-4AD9-8728-7280FC8B8F9A",
    "labels" : [ ],
    "layers" : [ ],
    "target" : {
      "resourceId" : "sid-0B66F23F-B3B7-4AEE-BEAB-D839E734CF91"
    },
    "childShapes" : [ ],
    "properties" : {
      "id" : "",
      "label" : "",
      "transformation" : ""
    },
    "stencil" : {
      "id" : "Arc"
    },
    "outgoing" : [ {
      "resourceId" : "sid-0B66F23F-B3B7-4AEE-BEAB-D839E734CF91"
    } ],
    "formats" : {
    },
    "glossaryLinks" : {
    }
  }, {
    "bounds" : {
      "lowerRight" : {
        "y" : 155,
        "x" : 810
      },
      "upperLeft" : {
        "y" : 125,
        "x" : 780
      }
    },
    "dockers" : [ ],
    "resourceId" : "sid-F4530A57-4988-48B3-A128-F4F7F5D3980C",
    "labels" : [ ],
    "layers" : [ ],
    "childShapes" : [ ],
    "properties" : {
      "exttype" : "Push",
      "id" : "",
      "title" : "",
      "external" : "false",
      "locatortypes" : "",
      "locatornames" : "",
      "numberoftokens_drawing" : "0",
      "numberoftokens_text" : "",
      "numberOfTokens" : "0",
      "locatorexpr" : "",
      "href" : ""
    },
    "stencil" : {
      "id" : "Place"
    },
    "outgoing" : [ {
      "resourceId" : "sid-0B30851D-DD20-458F-A886-B53E562336E6"
    } ],
    "formats" : {
    },
    "glossaryLinks" : {
    }
  }, {
    "bounds" : {
      "lowerRight" : {
        "y" : 300,
        "x" : 810
      },
      "upperLeft" : {
        "y" : 270,
        "x" : 780
      }
    },
    "dockers" : [ ],
    "resourceId" : "sid-1DA16B1F-FB06-42A2-9508-BD139E4E06D5",
    "labels" : [ ],
    "layers" : [ ],
    "childShapes" : [ ],
    "properties" : {
      "exttype" : "Push",
      "id" : "",
      "title" : "",
      "external" : "false",
      "locatortypes" : "",
      "locatornames" : "",
      "numberoftokens_drawing" : "0",
      "numberoftokens_text" : "",
      "numberOfTokens" : "0",
      "locatorexpr" : "",
      "href" : ""
    },
    "stencil" : {
      "id" : "Place"
    },
    "outgoing" : [ {
      "resourceId" : "sid-F8CE82E8-3EEC-48EF-A4AE-7A3D9735B58B"
    } ],
    "formats" : {
    },
    "glossaryLinks" : {
    }
  }, {
    "bounds" : {
      "lowerRight" : {
        "y" : 275.24434320130615,
        "x" : 782.4927476939822
      },
      "upperLeft" : {
        "y" : 222.84940679869388,
        "x" : 715.3197523060178
      }
    },
    "dockers" : [ {
      "y" : 20,
      "x" : 20
    }, {
      "y" : 15,
      "x" : 15
    } ],
    "resourceId" : "sid-4BD46664-825D-4EC8-9A6B-B6211CBEACBF",
    "labels" : [ ],
    "layers" : [ ],
    "target" : {
      "resourceId" : "sid-1DA16B1F-FB06-42A2-9508-BD139E4E06D5"
    },
    "childShapes" : [ ],
    "properties" : {
      "id" : "",
      "label" : "",
      "transformation" : ""
    },
    "stencil" : {
      "id" : "Arc"
    },
    "outgoing" : [ {
      "resourceId" : "sid-1DA16B1F-FB06-42A2-9508-BD139E4E06D5"
    } ],
    "formats" : {
    },
    "glossaryLinks" : {
    }
  }, {
    "bounds" : {
      "lowerRight" : {
        "y" : 193.35744661475945,
        "x" : 782.4504800220291
      },
      "upperLeft" : {
        "y" : 148.40817838524055,
        "x" : 715.3620199779709
      }
    },
    "dockers" : [ {
      "y" : 20,
      "x" : 20
    }, {
      "y" : 15,
      "x" : 15
    } ],
    "resourceId" : "sid-82B7D3E3-BBFF-4818-BF69-0D4C62F482D1",
    "labels" : [ ],
    "layers" : [ ],
    "target" : {
      "resourceId" : "sid-F4530A57-4988-48B3-A128-F4F7F5D3980C"
    },
    "childShapes" : [ ],
    "properties" : {
      "id" : "",
      "label" : "",
      "transformation" : ""
    },
    "stencil" : {
      "id" : "Arc"
    },
    "outgoing" : [ {
      "resourceId" : "sid-F4530A57-4988-48B3-A128-F4F7F5D3980C"
    } ],
    "formats" : {
    },
    "glossaryLinks" : {
    }
  }, {
    "bounds" : {
      "lowerRight" : {
        "y" : 400,
        "x" : 715
      },
      "upperLeft" : {
        "y" : 360,
        "x" : 675
      }
    },
    "dockers" : [ ],
    "resourceId" : "sid-5573A62C-EB80-4960-A947-802ECBDCDE94",
    "labels" : [ ],
    "layers" : [ ],
    "childShapes" : [ ],
    "properties" : {
      "id" : "",
      "title" : "H",
      "communicationtype" : "Default",
      "communicationchannel" : "",
      "guard" : "",
      "oform" : "",
      "omodel" : "",
      "firetype" : "Automatic",
      "href" : ""
    },
    "stencil" : {
      "id" : "Transition"
    },
    "outgoing" : [ {
      "resourceId" : "sid-FCEFEF01-6B94-450F-A39D-3BF375183C23"
    } ],
    "formats" : {
    },
    "glossaryLinks" : {
    }
  }, {
    "bounds" : {
      "lowerRight" : {
        "y" : 380,
        "x" : 674.234375
      },
      "upperLeft" : {
        "y" : 380,
        "x" : 600.609375
      }
    },
    "dockers" : [ {
      "y" : 15,
      "x" : 15
    }, {
      "y" : 20,
      "x" : 20
    } ],
    "resourceId" : "sid-60A24371-3A22-4937-919F-CBBE8D68474C",
    "labels" : [ ],
    "layers" : [ ],
    "target" : {
      "resourceId" : "sid-5573A62C-EB80-4960-A947-802ECBDCDE94"
    },
    "childShapes" : [ ],
    "properties" : {
      "id" : "",
      "label" : "",
      "transformation" : ""
    },
    "stencil" : {
      "id" : "Arc"
    },
    "outgoing" : [ {
      "resourceId" : "sid-5573A62C-EB80-4960-A947-802ECBDCDE94"
    } ],
    "formats" : {
    },
    "glossaryLinks" : {
    }
  }, {
    "bounds" : {
      "lowerRight" : {
        "y" : 560,
        "x" : 716
      },
      "upperLeft" : {
        "y" : 520,
        "x" : 676
      }
    },
    "dockers" : [ ],
    "resourceId" : "sid-259CA2AC-632D-4314-B75F-1AC103B51F1B",
    "labels" : [ ],
    "layers" : [ ],
    "childShapes" : [ ],
    "properties" : {
      "id" : "",
      "title" : "I",
      "communicationtype" : "Default",
      "communicationchannel" : "",
      "guard" : "",
      "oform" : "",
      "omodel" : "",
      "firetype" : "Automatic",
      "href" : ""
    },
    "stencil" : {
      "id" : "Transition"
    },
    "outgoing" : [ {
      "resourceId" : "sid-DB2B28AE-1D04-435B-8324-2FB6E57B0413"
    } ],
    "formats" : {
    },
    "glossaryLinks" : {
    }
  }, {
    "bounds" : {
      "lowerRight" : {
        "y" : 540,
        "x" : 675.921875
      },
      "upperLeft" : {
        "y" : 540,
        "x" : 600.7421875
      }
    },
    "dockers" : [ {
      "y" : 15,
      "x" : 15
    }, {
      "y" : 20,
      "x" : 20
    } ],
    "resourceId" : "sid-B8EAAFAE-C750-4D4B-A03E-4C3426652721",
    "labels" : [ ],
    "layers" : [ ],
    "target" : {
      "resourceId" : "sid-259CA2AC-632D-4314-B75F-1AC103B51F1B"
    },
    "childShapes" : [ ],
    "properties" : {
      "id" : "",
      "label" : "",
      "transformation" : ""
    },
    "stencil" : {
      "id" : "Arc"
    },
    "outgoing" : [ {
      "resourceId" : "sid-259CA2AC-632D-4314-B75F-1AC103B51F1B"
    } ],
    "formats" : {
    },
    "glossaryLinks" : {
    }
  }, {
    "bounds" : {
      "lowerRight" : {
        "y" : 555,
        "x" : 810
      },
      "upperLeft" : {
        "y" : 525,
        "x" : 780
      }
    },
    "dockers" : [ ],
    "resourceId" : "sid-7CE99541-A53D-4FCA-9254-9ADB9521A11F",
    "labels" : [ ],
    "layers" : [ ],
    "childShapes" : [ ],
    "properties" : {
      "exttype" : "Push",
      "id" : "",
      "title" : "",
      "external" : "false",
      "locatortypes" : "",
      "locatornames" : "",
      "numberoftokens_drawing" : "0",
      "numberoftokens_text" : "",
      "numberOfTokens" : "0",
      "locatorexpr" : "",
      "href" : ""
    },
    "stencil" : {
      "id" : "Place"
    },
    "outgoing" : [ {
      "resourceId" : "sid-97FDFBA7-8B46-4679-92E8-BD5C741D9655"
    } ],
    "formats" : {
    },
    "glossaryLinks" : {
    }
  }, {
    "bounds" : {
      "lowerRight" : {
        "y" : 540,
        "x" : 779.3046875
      },
      "upperLeft" : {
        "y" : 540,
        "x" : 716.3359375
      }
    },
    "dockers" : [ {
      "y" : 20,
      "x" : 20
    }, {
      "y" : 15,
      "x" : 15
    } ],
    "resourceId" : "sid-DB2B28AE-1D04-435B-8324-2FB6E57B0413",
    "labels" : [ ],
    "layers" : [ ],
    "target" : {
      "resourceId" : "sid-7CE99541-A53D-4FCA-9254-9ADB9521A11F"
    },
    "childShapes" : [ ],
    "properties" : {
      "id" : "",
      "label" : "",
      "transformation" : ""
    },
    "stencil" : {
      "id" : "Arc"
    },
    "outgoing" : [ {
      "resourceId" : "sid-7CE99541-A53D-4FCA-9254-9ADB9521A11F"
    } ],
    "formats" : {
    },
    "glossaryLinks" : {
    }
  }, {
    "bounds" : {
      "lowerRight" : {
        "y" : 306,
        "x" : 925
      },
      "upperLeft" : {
        "y" : 266,
        "x" : 885
      }
    },
    "dockers" : [ ],
    "resourceId" : "sid-81B524B1-8D85-4946-92EE-FE7AFAC28063",
    "labels" : [ ],
    "layers" : [ ],
    "childShapes" : [ ],
    "properties" : {
      "id" : "",
      "title" : "J",
      "communicationtype" : "Default",
      "communicationchannel" : "",
      "guard" : "",
      "oform" : "",
      "omodel" : "",
      "firetype" : "Automatic",
      "href" : ""
    },
    "stencil" : {
      "id" : "Transition"
    },
    "outgoing" : [ {
      "resourceId" : "sid-FE69C790-9C1C-4497-82CD-FDD368439D38"
    } ],
    "formats" : {
    },
    "glossaryLinks" : {
    }
  }, {
    "bounds" : {
      "lowerRight" : {
        "y" : 285.8112219665432,
        "x" : 884.2344163197529
      },
      "upperLeft" : {
        "y" : 285.1419030334568,
        "x" : 810.6093336802471
      }
    },
    "dockers" : [ {
      "y" : 15,
      "x" : 15
    }, {
      "y" : 20,
      "x" : 20
    } ],
    "resourceId" : "sid-F8CE82E8-3EEC-48EF-A4AE-7A3D9735B58B",
    "labels" : [ ],
    "layers" : [ ],
    "target" : {
      "resourceId" : "sid-81B524B1-8D85-4946-92EE-FE7AFAC28063"
    },
    "childShapes" : [ ],
    "properties" : {
      "id" : "",
      "label" : "",
      "transformation" : ""
    },
    "stencil" : {
      "id" : "Arc"
    },
    "outgoing" : [ {
      "resourceId" : "sid-81B524B1-8D85-4946-92EE-FE7AFAC28063"
    } ],
    "formats" : {
    },
    "glossaryLinks" : {
    }
  }, {
    "bounds" : {
      "lowerRight" : {
        "y" : 490,
        "x" : 925
      },
      "upperLeft" : {
        "y" : 450,
        "x" : 885
      }
    },
    "dockers" : [ ],
    "resourceId" : "sid-1450078E-689E-476D-B0BF-CA65ACB9785F",
    "labels" : [ ],
    "layers" : [ ],
    "childShapes" : [ ],
    "properties" : {
      "id" : "",
      "title" : "K",
      "communicationtype" : "Default",
      "communicationchannel" : "",
      "guard" : "",
      "oform" : "",
      "omodel" : "",
      "firetype" : "Automatic",
      "href" : ""
    },
    "stencil" : {
      "id" : "Transition"
    },
    "outgoing" : [ {
      "resourceId" : "sid-9F6C5015-D713-4CAC-85BC-22962452BA2F"
    } ],
    "formats" : {
    },
    "glossaryLinks" : {
    }
  }, {
    "bounds" : {
      "lowerRight" : {
        "y" : 531.8068745078068,
        "x" : 884.3907135122679
      },
      "upperLeft" : {
        "y" : 483.11500049219313,
        "x" : 807.8749114877321
      }
    },
    "dockers" : [ {
      "y" : 15,
      "x" : 15
    }, {
      "y" : 20,
      "x" : 20
    } ],
    "resourceId" : "sid-97FDFBA7-8B46-4679-92E8-BD5C741D9655",
    "labels" : [ ],
    "layers" : [ ],
    "target" : {
      "resourceId" : "sid-1450078E-689E-476D-B0BF-CA65ACB9785F"
    },
    "childShapes" : [ ],
    "properties" : {
      "id" : "",
      "label" : "",
      "transformation" : ""
    },
    "stencil" : {
      "id" : "Arc"
    },
    "outgoing" : [ {
      "resourceId" : "sid-1450078E-689E-476D-B0BF-CA65ACB9785F"
    } ],
    "formats" : {
    },
    "glossaryLinks" : {
    }
  }, {
    "bounds" : {
      "lowerRight" : {
        "y" : 395,
        "x" : 1000
      },
      "upperLeft" : {
        "y" : 365,
        "x" : 970
      }
    },
    "dockers" : [ ],
    "resourceId" : "sid-4BC59CB3-2B3F-463A-BDAF-2969D14E2715",
    "labels" : [ ],
    "layers" : [ ],
    "childShapes" : [ ],
    "properties" : {
      "exttype" : "Push",
      "id" : "",
      "title" : "",
      "external" : "false",
      "locatortypes" : "",
      "locatornames" : "",
      "numberoftokens_drawing" : "0",
      "numberoftokens_text" : "",
      "numberOfTokens" : "0",
      "locatorexpr" : "",
      "href" : ""
    },
    "stencil" : {
      "id" : "Place"
    },
    "outgoing" : [ {
      "resourceId" : "sid-7F399AAF-44A9-442B-873B-B8A020F5AE32"
    } ],
    "formats" : {
    },
    "glossaryLinks" : {
    }
  }, {
    "bounds" : {
      "lowerRight" : {
        "y" : 449.56509068131635,
        "x" : 974.9606361611701
      },
      "upperLeft" : {
        "y" : 391.29428431868365,
        "x" : 923.1643638388299
      }
    },
    "dockers" : [ {
      "y" : 20,
      "x" : 20
    }, {
      "y" : 15,
      "x" : 15
    } ],
    "resourceId" : "sid-9F6C5015-D713-4CAC-85BC-22962452BA2F",
    "labels" : [ ],
    "layers" : [ ],
    "target" : {
      "resourceId" : "sid-4BC59CB3-2B3F-463A-BDAF-2969D14E2715"
    },
    "childShapes" : [ ],
    "properties" : {
      "id" : "",
      "label" : "",
      "transformation" : ""
    },
    "stencil" : {
      "id" : "Arc"
    },
    "outgoing" : [ {
      "resourceId" : "sid-4BC59CB3-2B3F-463A-BDAF-2969D14E2715"
    } ],
    "formats" : {
    },
    "glossaryLinks" : {
    }
  }, {
    "bounds" : {
      "lowerRight" : {
        "y" : 368.2228356103042,
        "x" : 974.9768813704717
      },
      "upperLeft" : {
        "y" : 306.5896643896958,
        "x" : 922.5231186295283
      }
    },
    "dockers" : [ {
      "y" : 20,
      "x" : 20
    }, {
      "y" : 15,
      "x" : 15
    } ],
    "resourceId" : "sid-FE69C790-9C1C-4497-82CD-FDD368439D38",
    "labels" : [ ],
    "layers" : [ ],
    "target" : {
      "resourceId" : "sid-4BC59CB3-2B3F-463A-BDAF-2969D14E2715"
    },
    "childShapes" : [ ],
    "properties" : {
      "id" : "",
      "label" : "",
      "transformation" : ""
    },
    "stencil" : {
      "id" : "Arc"
    },
    "outgoing" : [ {
      "resourceId" : "sid-4BC59CB3-2B3F-463A-BDAF-2969D14E2715"
    } ],
    "formats" : {
    },
    "glossaryLinks" : {
    }
  }, {
    "bounds" : {
      "lowerRight" : {
        "y" : 305,
        "x" : 1105
      },
      "upperLeft" : {
        "y" : 265,
        "x" : 1065
      }
    },
    "dockers" : [ ],
    "resourceId" : "sid-054E061F-D868-4FD1-8F49-D4A3C4E1C4FF",
    "labels" : [ ],
    "layers" : [ ],
    "childShapes" : [ ],
    "properties" : {
      "id" : "",
      "title" : "L",
      "communicationtype" : "Default",
      "communicationchannel" : "",
      "guard" : "",
      "oform" : "",
      "omodel" : "",
      "firetype" : "Automatic",
      "href" : ""
    },
    "stencil" : {
      "id" : "Transition"
    },
    "outgoing" : [ {
      "resourceId" : "sid-F0F92A22-3EEC-4C32-8686-5373F90C6C75"
    } ],
    "formats" : {
    },
    "glossaryLinks" : {
    }
  }, {
    "bounds" : {
      "lowerRight" : {
        "y" : 369.6628130380853,
        "x" : 1064.7437505664057
      },
      "upperLeft" : {
        "y" : 304.2434369619147,
        "x" : 995.8812494335945
      }
    },
    "dockers" : [ {
      "y" : 15,
      "x" : 15
    }, {
      "y" : 20,
      "x" : 20
    } ],
    "resourceId" : "sid-7F399AAF-44A9-442B-873B-B8A020F5AE32",
    "labels" : [ ],
    "layers" : [ ],
    "target" : {
      "resourceId" : "sid-054E061F-D868-4FD1-8F49-D4A3C4E1C4FF"
    },
    "childShapes" : [ ],
    "properties" : {
      "id" : "",
      "label" : "",
      "transformation" : ""
    },
    "stencil" : {
      "id" : "Arc"
    },
    "outgoing" : [ {
      "resourceId" : "sid-054E061F-D868-4FD1-8F49-D4A3C4E1C4FF"
    } ],
    "formats" : {
    },
    "glossaryLinks" : {
    }
  }, {
    "bounds" : {
      "lowerRight" : {
        "y" : 395,
        "x" : 810
      },
      "upperLeft" : {
        "y" : 365,
        "x" : 780
      }
    },
    "dockers" : [ ],
    "resourceId" : "sid-81CD6F28-3B55-458C-8C2B-87C463FF6DB7",
    "labels" : [ ],
    "layers" : [ ],
    "childShapes" : [ ],
    "properties" : {
      "exttype" : "Push",
      "id" : "",
      "title" : "",
      "external" : "false",
      "locatortypes" : "",
      "locatornames" : "",
      "numberoftokens_drawing" : "0",
      "numberoftokens_text" : "",
      "numberOfTokens" : "0",
      "locatorexpr" : "",
      "href" : ""
    },
    "stencil" : {
      "id" : "Place"
    },
    "outgoing" : [ {
      "resourceId" : "sid-F6545F4D-EC81-4378-8D03-C506B24F8805"
    } ],
    "formats" : {
    },
    "glossaryLinks" : {
    }
  }, {
    "bounds" : {
      "lowerRight" : {
        "y" : 380,
        "x" : 779.9375
      },
      "upperLeft" : {
        "y" : 380,
        "x" : 715.53125
      }
    },
    "dockers" : [ {
      "y" : 20,
      "x" : 20
    }, {
      "y" : 15,
      "x" : 15
    } ],
    "resourceId" : "sid-FCEFEF01-6B94-450F-A39D-3BF375183C23",
    "labels" : [ ],
    "layers" : [ ],
    "target" : {
      "resourceId" : "sid-81CD6F28-3B55-458C-8C2B-87C463FF6DB7"
    },
    "childShapes" : [ ],
    "properties" : {
      "id" : "",
      "label" : "",
      "transformation" : ""
    },
    "stencil" : {
      "id" : "Arc"
    },
    "outgoing" : [ {
      "resourceId" : "sid-81CD6F28-3B55-458C-8C2B-87C463FF6DB7"
    } ],
    "formats" : {
    },
    "glossaryLinks" : {
    }
  }, {
    "bounds" : {
      "lowerRight" : {
        "y" : 229,
        "x" : 925
      },
      "upperLeft" : {
        "y" : 189,
        "x" : 885
      }
    },
    "dockers" : [ ],
    "resourceId" : "sid-0EC7B53C-086D-4DFF-A6C7-14208B62D96C",
    "labels" : [ ],
    "layers" : [ ],
    "childShapes" : [ ],
    "properties" : {
      "id" : "",
      "title" : "M",
      "communicationtype" : "Default",
      "communicationchannel" : "",
      "guard" : "",
      "oform" : "",
      "omodel" : "",
      "firetype" : "Automatic",
      "href" : ""
    },
    "stencil" : {
      "id" : "Transition"
    },
    "outgoing" : [ {
      "resourceId" : "sid-E82A25CB-A218-4B9E-A300-52DFE57B36D4"
    } ],
    "formats" : {
    },
    "glossaryLinks" : {
    }
  }, {
    "bounds" : {
      "lowerRight" : {
        "y" : 367.13554385968706,
        "x" : 891.9980563571087
      },
      "upperLeft" : {
        "y" : 229.21211239031294,
        "x" : 803.2753811428913
      }
    },
    "dockers" : [ {
      "y" : 15,
      "x" : 15
    }, {
      "y" : 20,
      "x" : 20
    } ],
    "resourceId" : "sid-F6545F4D-EC81-4378-8D03-C506B24F8805",
    "labels" : [ ],
    "layers" : [ ],
    "target" : {
      "resourceId" : "sid-0EC7B53C-086D-4DFF-A6C7-14208B62D96C"
    },
    "childShapes" : [ ],
    "properties" : {
      "id" : "",
      "label" : "",
      "transformation" : ""
    },
    "stencil" : {
      "id" : "Arc"
    },
    "outgoing" : [ {
      "resourceId" : "sid-0EC7B53C-086D-4DFF-A6C7-14208B62D96C"
    } ],
    "formats" : {
    },
    "glossaryLinks" : {
    }
  }, {
    "bounds" : {
      "lowerRight" : {
        "y" : 160,
        "x" : 925
      },
      "upperLeft" : {
        "y" : 120,
        "x" : 885
      }
    },
    "dockers" : [ ],
    "resourceId" : "sid-EB820635-03B1-4B9F-A938-D4EE4F9E2AA9",
    "labels" : [ ],
    "layers" : [ ],
    "childShapes" : [ ],
    "properties" : {
      "id" : "",
      "title" : "N",
      "communicationtype" : "Default",
      "communicationchannel" : "",
      "guard" : "",
      "oform" : "",
      "omodel" : "",
      "firetype" : "Automatic",
      "href" : ""
    },
    "stencil" : {
      "id" : "Transition"
    },
    "outgoing" : [ {
      "resourceId" : "sid-CC64F6C2-3328-42AA-BC9A-8F2F8E38009B"
    } ],
    "formats" : {
    },
    "glossaryLinks" : {
    }
  }, {
    "bounds" : {
      "lowerRight" : {
        "y" : 140,
        "x" : 884.234375
      },
      "upperLeft" : {
        "y" : 140,
        "x" : 810.609375
      }
    },
    "dockers" : [ {
      "y" : 15,
      "x" : 15
    }, {
      "y" : 20,
      "x" : 20
    } ],
    "resourceId" : "sid-0B30851D-DD20-458F-A886-B53E562336E6",
    "labels" : [ ],
    "layers" : [ ],
    "target" : {
      "resourceId" : "sid-EB820635-03B1-4B9F-A938-D4EE4F9E2AA9"
    },
    "childShapes" : [ ],
    "properties" : {
      "id" : "",
      "label" : "",
      "transformation" : ""
    },
    "stencil" : {
      "id" : "Arc"
    },
    "outgoing" : [ {
      "resourceId" : "sid-EB820635-03B1-4B9F-A938-D4EE4F9E2AA9"
    } ],
    "formats" : {
    },
    "glossaryLinks" : {
    }
  }, {
    "bounds" : {
      "lowerRight" : {
        "y" : 155,
        "x" : 1000
      },
      "upperLeft" : {
        "y" : 125,
        "x" : 970
      }
    },
    "dockers" : [ ],
    "resourceId" : "sid-4D403634-A37E-4389-B637-9DA53B84B46A",
    "labels" : [ ],
    "layers" : [ ],
    "childShapes" : [ ],
    "properties" : {
      "exttype" : "Push",
      "id" : "",
      "title" : "",
      "external" : "false",
      "locatortypes" : "",
      "locatornames" : "",
      "numberoftokens_drawing" : "0",
      "numberoftokens_text" : "",
      "numberOfTokens" : "0",
      "locatorexpr" : "",
      "href" : ""
    },
    "stencil" : {
      "id" : "Place"
    },
    "outgoing" : [ {
      "resourceId" : "sid-7DB1C420-71D1-4ABC-9C80-C017C4D99BF3"
    } ],
    "formats" : {
    },
    "glossaryLinks" : {
    }
  }, {
    "bounds" : {
      "lowerRight" : {
        "y" : 191.09687315191596,
        "x" : 972.9927514804823
      },
      "upperLeft" : {
        "y" : 150.35625184808404,
        "x" : 925.7572485195177
      }
    },
    "dockers" : [ {
      "y" : 20,
      "x" : 20
    }, {
      "y" : 15,
      "x" : 15
    } ],
    "resourceId" : "sid-E82A25CB-A218-4B9E-A300-52DFE57B36D4",
    "labels" : [ ],
    "layers" : [ ],
    "target" : {
      "resourceId" : "sid-4D403634-A37E-4389-B637-9DA53B84B46A"
    },
    "childShapes" : [ ],
    "properties" : {
      "id" : "",
      "label" : "",
      "transformation" : ""
    },
    "stencil" : {
      "id" : "Arc"
    },
    "outgoing" : [ {
      "resourceId" : "sid-4D403634-A37E-4389-B637-9DA53B84B46A"
    } ],
    "formats" : {
    },
    "glossaryLinks" : {
    }
  }, {
    "bounds" : {
      "lowerRight" : {
        "y" : 140,
        "x" : 969.625
      },
      "upperLeft" : {
        "y" : 140,
        "x" : 926
      }
    },
    "dockers" : [ {
      "y" : 20,
      "x" : 20
    }, {
      "y" : 15,
      "x" : 15
    } ],
    "resourceId" : "sid-CC64F6C2-3328-42AA-BC9A-8F2F8E38009B",
    "labels" : [ ],
    "layers" : [ ],
    "target" : {
      "resourceId" : "sid-4D403634-A37E-4389-B637-9DA53B84B46A"
    },
    "childShapes" : [ ],
    "properties" : {
      "id" : "",
      "label" : "",
      "transformation" : ""
    },
    "stencil" : {
      "id" : "Arc"
    },
    "outgoing" : [ {
      "resourceId" : "sid-4D403634-A37E-4389-B637-9DA53B84B46A"
    } ],
    "formats" : {
    },
    "glossaryLinks" : {
    }
  }, {
    "bounds" : {
      "lowerRight" : {
        "y" : 160,
        "x" : 1105
      },
      "upperLeft" : {
        "y" : 120,
        "x" : 1065
      }
    },
    "dockers" : [ ],
    "resourceId" : "sid-FAE6CEB9-7DE0-4E08-BC10-D4AE9A46D3EF",
    "labels" : [ ],
    "layers" : [ ],
    "childShapes" : [ ],
    "properties" : {
      "id" : "",
      "title" : "O",
      "communicationtype" : "Default",
      "communicationchannel" : "",
      "guard" : "",
      "oform" : "",
      "omodel" : "",
      "firetype" : "Automatic",
      "href" : ""
    },
    "stencil" : {
      "id" : "Transition"
    },
    "outgoing" : [ {
      "resourceId" : "sid-B7930C60-56AD-4661-8144-64D31E8370C7"
    } ],
    "formats" : {
    },
    "glossaryLinks" : {
    }
  }, {
    "bounds" : {
      "lowerRight" : {
        "y" : 140,
        "x" : 1064.46875
      },
      "upperLeft" : {
        "y" : 140,
        "x" : 1000.0625
      }
    },
    "dockers" : [ {
      "y" : 15,
      "x" : 15
    }, {
      "y" : 20,
      "x" : 20
    } ],
    "resourceId" : "sid-7DB1C420-71D1-4ABC-9C80-C017C4D99BF3",
    "labels" : [ ],
    "layers" : [ ],
    "target" : {
      "resourceId" : "sid-FAE6CEB9-7DE0-4E08-BC10-D4AE9A46D3EF"
    },
    "childShapes" : [ ],
    "properties" : {
      "id" : "",
      "label" : "",
      "transformation" : ""
    },
    "stencil" : {
      "id" : "Arc"
    },
    "outgoing" : [ {
      "resourceId" : "sid-FAE6CEB9-7DE0-4E08-BC10-D4AE9A46D3EF"
    } ],
    "formats" : {
    },
    "glossaryLinks" : {
    }
  }, {
    "bounds" : {
      "lowerRight" : {
        "y" : 155,
        "x" : 1200
      },
      "upperLeft" : {
        "y" : 125,
        "x" : 1170
      }
    },
    "dockers" : [ ],
    "resourceId" : "sid-EC86603C-6928-4DBA-A9D8-AB55F9D700AB",
    "labels" : [ ],
    "layers" : [ ],
    "childShapes" : [ ],
    "properties" : {
      "exttype" : "Push",
      "id" : "",
      "title" : "",
      "external" : "false",
      "locatortypes" : "",
      "locatornames" : "",
      "numberoftokens_drawing" : "0",
      "numberoftokens_text" : "",
      "numberOfTokens" : "0",
      "locatorexpr" : "",
      "href" : ""
    },
    "stencil" : {
      "id" : "Place"
    },
    "outgoing" : [ {
      "resourceId" : "sid-9F369189-3BB9-425C-B0FB-88EA5EB148AF"
    } ],
    "formats" : {
    },
    "glossaryLinks" : {
    }
  }, {
    "bounds" : {
      "lowerRight" : {
        "y" : 140,
        "x" : 1169.9375
      },
      "upperLeft" : {
        "y" : 140,
        "x" : 1105.53125
      }
    },
    "dockers" : [ {
      "y" : 20,
      "x" : 20
    }, {
      "y" : 15,
      "x" : 15
    } ],
    "resourceId" : "sid-B7930C60-56AD-4661-8144-64D31E8370C7",
    "labels" : [ ],
    "layers" : [ ],
    "target" : {
      "resourceId" : "sid-EC86603C-6928-4DBA-A9D8-AB55F9D700AB"
    },
    "childShapes" : [ ],
    "properties" : {
      "id" : "",
      "label" : "",
      "transformation" : ""
    },
    "stencil" : {
      "id" : "Arc"
    },
    "outgoing" : [ {
      "resourceId" : "sid-EC86603C-6928-4DBA-A9D8-AB55F9D700AB"
    } ],
    "formats" : {
    },
    "glossaryLinks" : {
    }
  }, {
    "bounds" : {
      "lowerRight" : {
        "y" : 300,
        "x" : 1200
      },
      "upperLeft" : {
        "y" : 270,
        "x" : 1170
      }
    },
    "dockers" : [ ],
    "resourceId" : "sid-3E6858E7-F3A8-4B04-949E-A11F0267846B",
    "labels" : [ ],
    "layers" : [ ],
    "childShapes" : [ ],
    "properties" : {
      "exttype" : "Push",
      "id" : "",
      "title" : "",
      "external" : "false",
      "locatortypes" : "",
      "locatornames" : "",
      "numberoftokens_drawing" : "0",
      "numberoftokens_text" : "",
      "numberOfTokens" : "0",
      "locatorexpr" : "",
      "href" : ""
    },
    "stencil" : {
      "id" : "Place"
    },
    "outgoing" : [ {
      "resourceId" : "sid-C5877EEB-9DC2-408C-97ED-7EF34874FC8F"
    } ],
    "formats" : {
    },
    "glossaryLinks" : {
    }
  }, {
    "bounds" : {
      "lowerRight" : {
        "y" : 285,
        "x" : 1169.9375
      },
      "upperLeft" : {
        "y" : 285,
        "x" : 1105.53125
      }
    },
    "dockers" : [ {
      "y" : 20,
      "x" : 20
    }, {
      "y" : 15,
      "x" : 15
    } ],
    "resourceId" : "sid-F0F92A22-3EEC-4C32-8686-5373F90C6C75",
    "labels" : [ ],
    "layers" : [ ],
    "target" : {
      "resourceId" : "sid-3E6858E7-F3A8-4B04-949E-A11F0267846B"
    },
    "childShapes" : [ ],
    "properties" : {
      "id" : "",
      "label" : "",
      "transformation" : ""
    },
    "stencil" : {
      "id" : "Arc"
    },
    "outgoing" : [ {
      "resourceId" : "sid-3E6858E7-F3A8-4B04-949E-A11F0267846B"
    } ],
    "formats" : {
    },
    "glossaryLinks" : {
    }
  }, {
    "bounds" : {
      "lowerRight" : {
        "y" : 229,
        "x" : 1300
      },
      "upperLeft" : {
        "y" : 189,
        "x" : 1260
      }
    },
    "dockers" : [ ],
    "resourceId" : "sid-05E141E2-6A7A-4BDF-A421-F8BAB5B42D16",
    "labels" : [ ],
    "layers" : [ ],
    "childShapes" : [ ],
    "properties" : {
      "id" : "",
      "title" : "P",
      "communicationtype" : "Default",
      "communicationchannel" : "",
      "guard" : "",
      "oform" : "",
      "omodel" : "",
      "firetype" : "Automatic",
      "href" : ""
    },
    "stencil" : {
      "id" : "Transition"
    },
    "outgoing" : [ {
      "resourceId" : "sid-A9014F54-141D-44DB-AD53-FC31ED857624"
    } ],
    "formats" : {
    },
    "glossaryLinks" : {
    }
  }, {
    "bounds" : {
      "lowerRight" : {
        "y" : 275.46905495244556,
        "x" : 1259.922256190557
      },
      "upperLeft" : {
        "y" : 225.0621950475544,
        "x" : 1196.913681309443
      }
    },
    "dockers" : [ {
      "y" : 15,
      "x" : 15
    }, {
      "y" : 20,
      "x" : 20
    } ],
    "resourceId" : "sid-C5877EEB-9DC2-408C-97ED-7EF34874FC8F",
    "labels" : [ ],
    "layers" : [ ],
    "target" : {
      "resourceId" : "sid-05E141E2-6A7A-4BDF-A421-F8BAB5B42D16"
    },
    "childShapes" : [ ],
    "properties" : {
      "id" : "",
      "label" : "",
      "transformation" : ""
    },
    "stencil" : {
      "id" : "Arc"
    },
    "outgoing" : [ {
      "resourceId" : "sid-05E141E2-6A7A-4BDF-A421-F8BAB5B42D16"
    } ],
    "formats" : {
    },
    "glossaryLinks" : {
    }
  }, {
    "bounds" : {
      "lowerRight" : {
        "y" : 194.39670982710555,
        "x" : 1259.8940207764497
      },
      "upperLeft" : {
        "y" : 149.21266517289445,
        "x" : 1197.6841042235503
      }
    },
    "dockers" : [ {
      "y" : 15,
      "x" : 15
    }, {
      "y" : 20,
      "x" : 20
    } ],
    "resourceId" : "sid-9F369189-3BB9-425C-B0FB-88EA5EB148AF",
    "labels" : [ ],
    "layers" : [ ],
    "target" : {
      "resourceId" : "sid-05E141E2-6A7A-4BDF-A421-F8BAB5B42D16"
    },
    "childShapes" : [ ],
    "properties" : {
      "id" : "",
      "label" : "",
      "transformation" : ""
    },
    "stencil" : {
      "id" : "Arc"
    },
    "outgoing" : [ {
      "resourceId" : "sid-05E141E2-6A7A-4BDF-A421-F8BAB5B42D16"
    } ],
    "formats" : {
    },
    "glossaryLinks" : {
    }
  }, {
    "bounds" : {
      "lowerRight" : {
        "y" : 224,
        "x" : 1395
      },
      "upperLeft" : {
        "y" : 194,
        "x" : 1365
      }
    },
    "dockers" : [ ],
    "resourceId" : "sid-59B099E6-5A4A-4979-B5F8-7337257DD56D",
    "labels" : [ ],
    "layers" : [ ],
    "childShapes" : [ ],
    "properties" : {
      "exttype" : "Push",
      "id" : "",
      "title" : "Q",
      "external" : "false",
      "locatortypes" : "",
      "locatornames" : "",
      "numberoftokens_drawing" : "0",
      "numberoftokens_text" : "",
      "numberOfTokens" : "0",
      "locatorexpr" : "",
      "href" : ""
    },
    "stencil" : {
      "id" : "Place"
    },
    "outgoing" : [ ],
    "formats" : {
    },
    "glossaryLinks" : {
    }
  }, {
    "bounds" : {
      "lowerRight" : {
        "y" : 209,
        "x" : 1364.9375
      },
      "upperLeft" : {
        "y" : 209,
        "x" : 1300.53125
      }
    },
    "dockers" : [ {
      "y" : 20,
      "x" : 20
    }, {
      "y" : 15,
      "x" : 15
    } ],
    "resourceId" : "sid-A9014F54-141D-44DB-AD53-FC31ED857624",
    "labels" : [ ],
    "layers" : [ ],
    "target" : {
      "resourceId" : "sid-59B099E6-5A4A-4979-B5F8-7337257DD56D"
    },
    "childShapes" : [ ],
    "properties" : {
      "id" : "",
      "label" : "",
      "transformation" : ""
    },
    "stencil" : {
      "id" : "Arc"
    },
    "outgoing" : [ {
      "resourceId" : "sid-59B099E6-5A4A-4979-B5F8-7337257DD56D"
    } ],
    "formats" : {
    },
    "glossaryLinks" : {
    }
  } ],
  "properties" : {
    "author" : "",
    "title" : "",
    "engine" : "false",
    "modificationdate" : "10/07/07",
    "documentation" : "",
    "language" : "English",
    "creationdate" : "10/07/07",
    "version" : ""
  },
  "stencilset" : {
    "url" : "/stencilsets/petrinets/petrinet.json",
    "namespace" : "http://b3mn.org/stencilset/petrinet#"
  },
  "ssextensions" : [ ],
  "stencil" : {
    "id" : "Diagram"
  },
  "formats" : {
  }
}