{
  "revision" : {
    "creationDate" : null,
    "elementCounts" : {
      "total" : 37,
      "Place" : 9,
      "Arc" : 20,
      "Transition" : 7,
      "Diagram" : 1
    },
    "connectedness" : 100,
    "isLastRevision" : "false",
    "revisionNumber" : 5
  },
  "model" : {
    "modelingLanguage" : "petrinet",
    "numberOfRevisions" : 6,
    "naturalLanguage" : "de",
    "timestampModelCollection" : null,
    "directoryId" : "1942767058",
    "groupName" : "PetriNet",
    "modelDate" : "2010-05-11",
    "modelName" : "POIS 2.3.1",
    "modelId" : "362120534"
  }
}