{
  "revision" : {
    "creationDate" : null,
    "elementCounts" : {
      "total" : 29,
      "Place" : 6,
      "Arc" : 16,
      "Transition" : 6,
      "Diagram" : 1
    },
    "connectedness" : 100,
    "isLastRevision" : "true",
    "revisionNumber" : 1
  },
  "model" : {
    "modelingLanguage" : "petrinet",
    "numberOfRevisions" : 1,
    "naturalLanguage" : "de",
    "timestampModelCollection" : null,
    "directoryId" : "1645463298",
    "groupName" : "PetriNet",
    "modelDate" : "2010-11-11",
    "modelName" : "POIS1 Uebung 2 mit Reset",
    "modelId" : "2093011761"
  }
}