{
  "revision" : {
    "creationDate" : null,
    "elementCounts" : {
      "total" : 38,
      "Place" : 10,
      "Arc" : 19,
      "Transition" : 8,
      "Diagram" : 1
    },
    "connectedness" : 100,
    "isLastRevision" : "true",
    "revisionNumber" : 1
  },
  "model" : {
    "modelingLanguage" : "petrinet",
    "numberOfRevisions" : 1,
    "naturalLanguage" : "de",
    "timestampModelCollection" : null,
    "directoryId" : "292193684",
    "groupName" : "PetriNet",
    "modelDate" : "2012-08-30",
    "modelName" : "941728",
    "modelId" : "941728"
  }
}