{
  "bounds" : {
    "lowerRight" : {
      "y" : 1050,
      "x" : 1485
    },
    "upperLeft" : {
      "y" : 0,
      "x" : 0
    }
  },
  "resourceId" : "canvas",
  "childShapes" : [ {
    "dockers" : [ ],
    "bounds" : {
      "lowerRight" : {
        "y" : 170,
        "x" : 411.5
      },
      "upperLeft" : {
        "y" : 140,
        "x" : 381.5
      }
    },
    "resourceId" : "sid-75250CCD-9FA9-46FF-A7B6-C32718C57BB3",
    "childShapes" : [ ],
    "properties" : {
      "exttype" : "Push",
      "id" : "",
      "title" : "",
      "external" : "false",
      "numberoftokens" : "",
      "locatortypes" : "",
      "locatornames" : "",
      "numberoftokens_drawing" : "0",
      "numberoftokens_text" : "",
      "locatorexpr" : "",
      "href" : ""
    },
    "stencil" : {
      "id" : "Place"
    },
    "outgoing" : [ {
      "resourceId" : "sid-FBB43D14-4D9D-4650-8CE3-1F82D5772200"
    } ]
  }, {
    "dockers" : [ ],
    "bounds" : {
      "lowerRight" : {
        "y" : 90,
        "x" : 555
      },
      "upperLeft" : {
        "y" : 60,
        "x" : 525
      }
    },
    "resourceId" : "sid-E18C93D9-B9C1-4EFA-A532-1A9833BF79EF",
    "childShapes" : [ ],
    "properties" : {
      "exttype" : "Push",
      "id" : "",
      "title" : "",
      "external" : "false",
      "numberoftokens" : "",
      "locatortypes" : "",
      "locatornames" : "",
      "numberoftokens_drawing" : "0",
      "numberoftokens_text" : "",
      "locatorexpr" : "",
      "href" : ""
    },
    "stencil" : {
      "id" : "Place"
    },
    "outgoing" : [ {
      "resourceId" : "sid-F3EF173A-5EC0-4EF2-A51C-B4C7F5FCE387"
    }, {
      "resourceId" : "sid-0238BCB2-EADC-4513-BD80-F55D83403198"
    } ]
  }, {
    "dockers" : [ ],
    "bounds" : {
      "lowerRight" : {
        "y" : 280,
        "x" : 427
      },
      "upperLeft" : {
        "y" : 220,
        "x" : 366
      }
    },
    "resourceId" : "sid-5A3F19E4-A402-4037-A5C0-DABECF5B0EA5",
    "childShapes" : [ ],
    "properties" : {
      "id" : "",
      "title" : "1 euro einwerfen\n",
      "guard" : "",
      "oform" : "",
      "omodel" : "",
      "firetype" : "Automatic",
      "href" : ""
    },
    "stencil" : {
      "id" : "Transition"
    },
    "outgoing" : [ {
      "resourceId" : "sid-2E57F465-008E-4EEA-80EA-41A288CFE997"
    } ]
  }, {
    "dockers" : [ ],
    "bounds" : {
      "lowerRight" : {
        "y" : 412,
        "x" : 430.5
      },
      "upperLeft" : {
        "y" : 360,
        "x" : 362.5
      }
    },
    "resourceId" : "sid-EDB428C0-138C-4290-A7E9-13492CDD5F64",
    "childShapes" : [ ],
    "properties" : {
      "id" : "",
      "title" : "2 euro einwerfen",
      "guard" : "",
      "oform" : "",
      "omodel" : "",
      "firetype" : "Automatic",
      "href" : ""
    },
    "stencil" : {
      "id" : "Transition"
    },
    "outgoing" : [ {
      "resourceId" : "sid-F1DD66EC-992E-4A0F-BC0F-0FC7C1F1C2B1"
    } ]
  }, {
    "dockers" : [ ],
    "bounds" : {
      "lowerRight" : {
        "y" : 567,
        "x" : 424
      },
      "upperLeft" : {
        "y" : 495,
        "x" : 358
      }
    },
    "resourceId" : "sid-E49EB348-EB5F-4D5B-9147-02BA2CA4C49B",
    "childShapes" : [ ],
    "properties" : {
      "id" : "",
      "title" : "3 euro einwerfen",
      "guard" : "",
      "oform" : "",
      "omodel" : "",
      "firetype" : "Automatic",
      "href" : ""
    },
    "stencil" : {
      "id" : "Transition"
    },
    "outgoing" : [ {
      "resourceId" : "sid-E8831A18-F37D-4D67-9087-A9F594F731B1"
    } ]
  }, {
    "dockers" : [ ],
    "bounds" : {
      "lowerRight" : {
        "y" : 175,
        "x" : 514
      },
      "upperLeft" : {
        "y" : 121,
        "x" : 456
      }
    },
    "resourceId" : "sid-B9B81CDC-C3B8-4161-8AA0-CAD26A359E9C",
    "childShapes" : [ ],
    "properties" : {
      "id" : "",
      "title" : "cola ausw?hlen",
      "guard" : "",
      "oform" : "",
      "omodel" : "",
      "firetype" : "Automatic",
      "href" : ""
    },
    "stencil" : {
      "id" : "Transition"
    },
    "outgoing" : [ {
      "resourceId" : "sid-7FBAF7D4-BA25-4D4E-8B8F-4B652B06C776"
    } ]
  }, {
    "dockers" : [ ],
    "bounds" : {
      "lowerRight" : {
        "y" : 179.5,
        "x" : 635
      },
      "upperLeft" : {
        "y" : 130.5,
        "x" : 575
      }
    },
    "resourceId" : "sid-3465BF02-F666-4C9D-96A4-66DA69AD2776",
    "childShapes" : [ ],
    "properties" : {
      "id" : "",
      "title" : "olimo ausw?hlen",
      "guard" : "",
      "oform" : "",
      "omodel" : "",
      "firetype" : "Automatic",
      "href" : ""
    },
    "stencil" : {
      "id" : "Transition"
    },
    "outgoing" : [ {
      "resourceId" : "sid-5A9E69BB-9956-4F2D-82E5-F2A5EF85088A"
    } ]
  }, {
    "dockers" : [ ],
    "bounds" : {
      "lowerRight" : {
        "y" : 280,
        "x" : 505
      },
      "upperLeft" : {
        "y" : 240,
        "x" : 465
      }
    },
    "resourceId" : "sid-7467DC7E-1DAF-4C08-85EE-05DF1C038F27",
    "childShapes" : [ ],
    "properties" : {
      "id" : "",
      "title" : "ausgeben cola",
      "guard" : "",
      "oform" : "",
      "omodel" : "",
      "firetype" : "Automatic",
      "href" : ""
    },
    "stencil" : {
      "id" : "Transition"
    },
    "outgoing" : [ {
      "resourceId" : "sid-D48CB8E9-2C00-445E-AF6F-96485C0868AA"
    } ]
  }, {
    "dockers" : [ ],
    "bounds" : {
      "lowerRight" : {
        "y" : 280,
        "x" : 625
      },
      "upperLeft" : {
        "y" : 240,
        "x" : 585
      }
    },
    "resourceId" : "sid-A3E6213E-AD15-4B10-85FE-162DEB05B8EF",
    "childShapes" : [ ],
    "properties" : {
      "id" : "",
      "title" : "ausgeben limo\n",
      "guard" : "",
      "oform" : "",
      "omodel" : "",
      "firetype" : "Automatic",
      "href" : ""
    },
    "stencil" : {
      "id" : "Transition"
    },
    "outgoing" : [ {
      "resourceId" : "sid-44066E6E-7D50-4D2A-A632-EE957CE5791B"
    } ]
  }, {
    "dockers" : [ ],
    "bounds" : {
      "lowerRight" : {
        "y" : 225,
        "x" : 501
      },
      "upperLeft" : {
        "y" : 195,
        "x" : 470
      }
    },
    "resourceId" : "sid-D422F913-0C83-4BDA-B5E3-78D1D357D751",
    "childShapes" : [ ],
    "properties" : {
      "exttype" : "Push",
      "id" : "",
      "title" : "",
      "external" : "false",
      "numberoftokens" : "",
      "locatortypes" : "",
      "locatornames" : "",
      "numberoftokens_drawing" : "0",
      "numberoftokens_text" : "",
      "locatorexpr" : "",
      "href" : ""
    },
    "stencil" : {
      "id" : "Place"
    },
    "outgoing" : [ {
      "resourceId" : "sid-88E6D895-3C77-48B5-AB34-146BAF929C95"
    } ]
  }, {
    "dockers" : [ ],
    "bounds" : {
      "lowerRight" : {
        "y" : 225,
        "x" : 620
      },
      "upperLeft" : {
        "y" : 195,
        "x" : 590
      }
    },
    "resourceId" : "sid-DA716929-B5CA-4DDC-9EBB-B24A4BB7B900",
    "childShapes" : [ ],
    "properties" : {
      "exttype" : "Push",
      "id" : "",
      "title" : "",
      "external" : "false",
      "numberoftokens" : "",
      "locatortypes" : "",
      "locatornames" : "",
      "numberoftokens_drawing" : "0",
      "numberoftokens_text" : "",
      "locatorexpr" : "",
      "href" : ""
    },
    "stencil" : {
      "id" : "Place"
    },
    "outgoing" : [ {
      "resourceId" : "sid-5105E4D2-431C-4D61-B101-E3655475D021"
    } ]
  }, {
    "dockers" : [ ],
    "bounds" : {
      "lowerRight" : {
        "y" : 420,
        "x" : 500
      },
      "upperLeft" : {
        "y" : 390,
        "x" : 470
      }
    },
    "resourceId" : "sid-070297DE-68BF-4CE9-8E94-45FC4D04B83E",
    "childShapes" : [ ],
    "properties" : {
      "exttype" : "Push",
      "id" : "",
      "title" : "",
      "external" : "false",
      "numberoftokens" : "",
      "locatortypes" : "",
      "locatornames" : "",
      "numberoftokens_drawing" : "0",
      "numberoftokens_text" : "",
      "locatorexpr" : "",
      "href" : ""
    },
    "stencil" : {
      "id" : "Place"
    },
    "outgoing" : [ ]
  }, {
    "dockers" : [ ],
    "bounds" : {
      "lowerRight" : {
        "y" : 420,
        "x" : 620
      },
      "upperLeft" : {
        "y" : 390,
        "x" : 590
      }
    },
    "resourceId" : "sid-4E83181A-820E-4DDD-801C-5FE8F66C3C3A",
    "childShapes" : [ ],
    "properties" : {
      "exttype" : "Push",
      "id" : "",
      "title" : "",
      "external" : "false",
      "numberoftokens" : "",
      "locatortypes" : "",
      "locatornames" : "",
      "numberoftokens_drawing" : "0",
      "numberoftokens_text" : "",
      "locatorexpr" : "",
      "href" : ""
    },
    "stencil" : {
      "id" : "Place"
    },
    "outgoing" : [ ]
  }, {
    "dockers" : [ ],
    "bounds" : {
      "lowerRight" : {
        "y" : 330,
        "x" : 411.5
      },
      "upperLeft" : {
        "y" : 300,
        "x" : 381.5
      }
    },
    "resourceId" : "sid-2476EB8A-4D10-4911-82FD-A360BBA6A76F",
    "childShapes" : [ ],
    "properties" : {
      "exttype" : "Push",
      "id" : "",
      "title" : "",
      "external" : "false",
      "numberoftokens" : "",
      "locatortypes" : "",
      "locatornames" : "",
      "numberoftokens_drawing" : "0",
      "numberoftokens_text" : "",
      "locatorexpr" : "",
      "href" : ""
    },
    "stencil" : {
      "id" : "Place"
    },
    "outgoing" : [ {
      "resourceId" : "sid-EA8F50D9-9B4D-4427-A6CF-3E91DF9C06F3"
    } ]
  }, {
    "dockers" : [ ],
    "bounds" : {
      "lowerRight" : {
        "y" : 465,
        "x" : 406
      },
      "upperLeft" : {
        "y" : 435,
        "x" : 376
      }
    },
    "resourceId" : "sid-24A0E0D2-5F03-4A1F-A98C-CF9A41E89826",
    "childShapes" : [ ],
    "properties" : {
      "exttype" : "Push",
      "id" : "",
      "title" : "",
      "external" : "false",
      "numberoftokens" : "",
      "locatortypes" : "",
      "locatornames" : "",
      "numberoftokens_drawing" : "0",
      "numberoftokens_text" : "",
      "locatorexpr" : "",
      "href" : ""
    },
    "stencil" : {
      "id" : "Place"
    },
    "outgoing" : [ {
      "resourceId" : "sid-20F416B2-186D-4C24-AEA4-CA9303C51498"
    } ]
  }, {
    "dockers" : [ {
      "y" : 15,
      "x" : 15
    }, {
      "y" : 30,
      "x" : 30.5
    } ],
    "bounds" : {
      "lowerRight" : {
        "y" : 219.3125,
        "x" : 396.5
      },
      "upperLeft" : {
        "y" : 170.84375,
        "x" : 396.5
      }
    },
    "resourceId" : "sid-FBB43D14-4D9D-4650-8CE3-1F82D5772200",
    "target" : {
      "resourceId" : "sid-5A3F19E4-A402-4037-A5C0-DABECF5B0EA5"
    },
    "childShapes" : [ ],
    "properties" : {
      "id" : "",
      "label" : "",
      "transformation" : ""
    },
    "stencil" : {
      "id" : "Arc"
    },
    "outgoing" : [ {
      "resourceId" : "sid-5A3F19E4-A402-4037-A5C0-DABECF5B0EA5"
    } ]
  }, {
    "dockers" : [ {
      "y" : 30,
      "x" : 30.5
    }, {
      "y" : 15,
      "x" : 15
    } ],
    "bounds" : {
      "lowerRight" : {
        "y" : 299.78125,
        "x" : 396.5
      },
      "upperLeft" : {
        "y" : 280.453125,
        "x" : 396.5
      }
    },
    "resourceId" : "sid-2E57F465-008E-4EEA-80EA-41A288CFE997",
    "target" : {
      "resourceId" : "sid-2476EB8A-4D10-4911-82FD-A360BBA6A76F"
    },
    "childShapes" : [ ],
    "properties" : {
      "id" : "",
      "label" : "",
      "transformation" : ""
    },
    "stencil" : {
      "id" : "Arc"
    },
    "outgoing" : [ {
      "resourceId" : "sid-2476EB8A-4D10-4911-82FD-A360BBA6A76F"
    } ]
  }, {
    "dockers" : [ {
      "y" : 15,
      "x" : 15
    }, {
      "y" : 26,
      "x" : 34
    } ],
    "bounds" : {
      "lowerRight" : {
        "y" : 359.484375,
        "x" : 396.5
      },
      "upperLeft" : {
        "y" : 330.421875,
        "x" : 396.5
      }
    },
    "resourceId" : "sid-EA8F50D9-9B4D-4427-A6CF-3E91DF9C06F3",
    "target" : {
      "resourceId" : "sid-EDB428C0-138C-4290-A7E9-13492CDD5F64"
    },
    "childShapes" : [ ],
    "properties" : {
      "id" : "",
      "label" : "",
      "transformation" : ""
    },
    "stencil" : {
      "id" : "Arc"
    },
    "outgoing" : [ {
      "resourceId" : "sid-EDB428C0-138C-4290-A7E9-13492CDD5F64"
    } ]
  }, {
    "dockers" : [ {
      "y" : 26,
      "x" : 34
    }, {
      "y" : 15,
      "x" : 15
    } ],
    "bounds" : {
      "lowerRight" : {
        "y" : 435.00367229878134,
        "x" : 394.18000308817653
      },
      "upperLeft" : {
        "y" : 412.99632770121866,
        "x" : 392.28874691182347
      }
    },
    "resourceId" : "sid-F1DD66EC-992E-4A0F-BC0F-0FC7C1F1C2B1",
    "target" : {
      "resourceId" : "sid-24A0E0D2-5F03-4A1F-A98C-CF9A41E89826"
    },
    "childShapes" : [ ],
    "properties" : {
      "id" : "",
      "label" : "",
      "transformation" : ""
    },
    "stencil" : {
      "id" : "Arc"
    },
    "outgoing" : [ {
      "resourceId" : "sid-24A0E0D2-5F03-4A1F-A98C-CF9A41E89826"
    } ]
  }, {
    "dockers" : [ {
      "y" : 15,
      "x" : 15
    }, {
      "y" : 36,
      "x" : 33
    } ],
    "bounds" : {
      "lowerRight" : {
        "y" : 494.5625,
        "x" : 391
      },
      "upperLeft" : {
        "y" : 465.5546875,
        "x" : 391
      }
    },
    "resourceId" : "sid-20F416B2-186D-4C24-AEA4-CA9303C51498",
    "target" : {
      "resourceId" : "sid-E49EB348-EB5F-4D5B-9147-02BA2CA4C49B"
    },
    "childShapes" : [ ],
    "properties" : {
      "id" : "",
      "label" : "",
      "transformation" : ""
    },
    "stencil" : {
      "id" : "Arc"
    },
    "outgoing" : [ {
      "resourceId" : "sid-E49EB348-EB5F-4D5B-9147-02BA2CA4C49B"
    } ]
  }, {
    "dockers" : [ ],
    "bounds" : {
      "lowerRight" : {
        "y" : 420,
        "x" : 555
      },
      "upperLeft" : {
        "y" : 390,
        "x" : 525
      }
    },
    "resourceId" : "sid-46499691-0CD4-43DA-A8EC-7CDC93C85695",
    "childShapes" : [ ],
    "properties" : {
      "exttype" : "Push",
      "id" : "",
      "title" : "",
      "external" : "false",
      "numberoftokens" : "",
      "locatortypes" : "",
      "locatornames" : "",
      "numberoftokens_drawing" : "0",
      "numberoftokens_text" : "",
      "locatorexpr" : "",
      "href" : ""
    },
    "stencil" : {
      "id" : "Place"
    },
    "outgoing" : [ {
      "resourceId" : "sid-4E2F9E48-16C5-41E9-9AF7-310804EEAE46"
    }, {
      "resourceId" : "sid-5D917479-1F04-4AF6-A260-60086914E60A"
    } ]
  }, {
    "dockers" : [ {
      "y" : 15,
      "x" : 15
    }, {
      "y" : 27,
      "x" : 29
    } ],
    "bounds" : {
      "lowerRight" : {
        "y" : 120.96693982239374,
        "x" : 530.8045008935843
      },
      "upperLeft" : {
        "y" : 87.20493517760626,
        "x" : 505.3673741064157
      }
    },
    "resourceId" : "sid-F3EF173A-5EC0-4EF2-A51C-B4C7F5FCE387",
    "target" : {
      "resourceId" : "sid-B9B81CDC-C3B8-4161-8AA0-CAD26A359E9C"
    },
    "childShapes" : [ ],
    "properties" : {
      "id" : "",
      "label" : "",
      "transformation" : ""
    },
    "stencil" : {
      "id" : "Arc"
    },
    "outgoing" : [ {
      "resourceId" : "sid-B9B81CDC-C3B8-4161-8AA0-CAD26A359E9C"
    } ]
  }, {
    "dockers" : [ {
      "y" : 15,
      "x" : 15
    }, {
      "y" : 24.5,
      "x" : 30
    } ],
    "bounds" : {
      "lowerRight" : {
        "y" : 130.47388599988375,
        "x" : 585.0725323749056
      },
      "upperLeft" : {
        "y" : 87.02611400011627,
        "x" : 549.7712176250944
      }
    },
    "resourceId" : "sid-0238BCB2-EADC-4513-BD80-F55D83403198",
    "target" : {
      "resourceId" : "sid-3465BF02-F666-4C9D-96A4-66DA69AD2776"
    },
    "childShapes" : [ ],
    "properties" : {
      "id" : "",
      "label" : "",
      "transformation" : ""
    },
    "stencil" : {
      "id" : "Arc"
    },
    "outgoing" : [ {
      "resourceId" : "sid-3465BF02-F666-4C9D-96A4-66DA69AD2776"
    } ]
  }, {
    "dockers" : [ {
      "y" : 27,
      "x" : 29
    }, {
      "y" : 15,
      "x" : 15.500000000000002
    } ],
    "bounds" : {
      "lowerRight" : {
        "y" : 194.46878251662415,
        "x" : 485.37474824610183
      },
      "upperLeft" : {
        "y" : 175.15621748337585,
        "x" : 485.21900175389817
      }
    },
    "resourceId" : "sid-7FBAF7D4-BA25-4D4E-8B8F-4B652B06C776",
    "target" : {
      "resourceId" : "sid-D422F913-0C83-4BDA-B5E3-78D1D357D751"
    },
    "childShapes" : [ ],
    "properties" : {
      "id" : "",
      "label" : "",
      "transformation" : ""
    },
    "stencil" : {
      "id" : "Arc"
    },
    "outgoing" : [ {
      "resourceId" : "sid-D422F913-0C83-4BDA-B5E3-78D1D357D751"
    } ]
  }, {
    "dockers" : [ {
      "y" : 24.5,
      "x" : 30
    }, {
      "y" : 15,
      "x" : 15
    } ],
    "bounds" : {
      "lowerRight" : {
        "y" : 194.390625,
        "x" : 605
      },
      "upperLeft" : {
        "y" : 180.0625,
        "x" : 605
      }
    },
    "resourceId" : "sid-5A9E69BB-9956-4F2D-82E5-F2A5EF85088A",
    "target" : {
      "resourceId" : "sid-DA716929-B5CA-4DDC-9EBB-B24A4BB7B900"
    },
    "childShapes" : [ ],
    "properties" : {
      "id" : "",
      "label" : "",
      "transformation" : ""
    },
    "stencil" : {
      "id" : "Arc"
    },
    "outgoing" : [ {
      "resourceId" : "sid-DA716929-B5CA-4DDC-9EBB-B24A4BB7B900"
    } ]
  }, {
    "dockers" : [ {
      "y" : 15,
      "x" : 15.5
    }, {
      "y" : 20,
      "x" : 20
    } ],
    "bounds" : {
      "lowerRight" : {
        "y" : 239.4687999962503,
        "x" : 485.3493754999625
      },
      "upperLeft" : {
        "y" : 225.0624500037497,
        "x" : 485.2053120000375
      }
    },
    "resourceId" : "sid-88E6D895-3C77-48B5-AB34-146BAF929C95",
    "target" : {
      "resourceId" : "sid-7467DC7E-1DAF-4C08-85EE-05DF1C038F27"
    },
    "childShapes" : [ ],
    "properties" : {
      "id" : "",
      "label" : "",
      "transformation" : ""
    },
    "stencil" : {
      "id" : "Arc"
    },
    "outgoing" : [ {
      "resourceId" : "sid-7467DC7E-1DAF-4C08-85EE-05DF1C038F27"
    } ]
  }, {
    "dockers" : [ {
      "y" : 15,
      "x" : 15
    }, {
      "y" : 20,
      "x" : 20
    } ],
    "bounds" : {
      "lowerRight" : {
        "y" : 239.46875,
        "x" : 605
      },
      "upperLeft" : {
        "y" : 225.0625,
        "x" : 605
      }
    },
    "resourceId" : "sid-5105E4D2-431C-4D61-B101-E3655475D021",
    "target" : {
      "resourceId" : "sid-A3E6213E-AD15-4B10-85FE-162DEB05B8EF"
    },
    "childShapes" : [ ],
    "properties" : {
      "id" : "",
      "label" : "",
      "transformation" : ""
    },
    "stencil" : {
      "id" : "Arc"
    },
    "outgoing" : [ {
      "resourceId" : "sid-A3E6213E-AD15-4B10-85FE-162DEB05B8EF"
    } ]
  }, {
    "dockers" : [ {
      "y" : 15,
      "x" : 15
    }, {
      "y" : 20,
      "x" : 20
    } ],
    "bounds" : {
      "lowerRight" : {
        "y" : 390.4712524736822,
        "x" : 534.4890957658795
      },
      "upperLeft" : {
        "y" : 280.1928100263178,
        "x" : 492.6593417341205
      }
    },
    "resourceId" : "sid-4E2F9E48-16C5-41E9-9AF7-310804EEAE46",
    "target" : {
      "resourceId" : "sid-7467DC7E-1DAF-4C08-85EE-05DF1C038F27"
    },
    "childShapes" : [ ],
    "properties" : {
      "id" : "",
      "label" : "",
      "transformation" : ""
    },
    "stencil" : {
      "id" : "Arc"
    },
    "outgoing" : [ {
      "resourceId" : "sid-7467DC7E-1DAF-4C08-85EE-05DF1C038F27"
    } ]
  }, {
    "dockers" : [ {
      "y" : 15,
      "x" : 15
    }, {
      "y" : 20,
      "x" : 20
    } ],
    "bounds" : {
      "lowerRight" : {
        "y" : 390.49374067548507,
        "x" : 595.958131595907
      },
      "upperLeft" : {
        "y" : 280.17032182451493,
        "x" : 546.502805904093
      }
    },
    "resourceId" : "sid-5D917479-1F04-4AF6-A260-60086914E60A",
    "target" : {
      "resourceId" : "sid-A3E6213E-AD15-4B10-85FE-162DEB05B8EF"
    },
    "childShapes" : [ ],
    "properties" : {
      "id" : "",
      "label" : "",
      "transformation" : ""
    },
    "stencil" : {
      "id" : "Arc"
    },
    "outgoing" : [ {
      "resourceId" : "sid-A3E6213E-AD15-4B10-85FE-162DEB05B8EF"
    } ]
  }, {
    "dockers" : [ {
      "y" : 20,
      "x" : 20
    }, {
      "y" : 15,
      "x" : 15
    } ],
    "bounds" : {
      "lowerRight" : {
        "y" : 389.2734375,
        "x" : 485
      },
      "upperLeft" : {
        "y" : 280.2578125,
        "x" : 485
      }
    },
    "resourceId" : "sid-D48CB8E9-2C00-445E-AF6F-96485C0868AA",
    "target" : {
      "resourceId" : "sid-070297DE-68BF-4CE9-8E94-45FC4D04B83E"
    },
    "childShapes" : [ ],
    "properties" : {
      "id" : "",
      "label" : "",
      "transformation" : ""
    },
    "stencil" : {
      "id" : "Arc"
    },
    "outgoing" : [ {
      "resourceId" : "sid-070297DE-68BF-4CE9-8E94-45FC4D04B83E"
    } ]
  }, {
    "dockers" : [ {
      "y" : 20,
      "x" : 20
    }, {
      "y" : 15,
      "x" : 15
    } ],
    "bounds" : {
      "lowerRight" : {
        "y" : 389.2734375,
        "x" : 605
      },
      "upperLeft" : {
        "y" : 280.2578125,
        "x" : 605
      }
    },
    "resourceId" : "sid-44066E6E-7D50-4D2A-A632-EE957CE5791B",
    "target" : {
      "resourceId" : "sid-4E83181A-820E-4DDD-801C-5FE8F66C3C3A"
    },
    "childShapes" : [ ],
    "properties" : {
      "id" : "",
      "label" : "",
      "transformation" : ""
    },
    "stencil" : {
      "id" : "Arc"
    },
    "outgoing" : [ {
      "resourceId" : "sid-4E83181A-820E-4DDD-801C-5FE8F66C3C3A"
    } ]
  }, {
    "dockers" : [ {
      "y" : 36,
      "x" : 33
    }, {
      "y" : 15,
      "x" : 15
    } ],
    "bounds" : {
      "lowerRight" : {
        "y" : 502.7917875158144,
        "x" : 528.1778256139393
      },
      "upperLeft" : {
        "y" : 414.9972749841856,
        "x" : 424.35733063606074
      }
    },
    "resourceId" : "sid-E8831A18-F37D-4D67-9087-A9F594F731B1",
    "target" : {
      "resourceId" : "sid-46499691-0CD4-43DA-A8EC-7CDC93C85695"
    },
    "childShapes" : [ ],
    "properties" : {
      "id" : "",
      "label" : "",
      "transformation" : ""
    },
    "stencil" : {
      "id" : "Arc"
    },
    "outgoing" : [ {
      "resourceId" : "sid-46499691-0CD4-43DA-A8EC-7CDC93C85695"
    } ]
  } ],
  "properties" : {
    "author" : "",
    "title" : "",
    "modificationdate" : "10/07/07",
    "engine" : "false",
    "documentation" : "",
    "language" : "English",
    "creationdate" : "10/07/07",
    "version" : ""
  },
  "ssextensions" : [ ],
  "stencilset" : {
    "url" : "/editor/stencilsets/petrinets/petrinet.json",
    "namespace" : "http://b3mn.org/stencilset/petrinet#"
  },
  "stencil" : {
    "id" : "Diagram"
  }
}